2025-06-24 15:37:50,015 - INFO - HTTP Request: POST https://api.deepseek.com/v1/chat/completions "HTTP/1.1 200 OK"
2025-06-24 15:37:50,027 - INFO - HTTP Request: POST https://api.deepseek.com/v1/chat/completions "HTTP/1.1 200 OK"
2025-06-24 15:37:50,028 - INFO - HTTP Request: POST https://api.deepseek.com/v1/chat/completions "HTTP/1.1 200 OK"
2025-06-24 15:37:50,029 - INFO - HTTP Request: POST https://api.deepseek.com/v1/chat/completions "HTTP/1.1 200 OK"
2025-06-24 15:37:50,030 - INFO - HTTP Request: POST https://api.deepseek.com/v1/chat/completions "HTTP/1.1 200 OK"
2025-06-24 15:37:50,031 - INFO - HTTP Request: POST https://api.deepseek.com/v1/chat/completions "HTTP/1.1 200 OK"
2025-06-24 15:37:50,032 - INFO - HTTP Request: POST https://api.deepseek.com/v1/chat/completions "HTTP/1.1 200 OK"
2025-06-24 15:37:50,033 - INFO - HTTP Request: POST https://api.deepseek.com/v1/chat/completions "HTTP/1.1 200 OK"
2025-06-24 15:37:50,034 - INFO - HTTP Request: POST https://api.deepseek.com/v1/chat/completions "HTTP/1.1 200 OK"
2025-06-24 15:37:50,035 - INFO - HTTP Request: POST https://api.deepseek.com/v1/chat/completions "HTTP/1.1 200 OK"
2025-06-24 15:37:50,036 - INFO - HTTP Request: POST https://api.deepseek.com/v1/chat/completions "HTTP/1.1 200 OK"
2025-06-24 15:37:50,036 - INFO - HTTP Request: POST https://api.deepseek.com/v1/chat/completions "HTTP/1.1 200 OK"
2025-06-24 15:37:50,036 - INFO - HTTP Request: POST https://api.deepseek.com/v1/chat/completions "HTTP/1.1 200 OK"
2025-06-24 15:37:50,037 - INFO - HTTP Request: POST https://api.deepseek.com/v1/chat/completions "HTTP/1.1 200 OK"
2025-06-24 15:37:50,039 - INFO - HTTP Request: POST https://api.deepseek.com/v1/chat/completions "HTTP/1.1 200 OK"
2025-06-24 15:37:50,042 - INFO - HTTP Request: POST https://api.deepseek.com/v1/chat/completions "HTTP/1.1 200 OK"
2025-06-24 15:37:50,045 - INFO - HTTP Request: POST https://api.deepseek.com/v1/chat/completions "HTTP/1.1 200 OK"
2025-06-24 15:37:50,048 - INFO - HTTP Request: POST https://api.deepseek.com/v1/chat/completions "HTTP/1.1 200 OK"
2025-06-24 15:37:50,051 - INFO - HTTP Request: POST https://api.deepseek.com/v1/chat/completions "HTTP/1.1 200 OK"
2025-06-24 15:37:50,054 - INFO - HTTP Request: POST https://api.deepseek.com/v1/chat/completions "HTTP/1.1 200 OK"
2025-06-24 15:37:50,055 - INFO - HTTP Request: POST https://api.deepseek.com/v1/chat/completions "HTTP/1.1 200 OK"
2025-06-24 15:37:50,056 - INFO - HTTP Request: POST https://api.deepseek.com/v1/chat/completions "HTTP/1.1 200 OK"
2025-06-24 15:37:50,061 - INFO - HTTP Request: POST https://api.deepseek.com/v1/chat/completions "HTTP/1.1 200 OK"
2025-06-24 15:37:50,061 - INFO - HTTP Request: POST https://api.deepseek.com/v1/chat/completions "HTTP/1.1 200 OK"
2025-06-24 15:37:50,062 - INFO - HTTP Request: POST https://api.deepseek.com/v1/chat/completions "HTTP/1.1 200 OK"
2025-06-24 15:37:50,063 - INFO - HTTP Request: POST https://api.deepseek.com/v1/chat/completions "HTTP/1.1 200 OK"
2025-06-24 15:37:50,063 - INFO - HTTP Request: POST https://api.deepseek.com/v1/chat/completions "HTTP/1.1 200 OK"
2025-06-24 15:37:50,064 - INFO - HTTP Request: POST https://api.deepseek.com/v1/chat/completions "HTTP/1.1 200 OK"
2025-06-24 15:37:50,065 - INFO - HTTP Request: POST https://api.deepseek.com/v1/chat/completions "HTTP/1.1 200 OK"
2025-06-24 15:37:50,084 - INFO - HTTP Request: POST https://api.deepseek.com/v1/chat/completions "HTTP/1.1 200 OK"
2025-06-24 15:37:50,104 - INFO - HTTP Request: POST https://api.deepseek.com/v1/chat/completions "HTTP/1.1 200 OK"
2025-06-24 15:37:50,107 - INFO - HTTP Request: POST https://api.deepseek.com/v1/chat/completions "HTTP/1.1 200 OK"
2025-06-24 15:38:22,980 - INFO - HTTP Request: POST https://api.deepseek.com/v1/chat/completions "HTTP/1.1 200 OK"
2025-06-24 15:38:23,235 - INFO - HTTP Request: POST https://api.deepseek.com/v1/chat/completions "HTTP/1.1 200 OK"
2025-06-24 15:38:23,444 - INFO - HTTP Request: POST https://api.deepseek.com/v1/chat/completions "HTTP/1.1 200 OK"
2025-06-24 15:38:23,767 - INFO - HTTP Request: POST https://api.deepseek.com/v1/chat/completions "HTTP/1.1 200 OK"
2025-06-24 15:38:26,247 - INFO - HTTP Request: POST https://api.deepseek.com/v1/chat/completions "HTTP/1.1 200 OK"
2025-06-24 15:38:28,248 - INFO - HTTP Request: POST https://api.deepseek.com/v1/chat/completions "HTTP/1.1 200 OK"
2025-06-24 15:38:31,267 - INFO - HTTP Request: POST https://api.deepseek.com/v1/chat/completions "HTTP/1.1 200 OK"
2025-06-24 15:38:34,402 - INFO - HTTP Request: POST https://api.deepseek.com/v1/chat/completions "HTTP/1.1 200 OK"
2025-06-24 15:38:34,643 - INFO - HTTP Request: POST https://api.deepseek.com/v1/chat/completions "HTTP/1.1 200 OK"
2025-06-24 15:38:35,033 - INFO - HTTP Request: POST https://api.deepseek.com/v1/chat/completions "HTTP/1.1 200 OK"
2025-06-24 15:38:35,514 - INFO - HTTP Request: POST https://api.deepseek.com/v1/chat/completions "HTTP/1.1 200 OK"
2025-06-24 15:38:35,913 - INFO - HTTP Request: POST https://api.deepseek.com/v1/chat/completions "HTTP/1.1 200 OK"
2025-06-24 15:38:35,988 - INFO - HTTP Request: POST https://api.deepseek.com/v1/chat/completions "HTTP/1.1 200 OK"
2025-06-24 15:38:36,097 - INFO - HTTP Request: POST https://api.deepseek.com/v1/chat/completions "HTTP/1.1 200 OK"
2025-06-24 15:38:37,061 - INFO - HTTP Request: POST https://api.deepseek.com/v1/chat/completions "HTTP/1.1 200 OK"
2025-06-24 15:38:38,119 - INFO - HTTP Request: POST https://api.deepseek.com/v1/chat/completions "HTTP/1.1 200 OK"
2025-06-24 15:38:40,009 - INFO - HTTP Request: POST https://api.deepseek.com/v1/chat/completions "HTTP/1.1 200 OK"
2025-06-24 15:38:41,327 - INFO - HTTP Request: POST https://api.deepseek.com/v1/chat/completions "HTTP/1.1 200 OK"
2025-06-24 15:40:17,766 - WARNING - D:\Codes\AtomWorld\src\evaluation\metrics.py:30: FutureWarning: get_structures is deprecated; use parse_structures in pymatgen.io.cif instead.
The only difference is that primitive defaults to False in the new parse_structures method.So parse_structures(primitive=True) is equivalent to the old behavior of get_structures().
  structures = parser.get_structures()

2025-06-24 15:40:17,842 - INFO - Structures do NOT match within tolerances.
2025-06-24 15:40:17,842 - INFO - Structures do not match for index 0
2025-06-24 15:40:17,855 - INFO - Structures do NOT match within tolerances.
2025-06-24 15:40:17,855 - INFO - Structures do not match for index 1
2025-06-24 15:40:17,927 - INFO - Atom counts do not match for index 4
2025-06-24 15:40:17,945 - WARNING - D:\Codes\AtomWorld\.venv\Lib\site-packages\pymatgen\core\periodic_table.py:252: UserWarning: No Pauling electronegativity for Rf. Setting to NaN. This has no physical meaning, and is mainly done to avoid errors caused by the code expecting a float.
  if not hasattr(other, "X") or not hasattr(other, "symbol"):

2025-06-24 15:40:17,945 - WARNING - D:\Codes\AtomWorld\.venv\Lib\site-packages\pymatgen\core\periodic_table.py:255: UserWarning: No Pauling electronegativity for Rf. Setting to NaN. This has no physical meaning, and is mainly done to avoid errors caused by the code expecting a float.
  x2 = float("inf") if other.X != other.X else other.X

2025-06-24 15:40:17,948 - WARNING - D:\Codes\AtomWorld\.venv\Lib\site-packages\pymatgen\core\composition.py:328: UserWarning: No Pauling electronegativity for Rf. Setting to NaN. This has no physical meaning, and is mainly done to avoid errors caused by the code expecting a float.
  return sum((el.X * abs(amt) for el, amt in self.items())) / self.num_atoms

2025-06-24 15:40:18,142 - INFO - Structures do NOT match within tolerances.
2025-06-24 15:40:18,142 - INFO - Structures do not match for index 5
2025-06-24 15:40:18,149 - WARNING - D:\Codes\AtomWorld\.venv\Lib\site-packages\pymatgen\core\periodic_table.py:252: UserWarning: No Pauling electronegativity for Sg. Setting to NaN. This has no physical meaning, and is mainly done to avoid errors caused by the code expecting a float.
  if not hasattr(other, "X") or not hasattr(other, "symbol"):

2025-06-24 15:40:18,149 - WARNING - D:\Codes\AtomWorld\.venv\Lib\site-packages\pymatgen\core\periodic_table.py:255: UserWarning: No Pauling electronegativity for Sg. Setting to NaN. This has no physical meaning, and is mainly done to avoid errors caused by the code expecting a float.
  x2 = float("inf") if other.X != other.X else other.X

2025-06-24 15:40:18,149 - WARNING - D:\Codes\AtomWorld\.venv\Lib\site-packages\pymatgen\core\composition.py:328: UserWarning: No Pauling electronegativity for Sg. Setting to NaN. This has no physical meaning, and is mainly done to avoid errors caused by the code expecting a float.
  return sum((el.X * abs(amt) for el, amt in self.items())) / self.num_atoms

2025-06-24 15:40:18,221 - INFO - Atom counts do not match for index 8
2025-06-24 15:40:18,282 - INFO - Structures do NOT match within tolerances.
2025-06-24 15:40:18,282 - INFO - Structures do not match for index 10
2025-06-24 15:40:18,286 - WARNING - D:\Codes\AtomWorld\.venv\Lib\site-packages\pymatgen\io\cif.py:1348: UserWarning: Issues encountered while parsing CIF: 4 fractional coordinates rounded to ideal values to avoid issues with finite precision.
  return self.parse_structures(*args, **kwargs)

2025-06-24 15:40:18,345 - INFO - Structures do NOT match within tolerances.
2025-06-24 15:40:18,346 - INFO - Structures do not match for index 12
2025-06-24 15:40:18,389 - WARNING - D:\Codes\AtomWorld\.venv\Lib\site-packages\pymatgen\core\periodic_table.py:254: UserWarning: No Pauling electronegativity for Nh. Setting to NaN. This has no physical meaning, and is mainly done to avoid errors caused by the code expecting a float.
  x1 = float("inf") if self.X != self.X else self.X

2025-06-24 15:40:18,389 - WARNING - D:\Codes\AtomWorld\.venv\Lib\site-packages\pymatgen\core\composition.py:328: UserWarning: No Pauling electronegativity for Nh. Setting to NaN. This has no physical meaning, and is mainly done to avoid errors caused by the code expecting a float.
  return sum((el.X * abs(amt) for el, amt in self.items())) / self.num_atoms

2025-06-24 15:40:18,440 - INFO - Structures do NOT match within tolerances.
2025-06-24 15:40:18,440 - INFO - Structures do not match for index 15
2025-06-24 15:40:18,443 - WARNING - D:\Codes\AtomWorld\.venv\Lib\site-packages\pymatgen\io\cif.py:1348: UserWarning: Issues encountered while parsing CIF: 24 fractional coordinates rounded to ideal values to avoid issues with finite precision.
  return self.parse_structures(*args, **kwargs)

2025-06-24 15:40:18,611 - WARNING - D:\Codes\AtomWorld\.venv\Lib\site-packages\pymatgen\core\periodic_table.py:254: UserWarning: No Pauling electronegativity for Db. Setting to NaN. This has no physical meaning, and is mainly done to avoid errors caused by the code expecting a float.
  x1 = float("inf") if self.X != self.X else self.X

2025-06-24 15:40:18,611 - WARNING - D:\Codes\AtomWorld\.venv\Lib\site-packages\pymatgen\core\composition.py:328: UserWarning: No Pauling electronegativity for Db. Setting to NaN. This has no physical meaning, and is mainly done to avoid errors caused by the code expecting a float.
  return sum((el.X * abs(amt) for el, amt in self.items())) / self.num_atoms

2025-06-24 15:40:18,795 - WARNING - D:\Codes\AtomWorld\.venv\Lib\site-packages\pymatgen\io\cif.py:1348: UserWarning: Issues encountered while parsing CIF: 12 fractional coordinates rounded to ideal values to avoid issues with finite precision.
  return self.parse_structures(*args, **kwargs)

2025-06-24 15:40:18,898 - WARNING - D:\Codes\AtomWorld\.venv\Lib\site-packages\pymatgen\io\cif.py:1313: UserWarning: Incorrect stoichiometry:
  CIF={'Mg': 4.0, 'V': 2.0, 'N': 6.0, 'Gd': 2.0}
  PMG={'Gd': 1.0, 'Mg': 4.0, 'V': 2.0, 'N': 6.0}
  ratios={'N': 1.0, 'V': 1.0, 'Gd': 0.5, 'Mg': 1.0}
  if struct := self._get_structure(data, primitive, symmetrized, check_occu=check_occu):

2025-06-24 15:40:18,992 - WARNING - D:\Codes\AtomWorld\.venv\Lib\site-packages\pymatgen\core\periodic_table.py:254: UserWarning: No Pauling electronegativity for Bh. Setting to NaN. This has no physical meaning, and is mainly done to avoid errors caused by the code expecting a float.
  x1 = float("inf") if self.X != self.X else self.X

2025-06-24 15:40:18,993 - WARNING - D:\Codes\AtomWorld\.venv\Lib\site-packages\pymatgen\core\composition.py:328: UserWarning: No Pauling electronegativity for Bh. Setting to NaN. This has no physical meaning, and is mainly done to avoid errors caused by the code expecting a float.
  return sum((el.X * abs(amt) for el, amt in self.items())) / self.num_atoms

2025-06-24 15:40:19,144 - WARNING - D:\Codes\AtomWorld\.venv\Lib\site-packages\pymatgen\core\periodic_table.py:252: UserWarning: No Pauling electronegativity for Ar. Setting to NaN. This has no physical meaning, and is mainly done to avoid errors caused by the code expecting a float.
  if not hasattr(other, "X") or not hasattr(other, "symbol"):

2025-06-24 15:40:19,144 - WARNING - D:\Codes\AtomWorld\.venv\Lib\site-packages\pymatgen\core\periodic_table.py:255: UserWarning: No Pauling electronegativity for Ar. Setting to NaN. This has no physical meaning, and is mainly done to avoid errors caused by the code expecting a float.
  x2 = float("inf") if other.X != other.X else other.X

2025-06-24 15:40:19,146 - WARNING - D:\Codes\AtomWorld\.venv\Lib\site-packages\pymatgen\core\composition.py:328: UserWarning: No Pauling electronegativity for Ar. Setting to NaN. This has no physical meaning, and is mainly done to avoid errors caused by the code expecting a float.
  return sum((el.X * abs(amt) for el, amt in self.items())) / self.num_atoms

2025-06-24 15:40:19,929 - INFO - Structures do NOT match within tolerances.
2025-06-24 15:40:19,929 - INFO - Structures do not match for index 41
2025-06-24 15:40:19,953 - WARNING - D:\Codes\AtomWorld\.venv\Lib\site-packages\pymatgen\io\cif.py:1348: UserWarning: No structure parsed for section 1 in CIF.
cannot reshape array of size 1 into shape (3,3)
  return self.parse_structures(*args, **kwargs)

2025-06-24 15:40:19,953 - WARNING - D:\Codes\AtomWorld\.venv\Lib\site-packages\pymatgen\io\cif.py:1348: UserWarning: Issues encountered while parsing CIF: No structure parsed for section 1 in CIF.
cannot reshape array of size 1 into shape (3,3)
  return self.parse_structures(*args, **kwargs)

2025-06-24 15:40:19,953 - INFO - Error loading CIF from string: Invalid CIF file with no structures!
2025-06-24 15:40:19,953 - INFO - Invalid generated structure for index 42
2025-06-24 15:40:19,971 - WARNING - D:\Codes\AtomWorld\.venv\Lib\site-packages\pymatgen\io\cif.py:1313: UserWarning: Incorrect stoichiometry:
  CIF={'P': 8.0, 'W': 6.0, 'O': 28.0, 'Na': 2.0}
  PMG={'Na': 1.0, 'P': 8.0, 'W': 6.0, 'O': 28.0}
  ratios={'O': 1.0, 'Na': 0.5, 'P': 1.0, 'W': 1.0}
  if struct := self._get_structure(data, primitive, symmetrized, check_occu=check_occu):

2025-06-24 15:40:19,975 - INFO - Structures do NOT match within tolerances.
2025-06-24 15:40:19,975 - INFO - Structures do not match for index 43
2025-06-24 15:40:20,054 - INFO - Atom counts do not match for index 46
2025-06-24 15:40:20,240 - INFO - Structures do NOT match within tolerances.
2025-06-24 15:40:20,240 - INFO - Structures do not match for index 49
2025-06-24 15:40:20,301 - INFO - HTTP Request: POST https://api.deepseek.com/v1/chat/completions "HTTP/1.1 200 OK"
2025-06-24 15:40:20,435 - INFO - HTTP Request: POST https://api.deepseek.com/v1/chat/completions "HTTP/1.1 200 OK"
2025-06-24 15:40:20,439 - INFO - HTTP Request: POST https://api.deepseek.com/v1/chat/completions "HTTP/1.1 200 OK"
2025-06-24 15:40:20,444 - INFO - HTTP Request: POST https://api.deepseek.com/v1/chat/completions "HTTP/1.1 200 OK"
2025-06-24 15:40:20,445 - INFO - HTTP Request: POST https://api.deepseek.com/v1/chat/completions "HTTP/1.1 200 OK"
2025-06-24 15:40:20,445 - INFO - HTTP Request: POST https://api.deepseek.com/v1/chat/completions "HTTP/1.1 200 OK"
2025-06-24 15:40:20,448 - INFO - HTTP Request: POST https://api.deepseek.com/v1/chat/completions "HTTP/1.1 200 OK"
2025-06-24 15:40:20,449 - INFO - HTTP Request: POST https://api.deepseek.com/v1/chat/completions "HTTP/1.1 200 OK"
2025-06-24 15:40:20,450 - INFO - HTTP Request: POST https://api.deepseek.com/v1/chat/completions "HTTP/1.1 200 OK"
2025-06-24 15:40:20,450 - INFO - HTTP Request: POST https://api.deepseek.com/v1/chat/completions "HTTP/1.1 200 OK"
2025-06-24 15:40:20,450 - INFO - HTTP Request: POST https://api.deepseek.com/v1/chat/completions "HTTP/1.1 200 OK"
2025-06-24 15:40:20,451 - INFO - HTTP Request: POST https://api.deepseek.com/v1/chat/completions "HTTP/1.1 200 OK"
2025-06-24 15:40:20,452 - INFO - HTTP Request: POST https://api.deepseek.com/v1/chat/completions "HTTP/1.1 200 OK"
2025-06-24 15:40:20,453 - INFO - HTTP Request: POST https://api.deepseek.com/v1/chat/completions "HTTP/1.1 200 OK"
2025-06-24 15:40:20,453 - INFO - HTTP Request: POST https://api.deepseek.com/v1/chat/completions "HTTP/1.1 200 OK"
2025-06-24 15:40:20,453 - INFO - HTTP Request: POST https://api.deepseek.com/v1/chat/completions "HTTP/1.1 200 OK"
2025-06-24 15:40:20,455 - INFO - HTTP Request: POST https://api.deepseek.com/v1/chat/completions "HTTP/1.1 200 OK"
2025-06-24 15:40:20,456 - INFO - HTTP Request: POST https://api.deepseek.com/v1/chat/completions "HTTP/1.1 200 OK"
2025-06-24 15:40:20,456 - INFO - HTTP Request: POST https://api.deepseek.com/v1/chat/completions "HTTP/1.1 200 OK"
2025-06-24 15:40:20,457 - INFO - HTTP Request: POST https://api.deepseek.com/v1/chat/completions "HTTP/1.1 200 OK"
2025-06-24 15:40:20,458 - INFO - HTTP Request: POST https://api.deepseek.com/v1/chat/completions "HTTP/1.1 200 OK"
2025-06-24 15:40:20,458 - INFO - HTTP Request: POST https://api.deepseek.com/v1/chat/completions "HTTP/1.1 200 OK"
2025-06-24 15:40:20,458 - INFO - HTTP Request: POST https://api.deepseek.com/v1/chat/completions "HTTP/1.1 200 OK"
2025-06-24 15:40:20,459 - INFO - HTTP Request: POST https://api.deepseek.com/v1/chat/completions "HTTP/1.1 200 OK"
2025-06-24 15:40:20,459 - INFO - HTTP Request: POST https://api.deepseek.com/v1/chat/completions "HTTP/1.1 200 OK"
2025-06-24 15:40:20,460 - INFO - HTTP Request: POST https://api.deepseek.com/v1/chat/completions "HTTP/1.1 200 OK"
2025-06-24 15:40:20,464 - INFO - HTTP Request: POST https://api.deepseek.com/v1/chat/completions "HTTP/1.1 200 OK"
2025-06-24 15:40:20,467 - INFO - HTTP Request: POST https://api.deepseek.com/v1/chat/completions "HTTP/1.1 200 OK"
2025-06-24 15:40:20,470 - INFO - HTTP Request: POST https://api.deepseek.com/v1/chat/completions "HTTP/1.1 200 OK"
2025-06-24 15:40:20,479 - INFO - HTTP Request: POST https://api.deepseek.com/v1/chat/completions "HTTP/1.1 200 OK"
2025-06-24 15:40:20,489 - INFO - HTTP Request: POST https://api.deepseek.com/v1/chat/completions "HTTP/1.1 200 OK"
2025-06-24 15:40:20,496 - INFO - HTTP Request: POST https://api.deepseek.com/v1/chat/completions "HTTP/1.1 200 OK"
2025-06-24 15:40:55,140 - INFO - HTTP Request: POST https://api.deepseek.com/v1/chat/completions "HTTP/1.1 200 OK"
2025-06-24 15:40:56,967 - INFO - HTTP Request: POST https://api.deepseek.com/v1/chat/completions "HTTP/1.1 200 OK"
2025-06-24 15:40:57,204 - INFO - HTTP Request: POST https://api.deepseek.com/v1/chat/completions "HTTP/1.1 200 OK"
2025-06-24 15:40:58,469 - INFO - HTTP Request: POST https://api.deepseek.com/v1/chat/completions "HTTP/1.1 200 OK"
2025-06-24 15:40:59,254 - INFO - HTTP Request: POST https://api.deepseek.com/v1/chat/completions "HTTP/1.1 200 OK"
2025-06-24 15:40:59,736 - INFO - HTTP Request: POST https://api.deepseek.com/v1/chat/completions "HTTP/1.1 200 OK"
2025-06-24 15:41:00,710 - INFO - HTTP Request: POST https://api.deepseek.com/v1/chat/completions "HTTP/1.1 200 OK"
2025-06-24 15:41:01,860 - INFO - HTTP Request: POST https://api.deepseek.com/v1/chat/completions "HTTP/1.1 200 OK"
2025-06-24 15:41:02,235 - INFO - HTTP Request: POST https://api.deepseek.com/v1/chat/completions "HTTP/1.1 200 OK"
2025-06-24 15:41:02,500 - INFO - HTTP Request: POST https://api.deepseek.com/v1/chat/completions "HTTP/1.1 200 OK"
2025-06-24 15:41:02,581 - INFO - HTTP Request: POST https://api.deepseek.com/v1/chat/completions "HTTP/1.1 200 OK"
2025-06-24 15:41:09,114 - INFO - HTTP Request: POST https://api.deepseek.com/v1/chat/completions "HTTP/1.1 200 OK"
2025-06-24 15:41:09,144 - INFO - HTTP Request: POST https://api.deepseek.com/v1/chat/completions "HTTP/1.1 200 OK"
2025-06-24 15:41:09,918 - INFO - HTTP Request: POST https://api.deepseek.com/v1/chat/completions "HTTP/1.1 200 OK"
2025-06-24 15:41:13,062 - INFO - HTTP Request: POST https://api.deepseek.com/v1/chat/completions "HTTP/1.1 200 OK"
2025-06-24 15:41:16,699 - INFO - HTTP Request: POST https://api.deepseek.com/v1/chat/completions "HTTP/1.1 200 OK"
2025-06-24 15:41:17,263 - INFO - HTTP Request: POST https://api.deepseek.com/v1/chat/completions "HTTP/1.1 200 OK"
2025-06-24 15:41:19,544 - INFO - HTTP Request: POST https://api.deepseek.com/v1/chat/completions "HTTP/1.1 200 OK"
2025-06-24 15:42:55,575 - WARNING - D:\Codes\AtomWorld\.venv\Lib\site-packages\pymatgen\io\cif.py:1313: UserWarning: Missing elements U from CIF-reported composition
  if struct := self._get_structure(data, primitive, symmetrized, check_occu=check_occu):

2025-06-24 15:42:55,578 - INFO - Structures do NOT match within tolerances.
2025-06-24 15:42:55,578 - INFO - Structures do not match for index 50
2025-06-24 15:42:55,705 - INFO - Structures do NOT match within tolerances.
2025-06-24 15:42:55,705 - INFO - Structures do not match for index 52
2025-06-24 15:42:55,730 - INFO - Structures do NOT match within tolerances.
2025-06-24 15:42:55,730 - INFO - Structures do not match for index 53
2025-06-24 15:42:55,819 - INFO - Structures do NOT match within tolerances.
2025-06-24 15:42:55,820 - INFO - Structures do not match for index 55
2025-06-24 15:42:55,837 - INFO - Structures do NOT match within tolerances.
2025-06-24 15:42:55,837 - INFO - Structures do not match for index 56
2025-06-24 15:42:55,850 - INFO - Structures do NOT match within tolerances.
2025-06-24 15:42:55,850 - INFO - Structures do not match for index 57
2025-06-24 15:42:55,868 - INFO - Structures do NOT match within tolerances.
2025-06-24 15:42:55,868 - INFO - Structures do not match for index 58
2025-06-24 15:42:55,891 - INFO - Structures do NOT match within tolerances.
2025-06-24 15:42:55,891 - INFO - Structures do not match for index 59
2025-06-24 15:42:55,903 - WARNING - D:\Codes\AtomWorld\.venv\Lib\site-packages\pymatgen\io\cif.py:1313: UserWarning: Missing elements Mo from CIF-reported composition
  if struct := self._get_structure(data, primitive, symmetrized, check_occu=check_occu):

2025-06-24 15:42:55,910 - INFO - Structures do NOT match within tolerances.
2025-06-24 15:42:55,910 - INFO - Structures do not match for index 60
2025-06-24 15:42:55,934 - INFO - Structures do NOT match within tolerances.
2025-06-24 15:42:55,934 - INFO - Structures do not match for index 62
2025-06-24 15:42:55,997 - WARNING - D:\Codes\AtomWorld\.venv\Lib\site-packages\pymatgen\io\cif.py:1348: UserWarning: Issues encountered while parsing CIF: 8 fractional coordinates rounded to ideal values to avoid issues with finite precision.
  return self.parse_structures(*args, **kwargs)

2025-06-24 15:42:56,005 - WARNING - D:\Codes\AtomWorld\.venv\Lib\site-packages\pymatgen\io\cif.py:1313: UserWarning: Missing elements Lr from CIF-reported composition
  if struct := self._get_structure(data, primitive, symmetrized, check_occu=check_occu):

2025-06-24 15:42:56,030 - WARNING - D:\Codes\AtomWorld\.venv\Lib\site-packages\pymatgen\core\periodic_table.py:252: UserWarning: No Pauling electronegativity for He. Setting to NaN. This has no physical meaning, and is mainly done to avoid errors caused by the code expecting a float.
  if not hasattr(other, "X") or not hasattr(other, "symbol"):

2025-06-24 15:42:56,031 - WARNING - D:\Codes\AtomWorld\.venv\Lib\site-packages\pymatgen\core\periodic_table.py:255: UserWarning: No Pauling electronegativity for He. Setting to NaN. This has no physical meaning, and is mainly done to avoid errors caused by the code expecting a float.
  x2 = float("inf") if other.X != other.X else other.X

2025-06-24 15:42:56,032 - WARNING - D:\Codes\AtomWorld\.venv\Lib\site-packages\pymatgen\core\composition.py:328: UserWarning: No Pauling electronegativity for He. Setting to NaN. This has no physical meaning, and is mainly done to avoid errors caused by the code expecting a float.
  return sum((el.X * abs(amt) for el, amt in self.items())) / self.num_atoms

2025-06-24 15:42:56,038 - INFO - Atom counts do not match for index 65
2025-06-24 15:42:56,051 - WARNING - D:\Codes\AtomWorld\.venv\Lib\site-packages\pymatgen\io\cif.py:1313: UserWarning: Incorrect stoichiometry:
  CIF={'Sr': 4.0, 'Y': 4.0, 'Ni': 4.0, 'O': 14.0, 'Ga': 2.0}
  PMG={'Sr': 4.0, 'Y': 4.0, 'Ga': 1.0, 'Ni': 4.0, 'O': 14.0}
  ratios={'Ga': 0.5, 'O': 1.0, 'Sr': 1.0, 'Ni': 1.0, 'Y': 1.0}
  if struct := self._get_structure(data, primitive, symmetrized, check_occu=check_occu):

2025-06-24 15:42:56,059 - INFO - Structures do NOT match within tolerances.
2025-06-24 15:42:56,059 - INFO - Structures do not match for index 66
2025-06-24 15:42:56,065 - WARNING - D:\Codes\AtomWorld\.venv\Lib\site-packages\pymatgen\io\cif.py:1348: UserWarning: Issues encountered while parsing CIF: 16 fractional coordinates rounded to ideal values to avoid issues with finite precision.
  return self.parse_structures(*args, **kwargs)

2025-06-24 15:42:56,108 - WARNING - D:\Codes\AtomWorld\.venv\Lib\site-packages\pymatgen\core\periodic_table.py:252: UserWarning: No Pauling electronegativity for Fl. Setting to NaN. This has no physical meaning, and is mainly done to avoid errors caused by the code expecting a float.
  if not hasattr(other, "X") or not hasattr(other, "symbol"):

2025-06-24 15:42:56,108 - WARNING - D:\Codes\AtomWorld\.venv\Lib\site-packages\pymatgen\core\periodic_table.py:255: UserWarning: No Pauling electronegativity for Fl. Setting to NaN. This has no physical meaning, and is mainly done to avoid errors caused by the code expecting a float.
  x2 = float("inf") if other.X != other.X else other.X

2025-06-24 15:42:56,109 - WARNING - D:\Codes\AtomWorld\.venv\Lib\site-packages\pymatgen\core\composition.py:328: UserWarning: No Pauling electronegativity for Fl. Setting to NaN. This has no physical meaning, and is mainly done to avoid errors caused by the code expecting a float.
  return sum((el.X * abs(amt) for el, amt in self.items())) / self.num_atoms

2025-06-24 15:42:56,158 - INFO - Structures do NOT match within tolerances.
2025-06-24 15:42:56,158 - INFO - Structures do not match for index 70
2025-06-24 15:42:56,166 - WARNING - D:\Codes\AtomWorld\.venv\Lib\site-packages\pymatgen\io\cif.py:1313: UserWarning: Incorrect stoichiometry:
  CIF={'Mg': 8.0, 'Si': 6.0, 'B': 2.0}
  PMG={'Mg': 8.0, 'Si': 6.0, 'B': 1.0}
  ratios={'B': 0.5, 'Si': 1.0, 'Mg': 1.0}
  if struct := self._get_structure(data, primitive, symmetrized, check_occu=check_occu):

2025-06-24 15:42:56,174 - INFO - Structures do NOT match within tolerances.
2025-06-24 15:42:56,174 - INFO - Structures do not match for index 71
2025-06-24 15:42:56,182 - WARNING - D:\Codes\AtomWorld\.venv\Lib\site-packages\pymatgen\io\cif.py:1313: UserWarning: Incorrect stoichiometry:
  CIF={'Mg': 6.0, 'Si': 8.0, 'Ge': 2.0}
  PMG={'Mg': 6.0, 'Si': 8.0, 'Ge': 1.0}
  ratios={'Ge': 0.5, 'Si': 1.0, 'Mg': 1.0}
  if struct := self._get_structure(data, primitive, symmetrized, check_occu=check_occu):

2025-06-24 15:42:56,371 - INFO - Structures do NOT match within tolerances.
2025-06-24 15:42:56,371 - INFO - Structures do not match for index 77
2025-06-24 15:42:56,374 - WARNING - D:\Codes\AtomWorld\.venv\Lib\site-packages\pymatgen\core\periodic_table.py:252: UserWarning: No Pauling electronegativity for Og. Setting to NaN. This has no physical meaning, and is mainly done to avoid errors caused by the code expecting a float.
  if not hasattr(other, "X") or not hasattr(other, "symbol"):

2025-06-24 15:42:56,374 - WARNING - D:\Codes\AtomWorld\.venv\Lib\site-packages\pymatgen\core\periodic_table.py:255: UserWarning: No Pauling electronegativity for Og. Setting to NaN. This has no physical meaning, and is mainly done to avoid errors caused by the code expecting a float.
  x2 = float("inf") if other.X != other.X else other.X

2025-06-24 15:42:56,375 - WARNING - D:\Codes\AtomWorld\.venv\Lib\site-packages\pymatgen\core\composition.py:328: UserWarning: No Pauling electronegativity for Og. Setting to NaN. This has no physical meaning, and is mainly done to avoid errors caused by the code expecting a float.
  return sum((el.X * abs(amt) for el, amt in self.items())) / self.num_atoms

2025-06-24 15:42:56,418 - INFO - Atom counts do not match for index 80
2025-06-24 15:42:56,422 - WARNING - D:\Codes\AtomWorld\.venv\Lib\site-packages\pymatgen\core\periodic_table.py:252: UserWarning: No Pauling electronegativity for Cn. Setting to NaN. This has no physical meaning, and is mainly done to avoid errors caused by the code expecting a float.
  if not hasattr(other, "X") or not hasattr(other, "symbol"):

2025-06-24 15:42:56,422 - WARNING - D:\Codes\AtomWorld\.venv\Lib\site-packages\pymatgen\core\periodic_table.py:255: UserWarning: No Pauling electronegativity for Cn. Setting to NaN. This has no physical meaning, and is mainly done to avoid errors caused by the code expecting a float.
  x2 = float("inf") if other.X != other.X else other.X

2025-06-24 15:42:56,422 - WARNING - D:\Codes\AtomWorld\.venv\Lib\site-packages\pymatgen\core\composition.py:328: UserWarning: No Pauling electronegativity for Cn. Setting to NaN. This has no physical meaning, and is mainly done to avoid errors caused by the code expecting a float.
  return sum((el.X * abs(amt) for el, amt in self.items())) / self.num_atoms

2025-06-24 15:42:56,450 - INFO - Structures do NOT match within tolerances.
2025-06-24 15:42:56,450 - INFO - Structures do not match for index 82
2025-06-24 15:42:56,475 - WARNING - D:\Codes\AtomWorld\.venv\Lib\site-packages\pymatgen\io\cif.py:1348: UserWarning: Issues encountered while parsing CIF: 10 fractional coordinates rounded to ideal values to avoid issues with finite precision.
  return self.parse_structures(*args, **kwargs)

2025-06-24 15:42:56,484 - INFO - Structures do NOT match within tolerances.
2025-06-24 15:42:56,484 - INFO - Structures do not match for index 84
2025-06-24 15:42:56,639 - INFO - Structures do NOT match within tolerances.
2025-06-24 15:42:56,639 - INFO - Structures do not match for index 90
2025-06-24 15:42:56,708 - INFO - Structures do NOT match within tolerances.
2025-06-24 15:42:56,708 - INFO - Structures do not match for index 92
2025-06-24 15:42:56,731 - INFO - Structures do NOT match within tolerances.
2025-06-24 15:42:56,731 - INFO - Structures do not match for index 93
2025-06-24 15:42:56,761 - INFO - Atom counts do not match for index 95
2025-06-24 15:42:57,095 - INFO - Structures do NOT match within tolerances.
2025-06-24 15:42:57,095 - INFO - Structures do not match for index 99
2025-06-24 15:42:57,156 - INFO - HTTP Request: POST https://api.deepseek.com/v1/chat/completions "HTTP/1.1 200 OK"
2025-06-24 15:42:57,258 - INFO - HTTP Request: POST https://api.deepseek.com/v1/chat/completions "HTTP/1.1 200 OK"
2025-06-24 15:42:57,262 - INFO - HTTP Request: POST https://api.deepseek.com/v1/chat/completions "HTTP/1.1 200 OK"
2025-06-24 15:42:57,265 - INFO - HTTP Request: POST https://api.deepseek.com/v1/chat/completions "HTTP/1.1 200 OK"
2025-06-24 15:42:57,266 - INFO - HTTP Request: POST https://api.deepseek.com/v1/chat/completions "HTTP/1.1 200 OK"
2025-06-24 15:42:57,267 - INFO - HTTP Request: POST https://api.deepseek.com/v1/chat/completions "HTTP/1.1 200 OK"
2025-06-24 15:42:57,272 - INFO - HTTP Request: POST https://api.deepseek.com/v1/chat/completions "HTTP/1.1 200 OK"
2025-06-24 15:42:57,272 - INFO - HTTP Request: POST https://api.deepseek.com/v1/chat/completions "HTTP/1.1 200 OK"
2025-06-24 15:42:57,273 - INFO - HTTP Request: POST https://api.deepseek.com/v1/chat/completions "HTTP/1.1 200 OK"
2025-06-24 15:42:57,275 - INFO - HTTP Request: POST https://api.deepseek.com/v1/chat/completions "HTTP/1.1 200 OK"
2025-06-24 15:42:57,277 - INFO - HTTP Request: POST https://api.deepseek.com/v1/chat/completions "HTTP/1.1 200 OK"
2025-06-24 15:42:57,280 - INFO - HTTP Request: POST https://api.deepseek.com/v1/chat/completions "HTTP/1.1 200 OK"
2025-06-24 15:42:57,280 - INFO - HTTP Request: POST https://api.deepseek.com/v1/chat/completions "HTTP/1.1 200 OK"
2025-06-24 15:42:57,284 - INFO - HTTP Request: POST https://api.deepseek.com/v1/chat/completions "HTTP/1.1 200 OK"
2025-06-24 15:42:57,287 - INFO - HTTP Request: POST https://api.deepseek.com/v1/chat/completions "HTTP/1.1 200 OK"
2025-06-24 15:42:57,288 - INFO - HTTP Request: POST https://api.deepseek.com/v1/chat/completions "HTTP/1.1 200 OK"
2025-06-24 15:42:57,289 - INFO - HTTP Request: POST https://api.deepseek.com/v1/chat/completions "HTTP/1.1 200 OK"
2025-06-24 15:42:57,290 - INFO - HTTP Request: POST https://api.deepseek.com/v1/chat/completions "HTTP/1.1 200 OK"
2025-06-24 15:42:57,291 - INFO - HTTP Request: POST https://api.deepseek.com/v1/chat/completions "HTTP/1.1 200 OK"
2025-06-24 15:42:57,292 - INFO - HTTP Request: POST https://api.deepseek.com/v1/chat/completions "HTTP/1.1 200 OK"
2025-06-24 15:42:57,292 - INFO - HTTP Request: POST https://api.deepseek.com/v1/chat/completions "HTTP/1.1 200 OK"
2025-06-24 15:42:57,293 - INFO - HTTP Request: POST https://api.deepseek.com/v1/chat/completions "HTTP/1.1 200 OK"
2025-06-24 15:42:57,298 - INFO - HTTP Request: POST https://api.deepseek.com/v1/chat/completions "HTTP/1.1 200 OK"
2025-06-24 15:42:57,299 - INFO - HTTP Request: POST https://api.deepseek.com/v1/chat/completions "HTTP/1.1 200 OK"
2025-06-24 15:42:57,312 - INFO - HTTP Request: POST https://api.deepseek.com/v1/chat/completions "HTTP/1.1 200 OK"
2025-06-24 15:42:57,314 - INFO - HTTP Request: POST https://api.deepseek.com/v1/chat/completions "HTTP/1.1 200 OK"
2025-06-24 15:42:57,318 - INFO - HTTP Request: POST https://api.deepseek.com/v1/chat/completions "HTTP/1.1 200 OK"
2025-06-24 15:42:57,319 - INFO - HTTP Request: POST https://api.deepseek.com/v1/chat/completions "HTTP/1.1 200 OK"
2025-06-24 15:42:57,334 - INFO - HTTP Request: POST https://api.deepseek.com/v1/chat/completions "HTTP/1.1 200 OK"
2025-06-24 15:42:57,349 - INFO - HTTP Request: POST https://api.deepseek.com/v1/chat/completions "HTTP/1.1 200 OK"
2025-06-24 15:42:57,374 - INFO - HTTP Request: POST https://api.deepseek.com/v1/chat/completions "HTTP/1.1 200 OK"
2025-06-24 15:42:57,375 - INFO - HTTP Request: POST https://api.deepseek.com/v1/chat/completions "HTTP/1.1 200 OK"
2025-06-24 15:43:27,059 - INFO - HTTP Request: POST https://api.deepseek.com/v1/chat/completions "HTTP/1.1 200 OK"
2025-06-24 15:43:30,050 - INFO - HTTP Request: POST https://api.deepseek.com/v1/chat/completions "HTTP/1.1 200 OK"
2025-06-24 15:43:32,611 - INFO - HTTP Request: POST https://api.deepseek.com/v1/chat/completions "HTTP/1.1 200 OK"
2025-06-24 15:43:33,668 - INFO - HTTP Request: POST https://api.deepseek.com/v1/chat/completions "HTTP/1.1 200 OK"
2025-06-24 15:43:33,914 - INFO - HTTP Request: POST https://api.deepseek.com/v1/chat/completions "HTTP/1.1 200 OK"
2025-06-24 15:43:33,949 - INFO - HTTP Request: POST https://api.deepseek.com/v1/chat/completions "HTTP/1.1 200 OK"
2025-06-24 15:43:34,127 - INFO - HTTP Request: POST https://api.deepseek.com/v1/chat/completions "HTTP/1.1 200 OK"
2025-06-24 15:43:35,318 - INFO - HTTP Request: POST https://api.deepseek.com/v1/chat/completions "HTTP/1.1 200 OK"
2025-06-24 15:43:35,839 - INFO - HTTP Request: POST https://api.deepseek.com/v1/chat/completions "HTTP/1.1 200 OK"
2025-06-24 15:43:36,484 - INFO - HTTP Request: POST https://api.deepseek.com/v1/chat/completions "HTTP/1.1 200 OK"
2025-06-24 15:43:36,714 - INFO - HTTP Request: POST https://api.deepseek.com/v1/chat/completions "HTTP/1.1 200 OK"
2025-06-24 15:43:36,927 - INFO - HTTP Request: POST https://api.deepseek.com/v1/chat/completions "HTTP/1.1 200 OK"
2025-06-24 15:43:38,765 - INFO - HTTP Request: POST https://api.deepseek.com/v1/chat/completions "HTTP/1.1 200 OK"
2025-06-24 15:43:43,226 - INFO - HTTP Request: POST https://api.deepseek.com/v1/chat/completions "HTTP/1.1 200 OK"
2025-06-24 15:43:43,804 - INFO - HTTP Request: POST https://api.deepseek.com/v1/chat/completions "HTTP/1.1 200 OK"
2025-06-24 15:43:44,531 - INFO - HTTP Request: POST https://api.deepseek.com/v1/chat/completions "HTTP/1.1 200 OK"
2025-06-24 15:43:46,821 - INFO - HTTP Request: POST https://api.deepseek.com/v1/chat/completions "HTTP/1.1 200 OK"
2025-06-24 15:43:48,366 - INFO - HTTP Request: POST https://api.deepseek.com/v1/chat/completions "HTTP/1.1 200 OK"
2025-06-24 15:45:19,976 - INFO - Structures do NOT match within tolerances.
2025-06-24 15:45:19,976 - INFO - Structures do not match for index 105
2025-06-24 15:45:20,062 - INFO - Structures do NOT match within tolerances.
2025-06-24 15:45:20,062 - INFO - Structures do not match for index 109
2025-06-24 15:45:20,070 - WARNING - D:\Codes\AtomWorld\.venv\Lib\site-packages\pymatgen\io\cif.py:1313: UserWarning: Missing elements Pr from CIF-reported composition
  if struct := self._get_structure(data, primitive, symmetrized, check_occu=check_occu):

2025-06-24 15:45:20,190 - INFO - Atom counts do not match for index 114
2025-06-24 15:45:20,235 - INFO - Structures do NOT match within tolerances.
2025-06-24 15:45:20,235 - INFO - Structures do not match for index 116
2025-06-24 15:45:20,260 - INFO - Structures do NOT match within tolerances.
2025-06-24 15:45:20,260 - INFO - Structures do not match for index 117
2025-06-24 15:45:20,273 - INFO - Structures do NOT match within tolerances.
2025-06-24 15:45:20,273 - INFO - Structures do not match for index 118
2025-06-24 15:45:20,283 - WARNING - D:\Codes\AtomWorld\.venv\Lib\site-packages\pymatgen\io\cif.py:1313: UserWarning: Incorrect stoichiometry:
  CIF={'Pr': 4.0, 'Si': 10.0, 'Pt': 6.0, 'Bk': 2.0}
  PMG={'Pr': 4.0, 'Bk': 1.0, 'Si': 10.0, 'Pt': 6.0}
  ratios={'Si': 1.0, 'Pr': 1.0, 'Bk': 0.5, 'Pt': 1.0}
  if struct := self._get_structure(data, primitive, symmetrized, check_occu=check_occu):

2025-06-24 15:45:20,288 - INFO - Structures do NOT match within tolerances.
2025-06-24 15:45:20,288 - INFO - Structures do not match for index 119
2025-06-24 15:45:20,419 - INFO - Structures do NOT match within tolerances.
2025-06-24 15:45:20,419 - INFO - Structures do not match for index 124
2025-06-24 15:45:20,440 - INFO - Structures do NOT match within tolerances.
2025-06-24 15:45:20,440 - INFO - Structures do not match for index 125
2025-06-24 15:45:20,446 - INFO - Atom counts do not match for index 126
2025-06-24 15:45:20,459 - INFO - Atom counts do not match for index 127
2025-06-24 15:45:20,473 - INFO - Atom counts do not match for index 128
2025-06-24 15:45:20,486 - WARNING - D:\Codes\AtomWorld\.venv\Lib\site-packages\pymatgen\io\cif.py:1348: UserWarning: Issues encountered while parsing CIF: 18 fractional coordinates rounded to ideal values to avoid issues with finite precision.
  return self.parse_structures(*args, **kwargs)

2025-06-24 15:45:20,487 - INFO - Atom counts do not match for index 129
2025-06-24 15:45:20,536 - INFO - Structures do NOT match within tolerances.
2025-06-24 15:45:20,536 - INFO - Structures do not match for index 132
2025-06-24 15:45:20,542 - WARNING - D:\Codes\AtomWorld\.venv\Lib\site-packages\pymatgen\core\periodic_table.py:252: UserWarning: No Pauling electronegativity for Bh. Setting to NaN. This has no physical meaning, and is mainly done to avoid errors caused by the code expecting a float.
  if not hasattr(other, "X") or not hasattr(other, "symbol"):

2025-06-24 15:45:20,542 - WARNING - D:\Codes\AtomWorld\.venv\Lib\site-packages\pymatgen\core\periodic_table.py:255: UserWarning: No Pauling electronegativity for Bh. Setting to NaN. This has no physical meaning, and is mainly done to avoid errors caused by the code expecting a float.
  x2 = float("inf") if other.X != other.X else other.X

2025-06-24 15:45:20,612 - INFO - Structures do NOT match within tolerances.
2025-06-24 15:45:20,612 - INFO - Structures do not match for index 134
2025-06-24 15:45:20,628 - WARNING - D:\Codes\AtomWorld\.venv\Lib\site-packages\pymatgen\io\cif.py:1313: UserWarning: Missing elements Ac from CIF-reported composition
  if struct := self._get_structure(data, primitive, symmetrized, check_occu=check_occu):

2025-06-24 15:45:20,669 - INFO - Structures do NOT match within tolerances.
2025-06-24 15:45:20,669 - INFO - Structures do not match for index 136
2025-06-24 15:45:20,703 - INFO - Atom counts do not match for index 138
2025-06-24 15:45:20,720 - INFO - Structures do NOT match within tolerances.
2025-06-24 15:45:20,720 - INFO - Structures do not match for index 139
2025-06-24 15:45:20,760 - WARNING - D:\Codes\AtomWorld\.venv\Lib\site-packages\pymatgen\core\periodic_table.py:252: UserWarning: No Pauling electronegativity for Mc. Setting to NaN. This has no physical meaning, and is mainly done to avoid errors caused by the code expecting a float.
  if not hasattr(other, "X") or not hasattr(other, "symbol"):

2025-06-24 15:45:20,760 - WARNING - D:\Codes\AtomWorld\.venv\Lib\site-packages\pymatgen\core\periodic_table.py:255: UserWarning: No Pauling electronegativity for Mc. Setting to NaN. This has no physical meaning, and is mainly done to avoid errors caused by the code expecting a float.
  x2 = float("inf") if other.X != other.X else other.X

2025-06-24 15:45:20,760 - WARNING - D:\Codes\AtomWorld\.venv\Lib\site-packages\pymatgen\core\periodic_table.py:254: UserWarning: No Pauling electronegativity for Mc. Setting to NaN. This has no physical meaning, and is mainly done to avoid errors caused by the code expecting a float.
  x1 = float("inf") if self.X != self.X else self.X

2025-06-24 15:45:20,761 - WARNING - D:\Codes\AtomWorld\.venv\Lib\site-packages\pymatgen\core\composition.py:328: UserWarning: No Pauling electronegativity for Mc. Setting to NaN. This has no physical meaning, and is mainly done to avoid errors caused by the code expecting a float.
  return sum((el.X * abs(amt) for el, amt in self.items())) / self.num_atoms

2025-06-24 15:45:20,873 - INFO - Structures do NOT match within tolerances.
2025-06-24 15:45:20,873 - INFO - Structures do not match for index 143
2025-06-24 15:45:20,877 - WARNING - D:\Codes\AtomWorld\.venv\Lib\site-packages\pymatgen\io\cif.py:1348: UserWarning: Issues encountered while parsing CIF: 1 fractional coordinates rounded to ideal values to avoid issues with finite precision.
  return self.parse_structures(*args, **kwargs)

2025-06-24 15:45:20,879 - WARNING - D:\Codes\AtomWorld\.venv\Lib\site-packages\pymatgen\core\periodic_table.py:252: UserWarning: No Pauling electronegativity for Lv. Setting to NaN. This has no physical meaning, and is mainly done to avoid errors caused by the code expecting a float.
  if not hasattr(other, "X") or not hasattr(other, "symbol"):

2025-06-24 15:45:20,879 - WARNING - D:\Codes\AtomWorld\.venv\Lib\site-packages\pymatgen\core\periodic_table.py:255: UserWarning: No Pauling electronegativity for Lv. Setting to NaN. This has no physical meaning, and is mainly done to avoid errors caused by the code expecting a float.
  x2 = float("inf") if other.X != other.X else other.X

2025-06-24 15:45:20,879 - WARNING - D:\Codes\AtomWorld\.venv\Lib\site-packages\pymatgen\core\composition.py:328: UserWarning: No Pauling electronegativity for Lv. Setting to NaN. This has no physical meaning, and is mainly done to avoid errors caused by the code expecting a float.
  return sum((el.X * abs(amt) for el, amt in self.items())) / self.num_atoms

2025-06-24 15:45:20,891 - INFO - Structures do NOT match within tolerances.
2025-06-24 15:45:20,891 - INFO - Structures do not match for index 144
2025-06-24 15:45:20,941 - INFO - Structures do NOT match within tolerances.
2025-06-24 15:45:20,941 - INFO - Structures do not match for index 146
2025-06-24 15:45:20,965 - INFO - Structures do NOT match within tolerances.
2025-06-24 15:45:20,965 - INFO - Structures do not match for index 147
2025-06-24 15:45:20,983 - INFO - Structures do NOT match within tolerances.
2025-06-24 15:45:20,983 - INFO - Structures do not match for index 148
2025-06-24 15:45:21,005 - INFO - Structures do NOT match within tolerances.
2025-06-24 15:45:21,005 - INFO - Structures do not match for index 149
2025-06-24 15:45:21,072 - INFO - HTTP Request: POST https://api.deepseek.com/v1/chat/completions "HTTP/1.1 200 OK"
2025-06-24 15:45:21,198 - INFO - HTTP Request: POST https://api.deepseek.com/v1/chat/completions "HTTP/1.1 200 OK"
2025-06-24 15:45:21,200 - INFO - HTTP Request: POST https://api.deepseek.com/v1/chat/completions "HTTP/1.1 200 OK"
2025-06-24 15:45:21,201 - INFO - HTTP Request: POST https://api.deepseek.com/v1/chat/completions "HTTP/1.1 200 OK"
2025-06-24 15:45:21,202 - INFO - HTTP Request: POST https://api.deepseek.com/v1/chat/completions "HTTP/1.1 200 OK"
2025-06-24 15:45:21,202 - INFO - HTTP Request: POST https://api.deepseek.com/v1/chat/completions "HTTP/1.1 200 OK"
2025-06-24 15:45:21,203 - INFO - HTTP Request: POST https://api.deepseek.com/v1/chat/completions "HTTP/1.1 200 OK"
2025-06-24 15:45:21,204 - INFO - HTTP Request: POST https://api.deepseek.com/v1/chat/completions "HTTP/1.1 200 OK"
2025-06-24 15:45:21,204 - INFO - HTTP Request: POST https://api.deepseek.com/v1/chat/completions "HTTP/1.1 200 OK"
2025-06-24 15:45:21,205 - INFO - HTTP Request: POST https://api.deepseek.com/v1/chat/completions "HTTP/1.1 200 OK"
2025-06-24 15:45:21,206 - INFO - HTTP Request: POST https://api.deepseek.com/v1/chat/completions "HTTP/1.1 200 OK"
2025-06-24 15:45:21,207 - INFO - HTTP Request: POST https://api.deepseek.com/v1/chat/completions "HTTP/1.1 200 OK"
2025-06-24 15:45:21,207 - INFO - HTTP Request: POST https://api.deepseek.com/v1/chat/completions "HTTP/1.1 200 OK"
2025-06-24 15:45:21,211 - INFO - HTTP Request: POST https://api.deepseek.com/v1/chat/completions "HTTP/1.1 200 OK"
2025-06-24 15:45:21,212 - INFO - HTTP Request: POST https://api.deepseek.com/v1/chat/completions "HTTP/1.1 200 OK"
2025-06-24 15:45:21,215 - INFO - HTTP Request: POST https://api.deepseek.com/v1/chat/completions "HTTP/1.1 200 OK"
2025-06-24 15:45:21,216 - INFO - HTTP Request: POST https://api.deepseek.com/v1/chat/completions "HTTP/1.1 200 OK"
2025-06-24 15:45:21,218 - INFO - HTTP Request: POST https://api.deepseek.com/v1/chat/completions "HTTP/1.1 200 OK"
2025-06-24 15:45:21,220 - INFO - HTTP Request: POST https://api.deepseek.com/v1/chat/completions "HTTP/1.1 200 OK"
2025-06-24 15:45:21,221 - INFO - HTTP Request: POST https://api.deepseek.com/v1/chat/completions "HTTP/1.1 200 OK"
2025-06-24 15:45:21,226 - INFO - HTTP Request: POST https://api.deepseek.com/v1/chat/completions "HTTP/1.1 200 OK"
2025-06-24 15:45:21,227 - INFO - HTTP Request: POST https://api.deepseek.com/v1/chat/completions "HTTP/1.1 200 OK"
2025-06-24 15:45:21,228 - INFO - HTTP Request: POST https://api.deepseek.com/v1/chat/completions "HTTP/1.1 200 OK"
2025-06-24 15:45:21,229 - INFO - HTTP Request: POST https://api.deepseek.com/v1/chat/completions "HTTP/1.1 200 OK"
2025-06-24 15:45:21,229 - INFO - HTTP Request: POST https://api.deepseek.com/v1/chat/completions "HTTP/1.1 200 OK"
2025-06-24 15:45:21,230 - INFO - HTTP Request: POST https://api.deepseek.com/v1/chat/completions "HTTP/1.1 200 OK"
2025-06-24 15:45:21,231 - INFO - HTTP Request: POST https://api.deepseek.com/v1/chat/completions "HTTP/1.1 200 OK"
2025-06-24 15:45:21,231 - INFO - HTTP Request: POST https://api.deepseek.com/v1/chat/completions "HTTP/1.1 200 OK"
2025-06-24 15:45:21,233 - INFO - HTTP Request: POST https://api.deepseek.com/v1/chat/completions "HTTP/1.1 200 OK"
2025-06-24 15:45:21,234 - INFO - HTTP Request: POST https://api.deepseek.com/v1/chat/completions "HTTP/1.1 200 OK"
2025-06-24 15:45:21,238 - INFO - HTTP Request: POST https://api.deepseek.com/v1/chat/completions "HTTP/1.1 200 OK"
2025-06-24 15:45:21,261 - INFO - HTTP Request: POST https://api.deepseek.com/v1/chat/completions "HTTP/1.1 200 OK"
2025-06-24 15:45:51,615 - INFO - HTTP Request: POST https://api.deepseek.com/v1/chat/completions "HTTP/1.1 200 OK"
2025-06-24 15:45:55,082 - INFO - HTTP Request: POST https://api.deepseek.com/v1/chat/completions "HTTP/1.1 200 OK"
2025-06-24 15:46:05,402 - INFO - HTTP Request: POST https://api.deepseek.com/v1/chat/completions "HTTP/1.1 200 OK"
2025-06-24 15:46:07,541 - INFO - HTTP Request: POST https://api.deepseek.com/v1/chat/completions "HTTP/1.1 200 OK"
2025-06-24 15:46:13,052 - INFO - HTTP Request: POST https://api.deepseek.com/v1/chat/completions "HTTP/1.1 200 OK"
2025-06-24 15:46:14,077 - INFO - HTTP Request: POST https://api.deepseek.com/v1/chat/completions "HTTP/1.1 200 OK"
2025-06-24 15:46:16,356 - INFO - HTTP Request: POST https://api.deepseek.com/v1/chat/completions "HTTP/1.1 200 OK"
2025-06-24 15:46:18,459 - INFO - HTTP Request: POST https://api.deepseek.com/v1/chat/completions "HTTP/1.1 200 OK"
2025-06-24 15:46:18,617 - INFO - HTTP Request: POST https://api.deepseek.com/v1/chat/completions "HTTP/1.1 200 OK"
2025-06-24 15:46:20,367 - INFO - HTTP Request: POST https://api.deepseek.com/v1/chat/completions "HTTP/1.1 200 OK"
2025-06-24 15:46:21,738 - INFO - HTTP Request: POST https://api.deepseek.com/v1/chat/completions "HTTP/1.1 200 OK"
2025-06-24 15:46:22,375 - INFO - HTTP Request: POST https://api.deepseek.com/v1/chat/completions "HTTP/1.1 200 OK"
2025-06-24 15:46:24,470 - INFO - HTTP Request: POST https://api.deepseek.com/v1/chat/completions "HTTP/1.1 200 OK"
2025-06-24 15:46:24,606 - INFO - HTTP Request: POST https://api.deepseek.com/v1/chat/completions "HTTP/1.1 200 OK"
2025-06-24 15:46:24,753 - INFO - HTTP Request: POST https://api.deepseek.com/v1/chat/completions "HTTP/1.1 200 OK"
2025-06-24 15:46:25,958 - INFO - HTTP Request: POST https://api.deepseek.com/v1/chat/completions "HTTP/1.1 200 OK"
2025-06-24 15:46:26,753 - INFO - HTTP Request: POST https://api.deepseek.com/v1/chat/completions "HTTP/1.1 200 OK"
2025-06-24 15:46:28,793 - INFO - HTTP Request: POST https://api.deepseek.com/v1/chat/completions "HTTP/1.1 200 OK"
2025-06-24 15:47:37,789 - INFO - Structures do NOT match within tolerances.
2025-06-24 15:47:37,789 - INFO - Structures do not match for index 150
2025-06-24 15:47:37,793 - WARNING - D:\Codes\AtomWorld\.venv\Lib\site-packages\pymatgen\core\periodic_table.py:252: UserWarning: No Pauling electronegativity for Ds. Setting to NaN. This has no physical meaning, and is mainly done to avoid errors caused by the code expecting a float.
  if not hasattr(other, "X") or not hasattr(other, "symbol"):

2025-06-24 15:47:37,793 - WARNING - D:\Codes\AtomWorld\.venv\Lib\site-packages\pymatgen\core\periodic_table.py:255: UserWarning: No Pauling electronegativity for Ds. Setting to NaN. This has no physical meaning, and is mainly done to avoid errors caused by the code expecting a float.
  x2 = float("inf") if other.X != other.X else other.X

2025-06-24 15:47:37,794 - WARNING - D:\Codes\AtomWorld\.venv\Lib\site-packages\pymatgen\core\composition.py:328: UserWarning: No Pauling electronegativity for Ds. Setting to NaN. This has no physical meaning, and is mainly done to avoid errors caused by the code expecting a float.
  return sum((el.X * abs(amt) for el, amt in self.items())) / self.num_atoms

2025-06-24 15:47:37,806 - INFO - Structures do NOT match within tolerances.
2025-06-24 15:47:37,806 - INFO - Structures do not match for index 151
2025-06-24 15:47:37,834 - INFO - Structures do NOT match within tolerances.
2025-06-24 15:47:37,834 - INFO - Structures do not match for index 152
2025-06-24 15:47:37,855 - INFO - Structures do NOT match within tolerances.
2025-06-24 15:47:37,856 - INFO - Structures do not match for index 153
2025-06-24 15:47:37,904 - INFO - Structures do NOT match within tolerances.
2025-06-24 15:47:37,904 - INFO - Structures do not match for index 154
2025-06-24 15:47:37,980 - WARNING - D:\Codes\AtomWorld\.venv\Lib\site-packages\pymatgen\core\periodic_table.py:254: UserWarning: No Pauling electronegativity for Ts. Setting to NaN. This has no physical meaning, and is mainly done to avoid errors caused by the code expecting a float.
  x1 = float("inf") if self.X != self.X else self.X

2025-06-24 15:47:37,983 - WARNING - D:\Codes\AtomWorld\.venv\Lib\site-packages\pymatgen\core\composition.py:328: UserWarning: No Pauling electronegativity for Ts. Setting to NaN. This has no physical meaning, and is mainly done to avoid errors caused by the code expecting a float.
  return sum((el.X * abs(amt) for el, amt in self.items())) / self.num_atoms

2025-06-24 15:47:37,997 - WARNING - D:\Codes\AtomWorld\.venv\Lib\site-packages\pymatgen\io\cif.py:1313: UserWarning: Incorrect stoichiometry:
  CIF={'Li': 12.0, 'Mn': 2.0, 'V': 6.0, 'P': 12.0, 'O': 48.0, 'Ts': 2.0}
  PMG={'Li': 12.0, 'Mn': 2.0, 'V': 6.0, 'P': 12.0, 'O': 48.0, 'Ts': 1.0}
  ratios={'V': 1.0, 'Mn': 1.0, 'O': 1.0, 'P': 1.0, 'Li': 1.0, 'Ts': 0.5}
  if struct := self._get_structure(data, primitive, symmetrized, check_occu=check_occu):

2025-06-24 15:47:38,267 - WARNING - D:\Codes\AtomWorld\.venv\Lib\site-packages\pymatgen\core\periodic_table.py:252: UserWarning: No Pauling electronegativity for Ne. Setting to NaN. This has no physical meaning, and is mainly done to avoid errors caused by the code expecting a float.
  if not hasattr(other, "X") or not hasattr(other, "symbol"):

2025-06-24 15:47:38,267 - WARNING - D:\Codes\AtomWorld\.venv\Lib\site-packages\pymatgen\core\periodic_table.py:255: UserWarning: No Pauling electronegativity for Ne. Setting to NaN. This has no physical meaning, and is mainly done to avoid errors caused by the code expecting a float.
  x2 = float("inf") if other.X != other.X else other.X

2025-06-24 15:47:38,268 - WARNING - D:\Codes\AtomWorld\.venv\Lib\site-packages\pymatgen\core\composition.py:328: UserWarning: No Pauling electronegativity for Ne. Setting to NaN. This has no physical meaning, and is mainly done to avoid errors caused by the code expecting a float.
  return sum((el.X * abs(amt) for el, amt in self.items())) / self.num_atoms

2025-06-24 15:47:38,353 - WARNING - D:\Codes\AtomWorld\.venv\Lib\site-packages\pymatgen\core\periodic_table.py:252: UserWarning: No Pauling electronegativity for Hs. Setting to NaN. This has no physical meaning, and is mainly done to avoid errors caused by the code expecting a float.
  if not hasattr(other, "X") or not hasattr(other, "symbol"):

2025-06-24 15:47:38,353 - WARNING - D:\Codes\AtomWorld\.venv\Lib\site-packages\pymatgen\core\periodic_table.py:255: UserWarning: No Pauling electronegativity for Hs. Setting to NaN. This has no physical meaning, and is mainly done to avoid errors caused by the code expecting a float.
  x2 = float("inf") if other.X != other.X else other.X

2025-06-24 15:47:38,356 - WARNING - D:\Codes\AtomWorld\.venv\Lib\site-packages\pymatgen\core\composition.py:328: UserWarning: No Pauling electronegativity for Hs. Setting to NaN. This has no physical meaning, and is mainly done to avoid errors caused by the code expecting a float.
  return sum((el.X * abs(amt) for el, amt in self.items())) / self.num_atoms

2025-06-24 15:47:38,369 - INFO - Atom counts do not match for index 160
2025-06-24 15:47:38,398 - WARNING - D:\Codes\AtomWorld\.venv\Lib\site-packages\pymatgen\io\cif.py:1313: UserWarning: Missing elements Cn from CIF-reported composition
  if struct := self._get_structure(data, primitive, symmetrized, check_occu=check_occu):

2025-06-24 15:47:38,495 - INFO - Structures do NOT match within tolerances.
2025-06-24 15:47:38,495 - INFO - Structures do not match for index 162
2025-06-24 15:47:38,518 - INFO - Structures do NOT match within tolerances.
2025-06-24 15:47:38,518 - INFO - Structures do not match for index 163
2025-06-24 15:47:38,730 - INFO - Structures do NOT match within tolerances.
2025-06-24 15:47:38,730 - INFO - Structures do not match for index 167
2025-06-24 15:47:38,796 - WARNING - D:\Codes\AtomWorld\.venv\Lib\site-packages\pymatgen\io\cif.py:1313: UserWarning: Missing elements W from CIF-reported composition
  if struct := self._get_structure(data, primitive, symmetrized, check_occu=check_occu):

2025-06-24 15:47:38,802 - INFO - Structures do NOT match within tolerances.
2025-06-24 15:47:38,802 - INFO - Structures do not match for index 169
2025-06-24 15:47:38,966 - INFO - Structures do NOT match within tolerances.
2025-06-24 15:47:38,967 - INFO - Structures do not match for index 172
2025-06-24 15:47:38,992 - INFO - Structures do NOT match within tolerances.
2025-06-24 15:47:38,993 - INFO - Structures do not match for index 173
2025-06-24 15:47:39,017 - INFO - Atom counts do not match for index 174
2025-06-24 15:47:39,036 - WARNING - D:\Codes\AtomWorld\.venv\Lib\site-packages\pymatgen\io\cif.py:1313: UserWarning: Incorrect stoichiometry:
  CIF={'Co': 2.0, 'H': 20.0, 'Se': 4.0, 'O': 20.0, 'Rh': 2.0}
  PMG={'Co': 2.0, 'H': 20.0, 'Rh': 1.0, 'Se': 4.0, 'O': 20.0}
  ratios={'H': 1.0, 'Co': 1.0, 'Rh': 0.5, 'O': 1.0, 'Se': 1.0}
  if struct := self._get_structure(data, primitive, symmetrized, check_occu=check_occu):

2025-06-24 15:47:39,066 - INFO - Structures do NOT match within tolerances.
2025-06-24 15:47:39,067 - INFO - Structures do not match for index 175
2025-06-24 15:47:39,114 - INFO - Structures do NOT match within tolerances.
2025-06-24 15:47:39,114 - INFO - Structures do not match for index 176
2025-06-24 15:47:39,160 - WARNING - D:\Codes\AtomWorld\.venv\Lib\site-packages\pymatgen\core\periodic_table.py:254: UserWarning: No Pauling electronegativity for Rg. Setting to NaN. This has no physical meaning, and is mainly done to avoid errors caused by the code expecting a float.
  x1 = float("inf") if self.X != self.X else self.X

2025-06-24 15:47:39,161 - WARNING - D:\Codes\AtomWorld\.venv\Lib\site-packages\pymatgen\core\composition.py:328: UserWarning: No Pauling electronegativity for Rg. Setting to NaN. This has no physical meaning, and is mainly done to avoid errors caused by the code expecting a float.
  return sum((el.X * abs(amt) for el, amt in self.items())) / self.num_atoms

2025-06-24 15:47:39,164 - WARNING - D:\Codes\AtomWorld\.venv\Lib\site-packages\pymatgen\io\cif.py:1313: UserWarning: Incorrect stoichiometry:
  CIF={'Co': 4.0, 'Mo': 6.0, 'Rg': 2.0}
  PMG={'Co': 4.0, 'Mo': 6.0, 'Rg': 1.0}
  ratios={'Rg': 0.5, 'Mo': 1.0, 'Co': 1.0}
  if struct := self._get_structure(data, primitive, symmetrized, check_occu=check_occu):

2025-06-24 15:47:39,225 - INFO - Structures do NOT match within tolerances.
2025-06-24 15:47:39,225 - INFO - Structures do not match for index 180
2025-06-24 15:47:39,271 - INFO - Structures do NOT match within tolerances.
2025-06-24 15:47:39,272 - INFO - Structures do not match for index 181
2025-06-24 15:47:39,312 - INFO - Structures do NOT match within tolerances.
2025-06-24 15:47:39,312 - INFO - Structures do not match for index 182
2025-06-24 15:47:39,335 - INFO - Structures do NOT match within tolerances.
2025-06-24 15:47:39,336 - INFO - Structures do not match for index 183
2025-06-24 15:47:39,381 - WARNING - D:\Codes\AtomWorld\.venv\Lib\site-packages\pymatgen\io\cif.py:1348: UserWarning: Issues encountered while parsing CIF: 20 fractional coordinates rounded to ideal values to avoid issues with finite precision.
  return self.parse_structures(*args, **kwargs)

2025-06-24 15:47:39,447 - INFO - Structures do NOT match within tolerances.
2025-06-24 15:47:39,447 - INFO - Structures do not match for index 187
2025-06-24 15:47:39,460 - INFO - Structures do NOT match within tolerances.
2025-06-24 15:47:39,460 - INFO - Structures do not match for index 188
2025-06-24 15:47:39,727 - INFO - Structures do NOT match within tolerances.
2025-06-24 15:47:39,727 - INFO - Structures do not match for index 197
2025-06-24 15:47:39,762 - WARNING - D:\Codes\AtomWorld\.venv\Lib\site-packages\pymatgen\io\cif.py:1348: UserWarning: Issues encountered while parsing CIF: 2 fractional coordinates rounded to ideal values to avoid issues with finite precision.
  return self.parse_structures(*args, **kwargs)

2025-06-24 15:47:39,770 - INFO - Structures do NOT match within tolerances.
2025-06-24 15:47:39,770 - INFO - Structures do not match for index 199
2025-06-24 15:47:39,825 - INFO - HTTP Request: POST https://api.deepseek.com/v1/chat/completions "HTTP/1.1 200 OK"
2025-06-24 15:47:39,839 - INFO - HTTP Request: POST https://api.deepseek.com/v1/chat/completions "HTTP/1.1 200 OK"
2025-06-24 15:47:39,947 - INFO - HTTP Request: POST https://api.deepseek.com/v1/chat/completions "HTTP/1.1 200 OK"
2025-06-24 15:47:39,952 - INFO - HTTP Request: POST https://api.deepseek.com/v1/chat/completions "HTTP/1.1 200 OK"
2025-06-24 15:47:39,955 - INFO - HTTP Request: POST https://api.deepseek.com/v1/chat/completions "HTTP/1.1 200 OK"
2025-06-24 15:47:39,956 - INFO - HTTP Request: POST https://api.deepseek.com/v1/chat/completions "HTTP/1.1 200 OK"
2025-06-24 15:47:39,960 - INFO - HTTP Request: POST https://api.deepseek.com/v1/chat/completions "HTTP/1.1 200 OK"
2025-06-24 15:47:39,961 - INFO - HTTP Request: POST https://api.deepseek.com/v1/chat/completions "HTTP/1.1 200 OK"
2025-06-24 15:47:39,962 - INFO - HTTP Request: POST https://api.deepseek.com/v1/chat/completions "HTTP/1.1 200 OK"
2025-06-24 15:47:39,963 - INFO - HTTP Request: POST https://api.deepseek.com/v1/chat/completions "HTTP/1.1 200 OK"
2025-06-24 15:47:39,963 - INFO - HTTP Request: POST https://api.deepseek.com/v1/chat/completions "HTTP/1.1 200 OK"
2025-06-24 15:47:39,964 - INFO - HTTP Request: POST https://api.deepseek.com/v1/chat/completions "HTTP/1.1 200 OK"
2025-06-24 15:47:39,965 - INFO - HTTP Request: POST https://api.deepseek.com/v1/chat/completions "HTTP/1.1 200 OK"
2025-06-24 15:47:39,966 - INFO - HTTP Request: POST https://api.deepseek.com/v1/chat/completions "HTTP/1.1 200 OK"
2025-06-24 15:47:39,967 - INFO - HTTP Request: POST https://api.deepseek.com/v1/chat/completions "HTTP/1.1 200 OK"
2025-06-24 15:47:39,968 - INFO - HTTP Request: POST https://api.deepseek.com/v1/chat/completions "HTTP/1.1 200 OK"
2025-06-24 15:47:39,969 - INFO - HTTP Request: POST https://api.deepseek.com/v1/chat/completions "HTTP/1.1 200 OK"
2025-06-24 15:47:39,970 - INFO - HTTP Request: POST https://api.deepseek.com/v1/chat/completions "HTTP/1.1 200 OK"
2025-06-24 15:47:39,970 - INFO - HTTP Request: POST https://api.deepseek.com/v1/chat/completions "HTTP/1.1 200 OK"
2025-06-24 15:47:39,971 - INFO - HTTP Request: POST https://api.deepseek.com/v1/chat/completions "HTTP/1.1 200 OK"
2025-06-24 15:47:39,972 - INFO - HTTP Request: POST https://api.deepseek.com/v1/chat/completions "HTTP/1.1 200 OK"
2025-06-24 15:47:39,972 - INFO - HTTP Request: POST https://api.deepseek.com/v1/chat/completions "HTTP/1.1 200 OK"
2025-06-24 15:47:39,972 - INFO - HTTP Request: POST https://api.deepseek.com/v1/chat/completions "HTTP/1.1 200 OK"
2025-06-24 15:47:39,972 - INFO - HTTP Request: POST https://api.deepseek.com/v1/chat/completions "HTTP/1.1 200 OK"
2025-06-24 15:47:39,974 - INFO - HTTP Request: POST https://api.deepseek.com/v1/chat/completions "HTTP/1.1 200 OK"
2025-06-24 15:47:39,974 - INFO - HTTP Request: POST https://api.deepseek.com/v1/chat/completions "HTTP/1.1 200 OK"
2025-06-24 15:47:39,974 - INFO - HTTP Request: POST https://api.deepseek.com/v1/chat/completions "HTTP/1.1 200 OK"
2025-06-24 15:47:39,974 - INFO - HTTP Request: POST https://api.deepseek.com/v1/chat/completions "HTTP/1.1 200 OK"
2025-06-24 15:47:39,975 - INFO - HTTP Request: POST https://api.deepseek.com/v1/chat/completions "HTTP/1.1 200 OK"
2025-06-24 15:47:39,976 - INFO - HTTP Request: POST https://api.deepseek.com/v1/chat/completions "HTTP/1.1 200 OK"
2025-06-24 15:47:39,977 - INFO - HTTP Request: POST https://api.deepseek.com/v1/chat/completions "HTTP/1.1 200 OK"
2025-06-24 15:47:39,980 - INFO - HTTP Request: POST https://api.deepseek.com/v1/chat/completions "HTTP/1.1 200 OK"
2025-06-24 15:48:22,633 - INFO - HTTP Request: POST https://api.deepseek.com/v1/chat/completions "HTTP/1.1 200 OK"
2025-06-24 15:48:27,568 - INFO - HTTP Request: POST https://api.deepseek.com/v1/chat/completions "HTTP/1.1 200 OK"
2025-06-24 15:48:28,878 - INFO - HTTP Request: POST https://api.deepseek.com/v1/chat/completions "HTTP/1.1 200 OK"
2025-06-24 15:48:32,316 - INFO - HTTP Request: POST https://api.deepseek.com/v1/chat/completions "HTTP/1.1 200 OK"
2025-06-24 15:48:33,721 - INFO - HTTP Request: POST https://api.deepseek.com/v1/chat/completions "HTTP/1.1 200 OK"
2025-06-24 15:48:35,156 - INFO - HTTP Request: POST https://api.deepseek.com/v1/chat/completions "HTTP/1.1 200 OK"
2025-06-24 15:48:36,641 - INFO - HTTP Request: POST https://api.deepseek.com/v1/chat/completions "HTTP/1.1 200 OK"
2025-06-24 15:48:37,634 - INFO - HTTP Request: POST https://api.deepseek.com/v1/chat/completions "HTTP/1.1 200 OK"
2025-06-24 15:48:38,964 - INFO - HTTP Request: POST https://api.deepseek.com/v1/chat/completions "HTTP/1.1 200 OK"
2025-06-24 15:48:39,454 - INFO - HTTP Request: POST https://api.deepseek.com/v1/chat/completions "HTTP/1.1 200 OK"
2025-06-24 15:48:39,534 - INFO - HTTP Request: POST https://api.deepseek.com/v1/chat/completions "HTTP/1.1 200 OK"
2025-06-24 15:48:40,089 - INFO - HTTP Request: POST https://api.deepseek.com/v1/chat/completions "HTTP/1.1 200 OK"
2025-06-24 15:48:41,450 - INFO - HTTP Request: POST https://api.deepseek.com/v1/chat/completions "HTTP/1.1 200 OK"
2025-06-24 15:48:45,216 - INFO - HTTP Request: POST https://api.deepseek.com/v1/chat/completions "HTTP/1.1 200 OK"
2025-06-24 15:48:45,400 - INFO - HTTP Request: POST https://api.deepseek.com/v1/chat/completions "HTTP/1.1 200 OK"
2025-06-24 15:48:45,949 - INFO - HTTP Request: POST https://api.deepseek.com/v1/chat/completions "HTTP/1.1 200 OK"
2025-06-24 15:48:46,460 - INFO - HTTP Request: POST https://api.deepseek.com/v1/chat/completions "HTTP/1.1 200 OK"
2025-06-24 15:48:52,018 - INFO - HTTP Request: POST https://api.deepseek.com/v1/chat/completions "HTTP/1.1 200 OK"
2025-06-24 15:50:46,971 - INFO - Structures do NOT match within tolerances.
2025-06-24 15:50:46,971 - INFO - Structures do not match for index 202
2025-06-24 15:50:47,032 - INFO - Structures do NOT match within tolerances.
2025-06-24 15:50:47,032 - INFO - Structures do not match for index 204
2025-06-24 15:50:47,129 - INFO - Structures do NOT match within tolerances.
2025-06-24 15:50:47,129 - INFO - Structures do not match for index 207
2025-06-24 15:50:47,142 - INFO - Atom counts do not match for index 208
2025-06-24 15:50:47,228 - WARNING - D:\Codes\AtomWorld\.venv\Lib\site-packages\pymatgen\io\cif.py:1313: UserWarning: Incorrect stoichiometry:
  CIF={'Hf': 18.0, 'Re': 8.0, 'As': 2.0, 'Al': 2.0}
  PMG={'Hf': 18.0, 'Al': 1.0, 'Re': 8.0, 'As': 2.0}
  ratios={'As': 1.0, 'Re': 1.0, 'Al': 0.5, 'Hf': 1.0}
  if struct := self._get_structure(data, primitive, symmetrized, check_occu=check_occu):

2025-06-24 15:50:47,371 - INFO - Structures do NOT match within tolerances.
2025-06-24 15:50:47,371 - INFO - Structures do not match for index 213
2025-06-24 15:50:47,384 - WARNING - D:\Codes\AtomWorld\.venv\Lib\site-packages\pymatgen\io\cif.py:1313: UserWarning: Incorrect stoichiometry:
  CIF={'Hf': 20.0, 'Si': 2.0, 'Mo': 6.0, 'Cd': 2.0}
  PMG={'Hf': 20.0, 'Cd': 1.0, 'Si': 2.0, 'Mo': 6.0}
  ratios={'Si': 1.0, 'Mo': 1.0, 'Cd': 0.5, 'Hf': 1.0}
  if struct := self._get_structure(data, primitive, symmetrized, check_occu=check_occu):

2025-06-24 15:50:47,502 - INFO - Structures do NOT match within tolerances.
2025-06-24 15:50:47,502 - INFO - Structures do not match for index 215
2025-06-24 15:50:47,579 - INFO - Structures do NOT match within tolerances.
2025-06-24 15:50:47,579 - INFO - Structures do not match for index 217
2025-06-24 15:50:47,610 - WARNING - D:\Codes\AtomWorld\.venv\Lib\site-packages\pymatgen\io\cif.py:1313: UserWarning: Incorrect stoichiometry:
  CIF={'Na': 4.0, 'Nb': 8.0, 'H': 28.0, 'O': 36.0, 'Pd': 4.0}
  PMG={'Na': 4.0, 'Nb': 8.0, 'H': 28.0, 'Pd': 1.0, 'O': 36.0}
  ratios={'H': 1.0, 'Pd': 0.25, 'Na': 1.0, 'O': 1.0, 'Nb': 1.0}
  if struct := self._get_structure(data, primitive, symmetrized, check_occu=check_occu):

2025-06-24 15:50:47,658 - INFO - Structures do NOT match within tolerances.
2025-06-24 15:50:47,658 - INFO - Structures do not match for index 218
2025-06-24 15:50:47,743 - WARNING - D:\Codes\AtomWorld\.venv\Lib\site-packages\pymatgen\io\cif.py:1313: UserWarning: Incorrect stoichiometry:
  CIF={'H': 32.0, 'C': 20.0, 'La': 4.0}
  PMG={'La': 1.0, 'H': 32.0, 'C': 20.0}
  ratios={'H': 1.0, 'La': 0.25, 'C': 1.0}
  if struct := self._get_structure(data, primitive, symmetrized, check_occu=check_occu):

2025-06-24 15:50:47,812 - WARNING - D:\Codes\AtomWorld\.venv\Lib\site-packages\pymatgen\io\cif.py:1313: UserWarning: Incorrect stoichiometry:
  CIF={'H': 24.0, 'C': 12.0, 'S': 4.0, 'N': 8.0, 'O': 8.0, 'Si': 4.0}
  PMG={'Si': 1.0, 'H': 24.0, 'C': 12.0, 'S': 4.0, 'N': 8.0, 'O': 8.0}
  ratios={'Si': 0.25, 'H': 1.0, 'C': 1.0, 'N': 1.0, 'O': 1.0, 'S': 1.0}
  if struct := self._get_structure(data, primitive, symmetrized, check_occu=check_occu):

2025-06-24 15:50:47,934 - INFO - Atom counts do not match for index 223
2025-06-24 15:50:48,000 - WARNING - D:\Codes\AtomWorld\.venv\Lib\site-packages\pymatgen\io\cif.py:1313: UserWarning: Incorrect stoichiometry:
  CIF={'P': 6.0, 'Pb': 10.0, 'I': 2.0, 'O': 24.0, 'Xe': 2.0}
  PMG={'P': 6.0, 'Pb': 10.0, 'Xe': 1.0, 'I': 2.0, 'O': 24.0}
  ratios={'Xe': 0.5, 'I': 1.0, 'O': 1.0, 'Pb': 1.0, 'P': 1.0}
  if struct := self._get_structure(data, primitive, symmetrized, check_occu=check_occu):

2025-06-24 15:50:48,016 - INFO - Structures do NOT match within tolerances.
2025-06-24 15:50:48,017 - INFO - Structures do not match for index 225
2025-06-24 15:50:48,035 - INFO - Structures do NOT match within tolerances.
2025-06-24 15:50:48,035 - INFO - Structures do not match for index 226
2025-06-24 15:50:48,049 - INFO - Atom counts do not match for index 227
2025-06-24 15:50:48,219 - INFO - Atom counts do not match for index 229
2025-06-24 15:50:48,365 - INFO - Structures do NOT match within tolerances.
2025-06-24 15:50:48,365 - INFO - Structures do not match for index 232
2025-06-24 15:50:48,454 - INFO - Structures do NOT match within tolerances.
2025-06-24 15:50:48,454 - INFO - Structures do not match for index 234
2025-06-24 15:50:48,631 - WARNING - D:\Codes\AtomWorld\.venv\Lib\site-packages\pymatgen\io\cif.py:1313: UserWarning: Incorrect stoichiometry:
  CIF={'V': 8.0, 'Cd': 2.0, 'Se': 6.0, 'O': 36.0, 'Sr': 2.0}
  PMG={'Sr': 1.0, 'V': 8.0, 'Cd': 2.0, 'Se': 6.0, 'O': 36.0}
  ratios={'Cd': 1.0, 'V': 1.0, 'Sr': 0.5, 'O': 1.0, 'Se': 1.0}
  if struct := self._get_structure(data, primitive, symmetrized, check_occu=check_occu):

2025-06-24 15:50:48,636 - INFO - Structures do NOT match within tolerances.
2025-06-24 15:50:48,636 - INFO - Structures do not match for index 238
2025-06-24 15:50:48,673 - WARNING - D:\Codes\AtomWorld\.venv\Lib\site-packages\pymatgen\io\cif.py:1313: UserWarning: Incorrect stoichiometry:
  CIF={'U': 22.0, 'Pb': 6.0, 'O': 72.0, 'Sr': 2.0}
  PMG={'Sr': 1.0, 'U': 22.0, 'Pb': 6.0, 'O': 72.0}
  ratios={'O': 1.0, 'Pb': 1.0, 'U': 1.0, 'Sr': 0.5}
  if struct := self._get_structure(data, primitive, symmetrized, check_occu=check_occu):

2025-06-24 15:50:49,203 - WARNING - D:\Codes\AtomWorld\.venv\Lib\site-packages\pymatgen\io\cif.py:1313: UserWarning: Incorrect stoichiometry:
  CIF={'Rb': 8.0, 'Mo': 10.0, 'P': 4.0, 'O': 44.0, 'Re': 2.0}
  PMG={'Rb': 8.0, 'Re': 1.0, 'Mo': 10.0, 'P': 4.0, 'O': 44.0}
  ratios={'Mo': 1.0, 'O': 1.0, 'Rb': 1.0, 'P': 1.0, 'Re': 0.5}
  if struct := self._get_structure(data, primitive, symmetrized, check_occu=check_occu):

2025-06-24 15:50:49,209 - INFO - Structures do NOT match within tolerances.
2025-06-24 15:50:49,209 - INFO - Structures do not match for index 245
2025-06-24 15:50:49,323 - INFO - Structures do NOT match within tolerances.
2025-06-24 15:50:49,323 - INFO - Structures do not match for index 246
2025-06-24 15:50:49,335 - WARNING - D:\Codes\AtomWorld\.venv\Lib\site-packages\pymatgen\io\cif.py:1313: UserWarning: Some occupancies ([2.0]) sum to > 1! If they are within the occupancy_tolerance, they will be rescaled. The current occupancy_tolerance is set to: 1.0
  if struct := self._get_structure(data, primitive, symmetrized, check_occu=check_occu):

2025-06-24 15:50:49,336 - WARNING - D:\Codes\AtomWorld\.venv\Lib\site-packages\pymatgen\io\cif.py:1348: UserWarning: No structure parsed for section 1 in CIF.
Occupancy 2.0 exceeded tolerance.
  return self.parse_structures(*args, **kwargs)

2025-06-24 15:50:49,337 - WARNING - D:\Codes\AtomWorld\.venv\Lib\site-packages\pymatgen\io\cif.py:1348: UserWarning: Issues encountered while parsing CIF: Some occupancies ([2.0]) sum to > 1! If they are within the occupancy_tolerance, they will be rescaled. The current occupancy_tolerance is set to: 1.0
No structure parsed for section 1 in CIF.
Occupancy 2.0 exceeded tolerance.
  return self.parse_structures(*args, **kwargs)

2025-06-24 15:50:49,337 - INFO - Error loading CIF from string: Invalid CIF file with no structures!
2025-06-24 15:50:49,337 - INFO - Invalid generated structure for index 247
2025-06-24 15:50:49,361 - INFO - Structures do NOT match within tolerances.
2025-06-24 15:50:49,361 - INFO - Structures do not match for index 248
2025-06-24 15:50:49,383 - INFO - Atom counts do not match for index 249
2025-06-24 15:50:49,447 - INFO - HTTP Request: POST https://api.deepseek.com/v1/chat/completions "HTTP/1.1 200 OK"
2025-06-24 15:50:49,546 - INFO - HTTP Request: POST https://api.deepseek.com/v1/chat/completions "HTTP/1.1 200 OK"
2025-06-24 15:50:49,554 - INFO - HTTP Request: POST https://api.deepseek.com/v1/chat/completions "HTTP/1.1 200 OK"
2025-06-24 15:50:49,556 - INFO - HTTP Request: POST https://api.deepseek.com/v1/chat/completions "HTTP/1.1 200 OK"
2025-06-24 15:50:49,557 - INFO - HTTP Request: POST https://api.deepseek.com/v1/chat/completions "HTTP/1.1 200 OK"
2025-06-24 15:50:49,557 - INFO - HTTP Request: POST https://api.deepseek.com/v1/chat/completions "HTTP/1.1 200 OK"
2025-06-24 15:50:49,561 - INFO - HTTP Request: POST https://api.deepseek.com/v1/chat/completions "HTTP/1.1 200 OK"
2025-06-24 15:50:49,562 - INFO - HTTP Request: POST https://api.deepseek.com/v1/chat/completions "HTTP/1.1 200 OK"
2025-06-24 15:50:49,563 - INFO - HTTP Request: POST https://api.deepseek.com/v1/chat/completions "HTTP/1.1 200 OK"
2025-06-24 15:50:49,564 - INFO - HTTP Request: POST https://api.deepseek.com/v1/chat/completions "HTTP/1.1 200 OK"
2025-06-24 15:50:49,565 - INFO - HTTP Request: POST https://api.deepseek.com/v1/chat/completions "HTTP/1.1 200 OK"
2025-06-24 15:50:49,565 - INFO - HTTP Request: POST https://api.deepseek.com/v1/chat/completions "HTTP/1.1 200 OK"
2025-06-24 15:50:49,567 - INFO - HTTP Request: POST https://api.deepseek.com/v1/chat/completions "HTTP/1.1 200 OK"
2025-06-24 15:50:49,567 - INFO - HTTP Request: POST https://api.deepseek.com/v1/chat/completions "HTTP/1.1 200 OK"
2025-06-24 15:50:49,569 - INFO - HTTP Request: POST https://api.deepseek.com/v1/chat/completions "HTTP/1.1 200 OK"
2025-06-24 15:50:49,570 - INFO - HTTP Request: POST https://api.deepseek.com/v1/chat/completions "HTTP/1.1 200 OK"
2025-06-24 15:50:49,572 - INFO - HTTP Request: POST https://api.deepseek.com/v1/chat/completions "HTTP/1.1 200 OK"
2025-06-24 15:50:49,573 - INFO - HTTP Request: POST https://api.deepseek.com/v1/chat/completions "HTTP/1.1 200 OK"
2025-06-24 15:50:49,574 - INFO - HTTP Request: POST https://api.deepseek.com/v1/chat/completions "HTTP/1.1 200 OK"
2025-06-24 15:50:49,574 - INFO - HTTP Request: POST https://api.deepseek.com/v1/chat/completions "HTTP/1.1 200 OK"
2025-06-24 15:50:49,575 - INFO - HTTP Request: POST https://api.deepseek.com/v1/chat/completions "HTTP/1.1 200 OK"
2025-06-24 15:50:49,578 - INFO - HTTP Request: POST https://api.deepseek.com/v1/chat/completions "HTTP/1.1 200 OK"
2025-06-24 15:50:49,578 - INFO - HTTP Request: POST https://api.deepseek.com/v1/chat/completions "HTTP/1.1 200 OK"
2025-06-24 15:50:49,578 - INFO - HTTP Request: POST https://api.deepseek.com/v1/chat/completions "HTTP/1.1 200 OK"
2025-06-24 15:50:49,580 - INFO - HTTP Request: POST https://api.deepseek.com/v1/chat/completions "HTTP/1.1 200 OK"
2025-06-24 15:50:49,581 - INFO - HTTP Request: POST https://api.deepseek.com/v1/chat/completions "HTTP/1.1 200 OK"
2025-06-24 15:50:49,585 - INFO - HTTP Request: POST https://api.deepseek.com/v1/chat/completions "HTTP/1.1 200 OK"
2025-06-24 15:50:49,586 - INFO - HTTP Request: POST https://api.deepseek.com/v1/chat/completions "HTTP/1.1 200 OK"
2025-06-24 15:50:49,588 - INFO - HTTP Request: POST https://api.deepseek.com/v1/chat/completions "HTTP/1.1 200 OK"
2025-06-24 15:50:49,588 - INFO - HTTP Request: POST https://api.deepseek.com/v1/chat/completions "HTTP/1.1 200 OK"
2025-06-24 15:50:49,589 - INFO - HTTP Request: POST https://api.deepseek.com/v1/chat/completions "HTTP/1.1 200 OK"
2025-06-24 15:50:49,596 - INFO - HTTP Request: POST https://api.deepseek.com/v1/chat/completions "HTTP/1.1 200 OK"
2025-06-24 15:51:26,290 - INFO - HTTP Request: POST https://api.deepseek.com/v1/chat/completions "HTTP/1.1 200 OK"
2025-06-24 15:51:30,874 - INFO - HTTP Request: POST https://api.deepseek.com/v1/chat/completions "HTTP/1.1 200 OK"
2025-06-24 15:51:33,403 - INFO - HTTP Request: POST https://api.deepseek.com/v1/chat/completions "HTTP/1.1 200 OK"
2025-06-24 15:51:34,981 - INFO - HTTP Request: POST https://api.deepseek.com/v1/chat/completions "HTTP/1.1 200 OK"
2025-06-24 15:51:37,899 - INFO - HTTP Request: POST https://api.deepseek.com/v1/chat/completions "HTTP/1.1 200 OK"
2025-06-24 15:51:40,376 - INFO - HTTP Request: POST https://api.deepseek.com/v1/chat/completions "HTTP/1.1 200 OK"
2025-06-24 15:51:40,801 - INFO - HTTP Request: POST https://api.deepseek.com/v1/chat/completions "HTTP/1.1 200 OK"
2025-06-24 15:51:49,225 - INFO - HTTP Request: POST https://api.deepseek.com/v1/chat/completions "HTTP/1.1 200 OK"
2025-06-24 15:51:51,269 - INFO - HTTP Request: POST https://api.deepseek.com/v1/chat/completions "HTTP/1.1 200 OK"
2025-06-24 15:51:52,375 - INFO - HTTP Request: POST https://api.deepseek.com/v1/chat/completions "HTTP/1.1 200 OK"
2025-06-24 15:51:56,529 - INFO - HTTP Request: POST https://api.deepseek.com/v1/chat/completions "HTTP/1.1 200 OK"
2025-06-24 15:51:57,508 - INFO - HTTP Request: POST https://api.deepseek.com/v1/chat/completions "HTTP/1.1 200 OK"
2025-06-24 15:51:59,439 - INFO - HTTP Request: POST https://api.deepseek.com/v1/chat/completions "HTTP/1.1 200 OK"
2025-06-24 15:52:01,863 - INFO - HTTP Request: POST https://api.deepseek.com/v1/chat/completions "HTTP/1.1 200 OK"
2025-06-24 15:52:03,715 - INFO - HTTP Request: POST https://api.deepseek.com/v1/chat/completions "HTTP/1.1 200 OK"
2025-06-24 15:52:06,923 - INFO - HTTP Request: POST https://api.deepseek.com/v1/chat/completions "HTTP/1.1 200 OK"
2025-06-24 15:52:09,559 - INFO - HTTP Request: POST https://api.deepseek.com/v1/chat/completions "HTTP/1.1 200 OK"
2025-06-24 15:52:10,051 - INFO - HTTP Request: POST https://api.deepseek.com/v1/chat/completions "HTTP/1.1 200 OK"
2025-06-24 15:53:44,646 - INFO - Structures do NOT match within tolerances.
2025-06-24 15:53:44,646 - INFO - Structures do not match for index 251
2025-06-24 15:53:44,702 - WARNING - D:\Codes\AtomWorld\.venv\Lib\site-packages\pymatgen\io\cif.py:1313: UserWarning: Incorrect stoichiometry:
  CIF={'Li': 28.0, 'Cu': 4.0, 'Si': 8.0, 'Tb': 4.0}
  PMG={'Li': 28.0, 'Tb': 1.0, 'Cu': 4.0, 'Si': 8.0}
  ratios={'Si': 1.0, 'Cu': 1.0, 'Tb': 0.25, 'Li': 1.0}
  if struct := self._get_structure(data, primitive, symmetrized, check_occu=check_occu):

2025-06-24 15:53:45,164 - INFO - Structures do NOT match within tolerances.
2025-06-24 15:53:45,164 - INFO - Structures do not match for index 256
2025-06-24 15:53:45,238 - INFO - Structures do NOT match within tolerances.
2025-06-24 15:53:45,238 - INFO - Structures do not match for index 258
2025-06-24 15:53:45,268 - INFO - Structures do NOT match within tolerances.
2025-06-24 15:53:45,268 - INFO - Structures do not match for index 259
2025-06-24 15:53:45,284 - INFO - Atom counts do not match for index 260
2025-06-24 15:53:45,322 - INFO - Atom counts do not match for index 261
2025-06-24 15:53:45,447 - INFO - Structures do NOT match within tolerances.
2025-06-24 15:53:45,447 - INFO - Structures do not match for index 264
2025-06-24 15:53:45,498 - INFO - Structures do NOT match within tolerances.
2025-06-24 15:53:45,498 - INFO - Structures do not match for index 265
2025-06-24 15:53:45,526 - INFO - Atom counts do not match for index 266
2025-06-24 15:53:45,548 - WARNING - D:\Codes\AtomWorld\.venv\Lib\site-packages\pymatgen\io\cif.py:1313: UserWarning: Incorrect stoichiometry:
  CIF={'Cu': 6.0, 'Ag': 10.0, 'P': 8.0, 'O': 32.0, 'Mo': 2.0}
  PMG={'Cu': 6.0, 'Ag': 10.0, 'Mo': 1.0, 'P': 8.0, 'O': 32.0}
  ratios={'Mo': 0.5, 'Cu': 1.0, 'O': 1.0, 'Ag': 1.0, 'P': 1.0}
  if struct := self._get_structure(data, primitive, symmetrized, check_occu=check_occu):

2025-06-24 15:53:45,559 - INFO - Structures do NOT match within tolerances.
2025-06-24 15:53:45,559 - INFO - Structures do not match for index 267
2025-06-24 15:53:45,568 - WARNING - D:\Codes\AtomWorld\.venv\Lib\site-packages\pymatgen\io\cif.py:1348: UserWarning: Issues encountered while parsing CIF: 7 fractional coordinates rounded to ideal values to avoid issues with finite precision.
  return self.parse_structures(*args, **kwargs)

2025-06-24 15:53:45,779 - INFO - Atom counts do not match for index 271
2025-06-24 15:53:46,046 - WARNING - D:\Codes\AtomWorld\.venv\Lib\site-packages\pymatgen\io\cif.py:1313: UserWarning: Incorrect stoichiometry:
  CIF={'Dy': 6.0, 'Ge': 26.0, 'Os': 8.0, 'Cf': 2.0}
  PMG={'Dy': 6.0, 'Cf': 1.0, 'Ge': 26.0, 'Os': 8.0}
  ratios={'Ge': 1.0, 'Os': 1.0, 'Dy': 1.0, 'Cf': 0.5}
  if struct := self._get_structure(data, primitive, symmetrized, check_occu=check_occu):

2025-06-24 15:53:46,090 - WARNING - D:\Codes\AtomWorld\.venv\Lib\site-packages\pymatgen\io\cif.py:1313: UserWarning: Incorrect stoichiometry:
  CIF={'Rb': 4.0, 'Pd': 6.0, 'S': 8.0, 'La': 2.0}
  PMG={'Rb': 4.0, 'La': 1.0, 'Pd': 6.0, 'S': 8.0}
  ratios={'Pd': 1.0, 'Rb': 1.0, 'La': 0.5, 'S': 1.0}
  if struct := self._get_structure(data, primitive, symmetrized, check_occu=check_occu):

2025-06-24 15:53:46,171 - INFO - Structures do NOT match within tolerances.
2025-06-24 15:53:46,171 - INFO - Structures do not match for index 277
2025-06-24 15:53:46,202 - INFO - Atom counts do not match for index 279
2025-06-24 15:53:46,209 - WARNING - D:\Codes\AtomWorld\.venv\Lib\site-packages\pymatgen\io\cif.py:1313: UserWarning: Missing elements Tm from CIF-reported composition
  if struct := self._get_structure(data, primitive, symmetrized, check_occu=check_occu):

2025-06-24 15:53:46,230 - INFO - Atom counts do not match for index 281
2025-06-24 15:53:46,237 - INFO - Atom counts do not match for index 282
2025-06-24 15:53:46,244 - WARNING - D:\Codes\AtomWorld\.venv\Lib\site-packages\pymatgen\io\cif.py:1348: UserWarning: Issues encountered while parsing CIF: 14 fractional coordinates rounded to ideal values to avoid issues with finite precision.
  return self.parse_structures(*args, **kwargs)

2025-06-24 15:53:46,256 - INFO - Structures do NOT match within tolerances.
2025-06-24 15:53:46,256 - INFO - Structures do not match for index 283
2025-06-24 15:53:46,263 - WARNING - D:\Codes\AtomWorld\.venv\Lib\site-packages\pymatgen\io\cif.py:1313: UserWarning: Incorrect stoichiometry:
  CIF={'La': 4.0, 'Cd': 2.0, 'Pd': 4.0, 'Zn': 2.0}
  PMG={'La': 4.0, 'Zn': 1.0, 'Cd': 2.0, 'Pd': 4.0}
  ratios={'Zn': 0.5, 'Pd': 1.0, 'Cd': 1.0, 'La': 1.0}
  if struct := self._get_structure(data, primitive, symmetrized, check_occu=check_occu):

2025-06-24 15:53:46,332 - WARNING - D:\Codes\AtomWorld\.venv\Lib\site-packages\pymatgen\io\cif.py:1313: UserWarning: Incorrect stoichiometry:
  CIF={'Sm': 4.0, 'Mg': 2.0, 'Pd': 4.0, 'Fm': 2.0}
  PMG={'Sm': 4.0, 'Fm': 1.0, 'Mg': 2.0, 'Pd': 4.0}
  ratios={'Sm': 1.0, 'Pd': 1.0, 'Fm': 0.5, 'Mg': 1.0}
  if struct := self._get_structure(data, primitive, symmetrized, check_occu=check_occu):

2025-06-24 15:53:46,354 - INFO - Error loading CIF from string: Invalid CIF file with no structures!
2025-06-24 15:53:46,354 - INFO - Invalid generated structure for index 288
2025-06-24 15:53:46,370 - INFO - Structures do NOT match within tolerances.
2025-06-24 15:53:46,370 - INFO - Structures do not match for index 289
2025-06-24 15:53:46,385 - INFO - Atom counts do not match for index 290
2025-06-24 15:53:46,461 - INFO - Structures do NOT match within tolerances.
2025-06-24 15:53:46,462 - INFO - Structures do not match for index 293
2025-06-24 15:53:46,472 - INFO - Atom counts do not match for index 294
2025-06-24 15:53:46,485 - INFO - Error loading CIF from string: Invalid CIF file with no structures!
2025-06-24 15:53:46,485 - INFO - Invalid generated structure for index 295
2025-06-24 15:53:46,501 - WARNING - D:\Codes\AtomWorld\.venv\Lib\site-packages\pymatgen\io\cif.py:1313: UserWarning: Missing elements Au from CIF-reported composition
  if struct := self._get_structure(data, primitive, symmetrized, check_occu=check_occu):

2025-06-24 15:53:46,734 - INFO - HTTP Request: POST https://api.deepseek.com/v1/chat/completions "HTTP/1.1 200 OK"
2025-06-24 15:53:46,831 - INFO - HTTP Request: POST https://api.deepseek.com/v1/chat/completions "HTTP/1.1 200 OK"
2025-06-24 15:53:46,839 - INFO - HTTP Request: POST https://api.deepseek.com/v1/chat/completions "HTTP/1.1 200 OK"
2025-06-24 15:53:46,840 - INFO - HTTP Request: POST https://api.deepseek.com/v1/chat/completions "HTTP/1.1 200 OK"
2025-06-24 15:53:46,841 - INFO - HTTP Request: POST https://api.deepseek.com/v1/chat/completions "HTTP/1.1 200 OK"
2025-06-24 15:53:46,845 - INFO - HTTP Request: POST https://api.deepseek.com/v1/chat/completions "HTTP/1.1 200 OK"
2025-06-24 15:53:46,846 - INFO - HTTP Request: POST https://api.deepseek.com/v1/chat/completions "HTTP/1.1 200 OK"
2025-06-24 15:53:46,846 - INFO - HTTP Request: POST https://api.deepseek.com/v1/chat/completions "HTTP/1.1 200 OK"
2025-06-24 15:53:46,846 - INFO - HTTP Request: POST https://api.deepseek.com/v1/chat/completions "HTTP/1.1 200 OK"
2025-06-24 15:53:46,846 - INFO - HTTP Request: POST https://api.deepseek.com/v1/chat/completions "HTTP/1.1 200 OK"
2025-06-24 15:53:46,848 - INFO - HTTP Request: POST https://api.deepseek.com/v1/chat/completions "HTTP/1.1 200 OK"
2025-06-24 15:53:46,848 - INFO - HTTP Request: POST https://api.deepseek.com/v1/chat/completions "HTTP/1.1 200 OK"
2025-06-24 15:53:46,848 - INFO - HTTP Request: POST https://api.deepseek.com/v1/chat/completions "HTTP/1.1 200 OK"
2025-06-24 15:53:46,849 - INFO - HTTP Request: POST https://api.deepseek.com/v1/chat/completions "HTTP/1.1 200 OK"
2025-06-24 15:53:46,850 - INFO - HTTP Request: POST https://api.deepseek.com/v1/chat/completions "HTTP/1.1 200 OK"
2025-06-24 15:53:46,851 - INFO - HTTP Request: POST https://api.deepseek.com/v1/chat/completions "HTTP/1.1 200 OK"
2025-06-24 15:53:46,851 - INFO - HTTP Request: POST https://api.deepseek.com/v1/chat/completions "HTTP/1.1 200 OK"
2025-06-24 15:53:46,853 - INFO - HTTP Request: POST https://api.deepseek.com/v1/chat/completions "HTTP/1.1 200 OK"
2025-06-24 15:53:46,856 - INFO - HTTP Request: POST https://api.deepseek.com/v1/chat/completions "HTTP/1.1 200 OK"
2025-06-24 15:53:46,856 - INFO - HTTP Request: POST https://api.deepseek.com/v1/chat/completions "HTTP/1.1 200 OK"
2025-06-24 15:53:46,858 - INFO - HTTP Request: POST https://api.deepseek.com/v1/chat/completions "HTTP/1.1 200 OK"
2025-06-24 15:53:46,858 - INFO - HTTP Request: POST https://api.deepseek.com/v1/chat/completions "HTTP/1.1 200 OK"
2025-06-24 15:53:46,858 - INFO - HTTP Request: POST https://api.deepseek.com/v1/chat/completions "HTTP/1.1 200 OK"
2025-06-24 15:53:46,860 - INFO - HTTP Request: POST https://api.deepseek.com/v1/chat/completions "HTTP/1.1 200 OK"
2025-06-24 15:53:46,861 - INFO - HTTP Request: POST https://api.deepseek.com/v1/chat/completions "HTTP/1.1 200 OK"
2025-06-24 15:53:46,862 - INFO - HTTP Request: POST https://api.deepseek.com/v1/chat/completions "HTTP/1.1 200 OK"
2025-06-24 15:53:46,863 - INFO - HTTP Request: POST https://api.deepseek.com/v1/chat/completions "HTTP/1.1 200 OK"
2025-06-24 15:53:46,865 - INFO - HTTP Request: POST https://api.deepseek.com/v1/chat/completions "HTTP/1.1 200 OK"
2025-06-24 15:53:46,866 - INFO - HTTP Request: POST https://api.deepseek.com/v1/chat/completions "HTTP/1.1 200 OK"
2025-06-24 15:53:46,869 - INFO - HTTP Request: POST https://api.deepseek.com/v1/chat/completions "HTTP/1.1 200 OK"
2025-06-24 15:53:46,874 - INFO - HTTP Request: POST https://api.deepseek.com/v1/chat/completions "HTTP/1.1 200 OK"
2025-06-24 15:53:46,886 - INFO - HTTP Request: POST https://api.deepseek.com/v1/chat/completions "HTTP/1.1 200 OK"
2025-06-24 15:54:22,260 - INFO - HTTP Request: POST https://api.deepseek.com/v1/chat/completions "HTTP/1.1 200 OK"
2025-06-24 15:54:29,521 - INFO - HTTP Request: POST https://api.deepseek.com/v1/chat/completions "HTTP/1.1 200 OK"
2025-06-24 15:54:30,119 - INFO - HTTP Request: POST https://api.deepseek.com/v1/chat/completions "HTTP/1.1 200 OK"
2025-06-24 15:54:30,214 - INFO - HTTP Request: POST https://api.deepseek.com/v1/chat/completions "HTTP/1.1 200 OK"
2025-06-24 15:54:30,496 - INFO - HTTP Request: POST https://api.deepseek.com/v1/chat/completions "HTTP/1.1 200 OK"
2025-06-24 15:54:30,609 - INFO - HTTP Request: POST https://api.deepseek.com/v1/chat/completions "HTTP/1.1 200 OK"
2025-06-24 15:54:31,347 - INFO - HTTP Request: POST https://api.deepseek.com/v1/chat/completions "HTTP/1.1 200 OK"
2025-06-24 15:54:31,690 - INFO - HTTP Request: POST https://api.deepseek.com/v1/chat/completions "HTTP/1.1 200 OK"
2025-06-24 15:54:33,772 - INFO - HTTP Request: POST https://api.deepseek.com/v1/chat/completions "HTTP/1.1 200 OK"
2025-06-24 15:54:34,554 - INFO - HTTP Request: POST https://api.deepseek.com/v1/chat/completions "HTTP/1.1 200 OK"
2025-06-24 15:54:35,068 - INFO - HTTP Request: POST https://api.deepseek.com/v1/chat/completions "HTTP/1.1 200 OK"
2025-06-24 15:54:36,894 - INFO - HTTP Request: POST https://api.deepseek.com/v1/chat/completions "HTTP/1.1 200 OK"
2025-06-24 15:54:39,572 - INFO - HTTP Request: POST https://api.deepseek.com/v1/chat/completions "HTTP/1.1 200 OK"
2025-06-24 15:54:40,129 - INFO - HTTP Request: POST https://api.deepseek.com/v1/chat/completions "HTTP/1.1 200 OK"
2025-06-24 15:54:41,903 - INFO - HTTP Request: POST https://api.deepseek.com/v1/chat/completions "HTTP/1.1 200 OK"
2025-06-24 15:54:42,207 - INFO - HTTP Request: POST https://api.deepseek.com/v1/chat/completions "HTTP/1.1 200 OK"
2025-06-24 15:54:42,323 - INFO - HTTP Request: POST https://api.deepseek.com/v1/chat/completions "HTTP/1.1 200 OK"
2025-06-24 15:54:47,553 - INFO - HTTP Request: POST https://api.deepseek.com/v1/chat/completions "HTTP/1.1 200 OK"
2025-06-24 15:56:24,231 - INFO - Structures do NOT match within tolerances.
2025-06-24 15:56:24,231 - INFO - Structures do not match for index 304
2025-06-24 15:56:24,406 - WARNING - D:\Codes\AtomWorld\.venv\Lib\site-packages\pymatgen\io\cif.py:1313: UserWarning: Incorrect stoichiometry:
  CIF={'Sm': 46.0, 'Mg': 8.0, 'Ni': 14.0, 'Ag': 2.0}
  PMG={'Sm': 46.0, 'Mg': 8.0, 'Ni': 14.0, 'Ag': 1.0}
  ratios={'Sm': 1.0, 'Ag': 0.5, 'Ni': 1.0, 'Mg': 1.0}
  if struct := self._get_structure(data, primitive, symmetrized, check_occu=check_occu):

2025-06-24 15:56:24,682 - INFO - Structures do NOT match within tolerances.
2025-06-24 15:56:24,683 - INFO - Structures do not match for index 309
2025-06-24 15:56:24,695 - INFO - Atom counts do not match for index 310
2025-06-24 15:56:24,709 - INFO - Structures do NOT match within tolerances.
2025-06-24 15:56:24,709 - INFO - Structures do not match for index 311
2025-06-24 15:56:24,810 - INFO - Structures do NOT match within tolerances.
2025-06-24 15:56:24,810 - INFO - Structures do not match for index 314
2025-06-24 15:56:24,819 - WARNING - D:\Codes\AtomWorld\.venv\Lib\site-packages\pymatgen\io\cif.py:1313: UserWarning: Missing elements Er from CIF-reported composition
  if struct := self._get_structure(data, primitive, symmetrized, check_occu=check_occu):

2025-06-24 15:56:24,857 - INFO - Structures do NOT match within tolerances.
2025-06-24 15:56:24,857 - INFO - Structures do not match for index 316
2025-06-24 15:56:24,872 - WARNING - D:\Codes\AtomWorld\.venv\Lib\site-packages\pymatgen\io\cif.py:1313: UserWarning: Missing elements Ba from CIF-reported composition
  if struct := self._get_structure(data, primitive, symmetrized, check_occu=check_occu):

2025-06-24 15:56:24,875 - INFO - Structures do NOT match within tolerances.
2025-06-24 15:56:24,875 - INFO - Structures do not match for index 317
2025-06-24 15:56:24,918 - INFO - Structures do NOT match within tolerances.
2025-06-24 15:56:24,919 - INFO - Structures do not match for index 319
2025-06-24 15:56:24,957 - INFO - Structures do NOT match within tolerances.
2025-06-24 15:56:24,957 - INFO - Structures do not match for index 320
2025-06-24 15:56:25,087 - INFO - Structures do NOT match within tolerances.
2025-06-24 15:56:25,088 - INFO - Structures do not match for index 323
2025-06-24 15:56:25,228 - WARNING - D:\Codes\AtomWorld\.venv\Lib\site-packages\pymatgen\io\cif.py:1313: UserWarning: Incorrect stoichiometry:
  CIF={'Nd': 8.0, 'P': 12.0, 'H': 20.0, 'W': 4.0, 'O': 36.0, 'Rh': 4.0}
  PMG={'Nd': 8.0, 'P': 12.0, 'H': 20.0, 'Rh': 1.0, 'W': 4.0, 'O': 36.0}
  ratios={'H': 1.0, 'Nd': 1.0, 'Rh': 0.25, 'W': 1.0, 'O': 1.0, 'P': 1.0}
  if struct := self._get_structure(data, primitive, symmetrized, check_occu=check_occu):

2025-06-24 15:56:25,266 - INFO - Structures do NOT match within tolerances.
2025-06-24 15:56:25,266 - INFO - Structures do not match for index 327
2025-06-24 15:56:25,307 - WARNING - D:\Codes\AtomWorld\.venv\Lib\site-packages\pymatgen\io\cif.py:1313: UserWarning: Incorrect stoichiometry:
  CIF={'H': 8.0, 'C': 12.0, 'N': 4.0, 'Cl': 4.0, 'O': 4.0, 'F': 16.0, 'Lr': 4.0}
  PMG={'Lr': 1.0, 'H': 8.0, 'C': 12.0, 'N': 4.0, 'Cl': 4.0, 'O': 4.0, 'F': 16.0}
  ratios={'H': 1.0, 'C': 1.0, 'N': 1.0, 'F': 1.0, 'Lr': 0.25, 'O': 1.0, 'Cl': 1.0}
  if struct := self._get_structure(data, primitive, symmetrized, check_occu=check_occu):

2025-06-24 15:56:25,311 - INFO - Structures do NOT match within tolerances.
2025-06-24 15:56:25,312 - INFO - Structures do not match for index 329
2025-06-24 15:56:25,329 - WARNING - D:\Codes\AtomWorld\.venv\Lib\site-packages\pymatgen\io\cif.py:1313: UserWarning: Incorrect stoichiometry:
  CIF={'H': 12.0, 'C': 2.0, 'N': 16.0, 'O': 10.0}
  PMG={'H': 12.0, 'C': 2.0, 'N': 17.0, 'O': 10.0}
  ratios={'O': 1.0, 'H': 1.0, 'N': 1.0625, 'C': 1.0}
  if struct := self._get_structure(data, primitive, symmetrized, check_occu=check_occu):

2025-06-24 15:56:25,397 - INFO - Structures do NOT match within tolerances.
2025-06-24 15:56:25,398 - INFO - Structures do not match for index 331
2025-06-24 15:56:25,545 - INFO - Structures do NOT match within tolerances.
2025-06-24 15:56:25,545 - INFO - Structures do not match for index 335
2025-06-24 15:56:25,560 - WARNING - D:\Codes\AtomWorld\.venv\Lib\site-packages\pymatgen\io\cif.py:1313: UserWarning: Missing elements Pm from CIF-reported composition
  if struct := self._get_structure(data, primitive, symmetrized, check_occu=check_occu):

2025-06-24 15:56:25,566 - INFO - Structures do NOT match within tolerances.
2025-06-24 15:56:25,566 - INFO - Structures do not match for index 336
2025-06-24 15:56:25,708 - WARNING - D:\Codes\AtomWorld\.venv\Lib\site-packages\pymatgen\io\cif.py:1348: UserWarning: Issues encountered while parsing CIF: 36 fractional coordinates rounded to ideal values to avoid issues with finite precision.
  return self.parse_structures(*args, **kwargs)

2025-06-24 15:56:26,001 - INFO - Structures do NOT match within tolerances.
2025-06-24 15:56:26,001 - INFO - Structures do not match for index 344
2025-06-24 15:56:26,027 - WARNING - D:\Codes\AtomWorld\.venv\Lib\site-packages\pymatgen\io\cif.py:1313: UserWarning: Incorrect stoichiometry:
  CIF={'Zr': 4.0, 'Cr': 6.0, 'Si': 2.0, 'Dy': 2.0}
  PMG={'Dy': 1.0, 'Zr': 4.0, 'Cr': 6.0, 'Si': 2.0}
  ratios={'Cr': 1.0, 'Dy': 0.5, 'Zr': 1.0, 'Si': 1.0}
  if struct := self._get_structure(data, primitive, symmetrized, check_occu=check_occu):

2025-06-24 15:56:26,169 - INFO - HTTP Request: POST https://api.deepseek.com/v1/chat/completions "HTTP/1.1 200 OK"
2025-06-24 15:56:26,276 - INFO - HTTP Request: POST https://api.deepseek.com/v1/chat/completions "HTTP/1.1 200 OK"
2025-06-24 15:56:26,290 - INFO - HTTP Request: POST https://api.deepseek.com/v1/chat/completions "HTTP/1.1 200 OK"
2025-06-24 15:56:26,296 - INFO - HTTP Request: POST https://api.deepseek.com/v1/chat/completions "HTTP/1.1 200 OK"
2025-06-24 15:56:26,296 - INFO - HTTP Request: POST https://api.deepseek.com/v1/chat/completions "HTTP/1.1 200 OK"
2025-06-24 15:56:26,297 - INFO - HTTP Request: POST https://api.deepseek.com/v1/chat/completions "HTTP/1.1 200 OK"
2025-06-24 15:56:26,298 - INFO - HTTP Request: POST https://api.deepseek.com/v1/chat/completions "HTTP/1.1 200 OK"
2025-06-24 15:56:26,299 - INFO - HTTP Request: POST https://api.deepseek.com/v1/chat/completions "HTTP/1.1 200 OK"
2025-06-24 15:56:26,299 - INFO - HTTP Request: POST https://api.deepseek.com/v1/chat/completions "HTTP/1.1 200 OK"
2025-06-24 15:56:26,301 - INFO - HTTP Request: POST https://api.deepseek.com/v1/chat/completions "HTTP/1.1 200 OK"
2025-06-24 15:56:26,301 - INFO - HTTP Request: POST https://api.deepseek.com/v1/chat/completions "HTTP/1.1 200 OK"
2025-06-24 15:56:26,302 - INFO - HTTP Request: POST https://api.deepseek.com/v1/chat/completions "HTTP/1.1 200 OK"
2025-06-24 15:56:26,303 - INFO - HTTP Request: POST https://api.deepseek.com/v1/chat/completions "HTTP/1.1 200 OK"
2025-06-24 15:56:26,304 - INFO - HTTP Request: POST https://api.deepseek.com/v1/chat/completions "HTTP/1.1 200 OK"
2025-06-24 15:56:26,305 - INFO - HTTP Request: POST https://api.deepseek.com/v1/chat/completions "HTTP/1.1 200 OK"
2025-06-24 15:56:26,306 - INFO - HTTP Request: POST https://api.deepseek.com/v1/chat/completions "HTTP/1.1 200 OK"
2025-06-24 15:56:26,307 - INFO - HTTP Request: POST https://api.deepseek.com/v1/chat/completions "HTTP/1.1 200 OK"
2025-06-24 15:56:26,307 - INFO - HTTP Request: POST https://api.deepseek.com/v1/chat/completions "HTTP/1.1 200 OK"
2025-06-24 15:56:26,308 - INFO - HTTP Request: POST https://api.deepseek.com/v1/chat/completions "HTTP/1.1 200 OK"
2025-06-24 15:56:26,309 - INFO - HTTP Request: POST https://api.deepseek.com/v1/chat/completions "HTTP/1.1 200 OK"
2025-06-24 15:56:26,309 - INFO - HTTP Request: POST https://api.deepseek.com/v1/chat/completions "HTTP/1.1 200 OK"
2025-06-24 15:56:26,309 - INFO - HTTP Request: POST https://api.deepseek.com/v1/chat/completions "HTTP/1.1 200 OK"
2025-06-24 15:56:26,310 - INFO - HTTP Request: POST https://api.deepseek.com/v1/chat/completions "HTTP/1.1 200 OK"
2025-06-24 15:56:26,311 - INFO - HTTP Request: POST https://api.deepseek.com/v1/chat/completions "HTTP/1.1 200 OK"
2025-06-24 15:56:26,311 - INFO - HTTP Request: POST https://api.deepseek.com/v1/chat/completions "HTTP/1.1 200 OK"
2025-06-24 15:56:26,314 - INFO - HTTP Request: POST https://api.deepseek.com/v1/chat/completions "HTTP/1.1 200 OK"
2025-06-24 15:56:26,315 - INFO - HTTP Request: POST https://api.deepseek.com/v1/chat/completions "HTTP/1.1 200 OK"
2025-06-24 15:56:26,321 - INFO - HTTP Request: POST https://api.deepseek.com/v1/chat/completions "HTTP/1.1 200 OK"
2025-06-24 15:56:26,321 - INFO - HTTP Request: POST https://api.deepseek.com/v1/chat/completions "HTTP/1.1 200 OK"
2025-06-24 15:56:26,326 - INFO - HTTP Request: POST https://api.deepseek.com/v1/chat/completions "HTTP/1.1 200 OK"
2025-06-24 15:56:26,331 - INFO - HTTP Request: POST https://api.deepseek.com/v1/chat/completions "HTTP/1.1 200 OK"
2025-06-24 15:56:26,331 - INFO - HTTP Request: POST https://api.deepseek.com/v1/chat/completions "HTTP/1.1 200 OK"
2025-06-24 15:56:57,469 - INFO - HTTP Request: POST https://api.deepseek.com/v1/chat/completions "HTTP/1.1 200 OK"
2025-06-24 15:56:59,909 - INFO - HTTP Request: POST https://api.deepseek.com/v1/chat/completions "HTTP/1.1 200 OK"
2025-06-24 15:57:00,485 - INFO - HTTP Request: POST https://api.deepseek.com/v1/chat/completions "HTTP/1.1 200 OK"
2025-06-24 15:57:03,904 - INFO - HTTP Request: POST https://api.deepseek.com/v1/chat/completions "HTTP/1.1 200 OK"
2025-06-24 15:57:05,791 - INFO - HTTP Request: POST https://api.deepseek.com/v1/chat/completions "HTTP/1.1 200 OK"
2025-06-24 15:57:05,941 - INFO - HTTP Request: POST https://api.deepseek.com/v1/chat/completions "HTTP/1.1 200 OK"
2025-06-24 15:57:06,339 - INFO - HTTP Request: POST https://api.deepseek.com/v1/chat/completions "HTTP/1.1 200 OK"
2025-06-24 15:57:06,926 - INFO - HTTP Request: POST https://api.deepseek.com/v1/chat/completions "HTTP/1.1 200 OK"
2025-06-24 15:57:06,999 - INFO - HTTP Request: POST https://api.deepseek.com/v1/chat/completions "HTTP/1.1 200 OK"
2025-06-24 15:57:07,538 - INFO - HTTP Request: POST https://api.deepseek.com/v1/chat/completions "HTTP/1.1 200 OK"
2025-06-24 15:57:08,268 - INFO - HTTP Request: POST https://api.deepseek.com/v1/chat/completions "HTTP/1.1 200 OK"
2025-06-24 15:57:08,488 - INFO - HTTP Request: POST https://api.deepseek.com/v1/chat/completions "HTTP/1.1 200 OK"
2025-06-24 15:57:08,614 - INFO - HTTP Request: POST https://api.deepseek.com/v1/chat/completions "HTTP/1.1 200 OK"
2025-06-24 15:57:09,419 - INFO - HTTP Request: POST https://api.deepseek.com/v1/chat/completions "HTTP/1.1 200 OK"
2025-06-24 15:57:10,606 - INFO - HTTP Request: POST https://api.deepseek.com/v1/chat/completions "HTTP/1.1 200 OK"
2025-06-24 15:57:11,930 - INFO - HTTP Request: POST https://api.deepseek.com/v1/chat/completions "HTTP/1.1 200 OK"
2025-06-24 15:57:12,839 - INFO - HTTP Request: POST https://api.deepseek.com/v1/chat/completions "HTTP/1.1 200 OK"
2025-06-24 15:57:14,273 - INFO - HTTP Request: POST https://api.deepseek.com/v1/chat/completions "HTTP/1.1 200 OK"
2025-06-24 15:58:57,764 - INFO - Atom counts do not match for index 350
2025-06-24 15:58:58,346 - INFO - Structures do NOT match within tolerances.
2025-06-24 15:58:58,346 - INFO - Structures do not match for index 355
2025-06-24 15:58:58,506 - INFO - Invalid generated output for index 357
2025-06-24 15:58:59,280 - INFO - Structures do NOT match within tolerances.
2025-06-24 15:58:59,280 - INFO - Structures do not match for index 362
2025-06-24 15:58:59,431 - INFO - Structures do NOT match within tolerances.
2025-06-24 15:58:59,432 - INFO - Structures do not match for index 363
2025-06-24 15:58:59,498 - INFO - Structures do NOT match within tolerances.
2025-06-24 15:58:59,499 - INFO - Structures do not match for index 364
2025-06-24 15:58:59,935 - WARNING - D:\Codes\AtomWorld\.venv\Lib\site-packages\pymatgen\io\cif.py:1348: UserWarning: Issues encountered while parsing CIF: 6 fractional coordinates rounded to ideal values to avoid issues with finite precision.
  return self.parse_structures(*args, **kwargs)

2025-06-24 15:59:00,303 - INFO - Structures do NOT match within tolerances.
2025-06-24 15:59:00,304 - INFO - Structures do not match for index 371
2025-06-24 15:59:00,360 - INFO - Error loading CIF from string: Invalid CIF file with no structures!
2025-06-24 15:59:00,360 - INFO - Invalid generated structure for index 372
2025-06-24 15:59:00,561 - INFO - Structures do NOT match within tolerances.
2025-06-24 15:59:00,561 - INFO - Structures do not match for index 375
2025-06-24 15:59:00,766 - WARNING - D:\Codes\AtomWorld\.venv\Lib\site-packages\pymatgen\io\cif.py:1313: UserWarning: Missing elements Th from CIF-reported composition
  if struct := self._get_structure(data, primitive, symmetrized, check_occu=check_occu):

2025-06-24 15:59:00,803 - INFO - Structures do NOT match within tolerances.
2025-06-24 15:59:00,803 - INFO - Structures do not match for index 378
2025-06-24 15:59:00,827 - WARNING - D:\Codes\AtomWorld\.venv\Lib\site-packages\pymatgen\io\cif.py:1313: UserWarning: Missing elements Fl from CIF-reported composition
  if struct := self._get_structure(data, primitive, symmetrized, check_occu=check_occu):

2025-06-24 15:59:00,851 - INFO - Structures do NOT match within tolerances.
2025-06-24 15:59:00,851 - INFO - Structures do not match for index 379
2025-06-24 15:59:01,062 - INFO - Structures do NOT match within tolerances.
2025-06-24 15:59:01,062 - INFO - Structures do not match for index 381
2025-06-24 15:59:01,164 - INFO - Structures do NOT match within tolerances.
2025-06-24 15:59:01,165 - INFO - Structures do not match for index 382
2025-06-24 15:59:01,597 - INFO - Structures do NOT match within tolerances.
2025-06-24 15:59:01,598 - INFO - Structures do not match for index 386
2025-06-24 15:59:01,990 - INFO - Structures do NOT match within tolerances.
2025-06-24 15:59:01,990 - INFO - Structures do not match for index 389
2025-06-24 15:59:02,022 - INFO - Structures do NOT match within tolerances.
2025-06-24 15:59:02,022 - INFO - Structures do not match for index 390
2025-06-24 15:59:02,117 - INFO - Structures do NOT match within tolerances.
2025-06-24 15:59:02,118 - INFO - Structures do not match for index 391
2025-06-24 15:59:02,363 - INFO - Structures do NOT match within tolerances.
2025-06-24 15:59:02,363 - INFO - Structures do not match for index 392
2025-06-24 15:59:02,479 - INFO - Structures do NOT match within tolerances.
2025-06-24 15:59:02,479 - INFO - Structures do not match for index 393
2025-06-24 15:59:02,988 - INFO - Error loading CIF from string: Invalid CIF file with no structures!
2025-06-24 15:59:02,988 - INFO - Invalid generated structure for index 396
2025-06-24 15:59:03,281 - WARNING - D:\Codes\AtomWorld\.venv\Lib\site-packages\pymatgen\io\cif.py:1313: UserWarning: Incorrect stoichiometry:
  CIF={'Gd': 16.0, 'Mg': 2.0, 'Al': 2.0, 'Ni': 4.0, 'Tc': 2.0}
  PMG={'Gd': 16.0, 'Mg': 2.0, 'Al': 2.0, 'Tc': 1.0, 'Ni': 4.0}
  ratios={'Tc': 0.5, 'Al': 1.0, 'Gd': 1.0, 'Ni': 1.0, 'Mg': 1.0}
  if struct := self._get_structure(data, primitive, symmetrized, check_occu=check_occu):

2025-06-24 15:59:03,444 - INFO - Structures do NOT match within tolerances.
2025-06-24 15:59:03,444 - INFO - Structures do not match for index 399
2025-06-24 15:59:03,659 - INFO - HTTP Request: POST https://api.deepseek.com/v1/chat/completions "HTTP/1.1 200 OK"
2025-06-24 15:59:03,665 - INFO - HTTP Request: POST https://api.deepseek.com/v1/chat/completions "HTTP/1.1 200 OK"
2025-06-24 15:59:03,672 - INFO - HTTP Request: POST https://api.deepseek.com/v1/chat/completions "HTTP/1.1 200 OK"
2025-06-24 15:59:03,676 - INFO - HTTP Request: POST https://api.deepseek.com/v1/chat/completions "HTTP/1.1 200 OK"
2025-06-24 15:59:03,678 - INFO - HTTP Request: POST https://api.deepseek.com/v1/chat/completions "HTTP/1.1 200 OK"
2025-06-24 15:59:03,679 - INFO - HTTP Request: POST https://api.deepseek.com/v1/chat/completions "HTTP/1.1 200 OK"
2025-06-24 15:59:03,682 - INFO - HTTP Request: POST https://api.deepseek.com/v1/chat/completions "HTTP/1.1 200 OK"
2025-06-24 15:59:03,683 - INFO - HTTP Request: POST https://api.deepseek.com/v1/chat/completions "HTTP/1.1 200 OK"
2025-06-24 15:59:03,685 - INFO - HTTP Request: POST https://api.deepseek.com/v1/chat/completions "HTTP/1.1 200 OK"
2025-06-24 15:59:03,696 - INFO - HTTP Request: POST https://api.deepseek.com/v1/chat/completions "HTTP/1.1 200 OK"
2025-06-24 15:59:03,698 - INFO - HTTP Request: POST https://api.deepseek.com/v1/chat/completions "HTTP/1.1 200 OK"
2025-06-24 15:59:03,714 - INFO - HTTP Request: POST https://api.deepseek.com/v1/chat/completions "HTTP/1.1 200 OK"
2025-06-24 15:59:03,718 - INFO - HTTP Request: POST https://api.deepseek.com/v1/chat/completions "HTTP/1.1 200 OK"
2025-06-24 15:59:03,720 - INFO - HTTP Request: POST https://api.deepseek.com/v1/chat/completions "HTTP/1.1 200 OK"
2025-06-24 15:59:03,723 - INFO - HTTP Request: POST https://api.deepseek.com/v1/chat/completions "HTTP/1.1 200 OK"
2025-06-24 15:59:03,725 - INFO - HTTP Request: POST https://api.deepseek.com/v1/chat/completions "HTTP/1.1 200 OK"
2025-06-24 15:59:03,727 - INFO - HTTP Request: POST https://api.deepseek.com/v1/chat/completions "HTTP/1.1 200 OK"
2025-06-24 15:59:03,728 - INFO - HTTP Request: POST https://api.deepseek.com/v1/chat/completions "HTTP/1.1 200 OK"
2025-06-24 15:59:03,731 - INFO - HTTP Request: POST https://api.deepseek.com/v1/chat/completions "HTTP/1.1 200 OK"
2025-06-24 15:59:03,749 - INFO - HTTP Request: POST https://api.deepseek.com/v1/chat/completions "HTTP/1.1 200 OK"
2025-06-24 15:59:03,754 - INFO - HTTP Request: POST https://api.deepseek.com/v1/chat/completions "HTTP/1.1 200 OK"
2025-06-24 15:59:03,756 - INFO - HTTP Request: POST https://api.deepseek.com/v1/chat/completions "HTTP/1.1 200 OK"
2025-06-24 15:59:03,764 - INFO - HTTP Request: POST https://api.deepseek.com/v1/chat/completions "HTTP/1.1 200 OK"
2025-06-24 15:59:03,771 - INFO - HTTP Request: POST https://api.deepseek.com/v1/chat/completions "HTTP/1.1 200 OK"
2025-06-24 15:59:03,778 - INFO - HTTP Request: POST https://api.deepseek.com/v1/chat/completions "HTTP/1.1 200 OK"
2025-06-24 15:59:03,779 - INFO - HTTP Request: POST https://api.deepseek.com/v1/chat/completions "HTTP/1.1 200 OK"
2025-06-24 15:59:03,780 - INFO - HTTP Request: POST https://api.deepseek.com/v1/chat/completions "HTTP/1.1 200 OK"
2025-06-24 15:59:03,781 - INFO - HTTP Request: POST https://api.deepseek.com/v1/chat/completions "HTTP/1.1 200 OK"
2025-06-24 15:59:03,782 - INFO - HTTP Request: POST https://api.deepseek.com/v1/chat/completions "HTTP/1.1 200 OK"
2025-06-24 15:59:03,790 - INFO - HTTP Request: POST https://api.deepseek.com/v1/chat/completions "HTTP/1.1 200 OK"
2025-06-24 15:59:03,791 - INFO - HTTP Request: POST https://api.deepseek.com/v1/chat/completions "HTTP/1.1 200 OK"
2025-06-24 15:59:03,803 - INFO - HTTP Request: POST https://api.deepseek.com/v1/chat/completions "HTTP/1.1 200 OK"
2025-06-24 15:59:42,345 - INFO - HTTP Request: POST https://api.deepseek.com/v1/chat/completions "HTTP/1.1 200 OK"
2025-06-24 15:59:44,956 - INFO - HTTP Request: POST https://api.deepseek.com/v1/chat/completions "HTTP/1.1 200 OK"
2025-06-24 15:59:45,764 - INFO - HTTP Request: POST https://api.deepseek.com/v1/chat/completions "HTTP/1.1 200 OK"
2025-06-24 15:59:47,061 - INFO - HTTP Request: POST https://api.deepseek.com/v1/chat/completions "HTTP/1.1 200 OK"
2025-06-24 15:59:47,616 - INFO - HTTP Request: POST https://api.deepseek.com/v1/chat/completions "HTTP/1.1 200 OK"
2025-06-24 15:59:49,009 - INFO - HTTP Request: POST https://api.deepseek.com/v1/chat/completions "HTTP/1.1 200 OK"
2025-06-24 15:59:49,069 - INFO - HTTP Request: POST https://api.deepseek.com/v1/chat/completions "HTTP/1.1 200 OK"
2025-06-24 15:59:50,204 - INFO - HTTP Request: POST https://api.deepseek.com/v1/chat/completions "HTTP/1.1 200 OK"
2025-06-24 15:59:50,263 - INFO - HTTP Request: POST https://api.deepseek.com/v1/chat/completions "HTTP/1.1 200 OK"
2025-06-24 15:59:50,923 - INFO - HTTP Request: POST https://api.deepseek.com/v1/chat/completions "HTTP/1.1 200 OK"
2025-06-24 15:59:51,953 - INFO - HTTP Request: POST https://api.deepseek.com/v1/chat/completions "HTTP/1.1 200 OK"
2025-06-24 15:59:52,883 - INFO - HTTP Request: POST https://api.deepseek.com/v1/chat/completions "HTTP/1.1 200 OK"
2025-06-24 15:59:53,361 - INFO - HTTP Request: POST https://api.deepseek.com/v1/chat/completions "HTTP/1.1 200 OK"
2025-06-24 15:59:54,613 - INFO - HTTP Request: POST https://api.deepseek.com/v1/chat/completions "HTTP/1.1 200 OK"
2025-06-24 15:59:55,441 - INFO - HTTP Request: POST https://api.deepseek.com/v1/chat/completions "HTTP/1.1 200 OK"
2025-06-24 15:59:56,945 - INFO - HTTP Request: POST https://api.deepseek.com/v1/chat/completions "HTTP/1.1 200 OK"
2025-06-24 15:59:57,585 - INFO - HTTP Request: POST https://api.deepseek.com/v1/chat/completions "HTTP/1.1 200 OK"
2025-06-24 16:00:00,860 - INFO - HTTP Request: POST https://api.deepseek.com/v1/chat/completions "HTTP/1.1 200 OK"
2025-06-24 16:01:12,556 - INFO - Structures do NOT match within tolerances.
2025-06-24 16:01:12,556 - INFO - Structures do not match for index 400
2025-06-24 16:01:12,625 - WARNING - D:\Codes\AtomWorld\.venv\Lib\site-packages\pymatgen\io\cif.py:1313: UserWarning: Incorrect stoichiometry:
  CIF={'Ga': 2.0, 'P': 4.0, 'C': 6.0, 'N': 4.0, 'O': 16.0, 'F': 2.0}
  PMG={'Ga': 2.0, 'P': 4.0, 'C': 6.0, 'N': 5.0, 'O': 16.0, 'F': 2.0}
  ratios={'C': 1.0, 'N': 1.25, 'F': 1.0, 'Ga': 1.0, 'O': 1.0, 'P': 1.0}
  if struct := self._get_structure(data, primitive, symmetrized, check_occu=check_occu):

2025-06-24 16:01:12,879 - INFO - Structures do NOT match within tolerances.
2025-06-24 16:01:12,879 - INFO - Structures do not match for index 402
2025-06-24 16:01:13,210 - INFO - Structures do NOT match within tolerances.
2025-06-24 16:01:13,211 - INFO - Structures do not match for index 404
2025-06-24 16:01:13,788 - INFO - Atom counts do not match for index 407
2025-06-24 16:01:13,874 - WARNING - D:\Codes\AtomWorld\.venv\Lib\site-packages\pymatgen\io\cif.py:1313: UserWarning: Incorrect stoichiometry:
  CIF={'Co': 2.0, 'H': 30.0, 'Br': 4.0, 'N': 12.0, 'O': 4.0, 'Xe': 2.0}
  PMG={'Co': 2.0, 'H': 30.0, 'Xe': 1.0, 'Br': 4.0, 'N': 12.0, 'O': 4.0}
  ratios={'Br': 1.0, 'H': 1.0, 'Co': 1.0, 'N': 1.0, 'Xe': 0.5, 'O': 1.0}
  if struct := self._get_structure(data, primitive, symmetrized, check_occu=check_occu):

2025-06-24 16:01:14,104 - INFO - Structures do NOT match within tolerances.
2025-06-24 16:01:14,104 - INFO - Structures do not match for index 408
2025-06-24 16:01:14,531 - INFO - Structures do NOT match within tolerances.
2025-06-24 16:01:14,532 - INFO - Structures do not match for index 411
2025-06-24 16:01:14,758 - INFO - Structures do NOT match within tolerances.
2025-06-24 16:01:14,758 - INFO - Structures do not match for index 413
2025-06-24 16:01:14,791 - INFO - Atom counts do not match for index 414
2025-06-24 16:01:15,539 - INFO - Structures do NOT match within tolerances.
2025-06-24 16:01:15,539 - INFO - Structures do not match for index 417
2025-06-24 16:01:15,945 - INFO - Structures do NOT match within tolerances.
2025-06-24 16:01:15,946 - INFO - Structures do not match for index 419
2025-06-24 16:01:16,091 - INFO - Structures do NOT match within tolerances.
2025-06-24 16:01:16,092 - INFO - Structures do not match for index 420
2025-06-24 16:01:16,150 - WARNING - D:\Codes\AtomWorld\.venv\Lib\site-packages\pymatgen\io\cif.py:1313: UserWarning: Incorrect stoichiometry:
  CIF={'Al': 4.0, 'Zn': 4.0, 'S': 10.0, 'Co': 2.0}
  PMG={'Al': 4.0, 'Zn': 4.0, 'Co': 1.0, 'S': 10.0}
  ratios={'Zn': 1.0, 'Co': 0.5, 'S': 1.0, 'Al': 1.0}
  if struct := self._get_structure(data, primitive, symmetrized, check_occu=check_occu):

2025-06-24 16:01:16,285 - WARNING - D:\Codes\AtomWorld\.venv\Lib\site-packages\pymatgen\io\cif.py:1348: UserWarning: Issues encountered while parsing CIF: 28 fractional coordinates rounded to ideal values to avoid issues with finite precision.
  return self.parse_structures(*args, **kwargs)

2025-06-24 16:01:17,814 - INFO - Structures do NOT match within tolerances.
2025-06-24 16:01:17,814 - INFO - Structures do not match for index 423
2025-06-24 16:01:18,181 - INFO - Structures do NOT match within tolerances.
2025-06-24 16:01:18,181 - INFO - Structures do not match for index 426
2025-06-24 16:01:18,258 - INFO - Structures do NOT match within tolerances.
2025-06-24 16:01:18,259 - INFO - Structures do not match for index 427
2025-06-24 16:01:18,306 - INFO - Structures do NOT match within tolerances.
2025-06-24 16:01:18,306 - INFO - Structures do not match for index 428
2025-06-24 16:01:18,352 - INFO - Atom counts do not match for index 429
2025-06-24 16:01:18,401 - INFO - Structures do NOT match within tolerances.
2025-06-24 16:01:18,401 - INFO - Structures do not match for index 430
2025-06-24 16:01:18,494 - INFO - Structures do NOT match within tolerances.
2025-06-24 16:01:18,494 - INFO - Structures do not match for index 432
2025-06-24 16:01:18,560 - INFO - Structures do NOT match within tolerances.
2025-06-24 16:01:18,560 - INFO - Structures do not match for index 433
2025-06-24 16:01:18,900 - INFO - Structures do NOT match within tolerances.
2025-06-24 16:01:18,900 - INFO - Structures do not match for index 435
2025-06-24 16:01:19,217 - INFO - Structures do NOT match within tolerances.
2025-06-24 16:01:19,217 - INFO - Structures do not match for index 438
2025-06-24 16:01:20,013 - INFO - Structures do NOT match within tolerances.
2025-06-24 16:01:20,013 - INFO - Structures do not match for index 442
2025-06-24 16:01:20,050 - INFO - Structures do NOT match within tolerances.
2025-06-24 16:01:20,050 - INFO - Structures do not match for index 443
2025-06-24 16:01:20,235 - WARNING - D:\Codes\AtomWorld\.venv\Lib\site-packages\pymatgen\io\cif.py:1313: UserWarning: Missing elements Fm from CIF-reported composition
  if struct := self._get_structure(data, primitive, symmetrized, check_occu=check_occu):

2025-06-24 16:01:20,258 - INFO - Structures do NOT match within tolerances.
2025-06-24 16:01:20,259 - INFO - Structures do not match for index 445
2025-06-24 16:01:20,569 - INFO - Structures do NOT match within tolerances.
2025-06-24 16:01:20,569 - INFO - Structures do not match for index 447
2025-06-24 16:01:20,845 - INFO - Structures do NOT match within tolerances.
2025-06-24 16:01:20,846 - INFO - Structures do not match for index 449
2025-06-24 16:01:21,040 - INFO - HTTP Request: POST https://api.deepseek.com/v1/chat/completions "HTTP/1.1 200 OK"
2025-06-24 16:01:21,052 - INFO - HTTP Request: POST https://api.deepseek.com/v1/chat/completions "HTTP/1.1 200 OK"
2025-06-24 16:01:21,054 - INFO - HTTP Request: POST https://api.deepseek.com/v1/chat/completions "HTTP/1.1 200 OK"
2025-06-24 16:01:21,057 - INFO - HTTP Request: POST https://api.deepseek.com/v1/chat/completions "HTTP/1.1 200 OK"
2025-06-24 16:01:21,059 - INFO - HTTP Request: POST https://api.deepseek.com/v1/chat/completions "HTTP/1.1 200 OK"
2025-06-24 16:01:21,062 - INFO - HTTP Request: POST https://api.deepseek.com/v1/chat/completions "HTTP/1.1 200 OK"
2025-06-24 16:01:21,062 - INFO - HTTP Request: POST https://api.deepseek.com/v1/chat/completions "HTTP/1.1 200 OK"
2025-06-24 16:01:21,065 - INFO - HTTP Request: POST https://api.deepseek.com/v1/chat/completions "HTTP/1.1 200 OK"
2025-06-24 16:01:21,079 - INFO - HTTP Request: POST https://api.deepseek.com/v1/chat/completions "HTTP/1.1 200 OK"
2025-06-24 16:01:21,089 - INFO - HTTP Request: POST https://api.deepseek.com/v1/chat/completions "HTTP/1.1 200 OK"
2025-06-24 16:01:21,092 - INFO - HTTP Request: POST https://api.deepseek.com/v1/chat/completions "HTTP/1.1 200 OK"
2025-06-24 16:01:21,094 - INFO - HTTP Request: POST https://api.deepseek.com/v1/chat/completions "HTTP/1.1 200 OK"
2025-06-24 16:01:21,096 - INFO - HTTP Request: POST https://api.deepseek.com/v1/chat/completions "HTTP/1.1 200 OK"
2025-06-24 16:01:21,097 - INFO - HTTP Request: POST https://api.deepseek.com/v1/chat/completions "HTTP/1.1 200 OK"
2025-06-24 16:01:21,104 - INFO - HTTP Request: POST https://api.deepseek.com/v1/chat/completions "HTTP/1.1 200 OK"
2025-06-24 16:01:21,104 - INFO - HTTP Request: POST https://api.deepseek.com/v1/chat/completions "HTTP/1.1 200 OK"
2025-06-24 16:01:21,106 - INFO - HTTP Request: POST https://api.deepseek.com/v1/chat/completions "HTTP/1.1 200 OK"
2025-06-24 16:01:21,111 - INFO - HTTP Request: POST https://api.deepseek.com/v1/chat/completions "HTTP/1.1 200 OK"
2025-06-24 16:01:21,117 - INFO - HTTP Request: POST https://api.deepseek.com/v1/chat/completions "HTTP/1.1 200 OK"
2025-06-24 16:01:21,121 - INFO - HTTP Request: POST https://api.deepseek.com/v1/chat/completions "HTTP/1.1 200 OK"
2025-06-24 16:01:21,125 - INFO - HTTP Request: POST https://api.deepseek.com/v1/chat/completions "HTTP/1.1 200 OK"
2025-06-24 16:01:21,126 - INFO - HTTP Request: POST https://api.deepseek.com/v1/chat/completions "HTTP/1.1 200 OK"
2025-06-24 16:01:21,136 - INFO - HTTP Request: POST https://api.deepseek.com/v1/chat/completions "HTTP/1.1 200 OK"
2025-06-24 16:01:21,136 - INFO - HTTP Request: POST https://api.deepseek.com/v1/chat/completions "HTTP/1.1 200 OK"
2025-06-24 16:01:21,138 - INFO - HTTP Request: POST https://api.deepseek.com/v1/chat/completions "HTTP/1.1 200 OK"
2025-06-24 16:01:21,146 - INFO - HTTP Request: POST https://api.deepseek.com/v1/chat/completions "HTTP/1.1 200 OK"
2025-06-24 16:01:21,152 - INFO - HTTP Request: POST https://api.deepseek.com/v1/chat/completions "HTTP/1.1 200 OK"
2025-06-24 16:01:21,153 - INFO - HTTP Request: POST https://api.deepseek.com/v1/chat/completions "HTTP/1.1 200 OK"
2025-06-24 16:01:21,157 - INFO - HTTP Request: POST https://api.deepseek.com/v1/chat/completions "HTTP/1.1 200 OK"
2025-06-24 16:01:21,161 - INFO - HTTP Request: POST https://api.deepseek.com/v1/chat/completions "HTTP/1.1 200 OK"
2025-06-24 16:01:21,168 - INFO - HTTP Request: POST https://api.deepseek.com/v1/chat/completions "HTTP/1.1 200 OK"
2025-06-24 16:01:21,173 - INFO - HTTP Request: POST https://api.deepseek.com/v1/chat/completions "HTTP/1.1 200 OK"
2025-06-24 16:01:49,645 - INFO - HTTP Request: POST https://api.deepseek.com/v1/chat/completions "HTTP/1.1 200 OK"
2025-06-24 16:01:57,138 - INFO - HTTP Request: POST https://api.deepseek.com/v1/chat/completions "HTTP/1.1 200 OK"
2025-06-24 16:02:00,618 - INFO - HTTP Request: POST https://api.deepseek.com/v1/chat/completions "HTTP/1.1 200 OK"
2025-06-24 16:02:00,742 - INFO - HTTP Request: POST https://api.deepseek.com/v1/chat/completions "HTTP/1.1 200 OK"
2025-06-24 16:02:01,241 - INFO - HTTP Request: POST https://api.deepseek.com/v1/chat/completions "HTTP/1.1 200 OK"
2025-06-24 16:02:03,491 - INFO - HTTP Request: POST https://api.deepseek.com/v1/chat/completions "HTTP/1.1 200 OK"
2025-06-24 16:02:03,494 - INFO - HTTP Request: POST https://api.deepseek.com/v1/chat/completions "HTTP/1.1 200 OK"
2025-06-24 16:02:04,695 - INFO - HTTP Request: POST https://api.deepseek.com/v1/chat/completions "HTTP/1.1 200 OK"
2025-06-24 16:02:08,602 - INFO - HTTP Request: POST https://api.deepseek.com/v1/chat/completions "HTTP/1.1 200 OK"
2025-06-24 16:02:11,658 - INFO - HTTP Request: POST https://api.deepseek.com/v1/chat/completions "HTTP/1.1 200 OK"
2025-06-24 16:02:13,320 - INFO - HTTP Request: POST https://api.deepseek.com/v1/chat/completions "HTTP/1.1 200 OK"
2025-06-24 16:02:16,036 - INFO - HTTP Request: POST https://api.deepseek.com/v1/chat/completions "HTTP/1.1 200 OK"
2025-06-24 16:02:16,860 - INFO - HTTP Request: POST https://api.deepseek.com/v1/chat/completions "HTTP/1.1 200 OK"
2025-06-24 16:02:18,530 - INFO - HTTP Request: POST https://api.deepseek.com/v1/chat/completions "HTTP/1.1 200 OK"
2025-06-24 16:02:20,738 - INFO - HTTP Request: POST https://api.deepseek.com/v1/chat/completions "HTTP/1.1 200 OK"
2025-06-24 16:02:26,132 - INFO - HTTP Request: POST https://api.deepseek.com/v1/chat/completions "HTTP/1.1 200 OK"
2025-06-24 16:02:28,436 - INFO - HTTP Request: POST https://api.deepseek.com/v1/chat/completions "HTTP/1.1 200 OK"
2025-06-24 16:02:28,740 - INFO - HTTP Request: POST https://api.deepseek.com/v1/chat/completions "HTTP/1.1 200 OK"
2025-06-24 16:04:18,906 - INFO - Structures do NOT match within tolerances.
2025-06-24 16:04:18,907 - INFO - Structures do not match for index 450
2025-06-24 16:04:19,079 - INFO - Atom counts do not match for index 452
2025-06-24 16:04:19,193 - INFO - Atom counts do not match for index 453
2025-06-24 16:04:19,578 - INFO - Structures do NOT match within tolerances.
2025-06-24 16:04:19,580 - INFO - Structures do not match for index 455
2025-06-24 16:04:19,635 - WARNING - D:\Codes\AtomWorld\.venv\Lib\site-packages\pymatgen\io\cif.py:1313: UserWarning: Incorrect stoichiometry:
  CIF={'Ta': 2.0, 'Cr': 6.0, 'Cu': 4.0, 'S': 16.0}
  PMG={'Ta': 2.0, 'Cr': 7.0, 'Cu': 4.0, 'S': 16.0}
  ratios={'Cr': 1.1666666666666667, 'Cu': 1.0, 'S': 1.0, 'Ta': 1.0}
  if struct := self._get_structure(data, primitive, symmetrized, check_occu=check_occu):

2025-06-24 16:04:19,674 - INFO - Structures do NOT match within tolerances.
2025-06-24 16:04:19,674 - INFO - Structures do not match for index 456
2025-06-24 16:04:26,553 - INFO - Structures do NOT match within tolerances.
2025-06-24 16:04:26,554 - INFO - Structures do not match for index 462
2025-06-24 16:04:28,153 - INFO - Structures do NOT match within tolerances.
2025-06-24 16:04:28,153 - INFO - Structures do not match for index 465
2025-06-24 16:04:29,327 - INFO - Structures do NOT match within tolerances.
2025-06-24 16:04:29,327 - INFO - Structures do not match for index 469
2025-06-24 16:04:29,460 - INFO - Structures do NOT match within tolerances.
2025-06-24 16:04:29,460 - INFO - Structures do not match for index 471
2025-06-24 16:04:30,861 - INFO - Structures do NOT match within tolerances.
2025-06-24 16:04:30,862 - INFO - Structures do not match for index 477
2025-06-24 16:04:30,991 - INFO - Structures do NOT match within tolerances.
2025-06-24 16:04:30,991 - INFO - Structures do not match for index 478
2025-06-24 16:04:31,652 - INFO - Structures do NOT match within tolerances.
2025-06-24 16:04:31,652 - INFO - Structures do not match for index 480
2025-06-24 16:04:31,697 - INFO - Atom counts do not match for index 481
2025-06-24 16:04:31,846 - INFO - Structures do NOT match within tolerances.
2025-06-24 16:04:31,846 - INFO - Structures do not match for index 482
2025-06-24 16:04:31,951 - INFO - Structures do NOT match within tolerances.
2025-06-24 16:04:31,951 - INFO - Structures do not match for index 483
2025-06-24 16:04:32,045 - INFO - Structures do NOT match within tolerances.
2025-06-24 16:04:32,045 - INFO - Structures do not match for index 484
2025-06-24 16:04:32,307 - INFO - Structures do NOT match within tolerances.
2025-06-24 16:04:32,307 - INFO - Structures do not match for index 486
2025-06-24 16:04:32,423 - INFO - Structures do NOT match within tolerances.
2025-06-24 16:04:32,424 - INFO - Structures do not match for index 487
2025-06-24 16:04:32,721 - INFO - Structures do NOT match within tolerances.
2025-06-24 16:04:32,721 - INFO - Structures do not match for index 489
2025-06-24 16:04:33,498 - INFO - Structures do NOT match within tolerances.
2025-06-24 16:04:33,499 - INFO - Structures do not match for index 493
2025-06-24 16:04:33,777 - WARNING - D:\Codes\AtomWorld\.venv\Lib\site-packages\pymatgen\io\cif.py:1313: UserWarning: Incorrect stoichiometry:
  CIF={'Li': 12.0, 'Mn': 2.0, 'Fe': 4.0, 'O': 12.0, 'W': 2.0}
  PMG={'Li': 12.0, 'Mn': 2.0, 'Fe': 4.0, 'W': 1.0, 'O': 12.0}
  ratios={'W': 0.5, 'Fe': 1.0, 'Mn': 1.0, 'O': 1.0, 'Li': 1.0}
  if struct := self._get_structure(data, primitive, symmetrized, check_occu=check_occu):

2025-06-24 16:04:35,052 - INFO - Structures do NOT match within tolerances.
2025-06-24 16:04:35,052 - INFO - Structures do not match for index 498
2025-06-24 16:04:35,658 - INFO - HTTP Request: POST https://api.deepseek.com/v1/chat/completions "HTTP/1.1 200 OK"
2025-06-24 16:04:35,667 - INFO - HTTP Request: POST https://api.deepseek.com/v1/chat/completions "HTTP/1.1 200 OK"
2025-06-24 16:04:35,668 - INFO - HTTP Request: POST https://api.deepseek.com/v1/chat/completions "HTTP/1.1 200 OK"
2025-06-24 16:04:35,669 - INFO - HTTP Request: POST https://api.deepseek.com/v1/chat/completions "HTTP/1.1 200 OK"
2025-06-24 16:04:35,670 - INFO - HTTP Request: POST https://api.deepseek.com/v1/chat/completions "HTTP/1.1 200 OK"
2025-06-24 16:04:35,671 - INFO - HTTP Request: POST https://api.deepseek.com/v1/chat/completions "HTTP/1.1 200 OK"
2025-06-24 16:04:35,672 - INFO - HTTP Request: POST https://api.deepseek.com/v1/chat/completions "HTTP/1.1 200 OK"
2025-06-24 16:04:35,674 - INFO - HTTP Request: POST https://api.deepseek.com/v1/chat/completions "HTTP/1.1 200 OK"
2025-06-24 16:04:35,682 - INFO - HTTP Request: POST https://api.deepseek.com/v1/chat/completions "HTTP/1.1 200 OK"
2025-06-24 16:04:35,684 - INFO - HTTP Request: POST https://api.deepseek.com/v1/chat/completions "HTTP/1.1 200 OK"
2025-06-24 16:04:35,685 - INFO - HTTP Request: POST https://api.deepseek.com/v1/chat/completions "HTTP/1.1 200 OK"
2025-06-24 16:04:35,695 - INFO - HTTP Request: POST https://api.deepseek.com/v1/chat/completions "HTTP/1.1 200 OK"
2025-06-24 16:04:35,696 - INFO - HTTP Request: POST https://api.deepseek.com/v1/chat/completions "HTTP/1.1 200 OK"
2025-06-24 16:04:35,700 - INFO - HTTP Request: POST https://api.deepseek.com/v1/chat/completions "HTTP/1.1 200 OK"
2025-06-24 16:04:35,710 - INFO - HTTP Request: POST https://api.deepseek.com/v1/chat/completions "HTTP/1.1 200 OK"
2025-06-24 16:04:35,712 - INFO - HTTP Request: POST https://api.deepseek.com/v1/chat/completions "HTTP/1.1 200 OK"
2025-06-24 16:04:35,718 - INFO - HTTP Request: POST https://api.deepseek.com/v1/chat/completions "HTTP/1.1 200 OK"
2025-06-24 16:04:35,724 - INFO - HTTP Request: POST https://api.deepseek.com/v1/chat/completions "HTTP/1.1 200 OK"
2025-06-24 16:04:35,736 - INFO - HTTP Request: POST https://api.deepseek.com/v1/chat/completions "HTTP/1.1 200 OK"
2025-06-24 16:04:35,738 - INFO - HTTP Request: POST https://api.deepseek.com/v1/chat/completions "HTTP/1.1 200 OK"
2025-06-24 16:04:35,739 - INFO - HTTP Request: POST https://api.deepseek.com/v1/chat/completions "HTTP/1.1 200 OK"
2025-06-24 16:04:35,741 - INFO - HTTP Request: POST https://api.deepseek.com/v1/chat/completions "HTTP/1.1 200 OK"
2025-06-24 16:04:35,745 - INFO - HTTP Request: POST https://api.deepseek.com/v1/chat/completions "HTTP/1.1 200 OK"
2025-06-24 16:04:35,749 - INFO - HTTP Request: POST https://api.deepseek.com/v1/chat/completions "HTTP/1.1 200 OK"
2025-06-24 16:04:35,750 - INFO - HTTP Request: POST https://api.deepseek.com/v1/chat/completions "HTTP/1.1 200 OK"
2025-06-24 16:04:35,758 - INFO - HTTP Request: POST https://api.deepseek.com/v1/chat/completions "HTTP/1.1 200 OK"
2025-06-24 16:04:35,766 - INFO - HTTP Request: POST https://api.deepseek.com/v1/chat/completions "HTTP/1.1 200 OK"
2025-06-24 16:04:35,770 - INFO - HTTP Request: POST https://api.deepseek.com/v1/chat/completions "HTTP/1.1 200 OK"
2025-06-24 16:04:35,773 - INFO - HTTP Request: POST https://api.deepseek.com/v1/chat/completions "HTTP/1.1 200 OK"
2025-06-24 16:04:35,773 - INFO - HTTP Request: POST https://api.deepseek.com/v1/chat/completions "HTTP/1.1 200 OK"
2025-06-24 16:04:35,777 - INFO - HTTP Request: POST https://api.deepseek.com/v1/chat/completions "HTTP/1.1 200 OK"
2025-06-24 16:04:35,786 - INFO - HTTP Request: POST https://api.deepseek.com/v1/chat/completions "HTTP/1.1 200 OK"
2025-06-24 16:05:12,538 - INFO - HTTP Request: POST https://api.deepseek.com/v1/chat/completions "HTTP/1.1 200 OK"
2025-06-24 16:05:12,546 - INFO - HTTP Request: POST https://api.deepseek.com/v1/chat/completions "HTTP/1.1 200 OK"
2025-06-24 16:05:13,242 - INFO - HTTP Request: POST https://api.deepseek.com/v1/chat/completions "HTTP/1.1 200 OK"
2025-06-24 16:05:16,247 - INFO - HTTP Request: POST https://api.deepseek.com/v1/chat/completions "HTTP/1.1 200 OK"
2025-06-24 16:05:16,493 - INFO - HTTP Request: POST https://api.deepseek.com/v1/chat/completions "HTTP/1.1 200 OK"
2025-06-24 16:05:18,942 - INFO - HTTP Request: POST https://api.deepseek.com/v1/chat/completions "HTTP/1.1 200 OK"
2025-06-24 16:05:19,798 - INFO - HTTP Request: POST https://api.deepseek.com/v1/chat/completions "HTTP/1.1 200 OK"
2025-06-24 16:05:21,185 - INFO - HTTP Request: POST https://api.deepseek.com/v1/chat/completions "HTTP/1.1 200 OK"
2025-06-24 16:05:22,430 - INFO - HTTP Request: POST https://api.deepseek.com/v1/chat/completions "HTTP/1.1 200 OK"
2025-06-24 16:05:26,499 - INFO - HTTP Request: POST https://api.deepseek.com/v1/chat/completions "HTTP/1.1 200 OK"
2025-06-24 16:05:26,669 - INFO - HTTP Request: POST https://api.deepseek.com/v1/chat/completions "HTTP/1.1 200 OK"
2025-06-24 16:05:27,133 - INFO - HTTP Request: POST https://api.deepseek.com/v1/chat/completions "HTTP/1.1 200 OK"
2025-06-24 16:05:29,410 - INFO - HTTP Request: POST https://api.deepseek.com/v1/chat/completions "HTTP/1.1 200 OK"
2025-06-24 16:05:30,227 - INFO - HTTP Request: POST https://api.deepseek.com/v1/chat/completions "HTTP/1.1 200 OK"
2025-06-24 16:05:30,387 - INFO - HTTP Request: POST https://api.deepseek.com/v1/chat/completions "HTTP/1.1 200 OK"
2025-06-24 16:05:31,777 - INFO - HTTP Request: POST https://api.deepseek.com/v1/chat/completions "HTTP/1.1 200 OK"
2025-06-24 16:05:32,094 - INFO - HTTP Request: POST https://api.deepseek.com/v1/chat/completions "HTTP/1.1 200 OK"
2025-06-24 16:05:32,423 - INFO - HTTP Request: POST https://api.deepseek.com/v1/chat/completions "HTTP/1.1 200 OK"
2025-06-24 16:06:41,736 - INFO - Structures do NOT match within tolerances.
2025-06-24 16:06:41,737 - INFO - Structures do not match for index 500
2025-06-24 16:06:41,945 - INFO - Structures do NOT match within tolerances.
2025-06-24 16:06:41,946 - INFO - Structures do not match for index 501
2025-06-24 16:06:42,131 - INFO - Atom counts do not match for index 503
2025-06-24 16:06:42,333 - INFO - Atom counts do not match for index 505
2025-06-24 16:06:42,520 - INFO - Structures do NOT match within tolerances.
2025-06-24 16:06:42,520 - INFO - Structures do not match for index 506
2025-06-24 16:06:42,765 - INFO - Structures do NOT match within tolerances.
2025-06-24 16:06:42,765 - INFO - Structures do not match for index 508
2025-06-24 16:06:42,851 - INFO - Structures do NOT match within tolerances.
2025-06-24 16:06:42,852 - INFO - Structures do not match for index 509
2025-06-24 16:06:42,969 - INFO - Structures do NOT match within tolerances.
2025-06-24 16:06:42,969 - INFO - Structures do not match for index 510
2025-06-24 16:06:43,071 - INFO - Structures do NOT match within tolerances.
2025-06-24 16:06:43,072 - INFO - Structures do not match for index 511
2025-06-24 16:06:43,205 - INFO - Structures do NOT match within tolerances.
2025-06-24 16:06:43,206 - INFO - Structures do not match for index 512
2025-06-24 16:06:43,438 - INFO - Atom counts do not match for index 515
2025-06-24 16:06:43,607 - WARNING - D:\Codes\AtomWorld\.venv\Lib\site-packages\pymatgen\io\cif.py:1313: UserWarning: Missing elements Ra from CIF-reported composition
  if struct := self._get_structure(data, primitive, symmetrized, check_occu=check_occu):

2025-06-24 16:06:43,697 - INFO - Structures do NOT match within tolerances.
2025-06-24 16:06:43,697 - INFO - Structures do not match for index 517
2025-06-24 16:06:43,729 - INFO - Atom counts do not match for index 518
2025-06-24 16:06:43,912 - INFO - Structures do NOT match within tolerances.
2025-06-24 16:06:43,913 - INFO - Structures do not match for index 520
2025-06-24 16:06:43,955 - INFO - Atom counts do not match for index 521
2025-06-24 16:06:43,964 - WARNING - D:\Codes\AtomWorld\.venv\Lib\site-packages\pymatgen\core\periodic_table.py:254: UserWarning: No Pauling electronegativity for Mt. Setting to NaN. This has no physical meaning, and is mainly done to avoid errors caused by the code expecting a float.
  x1 = float("inf") if self.X != self.X else self.X

2025-06-24 16:06:43,966 - WARNING - D:\Codes\AtomWorld\.venv\Lib\site-packages\pymatgen\core\composition.py:328: UserWarning: No Pauling electronegativity for Mt. Setting to NaN. This has no physical meaning, and is mainly done to avoid errors caused by the code expecting a float.
  return sum((el.X * abs(amt) for el, amt in self.items())) / self.num_atoms

2025-06-24 16:06:43,969 - WARNING - D:\Codes\AtomWorld\.venv\Lib\site-packages\pymatgen\io\cif.py:285: UserWarning: Possible issue in CIF file at line: Mt
  block = CifBlock.from_str(f"data_{block_str}")

2025-06-24 16:06:43,982 - INFO - Atom counts do not match for index 522
2025-06-24 16:06:44,740 - INFO - Structures do NOT match within tolerances.
2025-06-24 16:06:44,740 - INFO - Structures do not match for index 525
2025-06-24 16:06:44,845 - INFO - Structures do NOT match within tolerances.
2025-06-24 16:06:44,845 - INFO - Structures do not match for index 527
2025-06-24 16:06:44,863 - WARNING - D:\Codes\AtomWorld\.venv\Lib\site-packages\pymatgen\io\cif.py:1313: UserWarning: Missing elements Eu from CIF-reported composition
  if struct := self._get_structure(data, primitive, symmetrized, check_occu=check_occu):

2025-06-24 16:06:45,472 - INFO - Structures do NOT match within tolerances.
2025-06-24 16:06:45,473 - INFO - Structures do not match for index 531
2025-06-24 16:06:46,341 - INFO - Structures do NOT match within tolerances.
2025-06-24 16:06:46,341 - INFO - Structures do not match for index 536
2025-06-24 16:06:46,620 - INFO - Structures do NOT match within tolerances.
2025-06-24 16:06:46,621 - INFO - Structures do not match for index 538
2025-06-24 16:06:46,661 - WARNING - D:\Codes\AtomWorld\.venv\Lib\site-packages\pymatgen\io\cif.py:1313: UserWarning: Missing elements Md from CIF-reported composition
  if struct := self._get_structure(data, primitive, symmetrized, check_occu=check_occu):

2025-06-24 16:06:47,308 - WARNING - D:\Codes\AtomWorld\.venv\Lib\site-packages\pymatgen\io\cif.py:1313: UserWarning: Missing elements Os from CIF-reported composition
  if struct := self._get_structure(data, primitive, symmetrized, check_occu=check_occu):

2025-06-24 16:06:47,683 - INFO - Error loading CIF from string: Invalid CIF file with no structures!
2025-06-24 16:06:47,683 - INFO - Invalid generated structure for index 545
2025-06-24 16:06:48,001 - WARNING - D:\Codes\AtomWorld\.venv\Lib\site-packages\pymatgen\io\cif.py:1313: UserWarning: Missing elements Co from CIF-reported composition
  if struct := self._get_structure(data, primitive, symmetrized, check_occu=check_occu):

2025-06-24 16:06:48,442 - INFO - HTTP Request: POST https://api.deepseek.com/v1/chat/completions "HTTP/1.1 200 OK"
2025-06-24 16:06:48,450 - INFO - HTTP Request: POST https://api.deepseek.com/v1/chat/completions "HTTP/1.1 200 OK"
2025-06-24 16:06:48,454 - INFO - HTTP Request: POST https://api.deepseek.com/v1/chat/completions "HTTP/1.1 200 OK"
2025-06-24 16:06:48,460 - INFO - HTTP Request: POST https://api.deepseek.com/v1/chat/completions "HTTP/1.1 200 OK"
2025-06-24 16:06:48,461 - INFO - HTTP Request: POST https://api.deepseek.com/v1/chat/completions "HTTP/1.1 200 OK"
2025-06-24 16:06:48,464 - INFO - HTTP Request: POST https://api.deepseek.com/v1/chat/completions "HTTP/1.1 200 OK"
2025-06-24 16:06:48,475 - INFO - HTTP Request: POST https://api.deepseek.com/v1/chat/completions "HTTP/1.1 200 OK"
2025-06-24 16:06:48,475 - INFO - HTTP Request: POST https://api.deepseek.com/v1/chat/completions "HTTP/1.1 200 OK"
2025-06-24 16:06:48,481 - INFO - HTTP Request: POST https://api.deepseek.com/v1/chat/completions "HTTP/1.1 200 OK"
2025-06-24 16:06:48,491 - INFO - HTTP Request: POST https://api.deepseek.com/v1/chat/completions "HTTP/1.1 200 OK"
2025-06-24 16:06:48,493 - INFO - HTTP Request: POST https://api.deepseek.com/v1/chat/completions "HTTP/1.1 200 OK"
2025-06-24 16:06:48,494 - INFO - HTTP Request: POST https://api.deepseek.com/v1/chat/completions "HTTP/1.1 200 OK"
2025-06-24 16:06:48,501 - INFO - HTTP Request: POST https://api.deepseek.com/v1/chat/completions "HTTP/1.1 200 OK"
2025-06-24 16:06:48,502 - INFO - HTTP Request: POST https://api.deepseek.com/v1/chat/completions "HTTP/1.1 200 OK"
2025-06-24 16:06:48,504 - INFO - HTTP Request: POST https://api.deepseek.com/v1/chat/completions "HTTP/1.1 200 OK"
2025-06-24 16:06:48,505 - INFO - HTTP Request: POST https://api.deepseek.com/v1/chat/completions "HTTP/1.1 200 OK"
2025-06-24 16:06:48,509 - INFO - HTTP Request: POST https://api.deepseek.com/v1/chat/completions "HTTP/1.1 200 OK"
2025-06-24 16:06:48,513 - INFO - HTTP Request: POST https://api.deepseek.com/v1/chat/completions "HTTP/1.1 200 OK"
2025-06-24 16:06:48,514 - INFO - HTTP Request: POST https://api.deepseek.com/v1/chat/completions "HTTP/1.1 200 OK"
2025-06-24 16:06:48,515 - INFO - HTTP Request: POST https://api.deepseek.com/v1/chat/completions "HTTP/1.1 200 OK"
2025-06-24 16:06:48,516 - INFO - HTTP Request: POST https://api.deepseek.com/v1/chat/completions "HTTP/1.1 200 OK"
2025-06-24 16:06:48,517 - INFO - HTTP Request: POST https://api.deepseek.com/v1/chat/completions "HTTP/1.1 200 OK"
2025-06-24 16:06:48,517 - INFO - HTTP Request: POST https://api.deepseek.com/v1/chat/completions "HTTP/1.1 200 OK"
2025-06-24 16:06:48,518 - INFO - HTTP Request: POST https://api.deepseek.com/v1/chat/completions "HTTP/1.1 200 OK"
2025-06-24 16:06:48,519 - INFO - HTTP Request: POST https://api.deepseek.com/v1/chat/completions "HTTP/1.1 200 OK"
2025-06-24 16:06:48,520 - INFO - HTTP Request: POST https://api.deepseek.com/v1/chat/completions "HTTP/1.1 200 OK"
2025-06-24 16:06:48,523 - INFO - HTTP Request: POST https://api.deepseek.com/v1/chat/completions "HTTP/1.1 200 OK"
2025-06-24 16:06:48,525 - INFO - HTTP Request: POST https://api.deepseek.com/v1/chat/completions "HTTP/1.1 200 OK"
2025-06-24 16:06:48,528 - INFO - HTTP Request: POST https://api.deepseek.com/v1/chat/completions "HTTP/1.1 200 OK"
2025-06-24 16:06:48,531 - INFO - HTTP Request: POST https://api.deepseek.com/v1/chat/completions "HTTP/1.1 200 OK"
2025-06-24 16:06:48,534 - INFO - HTTP Request: POST https://api.deepseek.com/v1/chat/completions "HTTP/1.1 200 OK"
2025-06-24 16:06:48,588 - INFO - HTTP Request: POST https://api.deepseek.com/v1/chat/completions "HTTP/1.1 200 OK"
2025-06-24 16:07:20,972 - INFO - HTTP Request: POST https://api.deepseek.com/v1/chat/completions "HTTP/1.1 200 OK"
2025-06-24 16:07:21,366 - INFO - HTTP Request: POST https://api.deepseek.com/v1/chat/completions "HTTP/1.1 200 OK"
2025-06-24 16:07:29,792 - INFO - HTTP Request: POST https://api.deepseek.com/v1/chat/completions "HTTP/1.1 200 OK"
2025-06-24 16:07:33,862 - INFO - HTTP Request: POST https://api.deepseek.com/v1/chat/completions "HTTP/1.1 200 OK"
2025-06-24 16:07:35,110 - INFO - HTTP Request: POST https://api.deepseek.com/v1/chat/completions "HTTP/1.1 200 OK"
2025-06-24 16:07:35,141 - INFO - HTTP Request: POST https://api.deepseek.com/v1/chat/completions "HTTP/1.1 200 OK"
2025-06-24 16:07:35,292 - INFO - HTTP Request: POST https://api.deepseek.com/v1/chat/completions "HTTP/1.1 200 OK"
2025-06-24 16:07:35,418 - INFO - HTTP Request: POST https://api.deepseek.com/v1/chat/completions "HTTP/1.1 200 OK"
2025-06-24 16:07:35,821 - INFO - HTTP Request: POST https://api.deepseek.com/v1/chat/completions "HTTP/1.1 200 OK"
2025-06-24 16:07:36,975 - INFO - HTTP Request: POST https://api.deepseek.com/v1/chat/completions "HTTP/1.1 200 OK"
2025-06-24 16:07:38,212 - INFO - HTTP Request: POST https://api.deepseek.com/v1/chat/completions "HTTP/1.1 200 OK"
2025-06-24 16:07:39,466 - INFO - HTTP Request: POST https://api.deepseek.com/v1/chat/completions "HTTP/1.1 200 OK"
2025-06-24 16:07:41,789 - INFO - HTTP Request: POST https://api.deepseek.com/v1/chat/completions "HTTP/1.1 200 OK"
2025-06-24 16:07:42,341 - INFO - HTTP Request: POST https://api.deepseek.com/v1/chat/completions "HTTP/1.1 200 OK"
2025-06-24 16:07:42,826 - INFO - HTTP Request: POST https://api.deepseek.com/v1/chat/completions "HTTP/1.1 200 OK"
2025-06-24 16:07:43,437 - INFO - HTTP Request: POST https://api.deepseek.com/v1/chat/completions "HTTP/1.1 200 OK"
2025-06-24 16:07:43,691 - INFO - HTTP Request: POST https://api.deepseek.com/v1/chat/completions "HTTP/1.1 200 OK"
2025-06-24 16:07:44,163 - INFO - HTTP Request: POST https://api.deepseek.com/v1/chat/completions "HTTP/1.1 200 OK"
2025-06-24 16:09:17,240 - INFO - Structures do NOT match within tolerances.
2025-06-24 16:09:17,241 - INFO - Structures do not match for index 550
2025-06-24 16:09:17,442 - WARNING - D:\Codes\AtomWorld\.venv\Lib\site-packages\pymatgen\io\cif.py:1313: UserWarning: Missing elements Mg from CIF-reported composition
  if struct := self._get_structure(data, primitive, symmetrized, check_occu=check_occu):

2025-06-24 16:09:17,518 - INFO - Structures do NOT match within tolerances.
2025-06-24 16:09:17,518 - INFO - Structures do not match for index 552
2025-06-24 16:09:17,693 - INFO - Structures do NOT match within tolerances.
2025-06-24 16:09:17,694 - INFO - Structures do not match for index 554
2025-06-24 16:09:18,081 - INFO - Structures do NOT match within tolerances.
2025-06-24 16:09:18,081 - INFO - Structures do not match for index 555
2025-06-24 16:09:18,248 - INFO - Structures do NOT match within tolerances.
2025-06-24 16:09:18,248 - INFO - Structures do not match for index 557
2025-06-24 16:09:18,745 - WARNING - D:\Codes\AtomWorld\.venv\Lib\site-packages\pymatgen\io\cif.py:1313: UserWarning: Incorrect stoichiometry:
  CIF={'Li': 10.0, 'Cr': 4.0, 'Co': 6.0, 'O': 20.0, 'Ar': 2.0}
  PMG={'Ar': 1.0, 'Li': 10.0, 'Cr': 4.0, 'Co': 6.0, 'O': 20.0}
  ratios={'Co': 1.0, 'Cr': 1.0, 'Ar': 0.5, 'O': 1.0, 'Li': 1.0}
  if struct := self._get_structure(data, primitive, symmetrized, check_occu=check_occu):

2025-06-24 16:09:18,769 - INFO - Structures do NOT match within tolerances.
2025-06-24 16:09:18,769 - INFO - Structures do not match for index 560
2025-06-24 16:09:18,911 - INFO - Structures do NOT match within tolerances.
2025-06-24 16:09:18,912 - INFO - Structures do not match for index 561
2025-06-24 16:09:18,995 - WARNING - D:\Codes\AtomWorld\.venv\Lib\site-packages\pymatgen\io\cif.py:1313: UserWarning: Incorrect stoichiometry:
  CIF={'Sr': 4.0, 'Th': 8.0, 'Se': 20.0, 'Si': 4.0}
  PMG={'Sr': 4.0, 'Th': 8.0, 'Si': 1.0, 'Se': 20.0}
  ratios={'Se': 1.0, 'Sr': 1.0, 'Th': 1.0, 'Si': 0.25}
  if struct := self._get_structure(data, primitive, symmetrized, check_occu=check_occu):

2025-06-24 16:09:19,241 - INFO - Atom counts do not match for index 563
2025-06-24 16:09:19,924 - WARNING - D:\Codes\AtomWorld\.venv\Lib\site-packages\pymatgen\io\cif.py:1313: UserWarning: Incorrect stoichiometry:
  CIF={'K': 2.0, 'Tb': 6.0, 'F': 20.0, 'Pm': 2.0}
  PMG={'K': 2.0, 'Tb': 6.0, 'Pm': 1.0, 'F': 20.0}
  ratios={'Tb': 1.0, 'K': 1.0, 'Pm': 0.5, 'F': 1.0}
  if struct := self._get_structure(data, primitive, symmetrized, check_occu=check_occu):

2025-06-24 16:09:20,519 - INFO - Structures do NOT match within tolerances.
2025-06-24 16:09:20,520 - INFO - Structures do not match for index 568
2025-06-24 16:09:21,573 - INFO - Structures do NOT match within tolerances.
2025-06-24 16:09:21,574 - INFO - Structures do not match for index 572
2025-06-24 16:09:21,623 - WARNING - D:\Codes\AtomWorld\.venv\Lib\site-packages\pymatgen\io\cif.py:1313: UserWarning: Missing elements Xe from CIF-reported composition
  if struct := self._get_structure(data, primitive, symmetrized, check_occu=check_occu):

2025-06-24 16:09:21,761 - INFO - Structures do NOT match within tolerances.
2025-06-24 16:09:21,761 - INFO - Structures do not match for index 574
2025-06-24 16:09:21,900 - INFO - Structures do NOT match within tolerances.
2025-06-24 16:09:21,900 - INFO - Structures do not match for index 575
2025-06-24 16:09:22,201 - INFO - Structures do NOT match within tolerances.
2025-06-24 16:09:22,201 - INFO - Structures do not match for index 578
2025-06-24 16:09:22,433 - INFO - Structures do NOT match within tolerances.
2025-06-24 16:09:22,433 - INFO - Structures do not match for index 581
2025-06-24 16:09:22,595 - INFO - Structures do NOT match within tolerances.
2025-06-24 16:09:22,595 - INFO - Structures do not match for index 584
2025-06-24 16:09:22,695 - INFO - Structures do NOT match within tolerances.
2025-06-24 16:09:22,695 - INFO - Structures do not match for index 585
2025-06-24 16:09:22,725 - WARNING - D:\Codes\AtomWorld\.venv\Lib\site-packages\pymatgen\io\cif.py:1313: UserWarning: Incorrect stoichiometry:
  CIF={'Am': 2.0, 'U': 4.0, 'F': 18.0}
  PMG={'Am': 1.0, 'U': 4.0, 'F': 18.0}
  ratios={'U': 1.0, 'Am': 0.5, 'F': 1.0}
  if struct := self._get_structure(data, primitive, symmetrized, check_occu=check_occu):

2025-06-24 16:09:22,933 - WARNING - D:\Codes\AtomWorld\.venv\Lib\site-packages\pymatgen\io\cif.py:1313: UserWarning: Incorrect stoichiometry:
  CIF={'La': 2.0, 'H': 6.0, 'O': 6.0, 'Cl': 2.0}
  PMG={'La': 2.0, 'H': 6.0, 'Cl': 1.0, 'O': 6.0}
  ratios={'O': 1.0, 'H': 1.0, 'Cl': 0.5, 'La': 1.0}
  if struct := self._get_structure(data, primitive, symmetrized, check_occu=check_occu):

2025-06-24 16:09:22,996 - INFO - Structures do NOT match within tolerances.
2025-06-24 16:09:22,996 - INFO - Structures do not match for index 587
2025-06-24 16:09:23,832 - WARNING - D:\Codes\AtomWorld\.venv\Lib\site-packages\pymatgen\io\cif.py:1313: UserWarning: Incorrect stoichiometry:
  CIF={'Sm': 20.0, 'Ga': 12.0, 'Lr': 4.0}
  PMG={'Sm': 20.0, 'Lr': 1.0, 'Ga': 12.0}
  ratios={'Ga': 1.0, 'Sm': 1.0, 'Lr': 0.25}
  if struct := self._get_structure(data, primitive, symmetrized, check_occu=check_occu):

2025-06-24 16:09:25,061 - INFO - Atom counts do not match for index 597
2025-06-24 16:09:25,618 - INFO - HTTP Request: POST https://api.deepseek.com/v1/chat/completions "HTTP/1.1 200 OK"
2025-06-24 16:09:25,634 - INFO - HTTP Request: POST https://api.deepseek.com/v1/chat/completions "HTTP/1.1 200 OK"
2025-06-24 16:09:25,638 - INFO - HTTP Request: POST https://api.deepseek.com/v1/chat/completions "HTTP/1.1 200 OK"
2025-06-24 16:09:25,640 - INFO - HTTP Request: POST https://api.deepseek.com/v1/chat/completions "HTTP/1.1 200 OK"
2025-06-24 16:09:25,642 - INFO - HTTP Request: POST https://api.deepseek.com/v1/chat/completions "HTTP/1.1 200 OK"
2025-06-24 16:09:25,646 - INFO - HTTP Request: POST https://api.deepseek.com/v1/chat/completions "HTTP/1.1 200 OK"
2025-06-24 16:09:25,650 - INFO - HTTP Request: POST https://api.deepseek.com/v1/chat/completions "HTTP/1.1 200 OK"
2025-06-24 16:09:25,661 - INFO - HTTP Request: POST https://api.deepseek.com/v1/chat/completions "HTTP/1.1 200 OK"
2025-06-24 16:09:25,667 - INFO - HTTP Request: POST https://api.deepseek.com/v1/chat/completions "HTTP/1.1 200 OK"
2025-06-24 16:09:25,671 - INFO - HTTP Request: POST https://api.deepseek.com/v1/chat/completions "HTTP/1.1 200 OK"
2025-06-24 16:09:25,673 - INFO - HTTP Request: POST https://api.deepseek.com/v1/chat/completions "HTTP/1.1 200 OK"
2025-06-24 16:09:25,674 - INFO - HTTP Request: POST https://api.deepseek.com/v1/chat/completions "HTTP/1.1 200 OK"
2025-06-24 16:09:25,676 - INFO - HTTP Request: POST https://api.deepseek.com/v1/chat/completions "HTTP/1.1 200 OK"
2025-06-24 16:09:25,683 - INFO - HTTP Request: POST https://api.deepseek.com/v1/chat/completions "HTTP/1.1 200 OK"
2025-06-24 16:09:25,687 - INFO - HTTP Request: POST https://api.deepseek.com/v1/chat/completions "HTTP/1.1 200 OK"
2025-06-24 16:09:25,690 - INFO - HTTP Request: POST https://api.deepseek.com/v1/chat/completions "HTTP/1.1 200 OK"
2025-06-24 16:09:25,691 - INFO - HTTP Request: POST https://api.deepseek.com/v1/chat/completions "HTTP/1.1 200 OK"
2025-06-24 16:09:25,693 - INFO - HTTP Request: POST https://api.deepseek.com/v1/chat/completions "HTTP/1.1 200 OK"
2025-06-24 16:09:25,696 - INFO - HTTP Request: POST https://api.deepseek.com/v1/chat/completions "HTTP/1.1 200 OK"
2025-06-24 16:09:25,699 - INFO - HTTP Request: POST https://api.deepseek.com/v1/chat/completions "HTTP/1.1 200 OK"
2025-06-24 16:09:25,701 - INFO - HTTP Request: POST https://api.deepseek.com/v1/chat/completions "HTTP/1.1 200 OK"
2025-06-24 16:09:25,704 - INFO - HTTP Request: POST https://api.deepseek.com/v1/chat/completions "HTTP/1.1 200 OK"
2025-06-24 16:09:25,708 - INFO - HTTP Request: POST https://api.deepseek.com/v1/chat/completions "HTTP/1.1 200 OK"
2025-06-24 16:09:25,712 - INFO - HTTP Request: POST https://api.deepseek.com/v1/chat/completions "HTTP/1.1 200 OK"
2025-06-24 16:09:25,713 - INFO - HTTP Request: POST https://api.deepseek.com/v1/chat/completions "HTTP/1.1 200 OK"
2025-06-24 16:09:25,720 - INFO - HTTP Request: POST https://api.deepseek.com/v1/chat/completions "HTTP/1.1 200 OK"
2025-06-24 16:09:25,751 - INFO - HTTP Request: POST https://api.deepseek.com/v1/chat/completions "HTTP/1.1 200 OK"
2025-06-24 16:09:26,066 - INFO - HTTP Request: POST https://api.deepseek.com/v1/chat/completions "HTTP/1.1 200 OK"
2025-06-24 16:09:26,070 - INFO - HTTP Request: POST https://api.deepseek.com/v1/chat/completions "HTTP/1.1 200 OK"
2025-06-24 16:09:26,075 - INFO - HTTP Request: POST https://api.deepseek.com/v1/chat/completions "HTTP/1.1 200 OK"
2025-06-24 16:09:26,094 - INFO - HTTP Request: POST https://api.deepseek.com/v1/chat/completions "HTTP/1.1 200 OK"
2025-06-24 16:09:26,096 - INFO - HTTP Request: POST https://api.deepseek.com/v1/chat/completions "HTTP/1.1 200 OK"
2025-06-24 16:09:56,280 - INFO - HTTP Request: POST https://api.deepseek.com/v1/chat/completions "HTTP/1.1 200 OK"
2025-06-24 16:09:56,377 - INFO - HTTP Request: POST https://api.deepseek.com/v1/chat/completions "HTTP/1.1 200 OK"
2025-06-24 16:09:57,638 - INFO - HTTP Request: POST https://api.deepseek.com/v1/chat/completions "HTTP/1.1 200 OK"
2025-06-24 16:10:01,431 - INFO - HTTP Request: POST https://api.deepseek.com/v1/chat/completions "HTTP/1.1 200 OK"
2025-06-24 16:10:01,594 - INFO - HTTP Request: POST https://api.deepseek.com/v1/chat/completions "HTTP/1.1 200 OK"
2025-06-24 16:10:02,831 - INFO - HTTP Request: POST https://api.deepseek.com/v1/chat/completions "HTTP/1.1 200 OK"
2025-06-24 16:10:03,083 - INFO - HTTP Request: POST https://api.deepseek.com/v1/chat/completions "HTTP/1.1 200 OK"
2025-06-24 16:10:04,443 - INFO - HTTP Request: POST https://api.deepseek.com/v1/chat/completions "HTTP/1.1 200 OK"
2025-06-24 16:10:04,940 - INFO - HTTP Request: POST https://api.deepseek.com/v1/chat/completions "HTTP/1.1 200 OK"
2025-06-24 16:10:05,763 - INFO - HTTP Request: POST https://api.deepseek.com/v1/chat/completions "HTTP/1.1 200 OK"
2025-06-24 16:10:06,749 - INFO - HTTP Request: POST https://api.deepseek.com/v1/chat/completions "HTTP/1.1 200 OK"
2025-06-24 16:10:07,171 - INFO - HTTP Request: POST https://api.deepseek.com/v1/chat/completions "HTTP/1.1 200 OK"
2025-06-24 16:10:08,360 - INFO - HTTP Request: POST https://api.deepseek.com/v1/chat/completions "HTTP/1.1 200 OK"
2025-06-24 16:10:10,061 - INFO - HTTP Request: POST https://api.deepseek.com/v1/chat/completions "HTTP/1.1 200 OK"
2025-06-24 16:10:11,139 - INFO - HTTP Request: POST https://api.deepseek.com/v1/chat/completions "HTTP/1.1 200 OK"
2025-06-24 16:10:11,210 - INFO - HTTP Request: POST https://api.deepseek.com/v1/chat/completions "HTTP/1.1 200 OK"
2025-06-24 16:10:12,964 - INFO - HTTP Request: POST https://api.deepseek.com/v1/chat/completions "HTTP/1.1 200 OK"
2025-06-24 16:10:15,195 - INFO - HTTP Request: POST https://api.deepseek.com/v1/chat/completions "HTTP/1.1 200 OK"
2025-06-24 16:11:57,367 - INFO - Structures do NOT match within tolerances.
2025-06-24 16:11:57,368 - INFO - Structures do not match for index 601
2025-06-24 16:11:57,430 - INFO - Error loading CIF from string: Invalid CIF file with no structures!
2025-06-24 16:11:57,430 - INFO - Invalid generated structure for index 604
2025-06-24 16:11:57,542 - INFO - Structures do NOT match within tolerances.
2025-06-24 16:11:57,542 - INFO - Structures do not match for index 609
2025-06-24 16:11:57,620 - INFO - Structures do NOT match within tolerances.
2025-06-24 16:11:57,620 - INFO - Structures do not match for index 611
2025-06-24 16:11:57,637 - INFO - Structures do NOT match within tolerances.
2025-06-24 16:11:57,637 - INFO - Structures do not match for index 612
2025-06-24 16:11:57,641 - WARNING - D:\Codes\AtomWorld\.venv\Lib\site-packages\pymatgen\io\cif.py:1348: UserWarning: Issues encountered while parsing CIF: 11 fractional coordinates rounded to ideal values to avoid issues with finite precision.
  return self.parse_structures(*args, **kwargs)

2025-06-24 16:11:57,687 - INFO - Structures do NOT match within tolerances.
2025-06-24 16:11:57,687 - INFO - Structures do not match for index 614
2025-06-24 16:11:57,723 - INFO - Structures do NOT match within tolerances.
2025-06-24 16:11:57,723 - INFO - Structures do not match for index 616
2025-06-24 16:11:57,735 - INFO - Structures do NOT match within tolerances.
2025-06-24 16:11:57,736 - INFO - Structures do not match for index 617
2025-06-24 16:11:57,877 - INFO - Structures do NOT match within tolerances.
2025-06-24 16:11:57,877 - INFO - Structures do not match for index 621
2025-06-24 16:11:57,891 - INFO - Structures do NOT match within tolerances.
2025-06-24 16:11:57,892 - INFO - Structures do not match for index 622
2025-06-24 16:11:57,914 - INFO - Structures do NOT match within tolerances.
2025-06-24 16:11:57,914 - INFO - Structures do not match for index 623
2025-06-24 16:11:57,927 - INFO - Structures do NOT match within tolerances.
2025-06-24 16:11:57,927 - INFO - Structures do not match for index 624
2025-06-24 16:11:57,939 - INFO - Structures do NOT match within tolerances.
2025-06-24 16:11:57,939 - INFO - Structures do not match for index 625
2025-06-24 16:11:57,952 - INFO - Structures do NOT match within tolerances.
2025-06-24 16:11:57,952 - INFO - Structures do not match for index 626
2025-06-24 16:11:57,977 - INFO - Invalid generated output for index 628
2025-06-24 16:11:57,994 - INFO - Structures do NOT match within tolerances.
2025-06-24 16:11:57,994 - INFO - Structures do not match for index 629
2025-06-24 16:11:58,096 - INFO - Structures do NOT match within tolerances.
2025-06-24 16:11:58,097 - INFO - Structures do not match for index 633
2025-06-24 16:11:58,117 - INFO - Structures do NOT match within tolerances.
2025-06-24 16:11:58,118 - INFO - Structures do not match for index 634
2025-06-24 16:11:58,134 - INFO - Structures do NOT match within tolerances.
2025-06-24 16:11:58,134 - INFO - Structures do not match for index 635
2025-06-24 16:11:58,146 - INFO - Structures do NOT match within tolerances.
2025-06-24 16:11:58,146 - INFO - Structures do not match for index 636
2025-06-24 16:11:58,159 - INFO - Structures do NOT match within tolerances.
2025-06-24 16:11:58,159 - INFO - Structures do not match for index 637
2025-06-24 16:11:58,172 - INFO - Structures do NOT match within tolerances.
2025-06-24 16:11:58,172 - INFO - Structures do not match for index 638
2025-06-24 16:11:58,294 - WARNING - D:\Codes\AtomWorld\.venv\Lib\site-packages\pymatgen\core\periodic_table.py:252: UserWarning: No Pauling electronegativity for Rg. Setting to NaN. This has no physical meaning, and is mainly done to avoid errors caused by the code expecting a float.
  if not hasattr(other, "X") or not hasattr(other, "symbol"):

2025-06-24 16:11:58,294 - WARNING - D:\Codes\AtomWorld\.venv\Lib\site-packages\pymatgen\core\periodic_table.py:255: UserWarning: No Pauling electronegativity for Rg. Setting to NaN. This has no physical meaning, and is mainly done to avoid errors caused by the code expecting a float.
  x2 = float("inf") if other.X != other.X else other.X

2025-06-24 16:11:58,347 - WARNING - D:\Codes\AtomWorld\.venv\Lib\site-packages\pymatgen\io\cif.py:1313: UserWarning: Incorrect stoichiometry:
  CIF={'Hg': 12.0, 'S': 8.0, 'Br': 6.0, 'Cl': 2.0, 'Sb': 2.0}
  PMG={'Hg': 12.0, 'Sb': 1.0, 'S': 8.0, 'Br': 6.0, 'Cl': 2.0}
  ratios={'Br': 1.0, 'Sb': 0.5, 'Hg': 1.0, 'Cl': 1.0, 'S': 1.0}
  if struct := self._get_structure(data, primitive, symmetrized, check_occu=check_occu):

2025-06-24 16:11:58,358 - INFO - Structures do NOT match within tolerances.
2025-06-24 16:11:58,359 - INFO - Structures do not match for index 642
2025-06-24 16:11:58,370 - INFO - Error loading CIF from string: Invalid CIF file with no structures!
2025-06-24 16:11:58,370 - INFO - Invalid generated structure for index 643
2025-06-24 16:11:58,447 - INFO - Structures do NOT match within tolerances.
2025-06-24 16:11:58,448 - INFO - Structures do not match for index 645
2025-06-24 16:11:58,531 - INFO - Structures do NOT match within tolerances.
2025-06-24 16:11:58,531 - INFO - Structures do not match for index 648
2025-06-24 16:11:58,561 - INFO - Structures do NOT match within tolerances.
2025-06-24 16:11:58,561 - INFO - Structures do not match for index 649
2025-06-24 16:11:58,618 - INFO - HTTP Request: POST https://api.deepseek.com/v1/chat/completions "HTTP/1.1 200 OK"
2025-06-24 16:11:58,748 - INFO - HTTP Request: POST https://api.deepseek.com/v1/chat/completions "HTTP/1.1 200 OK"
2025-06-24 16:11:58,750 - INFO - HTTP Request: POST https://api.deepseek.com/v1/chat/completions "HTTP/1.1 200 OK"
2025-06-24 16:11:58,753 - INFO - HTTP Request: POST https://api.deepseek.com/v1/chat/completions "HTTP/1.1 200 OK"
2025-06-24 16:11:58,754 - INFO - HTTP Request: POST https://api.deepseek.com/v1/chat/completions "HTTP/1.1 200 OK"
2025-06-24 16:11:58,755 - INFO - HTTP Request: POST https://api.deepseek.com/v1/chat/completions "HTTP/1.1 200 OK"
2025-06-24 16:11:58,756 - INFO - HTTP Request: POST https://api.deepseek.com/v1/chat/completions "HTTP/1.1 200 OK"
2025-06-24 16:11:58,760 - INFO - HTTP Request: POST https://api.deepseek.com/v1/chat/completions "HTTP/1.1 200 OK"
2025-06-24 16:11:58,761 - INFO - HTTP Request: POST https://api.deepseek.com/v1/chat/completions "HTTP/1.1 200 OK"
2025-06-24 16:11:58,762 - INFO - HTTP Request: POST https://api.deepseek.com/v1/chat/completions "HTTP/1.1 200 OK"
2025-06-24 16:11:58,763 - INFO - HTTP Request: POST https://api.deepseek.com/v1/chat/completions "HTTP/1.1 200 OK"
2025-06-24 16:11:58,764 - INFO - HTTP Request: POST https://api.deepseek.com/v1/chat/completions "HTTP/1.1 200 OK"
2025-06-24 16:11:58,765 - INFO - HTTP Request: POST https://api.deepseek.com/v1/chat/completions "HTTP/1.1 200 OK"
2025-06-24 16:11:58,765 - INFO - HTTP Request: POST https://api.deepseek.com/v1/chat/completions "HTTP/1.1 200 OK"
2025-06-24 16:11:58,766 - INFO - HTTP Request: POST https://api.deepseek.com/v1/chat/completions "HTTP/1.1 200 OK"
2025-06-24 16:11:58,767 - INFO - HTTP Request: POST https://api.deepseek.com/v1/chat/completions "HTTP/1.1 200 OK"
2025-06-24 16:11:58,768 - INFO - HTTP Request: POST https://api.deepseek.com/v1/chat/completions "HTTP/1.1 200 OK"
2025-06-24 16:11:58,769 - INFO - HTTP Request: POST https://api.deepseek.com/v1/chat/completions "HTTP/1.1 200 OK"
2025-06-24 16:11:58,769 - INFO - HTTP Request: POST https://api.deepseek.com/v1/chat/completions "HTTP/1.1 200 OK"
2025-06-24 16:11:58,770 - INFO - HTTP Request: POST https://api.deepseek.com/v1/chat/completions "HTTP/1.1 200 OK"
2025-06-24 16:11:58,771 - INFO - HTTP Request: POST https://api.deepseek.com/v1/chat/completions "HTTP/1.1 200 OK"
2025-06-24 16:11:58,772 - INFO - HTTP Request: POST https://api.deepseek.com/v1/chat/completions "HTTP/1.1 200 OK"
2025-06-24 16:11:58,773 - INFO - HTTP Request: POST https://api.deepseek.com/v1/chat/completions "HTTP/1.1 200 OK"
2025-06-24 16:11:58,773 - INFO - HTTP Request: POST https://api.deepseek.com/v1/chat/completions "HTTP/1.1 200 OK"
2025-06-24 16:11:58,774 - INFO - HTTP Request: POST https://api.deepseek.com/v1/chat/completions "HTTP/1.1 200 OK"
2025-06-24 16:11:58,775 - INFO - HTTP Request: POST https://api.deepseek.com/v1/chat/completions "HTTP/1.1 200 OK"
2025-06-24 16:11:58,775 - INFO - HTTP Request: POST https://api.deepseek.com/v1/chat/completions "HTTP/1.1 200 OK"
2025-06-24 16:11:58,776 - INFO - HTTP Request: POST https://api.deepseek.com/v1/chat/completions "HTTP/1.1 200 OK"
2025-06-24 16:11:58,780 - INFO - HTTP Request: POST https://api.deepseek.com/v1/chat/completions "HTTP/1.1 200 OK"
2025-06-24 16:11:58,785 - INFO - HTTP Request: POST https://api.deepseek.com/v1/chat/completions "HTTP/1.1 200 OK"
2025-06-24 16:11:58,909 - INFO - HTTP Request: POST https://api.deepseek.com/v1/chat/completions "HTTP/1.1 200 OK"
2025-06-24 16:11:58,911 - INFO - HTTP Request: POST https://api.deepseek.com/v1/chat/completions "HTTP/1.1 200 OK"
2025-06-24 16:12:34,645 - INFO - HTTP Request: POST https://api.deepseek.com/v1/chat/completions "HTTP/1.1 200 OK"
2025-06-24 16:12:37,737 - INFO - HTTP Request: POST https://api.deepseek.com/v1/chat/completions "HTTP/1.1 200 OK"
2025-06-24 16:12:44,793 - INFO - HTTP Request: POST https://api.deepseek.com/v1/chat/completions "HTTP/1.1 200 OK"
2025-06-24 16:12:46,373 - INFO - HTTP Request: POST https://api.deepseek.com/v1/chat/completions "HTTP/1.1 200 OK"
2025-06-24 16:12:47,471 - INFO - HTTP Request: POST https://api.deepseek.com/v1/chat/completions "HTTP/1.1 200 OK"
2025-06-24 16:12:48,528 - INFO - HTTP Request: POST https://api.deepseek.com/v1/chat/completions "HTTP/1.1 200 OK"
2025-06-24 16:12:51,867 - INFO - HTTP Request: POST https://api.deepseek.com/v1/chat/completions "HTTP/1.1 200 OK"
2025-06-24 16:12:53,008 - INFO - HTTP Request: POST https://api.deepseek.com/v1/chat/completions "HTTP/1.1 200 OK"
2025-06-24 16:12:55,202 - INFO - HTTP Request: POST https://api.deepseek.com/v1/chat/completions "HTTP/1.1 200 OK"
2025-06-24 16:12:58,775 - INFO - HTTP Request: POST https://api.deepseek.com/v1/chat/completions "HTTP/1.1 200 OK"
2025-06-24 16:12:59,921 - INFO - HTTP Request: POST https://api.deepseek.com/v1/chat/completions "HTTP/1.1 200 OK"
2025-06-24 16:13:00,954 - INFO - HTTP Request: POST https://api.deepseek.com/v1/chat/completions "HTTP/1.1 200 OK"
2025-06-24 16:13:00,997 - INFO - HTTP Request: POST https://api.deepseek.com/v1/chat/completions "HTTP/1.1 200 OK"
2025-06-24 16:13:02,369 - INFO - HTTP Request: POST https://api.deepseek.com/v1/chat/completions "HTTP/1.1 200 OK"
2025-06-24 16:13:02,730 - INFO - HTTP Request: POST https://api.deepseek.com/v1/chat/completions "HTTP/1.1 200 OK"
2025-06-24 16:13:05,343 - INFO - HTTP Request: POST https://api.deepseek.com/v1/chat/completions "HTTP/1.1 200 OK"
2025-06-24 16:13:06,031 - INFO - HTTP Request: POST https://api.deepseek.com/v1/chat/completions "HTTP/1.1 200 OK"
2025-06-24 16:13:07,197 - INFO - HTTP Request: POST https://api.deepseek.com/v1/chat/completions "HTTP/1.1 200 OK"
2025-06-24 16:14:55,431 - WARNING - D:\Codes\AtomWorld\.venv\Lib\site-packages\pymatgen\io\cif.py:1313: UserWarning: Incorrect stoichiometry:
  CIF={'Fe': 2.0, 'P': 8.0, 'O': 24.0, 'C': 2.0}
  PMG={'Fe': 2.0, 'P': 8.0, 'C': 1.0, 'O': 24.0}
  ratios={'O': 1.0, 'Fe': 1.0, 'P': 1.0, 'C': 0.5}
  if struct := self._get_structure(data, primitive, symmetrized, check_occu=check_occu):

2025-06-24 16:14:55,457 - INFO - Structures do NOT match within tolerances.
2025-06-24 16:14:55,457 - INFO - Structures do not match for index 651
2025-06-24 16:14:55,550 - INFO - Structures do NOT match within tolerances.
2025-06-24 16:14:55,551 - INFO - Structures do not match for index 652
2025-06-24 16:14:56,694 - INFO - Structures do NOT match within tolerances.
2025-06-24 16:14:56,694 - INFO - Structures do not match for index 654
2025-06-24 16:14:56,960 - INFO - Structures do NOT match within tolerances.
2025-06-24 16:14:56,960 - INFO - Structures do not match for index 655
2025-06-24 16:14:57,014 - WARNING - D:\Codes\AtomWorld\.venv\Lib\site-packages\pymatgen\io\cif.py:1313: UserWarning: Incorrect stoichiometry:
  CIF={'Ba': 4.0, 'Ag': 24.0, 'O': 16.0, 'Cl': 4.0}
  PMG={'Ba': 4.0, 'Ag': 24.0, 'Cl': 1.0, 'O': 16.0}
  ratios={'O': 1.0, 'Ag': 1.0, 'Ba': 1.0, 'Cl': 0.25}
  if struct := self._get_structure(data, primitive, symmetrized, check_occu=check_occu):

2025-06-24 16:14:57,957 - INFO - Structures do NOT match within tolerances.
2025-06-24 16:14:57,958 - INFO - Structures do not match for index 658
2025-06-24 16:14:58,170 - WARNING - D:\Codes\AtomWorld\.venv\Lib\site-packages\pymatgen\core\periodic_table.py:252: UserWarning: No Pauling electronegativity for Nh. Setting to NaN. This has no physical meaning, and is mainly done to avoid errors caused by the code expecting a float.
  if not hasattr(other, "X") or not hasattr(other, "symbol"):

2025-06-24 16:14:58,170 - WARNING - D:\Codes\AtomWorld\.venv\Lib\site-packages\pymatgen\core\periodic_table.py:255: UserWarning: No Pauling electronegativity for Nh. Setting to NaN. This has no physical meaning, and is mainly done to avoid errors caused by the code expecting a float.
  x2 = float("inf") if other.X != other.X else other.X

2025-06-24 16:14:59,090 - INFO - Atom counts do not match for index 663
2025-06-24 16:14:59,141 - WARNING - D:\Codes\AtomWorld\.venv\Lib\site-packages\pymatgen\io\cif.py:1313: UserWarning: Incorrect stoichiometry:
  CIF={'Sm': 8.0, 'Cl': 12.0, 'O': 2.0, 'Cf': 2.0}
  PMG={'Sm': 8.0, 'Cf': 1.0, 'Cl': 12.0, 'O': 2.0}
  ratios={'O': 1.0, 'Sm': 1.0, 'Cl': 1.0, 'Cf': 0.5}
  if struct := self._get_structure(data, primitive, symmetrized, check_occu=check_occu):

2025-06-24 16:14:59,174 - INFO - Structures do NOT match within tolerances.
2025-06-24 16:14:59,174 - INFO - Structures do not match for index 664
2025-06-24 16:14:59,212 - INFO - Structures do NOT match within tolerances.
2025-06-24 16:14:59,212 - INFO - Structures do not match for index 665
2025-06-24 16:14:59,507 - INFO - Structures do NOT match within tolerances.
2025-06-24 16:14:59,507 - INFO - Structures do not match for index 668
2025-06-24 16:14:59,586 - INFO - Atom counts do not match for index 669
2025-06-24 16:14:59,641 - WARNING - D:\Codes\AtomWorld\.venv\Lib\site-packages\pymatgen\core\periodic_table.py:252: UserWarning: No Pauling electronegativity for Mt. Setting to NaN. This has no physical meaning, and is mainly done to avoid errors caused by the code expecting a float.
  if not hasattr(other, "X") or not hasattr(other, "symbol"):

2025-06-24 16:14:59,641 - WARNING - D:\Codes\AtomWorld\.venv\Lib\site-packages\pymatgen\core\periodic_table.py:255: UserWarning: No Pauling electronegativity for Mt. Setting to NaN. This has no physical meaning, and is mainly done to avoid errors caused by the code expecting a float.
  x2 = float("inf") if other.X != other.X else other.X

2025-06-24 16:15:00,187 - WARNING - D:\Codes\AtomWorld\.venv\Lib\site-packages\pymatgen\io\cif.py:1313: UserWarning: Missing elements Zn from CIF-reported composition
  if struct := self._get_structure(data, primitive, symmetrized, check_occu=check_occu):

2025-06-24 16:15:00,341 - INFO - Structures do NOT match within tolerances.
2025-06-24 16:15:00,342 - INFO - Structures do not match for index 672
2025-06-24 16:15:00,392 - INFO - Structures do NOT match within tolerances.
2025-06-24 16:15:00,393 - INFO - Structures do not match for index 673
2025-06-24 16:15:00,450 - WARNING - D:\Codes\AtomWorld\.venv\Lib\site-packages\pymatgen\io\cif.py:1313: UserWarning: Incorrect stoichiometry:
  CIF={'Sr': 22.0, 'Bi': 20.0, 'Cn': 2.0}
  PMG={'Sr': 22.0, 'Bi': 20.0, 'Cn': 1.0}
  ratios={'Bi': 1.0, 'Cn': 0.5, 'Sr': 1.0}
  if struct := self._get_structure(data, primitive, symmetrized, check_occu=check_occu):

2025-06-24 16:15:00,630 - INFO - Structures do NOT match within tolerances.
2025-06-24 16:15:00,630 - INFO - Structures do not match for index 674
2025-06-24 16:15:00,755 - INFO - Structures do NOT match within tolerances.
2025-06-24 16:15:00,755 - INFO - Structures do not match for index 676
2025-06-24 16:15:00,776 - INFO - Atom counts do not match for index 677
2025-06-24 16:15:01,456 - WARNING - D:\Codes\AtomWorld\.venv\Lib\site-packages\pymatgen\io\cif.py:1313: UserWarning: Incorrect stoichiometry:
  CIF={'Na': 16.0, 'Sn': 2.0, 'Sb': 8.0, 'Ce': 2.0}
  PMG={'Na': 16.0, 'Ce': 1.0, 'Sn': 2.0, 'Sb': 8.0}
  ratios={'Ce': 0.5, 'Sb': 1.0, 'Sn': 1.0, 'Na': 1.0}
  if struct := self._get_structure(data, primitive, symmetrized, check_occu=check_occu):

2025-06-24 16:15:01,628 - WARNING - D:\Codes\AtomWorld\.venv\Lib\site-packages\pymatgen\io\cif.py:1313: UserWarning: Incorrect stoichiometry:
  CIF={'Ca': 28.0, 'Sn': 24.0, 'B': 4.0}
  PMG={'Ca': 28.0, 'Sn': 24.0, 'B': 1.0}
  ratios={'B': 0.25, 'Sn': 1.0, 'Ca': 1.0}
  if struct := self._get_structure(data, primitive, symmetrized, check_occu=check_occu):

2025-06-24 16:15:02,985 - INFO - Error loading CIF from string: Invalid CIF file with no structures!
2025-06-24 16:15:02,985 - INFO - Invalid generated structure for index 685
2025-06-24 16:15:03,212 - INFO - Structures do NOT match within tolerances.
2025-06-24 16:15:03,212 - INFO - Structures do not match for index 686
2025-06-24 16:15:03,361 - INFO - Structures do NOT match within tolerances.
2025-06-24 16:15:03,362 - INFO - Structures do not match for index 687
2025-06-24 16:15:06,128 - INFO - Structures do NOT match within tolerances.
2025-06-24 16:15:06,129 - INFO - Structures do not match for index 689
2025-06-24 16:15:06,254 - WARNING - D:\Codes\AtomWorld\.venv\Lib\site-packages\pymatgen\io\cif.py:1313: UserWarning: Incorrect stoichiometry:
  CIF={'V': 16.0, 'Ni': 4.0, 'O': 30.0, 'F': 2.0}
  PMG={'V': 16.0, 'Ni': 4.0, 'O': 30.0, 'F': 1.0}
  ratios={'O': 1.0, 'V': 1.0, 'F': 0.5, 'Ni': 1.0}
  if struct := self._get_structure(data, primitive, symmetrized, check_occu=check_occu):

2025-06-24 16:15:07,571 - INFO - Structures do NOT match within tolerances.
2025-06-24 16:15:07,572 - INFO - Structures do not match for index 693
2025-06-24 16:15:07,699 - INFO - Structures do NOT match within tolerances.
2025-06-24 16:15:07,699 - INFO - Structures do not match for index 694
2025-06-24 16:15:08,764 - INFO - Structures do NOT match within tolerances.
2025-06-24 16:15:08,764 - INFO - Structures do not match for index 698
2025-06-24 16:15:09,151 - INFO - HTTP Request: POST https://api.deepseek.com/v1/chat/completions "HTTP/1.1 200 OK"
2025-06-24 16:15:09,152 - INFO - HTTP Request: POST https://api.deepseek.com/v1/chat/completions "HTTP/1.1 200 OK"
2025-06-24 16:15:09,154 - INFO - HTTP Request: POST https://api.deepseek.com/v1/chat/completions "HTTP/1.1 200 OK"
2025-06-24 16:15:09,156 - INFO - HTTP Request: POST https://api.deepseek.com/v1/chat/completions "HTTP/1.1 200 OK"
2025-06-24 16:15:09,157 - INFO - HTTP Request: POST https://api.deepseek.com/v1/chat/completions "HTTP/1.1 200 OK"
2025-06-24 16:15:09,160 - INFO - HTTP Request: POST https://api.deepseek.com/v1/chat/completions "HTTP/1.1 200 OK"
2025-06-24 16:15:09,165 - INFO - HTTP Request: POST https://api.deepseek.com/v1/chat/completions "HTTP/1.1 200 OK"
2025-06-24 16:15:09,166 - INFO - HTTP Request: POST https://api.deepseek.com/v1/chat/completions "HTTP/1.1 200 OK"
2025-06-24 16:15:09,167 - INFO - HTTP Request: POST https://api.deepseek.com/v1/chat/completions "HTTP/1.1 200 OK"
2025-06-24 16:15:09,178 - INFO - HTTP Request: POST https://api.deepseek.com/v1/chat/completions "HTTP/1.1 200 OK"
2025-06-24 16:15:09,219 - INFO - HTTP Request: POST https://api.deepseek.com/v1/chat/completions "HTTP/1.1 200 OK"
2025-06-24 16:15:09,253 - INFO - HTTP Request: POST https://api.deepseek.com/v1/chat/completions "HTTP/1.1 200 OK"
2025-06-24 16:15:09,259 - INFO - HTTP Request: POST https://api.deepseek.com/v1/chat/completions "HTTP/1.1 200 OK"
2025-06-24 16:15:09,267 - INFO - HTTP Request: POST https://api.deepseek.com/v1/chat/completions "HTTP/1.1 200 OK"
2025-06-24 16:15:09,282 - INFO - HTTP Request: POST https://api.deepseek.com/v1/chat/completions "HTTP/1.1 200 OK"
2025-06-24 16:15:09,285 - INFO - HTTP Request: POST https://api.deepseek.com/v1/chat/completions "HTTP/1.1 200 OK"
2025-06-24 16:15:09,292 - INFO - HTTP Request: POST https://api.deepseek.com/v1/chat/completions "HTTP/1.1 200 OK"
2025-06-24 16:15:09,295 - INFO - HTTP Request: POST https://api.deepseek.com/v1/chat/completions "HTTP/1.1 200 OK"
2025-06-24 16:15:09,305 - INFO - HTTP Request: POST https://api.deepseek.com/v1/chat/completions "HTTP/1.1 200 OK"
2025-06-24 16:15:09,306 - INFO - HTTP Request: POST https://api.deepseek.com/v1/chat/completions "HTTP/1.1 200 OK"
2025-06-24 16:15:09,306 - INFO - HTTP Request: POST https://api.deepseek.com/v1/chat/completions "HTTP/1.1 200 OK"
2025-06-24 16:15:09,306 - INFO - HTTP Request: POST https://api.deepseek.com/v1/chat/completions "HTTP/1.1 200 OK"
2025-06-24 16:15:09,307 - INFO - HTTP Request: POST https://api.deepseek.com/v1/chat/completions "HTTP/1.1 200 OK"
2025-06-24 16:15:09,307 - INFO - HTTP Request: POST https://api.deepseek.com/v1/chat/completions "HTTP/1.1 200 OK"
2025-06-24 16:15:09,308 - INFO - HTTP Request: POST https://api.deepseek.com/v1/chat/completions "HTTP/1.1 200 OK"
2025-06-24 16:15:09,308 - INFO - HTTP Request: POST https://api.deepseek.com/v1/chat/completions "HTTP/1.1 200 OK"
2025-06-24 16:15:09,314 - INFO - HTTP Request: POST https://api.deepseek.com/v1/chat/completions "HTTP/1.1 200 OK"
2025-06-24 16:15:09,374 - INFO - HTTP Request: POST https://api.deepseek.com/v1/chat/completions "HTTP/1.1 200 OK"
2025-06-24 16:15:09,469 - INFO - HTTP Request: POST https://api.deepseek.com/v1/chat/completions "HTTP/1.1 200 OK"
2025-06-24 16:15:09,525 - INFO - HTTP Request: POST https://api.deepseek.com/v1/chat/completions "HTTP/1.1 200 OK"
2025-06-24 16:15:09,527 - INFO - HTTP Request: POST https://api.deepseek.com/v1/chat/completions "HTTP/1.1 200 OK"
2025-06-24 16:15:09,528 - INFO - HTTP Request: POST https://api.deepseek.com/v1/chat/completions "HTTP/1.1 200 OK"
2025-06-24 16:15:47,389 - INFO - HTTP Request: POST https://api.deepseek.com/v1/chat/completions "HTTP/1.1 200 OK"
2025-06-24 16:15:48,306 - INFO - HTTP Request: POST https://api.deepseek.com/v1/chat/completions "HTTP/1.1 200 OK"
2025-06-24 16:15:49,713 - INFO - HTTP Request: POST https://api.deepseek.com/v1/chat/completions "HTTP/1.1 200 OK"
2025-06-24 16:15:50,126 - INFO - HTTP Request: POST https://api.deepseek.com/v1/chat/completions "HTTP/1.1 200 OK"
2025-06-24 16:15:51,422 - INFO - HTTP Request: POST https://api.deepseek.com/v1/chat/completions "HTTP/1.1 200 OK"
2025-06-24 16:15:56,111 - INFO - HTTP Request: POST https://api.deepseek.com/v1/chat/completions "HTTP/1.1 200 OK"
2025-06-24 16:15:58,905 - INFO - HTTP Request: POST https://api.deepseek.com/v1/chat/completions "HTTP/1.1 200 OK"
2025-06-24 16:16:00,971 - INFO - HTTP Request: POST https://api.deepseek.com/v1/chat/completions "HTTP/1.1 200 OK"
2025-06-24 16:16:02,736 - INFO - HTTP Request: POST https://api.deepseek.com/v1/chat/completions "HTTP/1.1 200 OK"
2025-06-24 16:16:03,150 - INFO - HTTP Request: POST https://api.deepseek.com/v1/chat/completions "HTTP/1.1 200 OK"
2025-06-24 16:16:04,430 - INFO - HTTP Request: POST https://api.deepseek.com/v1/chat/completions "HTTP/1.1 200 OK"
2025-06-24 16:16:08,228 - INFO - HTTP Request: POST https://api.deepseek.com/v1/chat/completions "HTTP/1.1 200 OK"
2025-06-24 16:16:08,246 - INFO - HTTP Request: POST https://api.deepseek.com/v1/chat/completions "HTTP/1.1 200 OK"
2025-06-24 16:16:08,467 - INFO - HTTP Request: POST https://api.deepseek.com/v1/chat/completions "HTTP/1.1 200 OK"
2025-06-24 16:16:08,668 - INFO - HTTP Request: POST https://api.deepseek.com/v1/chat/completions "HTTP/1.1 200 OK"
2025-06-24 16:16:13,249 - INFO - HTTP Request: POST https://api.deepseek.com/v1/chat/completions "HTTP/1.1 200 OK"
2025-06-24 16:16:13,891 - INFO - HTTP Request: POST https://api.deepseek.com/v1/chat/completions "HTTP/1.1 200 OK"
2025-06-24 16:16:14,584 - INFO - HTTP Request: POST https://api.deepseek.com/v1/chat/completions "HTTP/1.1 200 OK"
2025-06-24 16:17:54,683 - INFO - Structures do NOT match within tolerances.
2025-06-24 16:17:54,683 - INFO - Structures do not match for index 701
2025-06-24 16:17:54,816 - INFO - Structures do NOT match within tolerances.
2025-06-24 16:17:54,816 - INFO - Structures do not match for index 702
2025-06-24 16:17:55,124 - INFO - Structures do NOT match within tolerances.
2025-06-24 16:17:55,124 - INFO - Structures do not match for index 703
2025-06-24 16:17:55,954 - INFO - Atom counts do not match for index 706
2025-06-24 16:17:55,993 - INFO - Structures do NOT match within tolerances.
2025-06-24 16:17:55,993 - INFO - Structures do not match for index 707
2025-06-24 16:17:56,106 - INFO - Structures do NOT match within tolerances.
2025-06-24 16:17:56,107 - INFO - Structures do not match for index 708
2025-06-24 16:17:56,268 - INFO - Structures do NOT match within tolerances.
2025-06-24 16:17:56,269 - INFO - Structures do not match for index 709
2025-06-24 16:17:56,526 - INFO - Structures do NOT match within tolerances.
2025-06-24 16:17:56,526 - INFO - Structures do not match for index 711
2025-06-24 16:17:56,824 - INFO - Structures do NOT match within tolerances.
2025-06-24 16:17:56,824 - INFO - Structures do not match for index 712
2025-06-24 16:17:56,865 - WARNING - D:\Codes\AtomWorld\.venv\Lib\site-packages\pymatgen\io\cif.py:1313: UserWarning: Incorrect stoichiometry:
  CIF={'Sc': 4.0, 'Ga': 2.0, 'B': 4.0, 'Rh': 10.0, 'At': 2.0}
  PMG={'Sc': 4.0, 'Ga': 2.0, 'B': 4.0, 'At': 1.0, 'Rh': 10.0}
  ratios={'At': 0.5, 'Rh': 1.0, 'Ga': 1.0, 'B': 1.0, 'Sc': 1.0}
  if struct := self._get_structure(data, primitive, symmetrized, check_occu=check_occu):

2025-06-24 16:17:57,218 - INFO - Error loading CIF from string: Invalid CIF file with no structures!
2025-06-24 16:17:57,218 - INFO - Invalid generated structure for index 715
2025-06-24 16:17:57,219 - INFO - Invalid generated output for index 716
2025-06-24 16:17:58,299 - INFO - Structures do NOT match within tolerances.
2025-06-24 16:17:58,299 - INFO - Structures do not match for index 720
2025-06-24 16:17:58,452 - INFO - Structures do NOT match within tolerances.
2025-06-24 16:17:58,452 - INFO - Structures do not match for index 721
2025-06-24 16:17:59,797 - WARNING - D:\Codes\AtomWorld\.venv\Lib\site-packages\pymatgen\io\cif.py:1313: UserWarning: Missing elements Ti from CIF-reported composition
  if struct := self._get_structure(data, primitive, symmetrized, check_occu=check_occu):

2025-06-24 16:17:59,901 - INFO - Atom counts do not match for index 726
2025-06-24 16:17:59,950 - INFO - Atom counts do not match for index 727
2025-06-24 16:17:59,980 - WARNING - D:\Codes\AtomWorld\.venv\Lib\site-packages\pymatgen\io\cif.py:1313: UserWarning: Missing elements Gd from CIF-reported composition
  if struct := self._get_structure(data, primitive, symmetrized, check_occu=check_occu):

2025-06-24 16:18:00,003 - INFO - Structures do NOT match within tolerances.
2025-06-24 16:18:00,004 - INFO - Structures do not match for index 728
2025-06-24 16:18:00,054 - INFO - Structures do NOT match within tolerances.
2025-06-24 16:18:00,054 - INFO - Structures do not match for index 729
2025-06-24 16:18:00,107 - WARNING - D:\Codes\AtomWorld\.venv\Lib\site-packages\pymatgen\io\cif.py:1313: UserWarning: Incorrect stoichiometry:
  CIF={'Na': 6.0, 'Ce': 4.0, 'C': 8.0, 'O': 24.0, 'F': 2.0, 'Pb': 2.0}
  PMG={'Na': 6.0, 'Ce': 4.0, 'Pb': 1.0, 'C': 8.0, 'O': 24.0, 'F': 2.0}
  ratios={'Na': 1.0, 'C': 1.0, 'F': 1.0, 'Ce': 1.0, 'O': 1.0, 'Pb': 0.5}
  if struct := self._get_structure(data, primitive, symmetrized, check_occu=check_occu):

2025-06-24 16:18:00,423 - INFO - Structures do NOT match within tolerances.
2025-06-24 16:18:00,423 - INFO - Structures do not match for index 732
2025-06-24 16:18:00,999 - INFO - Atom counts do not match for index 734
2025-06-24 16:18:01,084 - INFO - Structures do NOT match within tolerances.
2025-06-24 16:18:01,084 - INFO - Structures do not match for index 735
2025-06-24 16:18:02,388 - INFO - Structures do NOT match within tolerances.
2025-06-24 16:18:02,388 - INFO - Structures do not match for index 741
2025-06-24 16:18:02,852 - INFO - Structures do NOT match within tolerances.
2025-06-24 16:18:02,852 - INFO - Structures do not match for index 743
2025-06-24 16:18:02,946 - WARNING - D:\Codes\AtomWorld\.venv\Lib\site-packages\pymatgen\io\cif.py:1313: UserWarning: Incorrect stoichiometry:
  CIF={'Rb': 4.0, 'Sb': 8.0, 'O': 22.0, 'H': 2.0}
  PMG={'Rb': 4.0, 'Sb': 8.0, 'H': 1.0, 'O': 22.0}
  ratios={'O': 1.0, 'Sb': 1.0, 'Rb': 1.0, 'H': 0.5}
  if struct := self._get_structure(data, primitive, symmetrized, check_occu=check_occu):

2025-06-24 16:18:02,994 - INFO - Structures do NOT match within tolerances.
2025-06-24 16:18:02,995 - INFO - Structures do not match for index 744
2025-06-24 16:18:03,048 - INFO - Atom counts do not match for index 745
2025-06-24 16:18:03,413 - WARNING - D:\Codes\AtomWorld\.venv\Lib\site-packages\pymatgen\io\cif.py:1313: UserWarning: Missing elements Cu from CIF-reported composition
  if struct := self._get_structure(data, primitive, symmetrized, check_occu=check_occu):

2025-06-24 16:18:03,693 - INFO - Structures do NOT match within tolerances.
2025-06-24 16:18:03,693 - INFO - Structures do not match for index 749
2025-06-24 16:18:03,855 - INFO - HTTP Request: POST https://api.deepseek.com/v1/chat/completions "HTTP/1.1 200 OK"
2025-06-24 16:18:03,859 - INFO - HTTP Request: POST https://api.deepseek.com/v1/chat/completions "HTTP/1.1 200 OK"
2025-06-24 16:18:03,866 - INFO - HTTP Request: POST https://api.deepseek.com/v1/chat/completions "HTTP/1.1 200 OK"
2025-06-24 16:18:03,867 - INFO - HTTP Request: POST https://api.deepseek.com/v1/chat/completions "HTTP/1.1 200 OK"
2025-06-24 16:18:03,869 - INFO - HTTP Request: POST https://api.deepseek.com/v1/chat/completions "HTTP/1.1 200 OK"
2025-06-24 16:18:03,871 - INFO - HTTP Request: POST https://api.deepseek.com/v1/chat/completions "HTTP/1.1 200 OK"
2025-06-24 16:18:03,873 - INFO - HTTP Request: POST https://api.deepseek.com/v1/chat/completions "HTTP/1.1 200 OK"
2025-06-24 16:18:03,877 - INFO - HTTP Request: POST https://api.deepseek.com/v1/chat/completions "HTTP/1.1 200 OK"
2025-06-24 16:18:03,878 - INFO - HTTP Request: POST https://api.deepseek.com/v1/chat/completions "HTTP/1.1 200 OK"
2025-06-24 16:18:03,882 - INFO - HTTP Request: POST https://api.deepseek.com/v1/chat/completions "HTTP/1.1 200 OK"
2025-06-24 16:18:03,886 - INFO - HTTP Request: POST https://api.deepseek.com/v1/chat/completions "HTTP/1.1 200 OK"
2025-06-24 16:18:03,900 - INFO - HTTP Request: POST https://api.deepseek.com/v1/chat/completions "HTTP/1.1 200 OK"
2025-06-24 16:18:03,904 - INFO - HTTP Request: POST https://api.deepseek.com/v1/chat/completions "HTTP/1.1 200 OK"
2025-06-24 16:18:03,905 - INFO - HTTP Request: POST https://api.deepseek.com/v1/chat/completions "HTTP/1.1 200 OK"
2025-06-24 16:18:03,907 - INFO - HTTP Request: POST https://api.deepseek.com/v1/chat/completions "HTTP/1.1 200 OK"
2025-06-24 16:18:03,908 - INFO - HTTP Request: POST https://api.deepseek.com/v1/chat/completions "HTTP/1.1 200 OK"
2025-06-24 16:18:03,910 - INFO - HTTP Request: POST https://api.deepseek.com/v1/chat/completions "HTTP/1.1 200 OK"
2025-06-24 16:18:03,910 - INFO - HTTP Request: POST https://api.deepseek.com/v1/chat/completions "HTTP/1.1 200 OK"
2025-06-24 16:18:03,911 - INFO - HTTP Request: POST https://api.deepseek.com/v1/chat/completions "HTTP/1.1 200 OK"
2025-06-24 16:18:03,911 - INFO - HTTP Request: POST https://api.deepseek.com/v1/chat/completions "HTTP/1.1 200 OK"
2025-06-24 16:18:03,914 - INFO - HTTP Request: POST https://api.deepseek.com/v1/chat/completions "HTTP/1.1 200 OK"
2025-06-24 16:18:03,918 - INFO - HTTP Request: POST https://api.deepseek.com/v1/chat/completions "HTTP/1.1 200 OK"
2025-06-24 16:18:03,919 - INFO - HTTP Request: POST https://api.deepseek.com/v1/chat/completions "HTTP/1.1 200 OK"
2025-06-24 16:18:03,920 - INFO - HTTP Request: POST https://api.deepseek.com/v1/chat/completions "HTTP/1.1 200 OK"
2025-06-24 16:18:03,923 - INFO - HTTP Request: POST https://api.deepseek.com/v1/chat/completions "HTTP/1.1 200 OK"
2025-06-24 16:18:03,931 - INFO - HTTP Request: POST https://api.deepseek.com/v1/chat/completions "HTTP/1.1 200 OK"
2025-06-24 16:18:03,936 - INFO - HTTP Request: POST https://api.deepseek.com/v1/chat/completions "HTTP/1.1 200 OK"
2025-06-24 16:18:03,937 - INFO - HTTP Request: POST https://api.deepseek.com/v1/chat/completions "HTTP/1.1 200 OK"
2025-06-24 16:18:03,948 - INFO - HTTP Request: POST https://api.deepseek.com/v1/chat/completions "HTTP/1.1 200 OK"
2025-06-24 16:18:03,949 - INFO - HTTP Request: POST https://api.deepseek.com/v1/chat/completions "HTTP/1.1 200 OK"
2025-06-24 16:18:03,950 - INFO - HTTP Request: POST https://api.deepseek.com/v1/chat/completions "HTTP/1.1 200 OK"
2025-06-24 16:18:03,951 - INFO - HTTP Request: POST https://api.deepseek.com/v1/chat/completions "HTTP/1.1 200 OK"
2025-06-24 16:18:36,985 - INFO - HTTP Request: POST https://api.deepseek.com/v1/chat/completions "HTTP/1.1 200 OK"
2025-06-24 16:18:37,043 - INFO - HTTP Request: POST https://api.deepseek.com/v1/chat/completions "HTTP/1.1 200 OK"
2025-06-24 16:18:41,394 - INFO - HTTP Request: POST https://api.deepseek.com/v1/chat/completions "HTTP/1.1 200 OK"
2025-06-24 16:18:41,596 - INFO - HTTP Request: POST https://api.deepseek.com/v1/chat/completions "HTTP/1.1 200 OK"
2025-06-24 16:18:43,559 - INFO - HTTP Request: POST https://api.deepseek.com/v1/chat/completions "HTTP/1.1 200 OK"
2025-06-24 16:18:43,923 - INFO - HTTP Request: POST https://api.deepseek.com/v1/chat/completions "HTTP/1.1 200 OK"
2025-06-24 16:18:46,163 - INFO - HTTP Request: POST https://api.deepseek.com/v1/chat/completions "HTTP/1.1 200 OK"
2025-06-24 16:18:50,012 - INFO - HTTP Request: POST https://api.deepseek.com/v1/chat/completions "HTTP/1.1 200 OK"
2025-06-24 16:18:53,574 - INFO - HTTP Request: POST https://api.deepseek.com/v1/chat/completions "HTTP/1.1 200 OK"
2025-06-24 16:18:54,181 - INFO - HTTP Request: POST https://api.deepseek.com/v1/chat/completions "HTTP/1.1 200 OK"
2025-06-24 16:18:54,352 - INFO - HTTP Request: POST https://api.deepseek.com/v1/chat/completions "HTTP/1.1 200 OK"
2025-06-24 16:18:56,655 - INFO - HTTP Request: POST https://api.deepseek.com/v1/chat/completions "HTTP/1.1 200 OK"
2025-06-24 16:19:00,669 - INFO - HTTP Request: POST https://api.deepseek.com/v1/chat/completions "HTTP/1.1 200 OK"
2025-06-24 16:19:03,779 - INFO - HTTP Request: POST https://api.deepseek.com/v1/chat/completions "HTTP/1.1 200 OK"
2025-06-24 16:19:04,753 - INFO - HTTP Request: POST https://api.deepseek.com/v1/chat/completions "HTTP/1.1 200 OK"
2025-06-24 16:19:06,110 - INFO - HTTP Request: POST https://api.deepseek.com/v1/chat/completions "HTTP/1.1 200 OK"
2025-06-24 16:19:06,135 - INFO - HTTP Request: POST https://api.deepseek.com/v1/chat/completions "HTTP/1.1 200 OK"
2025-06-24 16:19:06,889 - INFO - HTTP Request: POST https://api.deepseek.com/v1/chat/completions "HTTP/1.1 200 OK"
2025-06-24 16:20:22,702 - INFO - Atom counts do not match for index 750
2025-06-24 16:20:23,217 - INFO - Structures do NOT match within tolerances.
2025-06-24 16:20:23,217 - INFO - Structures do not match for index 754
2025-06-24 16:20:23,656 - INFO - Structures do NOT match within tolerances.
2025-06-24 16:20:23,656 - INFO - Structures do not match for index 756
2025-06-24 16:20:26,079 - INFO - Structures do NOT match within tolerances.
2025-06-24 16:20:26,079 - INFO - Structures do not match for index 763
2025-06-24 16:20:26,141 - WARNING - D:\Codes\AtomWorld\.venv\Lib\site-packages\pymatgen\io\cif.py:1348: UserWarning: Issues encountered while parsing CIF: 26 fractional coordinates rounded to ideal values to avoid issues with finite precision.
  return self.parse_structures(*args, **kwargs)

2025-06-24 16:20:26,227 - INFO - Structures do NOT match within tolerances.
2025-06-24 16:20:26,228 - INFO - Structures do not match for index 764
2025-06-24 16:20:26,388 - INFO - Structures do NOT match within tolerances.
2025-06-24 16:20:26,389 - INFO - Structures do not match for index 765
2025-06-24 16:20:26,480 - INFO - Structures do NOT match within tolerances.
2025-06-24 16:20:26,480 - INFO - Structures do not match for index 766
2025-06-24 16:20:26,541 - WARNING - D:\Codes\AtomWorld\.venv\Lib\site-packages\pymatgen\io\cif.py:1313: UserWarning: Missing elements Am from CIF-reported composition
  if struct := self._get_structure(data, primitive, symmetrized, check_occu=check_occu):

2025-06-24 16:20:28,709 - INFO - Atom counts do not match for index 773
2025-06-24 16:20:29,308 - WARNING - D:\Codes\AtomWorld\.venv\Lib\site-packages\pymatgen\io\cif.py:1313: UserWarning: Missing elements In from CIF-reported composition
  if struct := self._get_structure(data, primitive, symmetrized, check_occu=check_occu):

2025-06-24 16:20:29,442 - INFO - Structures do NOT match within tolerances.
2025-06-24 16:20:29,442 - INFO - Structures do not match for index 780
2025-06-24 16:20:30,320 - WARNING - D:\Codes\AtomWorld\.venv\Lib\site-packages\pymatgen\io\cif.py:1313: UserWarning: Incorrect stoichiometry:
  CIF={'Tb': 3.0, 'Ga': 6.0, 'Co': 9.0, 'Nb': 3.0}
  PMG={'Tb': 3.0, 'Nb': 1.0, 'Ga': 6.0, 'Co': 9.0}
  ratios={'Ga': 1.0, 'Tb': 1.0, 'Co': 1.0, 'Nb': 0.3333333333333333}
  if struct := self._get_structure(data, primitive, symmetrized, check_occu=check_occu):

2025-06-24 16:20:30,374 - INFO - Structures do NOT match within tolerances.
2025-06-24 16:20:30,374 - INFO - Structures do not match for index 786
2025-06-24 16:20:30,997 - INFO - Structures do NOT match within tolerances.
2025-06-24 16:20:30,997 - INFO - Structures do not match for index 790
2025-06-24 16:20:31,131 - INFO - Structures do NOT match within tolerances.
2025-06-24 16:20:31,131 - INFO - Structures do not match for index 791
2025-06-24 16:20:31,233 - INFO - Structures do NOT match within tolerances.
2025-06-24 16:20:31,233 - INFO - Structures do not match for index 792
2025-06-24 16:20:31,554 - INFO - Structures do NOT match within tolerances.
2025-06-24 16:20:31,554 - INFO - Structures do not match for index 794
2025-06-24 16:20:31,642 - INFO - Structures do NOT match within tolerances.
2025-06-24 16:20:31,642 - INFO - Structures do not match for index 795
2025-06-24 16:20:32,086 - INFO - Structures do NOT match within tolerances.
2025-06-24 16:20:32,087 - INFO - Structures do not match for index 797
2025-06-24 16:20:32,262 - INFO - Structures do NOT match within tolerances.
2025-06-24 16:20:32,262 - INFO - Structures do not match for index 799
2025-06-24 16:20:32,525 - INFO - HTTP Request: POST https://api.deepseek.com/v1/chat/completions "HTTP/1.1 200 OK"
2025-06-24 16:20:32,533 - INFO - HTTP Request: POST https://api.deepseek.com/v1/chat/completions "HTTP/1.1 200 OK"
2025-06-24 16:20:32,534 - INFO - HTTP Request: POST https://api.deepseek.com/v1/chat/completions "HTTP/1.1 200 OK"
2025-06-24 16:20:32,535 - INFO - HTTP Request: POST https://api.deepseek.com/v1/chat/completions "HTTP/1.1 200 OK"
2025-06-24 16:20:32,536 - INFO - HTTP Request: POST https://api.deepseek.com/v1/chat/completions "HTTP/1.1 200 OK"
2025-06-24 16:20:32,538 - INFO - HTTP Request: POST https://api.deepseek.com/v1/chat/completions "HTTP/1.1 200 OK"
2025-06-24 16:20:32,538 - INFO - HTTP Request: POST https://api.deepseek.com/v1/chat/completions "HTTP/1.1 200 OK"
2025-06-24 16:20:32,540 - INFO - HTTP Request: POST https://api.deepseek.com/v1/chat/completions "HTTP/1.1 200 OK"
2025-06-24 16:20:32,541 - INFO - HTTP Request: POST https://api.deepseek.com/v1/chat/completions "HTTP/1.1 200 OK"
2025-06-24 16:20:32,542 - INFO - HTTP Request: POST https://api.deepseek.com/v1/chat/completions "HTTP/1.1 200 OK"
2025-06-24 16:20:32,543 - INFO - HTTP Request: POST https://api.deepseek.com/v1/chat/completions "HTTP/1.1 200 OK"
2025-06-24 16:20:32,545 - INFO - HTTP Request: POST https://api.deepseek.com/v1/chat/completions "HTTP/1.1 200 OK"
2025-06-24 16:20:32,546 - INFO - HTTP Request: POST https://api.deepseek.com/v1/chat/completions "HTTP/1.1 200 OK"
2025-06-24 16:20:32,547 - INFO - HTTP Request: POST https://api.deepseek.com/v1/chat/completions "HTTP/1.1 200 OK"
2025-06-24 16:20:32,547 - INFO - HTTP Request: POST https://api.deepseek.com/v1/chat/completions "HTTP/1.1 200 OK"
2025-06-24 16:20:32,548 - INFO - HTTP Request: POST https://api.deepseek.com/v1/chat/completions "HTTP/1.1 200 OK"
2025-06-24 16:20:32,549 - INFO - HTTP Request: POST https://api.deepseek.com/v1/chat/completions "HTTP/1.1 200 OK"
2025-06-24 16:20:32,550 - INFO - HTTP Request: POST https://api.deepseek.com/v1/chat/completions "HTTP/1.1 200 OK"
2025-06-24 16:20:32,551 - INFO - HTTP Request: POST https://api.deepseek.com/v1/chat/completions "HTTP/1.1 200 OK"
2025-06-24 16:20:32,552 - INFO - HTTP Request: POST https://api.deepseek.com/v1/chat/completions "HTTP/1.1 200 OK"
2025-06-24 16:20:32,553 - INFO - HTTP Request: POST https://api.deepseek.com/v1/chat/completions "HTTP/1.1 200 OK"
2025-06-24 16:20:32,554 - INFO - HTTP Request: POST https://api.deepseek.com/v1/chat/completions "HTTP/1.1 200 OK"
2025-06-24 16:20:32,554 - INFO - HTTP Request: POST https://api.deepseek.com/v1/chat/completions "HTTP/1.1 200 OK"
2025-06-24 16:20:32,559 - INFO - HTTP Request: POST https://api.deepseek.com/v1/chat/completions "HTTP/1.1 200 OK"
2025-06-24 16:20:32,565 - INFO - HTTP Request: POST https://api.deepseek.com/v1/chat/completions "HTTP/1.1 200 OK"
2025-06-24 16:20:32,566 - INFO - HTTP Request: POST https://api.deepseek.com/v1/chat/completions "HTTP/1.1 200 OK"
2025-06-24 16:20:32,570 - INFO - HTTP Request: POST https://api.deepseek.com/v1/chat/completions "HTTP/1.1 200 OK"
2025-06-24 16:20:32,573 - INFO - HTTP Request: POST https://api.deepseek.com/v1/chat/completions "HTTP/1.1 200 OK"
2025-06-24 16:20:32,574 - INFO - HTTP Request: POST https://api.deepseek.com/v1/chat/completions "HTTP/1.1 200 OK"
2025-06-24 16:20:32,578 - INFO - HTTP Request: POST https://api.deepseek.com/v1/chat/completions "HTTP/1.1 200 OK"
2025-06-24 16:20:32,594 - INFO - HTTP Request: POST https://api.deepseek.com/v1/chat/completions "HTTP/1.1 200 OK"
2025-06-24 16:20:32,613 - INFO - HTTP Request: POST https://api.deepseek.com/v1/chat/completions "HTTP/1.1 200 OK"
2025-06-24 16:21:05,883 - INFO - HTTP Request: POST https://api.deepseek.com/v1/chat/completions "HTTP/1.1 200 OK"
2025-06-24 16:21:10,244 - INFO - HTTP Request: POST https://api.deepseek.com/v1/chat/completions "HTTP/1.1 200 OK"
2025-06-24 16:21:14,553 - INFO - HTTP Request: POST https://api.deepseek.com/v1/chat/completions "HTTP/1.1 200 OK"
2025-06-24 16:21:15,185 - INFO - HTTP Request: POST https://api.deepseek.com/v1/chat/completions "HTTP/1.1 200 OK"
2025-06-24 16:21:22,341 - INFO - HTTP Request: POST https://api.deepseek.com/v1/chat/completions "HTTP/1.1 200 OK"
2025-06-24 16:21:22,966 - INFO - HTTP Request: POST https://api.deepseek.com/v1/chat/completions "HTTP/1.1 200 OK"
2025-06-24 16:21:25,153 - INFO - HTTP Request: POST https://api.deepseek.com/v1/chat/completions "HTTP/1.1 200 OK"
2025-06-24 16:21:25,530 - INFO - HTTP Request: POST https://api.deepseek.com/v1/chat/completions "HTTP/1.1 200 OK"
2025-06-24 16:21:26,848 - INFO - HTTP Request: POST https://api.deepseek.com/v1/chat/completions "HTTP/1.1 200 OK"
2025-06-24 16:21:29,448 - INFO - HTTP Request: POST https://api.deepseek.com/v1/chat/completions "HTTP/1.1 200 OK"
2025-06-24 16:21:31,277 - INFO - HTTP Request: POST https://api.deepseek.com/v1/chat/completions "HTTP/1.1 200 OK"
2025-06-24 16:21:32,344 - INFO - HTTP Request: POST https://api.deepseek.com/v1/chat/completions "HTTP/1.1 200 OK"
2025-06-24 16:21:32,894 - INFO - HTTP Request: POST https://api.deepseek.com/v1/chat/completions "HTTP/1.1 200 OK"
2025-06-24 16:21:33,913 - INFO - HTTP Request: POST https://api.deepseek.com/v1/chat/completions "HTTP/1.1 200 OK"
2025-06-24 16:21:37,438 - INFO - HTTP Request: POST https://api.deepseek.com/v1/chat/completions "HTTP/1.1 200 OK"
2025-06-24 16:21:38,452 - INFO - HTTP Request: POST https://api.deepseek.com/v1/chat/completions "HTTP/1.1 200 OK"
2025-06-24 16:21:42,252 - INFO - HTTP Request: POST https://api.deepseek.com/v1/chat/completions "HTTP/1.1 200 OK"
2025-06-24 16:21:43,580 - INFO - HTTP Request: POST https://api.deepseek.com/v1/chat/completions "HTTP/1.1 200 OK"
2025-06-24 16:23:21,266 - INFO - Atom counts do not match for index 800
2025-06-24 16:23:21,407 - WARNING - D:\Codes\AtomWorld\.venv\Lib\site-packages\pymatgen\io\cif.py:1313: UserWarning: Some occupancies ([2.0, 2.0]) sum to > 1! If they are within the occupancy_tolerance, they will be rescaled. The current occupancy_tolerance is set to: 1.0
  if struct := self._get_structure(data, primitive, symmetrized, check_occu=check_occu):

2025-06-24 16:23:21,413 - WARNING - D:\Codes\AtomWorld\.venv\Lib\site-packages\pymatgen\io\cif.py:1348: UserWarning: Issues encountered while parsing CIF: Some occupancies ([2.0, 2.0]) sum to > 1! If they are within the occupancy_tolerance, they will be rescaled. The current occupancy_tolerance is set to: 1.0
No structure parsed for section 1 in CIF.
Occupancy 2.0 exceeded tolerance.
  return self.parse_structures(*args, **kwargs)

2025-06-24 16:23:21,413 - INFO - Error loading CIF from string: Invalid CIF file with no structures!
2025-06-24 16:23:21,413 - INFO - Invalid generated structure for index 802
2025-06-24 16:23:21,535 - INFO - Structures do NOT match within tolerances.
2025-06-24 16:23:21,535 - INFO - Structures do not match for index 803
2025-06-24 16:23:22,936 - INFO - Atom counts do not match for index 806
2025-06-24 16:23:23,345 - INFO - Structures do NOT match within tolerances.
2025-06-24 16:23:23,346 - INFO - Structures do not match for index 808
2025-06-24 16:23:23,489 - INFO - Error loading CIF from string: Invalid CIF file with no structures!
2025-06-24 16:23:23,489 - INFO - Invalid generated structure for index 809
2025-06-24 16:23:23,592 - INFO - Structures do NOT match within tolerances.
2025-06-24 16:23:23,592 - INFO - Structures do not match for index 810
2025-06-24 16:23:23,669 - INFO - Structures do NOT match within tolerances.
2025-06-24 16:23:23,669 - INFO - Structures do not match for index 811
2025-06-24 16:23:23,874 - INFO - Structures do NOT match within tolerances.
2025-06-24 16:23:23,874 - INFO - Structures do not match for index 813
2025-06-24 16:23:24,144 - INFO - Structures do NOT match within tolerances.
2025-06-24 16:23:24,144 - INFO - Structures do not match for index 815
2025-06-24 16:23:24,340 - INFO - Structures do NOT match within tolerances.
2025-06-24 16:23:24,341 - INFO - Structures do not match for index 816
2025-06-24 16:23:24,513 - INFO - Structures do NOT match within tolerances.
2025-06-24 16:23:24,513 - INFO - Structures do not match for index 817
2025-06-24 16:23:24,621 - WARNING - D:\Codes\AtomWorld\.venv\Lib\site-packages\pymatgen\io\cif.py:1313: UserWarning: Incorrect stoichiometry:
  CIF={'K': 2.0, 'Ni': 2.0, 'H': 18.0, 'C': 4.0, 'O': 20.0, 'La': 2.0}
  PMG={'K': 2.0, 'La': 1.0, 'Ni': 2.0, 'H': 18.0, 'C': 4.0, 'O': 20.0}
  ratios={'K': 1.0, 'H': 1.0, 'C': 1.0, 'La': 0.5, 'Ni': 1.0, 'O': 1.0}
  if struct := self._get_structure(data, primitive, symmetrized, check_occu=check_occu):

2025-06-24 16:23:24,748 - WARNING - D:\Codes\AtomWorld\.venv\Lib\site-packages\pymatgen\io\cif.py:1313: UserWarning: Incorrect stoichiometry:
  CIF={'H': 32.0, 'C': 8.0, 'N': 4.0, 'Cl': 4.0, 'Xe': 4.0}
  PMG={'H': 32.0, 'C': 8.0, 'Xe': 1.0, 'N': 4.0, 'Cl': 4.0}
  ratios={'H': 1.0, 'C': 1.0, 'N': 1.0, 'Xe': 0.25, 'Cl': 1.0}
  if struct := self._get_structure(data, primitive, symmetrized, check_occu=check_occu):

2025-06-24 16:23:25,612 - INFO - Structures do NOT match within tolerances.
2025-06-24 16:23:25,613 - INFO - Structures do not match for index 820
2025-06-24 16:23:25,810 - WARNING - D:\Codes\AtomWorld\.venv\Lib\site-packages\pymatgen\io\cif.py:1313: UserWarning: Incorrect stoichiometry:
  CIF={'Ba': 6.0, 'Cu': 2.0, 'P': 4.0, 'Br': 6.0, 'O': 14.0, 'F': 2.0}
  PMG={'Ba': 6.0, 'Cu': 2.0, 'P': 4.0, 'Br': 6.0, 'O': 14.0, 'F': 1.0}
  ratios={'Br': 1.0, 'F': 0.5, 'Cu': 1.0, 'O': 1.0, 'Ba': 1.0, 'P': 1.0}
  if struct := self._get_structure(data, primitive, symmetrized, check_occu=check_occu):

2025-06-24 16:23:26,677 - WARNING - D:\Codes\AtomWorld\.venv\Lib\site-packages\pymatgen\io\cif.py:1313: UserWarning: Incorrect stoichiometry:
  CIF={'V': 4.0, 'Re': 4.0, 'O': 22.0, 'Pd': 2.0}
  PMG={'V': 4.0, 'Re': 4.0, 'Pd': 1.0, 'O': 22.0}
  ratios={'O': 1.0, 'Pd': 0.5, 'V': 1.0, 'Re': 1.0}
  if struct := self._get_structure(data, primitive, symmetrized, check_occu=check_occu):

2025-06-24 16:23:26,722 - INFO - Structures do NOT match within tolerances.
2025-06-24 16:23:26,722 - INFO - Structures do not match for index 824
2025-06-24 16:23:27,930 - INFO - Structures do NOT match within tolerances.
2025-06-24 16:23:27,930 - INFO - Structures do not match for index 827
2025-06-24 16:23:28,088 - INFO - Structures do NOT match within tolerances.
2025-06-24 16:23:28,088 - INFO - Structures do not match for index 828
2025-06-24 16:23:28,614 - WARNING - D:\Codes\AtomWorld\.venv\Lib\site-packages\pymatgen\io\cif.py:1313: UserWarning: Missing elements Og from CIF-reported composition
  if struct := self._get_structure(data, primitive, symmetrized, check_occu=check_occu):

2025-06-24 16:23:28,875 - INFO - Structures do NOT match within tolerances.
2025-06-24 16:23:28,876 - INFO - Structures do not match for index 830
2025-06-24 16:23:29,213 - WARNING - D:\Codes\AtomWorld\.venv\Lib\site-packages\pymatgen\io\cif.py:1313: UserWarning: Incorrect stoichiometry:
  CIF={'Na': 8.0, 'Al': 6.0, 'Ge': 6.0, 'N': 2.0, 'O': 28.0, 'Cl': 2.0}
  PMG={'Na': 8.0, 'Al': 6.0, 'Ge': 6.0, 'N': 2.0, 'Cl': 1.0, 'O': 28.0}
  ratios={'Na': 1.0, 'N': 1.0, 'Al': 1.0, 'O': 1.0, 'Ge': 1.0, 'Cl': 0.5}
  if struct := self._get_structure(data, primitive, symmetrized, check_occu=check_occu):

2025-06-24 16:23:30,812 - INFO - Structures do NOT match within tolerances.
2025-06-24 16:23:30,813 - INFO - Structures do not match for index 836
2025-06-24 16:23:31,208 - WARNING - D:\Codes\AtomWorld\.venv\Lib\site-packages\pymatgen\io\cif.py:1313: UserWarning: Incorrect stoichiometry:
  CIF={'Dy': 6.0, 'Ni': 4.0, 'U': 2.0}
  PMG={'Dy': 6.0, 'U': 1.0, 'Ni': 4.0}
  ratios={'U': 0.5, 'Dy': 1.0, 'Ni': 1.0}
  if struct := self._get_structure(data, primitive, symmetrized, check_occu=check_occu):

2025-06-24 16:23:31,426 - INFO - Structures do NOT match within tolerances.
2025-06-24 16:23:31,428 - INFO - Structures do not match for index 839
2025-06-24 16:23:31,512 - INFO - Structures do NOT match within tolerances.
2025-06-24 16:23:31,512 - INFO - Structures do not match for index 840
2025-06-24 16:23:32,220 - INFO - Structures do NOT match within tolerances.
2025-06-24 16:23:32,220 - INFO - Structures do not match for index 842
2025-06-24 16:23:32,406 - INFO - Atom counts do not match for index 843
2025-06-24 16:23:32,536 - INFO - Structures do NOT match within tolerances.
2025-06-24 16:23:32,536 - INFO - Structures do not match for index 844
2025-06-24 16:23:32,866 - INFO - Atom counts do not match for index 846
2025-06-24 16:23:33,254 - INFO - Structures do NOT match within tolerances.
2025-06-24 16:23:33,254 - INFO - Structures do not match for index 849
2025-06-24 16:23:33,443 - INFO - HTTP Request: POST https://api.deepseek.com/v1/chat/completions "HTTP/1.1 200 OK"
2025-06-24 16:23:33,450 - INFO - HTTP Request: POST https://api.deepseek.com/v1/chat/completions "HTTP/1.1 200 OK"
2025-06-24 16:23:33,451 - INFO - HTTP Request: POST https://api.deepseek.com/v1/chat/completions "HTTP/1.1 200 OK"
2025-06-24 16:23:33,452 - INFO - HTTP Request: POST https://api.deepseek.com/v1/chat/completions "HTTP/1.1 200 OK"
2025-06-24 16:23:33,458 - INFO - HTTP Request: POST https://api.deepseek.com/v1/chat/completions "HTTP/1.1 200 OK"
2025-06-24 16:23:33,463 - INFO - HTTP Request: POST https://api.deepseek.com/v1/chat/completions "HTTP/1.1 200 OK"
2025-06-24 16:23:33,465 - INFO - HTTP Request: POST https://api.deepseek.com/v1/chat/completions "HTTP/1.1 200 OK"
2025-06-24 16:23:33,466 - INFO - HTTP Request: POST https://api.deepseek.com/v1/chat/completions "HTTP/1.1 200 OK"
2025-06-24 16:23:33,467 - INFO - HTTP Request: POST https://api.deepseek.com/v1/chat/completions "HTTP/1.1 200 OK"
2025-06-24 16:23:33,475 - INFO - HTTP Request: POST https://api.deepseek.com/v1/chat/completions "HTTP/1.1 200 OK"
2025-06-24 16:23:33,476 - INFO - HTTP Request: POST https://api.deepseek.com/v1/chat/completions "HTTP/1.1 200 OK"
2025-06-24 16:23:33,478 - INFO - HTTP Request: POST https://api.deepseek.com/v1/chat/completions "HTTP/1.1 200 OK"
2025-06-24 16:23:33,494 - INFO - HTTP Request: POST https://api.deepseek.com/v1/chat/completions "HTTP/1.1 200 OK"
2025-06-24 16:23:33,495 - INFO - HTTP Request: POST https://api.deepseek.com/v1/chat/completions "HTTP/1.1 200 OK"
2025-06-24 16:23:33,496 - INFO - HTTP Request: POST https://api.deepseek.com/v1/chat/completions "HTTP/1.1 200 OK"
2025-06-24 16:23:33,498 - INFO - HTTP Request: POST https://api.deepseek.com/v1/chat/completions "HTTP/1.1 200 OK"
2025-06-24 16:23:33,499 - INFO - HTTP Request: POST https://api.deepseek.com/v1/chat/completions "HTTP/1.1 200 OK"
2025-06-24 16:23:33,500 - INFO - HTTP Request: POST https://api.deepseek.com/v1/chat/completions "HTTP/1.1 200 OK"
2025-06-24 16:23:33,501 - INFO - HTTP Request: POST https://api.deepseek.com/v1/chat/completions "HTTP/1.1 200 OK"
2025-06-24 16:23:33,502 - INFO - HTTP Request: POST https://api.deepseek.com/v1/chat/completions "HTTP/1.1 200 OK"
2025-06-24 16:23:33,504 - INFO - HTTP Request: POST https://api.deepseek.com/v1/chat/completions "HTTP/1.1 200 OK"
2025-06-24 16:23:33,505 - INFO - HTTP Request: POST https://api.deepseek.com/v1/chat/completions "HTTP/1.1 200 OK"
2025-06-24 16:23:33,506 - INFO - HTTP Request: POST https://api.deepseek.com/v1/chat/completions "HTTP/1.1 200 OK"
2025-06-24 16:23:33,506 - INFO - HTTP Request: POST https://api.deepseek.com/v1/chat/completions "HTTP/1.1 200 OK"
2025-06-24 16:23:33,507 - INFO - HTTP Request: POST https://api.deepseek.com/v1/chat/completions "HTTP/1.1 200 OK"
2025-06-24 16:23:33,508 - INFO - HTTP Request: POST https://api.deepseek.com/v1/chat/completions "HTTP/1.1 200 OK"
2025-06-24 16:23:33,509 - INFO - HTTP Request: POST https://api.deepseek.com/v1/chat/completions "HTTP/1.1 200 OK"
2025-06-24 16:23:33,510 - INFO - HTTP Request: POST https://api.deepseek.com/v1/chat/completions "HTTP/1.1 200 OK"
2025-06-24 16:23:33,511 - INFO - HTTP Request: POST https://api.deepseek.com/v1/chat/completions "HTTP/1.1 200 OK"
2025-06-24 16:23:33,513 - INFO - HTTP Request: POST https://api.deepseek.com/v1/chat/completions "HTTP/1.1 200 OK"
2025-06-24 16:23:33,518 - INFO - HTTP Request: POST https://api.deepseek.com/v1/chat/completions "HTTP/1.1 200 OK"
2025-06-24 16:23:33,571 - INFO - HTTP Request: POST https://api.deepseek.com/v1/chat/completions "HTTP/1.1 200 OK"
2025-06-24 16:24:07,603 - INFO - HTTP Request: POST https://api.deepseek.com/v1/chat/completions "HTTP/1.1 200 OK"
2025-06-24 16:24:09,489 - INFO - HTTP Request: POST https://api.deepseek.com/v1/chat/completions "HTTP/1.1 200 OK"
2025-06-24 16:24:09,654 - INFO - HTTP Request: POST https://api.deepseek.com/v1/chat/completions "HTTP/1.1 200 OK"
2025-06-24 16:24:12,409 - INFO - HTTP Request: POST https://api.deepseek.com/v1/chat/completions "HTTP/1.1 200 OK"
2025-06-24 16:24:13,645 - INFO - HTTP Request: POST https://api.deepseek.com/v1/chat/completions "HTTP/1.1 200 OK"
2025-06-24 16:24:14,339 - INFO - HTTP Request: POST https://api.deepseek.com/v1/chat/completions "HTTP/1.1 200 OK"
2025-06-24 16:24:14,767 - INFO - HTTP Request: POST https://api.deepseek.com/v1/chat/completions "HTTP/1.1 200 OK"
2025-06-24 16:24:20,476 - INFO - HTTP Request: POST https://api.deepseek.com/v1/chat/completions "HTTP/1.1 200 OK"
2025-06-24 16:24:23,779 - INFO - HTTP Request: POST https://api.deepseek.com/v1/chat/completions "HTTP/1.1 200 OK"
2025-06-24 16:24:24,144 - INFO - HTTP Request: POST https://api.deepseek.com/v1/chat/completions "HTTP/1.1 200 OK"
2025-06-24 16:24:24,631 - INFO - HTTP Request: POST https://api.deepseek.com/v1/chat/completions "HTTP/1.1 200 OK"
2025-06-24 16:24:25,460 - INFO - HTTP Request: POST https://api.deepseek.com/v1/chat/completions "HTTP/1.1 200 OK"
2025-06-24 16:24:26,345 - INFO - HTTP Request: POST https://api.deepseek.com/v1/chat/completions "HTTP/1.1 200 OK"
2025-06-24 16:24:28,329 - INFO - HTTP Request: POST https://api.deepseek.com/v1/chat/completions "HTTP/1.1 200 OK"
2025-06-24 16:24:28,417 - INFO - HTTP Request: POST https://api.deepseek.com/v1/chat/completions "HTTP/1.1 200 OK"
2025-06-24 16:24:28,630 - INFO - HTTP Request: POST https://api.deepseek.com/v1/chat/completions "HTTP/1.1 200 OK"
2025-06-24 16:24:29,456 - INFO - HTTP Request: POST https://api.deepseek.com/v1/chat/completions "HTTP/1.1 200 OK"
2025-06-24 16:24:29,692 - INFO - HTTP Request: POST https://api.deepseek.com/v1/chat/completions "HTTP/1.1 200 OK"
2025-06-24 16:26:09,913 - INFO - Atom counts do not match for index 850
2025-06-24 16:26:10,152 - INFO - Structures do NOT match within tolerances.
2025-06-24 16:26:10,152 - INFO - Structures do not match for index 852
2025-06-24 16:26:10,304 - INFO - Structures do NOT match within tolerances.
2025-06-24 16:26:10,304 - INFO - Structures do not match for index 853
2025-06-24 16:26:10,787 - INFO - Structures do NOT match within tolerances.
2025-06-24 16:26:10,787 - INFO - Structures do not match for index 857
2025-06-24 16:26:10,884 - INFO - Structures do NOT match within tolerances.
2025-06-24 16:26:10,884 - INFO - Structures do not match for index 859
2025-06-24 16:26:10,916 - INFO - Structures do NOT match within tolerances.
2025-06-24 16:26:10,916 - INFO - Structures do not match for index 860
2025-06-24 16:26:11,254 - INFO - Structures do NOT match within tolerances.
2025-06-24 16:26:11,254 - INFO - Structures do not match for index 862
2025-06-24 16:26:11,584 - INFO - Structures do NOT match within tolerances.
2025-06-24 16:26:11,585 - INFO - Structures do not match for index 865
2025-06-24 16:26:11,970 - INFO - Structures do NOT match within tolerances.
2025-06-24 16:26:11,970 - INFO - Structures do not match for index 868
2025-06-24 16:26:12,107 - INFO - Structures do NOT match within tolerances.
2025-06-24 16:26:12,107 - INFO - Structures do not match for index 869
2025-06-24 16:26:12,232 - INFO - Structures do NOT match within tolerances.
2025-06-24 16:26:12,232 - INFO - Structures do not match for index 870
2025-06-24 16:26:12,301 - INFO - Structures do NOT match within tolerances.
2025-06-24 16:26:12,301 - INFO - Structures do not match for index 871
2025-06-24 16:26:12,391 - INFO - Structures do NOT match within tolerances.
2025-06-24 16:26:12,391 - INFO - Structures do not match for index 872
2025-06-24 16:26:12,433 - WARNING - D:\Codes\AtomWorld\.venv\Lib\site-packages\pymatgen\io\cif.py:1313: UserWarning: Incorrect stoichiometry:
  CIF={'Li': 6.0, 'Co': 2.0, 'O': 6.0, 'B': 2.0}
  PMG={'Li': 6.0, 'Co': 2.0, 'B': 1.0, 'O': 6.0}
  ratios={'O': 1.0, 'B': 0.5, 'Co': 1.0, 'Li': 1.0}
  if struct := self._get_structure(data, primitive, symmetrized, check_occu=check_occu):

2025-06-24 16:26:12,502 - INFO - Structures do NOT match within tolerances.
2025-06-24 16:26:12,502 - INFO - Structures do not match for index 873
2025-06-24 16:26:13,229 - INFO - Structures do NOT match within tolerances.
2025-06-24 16:26:13,230 - INFO - Structures do not match for index 878
2025-06-24 16:26:13,322 - INFO - Structures do NOT match within tolerances.
2025-06-24 16:26:13,322 - INFO - Structures do not match for index 879
2025-06-24 16:26:13,533 - INFO - Structures do NOT match within tolerances.
2025-06-24 16:26:13,533 - INFO - Structures do not match for index 880
2025-06-24 16:26:13,632 - INFO - Structures do NOT match within tolerances.
2025-06-24 16:26:13,632 - INFO - Structures do not match for index 881
2025-06-24 16:26:13,915 - INFO - Structures do NOT match within tolerances.
2025-06-24 16:26:13,916 - INFO - Structures do not match for index 883
2025-06-24 16:26:14,115 - INFO - Structures do NOT match within tolerances.
2025-06-24 16:26:14,115 - INFO - Structures do not match for index 884
2025-06-24 16:26:14,383 - WARNING - D:\Codes\AtomWorld\.venv\Lib\site-packages\pymatgen\io\cif.py:1313: UserWarning: Incorrect stoichiometry:
  CIF={'Li': 4.0, 'V': 2.0, 'O': 2.0, 'F': 6.0, 'H': 2.0}
  PMG={'Li': 4.0, 'V': 2.0, 'H': 1.0, 'O': 2.0, 'F': 6.0}
  ratios={'H': 0.5, 'F': 1.0, 'V': 1.0, 'O': 1.0, 'Li': 1.0}
  if struct := self._get_structure(data, primitive, symmetrized, check_occu=check_occu):

2025-06-24 16:26:14,384 - INFO - Atom counts do not match for index 886
2025-06-24 16:26:14,622 - INFO - Structures do NOT match within tolerances.
2025-06-24 16:26:14,622 - INFO - Structures do not match for index 887
2025-06-24 16:26:15,058 - INFO - Structures do NOT match within tolerances.
2025-06-24 16:26:15,058 - INFO - Structures do not match for index 890
2025-06-24 16:26:15,258 - INFO - Structures do NOT match within tolerances.
2025-06-24 16:26:15,258 - INFO - Structures do not match for index 892
2025-06-24 16:26:16,501 - INFO - Atom counts do not match for index 895
2025-06-24 16:26:16,595 - INFO - Atom counts do not match for index 896
2025-06-24 16:26:16,644 - INFO - Atom counts do not match for index 897
2025-06-24 16:26:17,450 - INFO - HTTP Request: POST https://api.deepseek.com/v1/chat/completions "HTTP/1.1 200 OK"
2025-06-24 16:26:17,461 - INFO - HTTP Request: POST https://api.deepseek.com/v1/chat/completions "HTTP/1.1 200 OK"
2025-06-24 16:26:17,466 - INFO - HTTP Request: POST https://api.deepseek.com/v1/chat/completions "HTTP/1.1 200 OK"
2025-06-24 16:26:17,468 - INFO - HTTP Request: POST https://api.deepseek.com/v1/chat/completions "HTTP/1.1 200 OK"
2025-06-24 16:26:17,476 - INFO - HTTP Request: POST https://api.deepseek.com/v1/chat/completions "HTTP/1.1 200 OK"
2025-06-24 16:26:17,483 - INFO - HTTP Request: POST https://api.deepseek.com/v1/chat/completions "HTTP/1.1 200 OK"
2025-06-24 16:26:17,485 - INFO - HTTP Request: POST https://api.deepseek.com/v1/chat/completions "HTTP/1.1 200 OK"
2025-06-24 16:26:17,487 - INFO - HTTP Request: POST https://api.deepseek.com/v1/chat/completions "HTTP/1.1 200 OK"
2025-06-24 16:26:17,489 - INFO - HTTP Request: POST https://api.deepseek.com/v1/chat/completions "HTTP/1.1 200 OK"
2025-06-24 16:26:17,490 - INFO - HTTP Request: POST https://api.deepseek.com/v1/chat/completions "HTTP/1.1 200 OK"
2025-06-24 16:26:17,497 - INFO - HTTP Request: POST https://api.deepseek.com/v1/chat/completions "HTTP/1.1 200 OK"
2025-06-24 16:26:17,499 - INFO - HTTP Request: POST https://api.deepseek.com/v1/chat/completions "HTTP/1.1 200 OK"
2025-06-24 16:26:17,500 - INFO - HTTP Request: POST https://api.deepseek.com/v1/chat/completions "HTTP/1.1 200 OK"
2025-06-24 16:26:17,501 - INFO - HTTP Request: POST https://api.deepseek.com/v1/chat/completions "HTTP/1.1 200 OK"
2025-06-24 16:26:17,505 - INFO - HTTP Request: POST https://api.deepseek.com/v1/chat/completions "HTTP/1.1 200 OK"
2025-06-24 16:26:17,507 - INFO - HTTP Request: POST https://api.deepseek.com/v1/chat/completions "HTTP/1.1 200 OK"
2025-06-24 16:26:17,510 - INFO - HTTP Request: POST https://api.deepseek.com/v1/chat/completions "HTTP/1.1 200 OK"
2025-06-24 16:26:17,512 - INFO - HTTP Request: POST https://api.deepseek.com/v1/chat/completions "HTTP/1.1 200 OK"
2025-06-24 16:26:17,513 - INFO - HTTP Request: POST https://api.deepseek.com/v1/chat/completions "HTTP/1.1 200 OK"
2025-06-24 16:26:17,514 - INFO - HTTP Request: POST https://api.deepseek.com/v1/chat/completions "HTTP/1.1 200 OK"
2025-06-24 16:26:17,520 - INFO - HTTP Request: POST https://api.deepseek.com/v1/chat/completions "HTTP/1.1 200 OK"
2025-06-24 16:26:17,521 - INFO - HTTP Request: POST https://api.deepseek.com/v1/chat/completions "HTTP/1.1 200 OK"
2025-06-24 16:26:17,524 - INFO - HTTP Request: POST https://api.deepseek.com/v1/chat/completions "HTTP/1.1 200 OK"
2025-06-24 16:26:17,525 - INFO - HTTP Request: POST https://api.deepseek.com/v1/chat/completions "HTTP/1.1 200 OK"
2025-06-24 16:26:17,527 - INFO - HTTP Request: POST https://api.deepseek.com/v1/chat/completions "HTTP/1.1 200 OK"
2025-06-24 16:26:17,527 - INFO - HTTP Request: POST https://api.deepseek.com/v1/chat/completions "HTTP/1.1 200 OK"
2025-06-24 16:26:17,530 - INFO - HTTP Request: POST https://api.deepseek.com/v1/chat/completions "HTTP/1.1 200 OK"
2025-06-24 16:26:17,532 - INFO - HTTP Request: POST https://api.deepseek.com/v1/chat/completions "HTTP/1.1 200 OK"
2025-06-24 16:26:17,533 - INFO - HTTP Request: POST https://api.deepseek.com/v1/chat/completions "HTTP/1.1 200 OK"
2025-06-24 16:26:17,537 - INFO - HTTP Request: POST https://api.deepseek.com/v1/chat/completions "HTTP/1.1 200 OK"
2025-06-24 16:26:17,541 - INFO - HTTP Request: POST https://api.deepseek.com/v1/chat/completions "HTTP/1.1 200 OK"
2025-06-24 16:26:17,563 - INFO - HTTP Request: POST https://api.deepseek.com/v1/chat/completions "HTTP/1.1 200 OK"
2025-06-24 16:26:54,714 - INFO - HTTP Request: POST https://api.deepseek.com/v1/chat/completions "HTTP/1.1 200 OK"
2025-06-24 16:27:00,650 - INFO - HTTP Request: POST https://api.deepseek.com/v1/chat/completions "HTTP/1.1 200 OK"
2025-06-24 16:27:04,968 - INFO - HTTP Request: POST https://api.deepseek.com/v1/chat/completions "HTTP/1.1 200 OK"
2025-06-24 16:27:05,153 - INFO - HTTP Request: POST https://api.deepseek.com/v1/chat/completions "HTTP/1.1 200 OK"
2025-06-24 16:27:10,400 - INFO - HTTP Request: POST https://api.deepseek.com/v1/chat/completions "HTTP/1.1 200 OK"
2025-06-24 16:27:13,541 - INFO - HTTP Request: POST https://api.deepseek.com/v1/chat/completions "HTTP/1.1 200 OK"
2025-06-24 16:27:15,204 - INFO - HTTP Request: POST https://api.deepseek.com/v1/chat/completions "HTTP/1.1 200 OK"
2025-06-24 16:27:15,882 - INFO - HTTP Request: POST https://api.deepseek.com/v1/chat/completions "HTTP/1.1 200 OK"
2025-06-24 16:27:16,752 - INFO - HTTP Request: POST https://api.deepseek.com/v1/chat/completions "HTTP/1.1 200 OK"
2025-06-24 16:27:18,096 - INFO - HTTP Request: POST https://api.deepseek.com/v1/chat/completions "HTTP/1.1 200 OK"
2025-06-24 16:27:19,077 - INFO - HTTP Request: POST https://api.deepseek.com/v1/chat/completions "HTTP/1.1 200 OK"
2025-06-24 16:27:20,133 - INFO - HTTP Request: POST https://api.deepseek.com/v1/chat/completions "HTTP/1.1 200 OK"
2025-06-24 16:27:20,550 - INFO - HTTP Request: POST https://api.deepseek.com/v1/chat/completions "HTTP/1.1 200 OK"
2025-06-24 16:27:21,491 - INFO - HTTP Request: POST https://api.deepseek.com/v1/chat/completions "HTTP/1.1 200 OK"
2025-06-24 16:27:25,146 - INFO - HTTP Request: POST https://api.deepseek.com/v1/chat/completions "HTTP/1.1 200 OK"
2025-06-24 16:27:25,240 - INFO - HTTP Request: POST https://api.deepseek.com/v1/chat/completions "HTTP/1.1 200 OK"
2025-06-24 16:27:25,933 - INFO - HTTP Request: POST https://api.deepseek.com/v1/chat/completions "HTTP/1.1 200 OK"
2025-06-24 16:27:27,435 - INFO - HTTP Request: POST https://api.deepseek.com/v1/chat/completions "HTTP/1.1 200 OK"
2025-06-24 16:29:07,645 - WARNING - D:\Codes\AtomWorld\.venv\Lib\site-packages\pymatgen\io\cif.py:1313: UserWarning: Incorrect stoichiometry:
  CIF={'Li': 20.0, 'Mn': 4.0, 'Cr': 12.0, 'O': 32.0, 'Np': 4.0}
  PMG={'Li': 20.0, 'Np': 1.0, 'Mn': 4.0, 'Cr': 12.0, 'O': 32.0}
  ratios={'Cr': 1.0, 'Np': 0.25, 'Mn': 1.0, 'O': 1.0, 'Li': 1.0}
  if struct := self._get_structure(data, primitive, symmetrized, check_occu=check_occu):

2025-06-24 16:29:08,299 - INFO - Structures do NOT match within tolerances.
2025-06-24 16:29:08,299 - INFO - Structures do not match for index 902
2025-06-24 16:29:09,577 - WARNING - D:\Codes\AtomWorld\.venv\Lib\site-packages\pymatgen\io\cif.py:1313: UserWarning: Incorrect stoichiometry:
  CIF={'Li': 2.0, 'Mn': 6.0, 'Al': 4.0, 'H': 12.0, 'O': 24.0, 'Ac': 2.0}
  PMG={'Li': 2.0, 'Ac': 1.0, 'Mn': 6.0, 'Al': 4.0, 'H': 12.0, 'O': 24.0}
  ratios={'H': 1.0, 'Al': 1.0, 'Ac': 0.5, 'Mn': 1.0, 'O': 1.0, 'Li': 1.0}
  if struct := self._get_structure(data, primitive, symmetrized, check_occu=check_occu):

2025-06-24 16:29:09,585 - INFO - Structures do NOT match within tolerances.
2025-06-24 16:29:09,585 - INFO - Structures do not match for index 906
2025-06-24 16:29:09,950 - INFO - Structures do NOT match within tolerances.
2025-06-24 16:29:09,951 - INFO - Structures do not match for index 909
2025-06-24 16:29:10,755 - INFO - Atom counts do not match for index 913
2025-06-24 16:29:10,813 - INFO - Structures do NOT match within tolerances.
2025-06-24 16:29:10,814 - INFO - Structures do not match for index 914
2025-06-24 16:29:10,855 - WARNING - D:\Codes\AtomWorld\.venv\Lib\site-packages\pymatgen\io\cif.py:1313: UserWarning: Missing elements Ce from CIF-reported composition
  if struct := self._get_structure(data, primitive, symmetrized, check_occu=check_occu):

2025-06-24 16:29:11,530 - INFO - Structures do NOT match within tolerances.
2025-06-24 16:29:11,531 - INFO - Structures do not match for index 917
2025-06-24 16:29:11,974 - INFO - Atom counts do not match for index 919
2025-06-24 16:29:12,072 - INFO - Atom counts do not match for index 920
2025-06-24 16:29:12,424 - WARNING - D:\Codes\AtomWorld\.venv\Lib\site-packages\pymatgen\io\cif.py:1313: UserWarning: Incorrect stoichiometry:
  CIF={'Y': 8.0, 'Ge': 8.0, 'O': 28.0, 'As': 4.0}
  PMG={'Y': 8.0, 'Ge': 8.0, 'As': 1.0, 'O': 28.0}
  ratios={'Y': 1.0, 'O': 1.0, 'Ge': 1.0, 'As': 0.25}
  if struct := self._get_structure(data, primitive, symmetrized, check_occu=check_occu):

2025-06-24 16:29:12,936 - INFO - Structures do NOT match within tolerances.
2025-06-24 16:29:12,937 - INFO - Structures do not match for index 923
2025-06-24 16:29:13,663 - INFO - Structures do NOT match within tolerances.
2025-06-24 16:29:13,664 - INFO - Structures do not match for index 925
2025-06-24 16:29:14,577 - INFO - Structures do NOT match within tolerances.
2025-06-24 16:29:14,577 - INFO - Structures do not match for index 929
2025-06-24 16:29:14,826 - INFO - Structures do NOT match within tolerances.
2025-06-24 16:29:14,826 - INFO - Structures do not match for index 931
2025-06-24 16:29:15,327 - INFO - Structures do NOT match within tolerances.
2025-06-24 16:29:15,327 - INFO - Structures do not match for index 935
2025-06-24 16:29:16,310 - INFO - Structures do NOT match within tolerances.
2025-06-24 16:29:16,310 - INFO - Structures do not match for index 940
2025-06-24 16:29:17,030 - INFO - Structures do NOT match within tolerances.
2025-06-24 16:29:17,030 - INFO - Structures do not match for index 942
2025-06-24 16:29:17,238 - INFO - Structures do NOT match within tolerances.
2025-06-24 16:29:17,239 - INFO - Structures do not match for index 943
2025-06-24 16:29:17,406 - INFO - Structures do NOT match within tolerances.
2025-06-24 16:29:17,406 - INFO - Structures do not match for index 944
2025-06-24 16:29:17,856 - INFO - Structures do NOT match within tolerances.
2025-06-24 16:29:17,856 - INFO - Structures do not match for index 947
2025-06-24 16:29:18,059 - INFO - Structures do NOT match within tolerances.
2025-06-24 16:29:18,059 - INFO - Structures do not match for index 948
2025-06-24 16:29:18,217 - INFO - Structures do NOT match within tolerances.
2025-06-24 16:29:18,218 - INFO - Structures do not match for index 949
2025-06-24 16:29:18,405 - INFO - HTTP Request: POST https://api.deepseek.com/v1/chat/completions "HTTP/1.1 200 OK"
2025-06-24 16:29:18,407 - INFO - HTTP Request: POST https://api.deepseek.com/v1/chat/completions "HTTP/1.1 200 OK"
2025-06-24 16:29:18,410 - INFO - HTTP Request: POST https://api.deepseek.com/v1/chat/completions "HTTP/1.1 200 OK"
2025-06-24 16:29:18,425 - INFO - HTTP Request: POST https://api.deepseek.com/v1/chat/completions "HTTP/1.1 200 OK"
2025-06-24 16:29:18,428 - INFO - HTTP Request: POST https://api.deepseek.com/v1/chat/completions "HTTP/1.1 200 OK"
2025-06-24 16:29:18,429 - INFO - HTTP Request: POST https://api.deepseek.com/v1/chat/completions "HTTP/1.1 200 OK"
2025-06-24 16:29:18,443 - INFO - HTTP Request: POST https://api.deepseek.com/v1/chat/completions "HTTP/1.1 200 OK"
2025-06-24 16:29:18,445 - INFO - HTTP Request: POST https://api.deepseek.com/v1/chat/completions "HTTP/1.1 200 OK"
2025-06-24 16:29:18,447 - INFO - HTTP Request: POST https://api.deepseek.com/v1/chat/completions "HTTP/1.1 200 OK"
2025-06-24 16:29:18,454 - INFO - HTTP Request: POST https://api.deepseek.com/v1/chat/completions "HTTP/1.1 200 OK"
2025-06-24 16:29:18,457 - INFO - HTTP Request: POST https://api.deepseek.com/v1/chat/completions "HTTP/1.1 200 OK"
2025-06-24 16:29:18,459 - INFO - HTTP Request: POST https://api.deepseek.com/v1/chat/completions "HTTP/1.1 200 OK"
2025-06-24 16:29:18,460 - INFO - HTTP Request: POST https://api.deepseek.com/v1/chat/completions "HTTP/1.1 200 OK"
2025-06-24 16:29:18,461 - INFO - HTTP Request: POST https://api.deepseek.com/v1/chat/completions "HTTP/1.1 200 OK"
2025-06-24 16:29:18,463 - INFO - HTTP Request: POST https://api.deepseek.com/v1/chat/completions "HTTP/1.1 200 OK"
2025-06-24 16:29:18,465 - INFO - HTTP Request: POST https://api.deepseek.com/v1/chat/completions "HTTP/1.1 200 OK"
2025-06-24 16:29:18,466 - INFO - HTTP Request: POST https://api.deepseek.com/v1/chat/completions "HTTP/1.1 200 OK"
2025-06-24 16:29:18,471 - INFO - HTTP Request: POST https://api.deepseek.com/v1/chat/completions "HTTP/1.1 200 OK"
2025-06-24 16:29:18,489 - INFO - HTTP Request: POST https://api.deepseek.com/v1/chat/completions "HTTP/1.1 200 OK"
2025-06-24 16:29:18,497 - INFO - HTTP Request: POST https://api.deepseek.com/v1/chat/completions "HTTP/1.1 200 OK"
2025-06-24 16:29:18,536 - INFO - HTTP Request: POST https://api.deepseek.com/v1/chat/completions "HTTP/1.1 200 OK"
2025-06-24 16:29:18,537 - INFO - HTTP Request: POST https://api.deepseek.com/v1/chat/completions "HTTP/1.1 200 OK"
2025-06-24 16:29:18,544 - INFO - HTTP Request: POST https://api.deepseek.com/v1/chat/completions "HTTP/1.1 200 OK"
2025-06-24 16:29:18,545 - INFO - HTTP Request: POST https://api.deepseek.com/v1/chat/completions "HTTP/1.1 200 OK"
2025-06-24 16:29:18,547 - INFO - HTTP Request: POST https://api.deepseek.com/v1/chat/completions "HTTP/1.1 200 OK"
2025-06-24 16:29:18,549 - INFO - HTTP Request: POST https://api.deepseek.com/v1/chat/completions "HTTP/1.1 200 OK"
2025-06-24 16:29:18,553 - INFO - HTTP Request: POST https://api.deepseek.com/v1/chat/completions "HTTP/1.1 200 OK"
2025-06-24 16:29:18,555 - INFO - HTTP Request: POST https://api.deepseek.com/v1/chat/completions "HTTP/1.1 200 OK"
2025-06-24 16:29:18,556 - INFO - HTTP Request: POST https://api.deepseek.com/v1/chat/completions "HTTP/1.1 200 OK"
2025-06-24 16:29:18,557 - INFO - HTTP Request: POST https://api.deepseek.com/v1/chat/completions "HTTP/1.1 200 OK"
2025-06-24 16:29:18,644 - INFO - HTTP Request: POST https://api.deepseek.com/v1/chat/completions "HTTP/1.1 200 OK"
2025-06-24 16:29:18,650 - INFO - HTTP Request: POST https://api.deepseek.com/v1/chat/completions "HTTP/1.1 200 OK"
2025-06-24 16:29:53,347 - INFO - HTTP Request: POST https://api.deepseek.com/v1/chat/completions "HTTP/1.1 200 OK"
2025-06-24 16:29:55,390 - INFO - HTTP Request: POST https://api.deepseek.com/v1/chat/completions "HTTP/1.1 200 OK"
2025-06-24 16:30:02,420 - INFO - HTTP Request: POST https://api.deepseek.com/v1/chat/completions "HTTP/1.1 200 OK"
2025-06-24 16:30:08,694 - INFO - HTTP Request: POST https://api.deepseek.com/v1/chat/completions "HTTP/1.1 200 OK"
2025-06-24 16:30:12,641 - INFO - HTTP Request: POST https://api.deepseek.com/v1/chat/completions "HTTP/1.1 200 OK"
2025-06-24 16:30:13,526 - INFO - HTTP Request: POST https://api.deepseek.com/v1/chat/completions "HTTP/1.1 200 OK"
2025-06-24 16:30:14,676 - INFO - HTTP Request: POST https://api.deepseek.com/v1/chat/completions "HTTP/1.1 200 OK"
2025-06-24 16:30:14,927 - INFO - HTTP Request: POST https://api.deepseek.com/v1/chat/completions "HTTP/1.1 200 OK"
2025-06-24 16:30:18,193 - INFO - HTTP Request: POST https://api.deepseek.com/v1/chat/completions "HTTP/1.1 200 OK"
2025-06-24 16:30:19,399 - INFO - HTTP Request: POST https://api.deepseek.com/v1/chat/completions "HTTP/1.1 200 OK"
2025-06-24 16:30:19,467 - INFO - HTTP Request: POST https://api.deepseek.com/v1/chat/completions "HTTP/1.1 200 OK"
2025-06-24 16:30:19,707 - INFO - HTTP Request: POST https://api.deepseek.com/v1/chat/completions "HTTP/1.1 200 OK"
2025-06-24 16:30:20,432 - INFO - HTTP Request: POST https://api.deepseek.com/v1/chat/completions "HTTP/1.1 200 OK"
2025-06-24 16:30:21,321 - INFO - HTTP Request: POST https://api.deepseek.com/v1/chat/completions "HTTP/1.1 200 OK"
2025-06-24 16:30:23,111 - INFO - HTTP Request: POST https://api.deepseek.com/v1/chat/completions "HTTP/1.1 200 OK"
2025-06-24 16:30:23,888 - INFO - HTTP Request: POST https://api.deepseek.com/v1/chat/completions "HTTP/1.1 200 OK"
2025-06-24 16:30:24,881 - INFO - HTTP Request: POST https://api.deepseek.com/v1/chat/completions "HTTP/1.1 200 OK"
2025-06-24 16:30:25,148 - INFO - HTTP Request: POST https://api.deepseek.com/v1/chat/completions "HTTP/1.1 200 OK"
2025-06-24 16:32:11,603 - INFO - Structures do NOT match within tolerances.
2025-06-24 16:32:11,604 - INFO - Structures do not match for index 950
2025-06-24 16:32:12,012 - INFO - Structures do NOT match within tolerances.
2025-06-24 16:32:12,013 - INFO - Structures do not match for index 952
2025-06-24 16:32:12,282 - INFO - Atom counts do not match for index 954
2025-06-24 16:32:12,407 - INFO - Structures do NOT match within tolerances.
2025-06-24 16:32:12,407 - INFO - Structures do not match for index 955
2025-06-24 16:32:12,501 - INFO - Atom counts do not match for index 956
2025-06-24 16:32:12,630 - WARNING - D:\Codes\AtomWorld\.venv\Lib\site-packages\pymatgen\io\cif.py:1313: UserWarning: Incorrect stoichiometry:
  CIF={'Li': 2.0, 'Fe': 2.0, 'P': 6.0, 'H': 16.0, 'O': 26.0, 'I': 2.0}
  PMG={'Li': 2.0, 'Fe': 2.0, 'P': 6.0, 'H': 16.0, 'I': 1.0, 'O': 26.0}
  ratios={'H': 1.0, 'I': 0.5, 'Fe': 1.0, 'O': 1.0, 'P': 1.0, 'Li': 1.0}
  if struct := self._get_structure(data, primitive, symmetrized, check_occu=check_occu):

2025-06-24 16:32:12,648 - INFO - Structures do NOT match within tolerances.
2025-06-24 16:32:12,648 - INFO - Structures do not match for index 957
2025-06-24 16:32:13,475 - INFO - Structures do NOT match within tolerances.
2025-06-24 16:32:13,475 - INFO - Structures do not match for index 960
2025-06-24 16:32:13,625 - INFO - Structures do NOT match within tolerances.
2025-06-24 16:32:13,625 - INFO - Structures do not match for index 961
2025-06-24 16:32:13,660 - INFO - Structures do NOT match within tolerances.
2025-06-24 16:32:13,660 - INFO - Structures do not match for index 962
2025-06-24 16:32:13,852 - INFO - Structures do NOT match within tolerances.
2025-06-24 16:32:13,852 - INFO - Structures do not match for index 963
2025-06-24 16:32:13,938 - INFO - Structures do NOT match within tolerances.
2025-06-24 16:32:13,940 - INFO - Structures do not match for index 964
2025-06-24 16:32:14,099 - INFO - Atom counts do not match for index 965
2025-06-24 16:32:14,522 - WARNING - D:\Codes\AtomWorld\.venv\Lib\site-packages\pymatgen\io\cif.py:1313: UserWarning: Incorrect stoichiometry:
  CIF={'Ca': 18.0, 'La': 10.0, 'Br': 66.0, 'Sn': 2.0}
  PMG={'Ca': 18.0, 'La': 10.0, 'Sn': 1.0, 'Br': 66.0}
  ratios={'Br': 1.0, 'Sn': 0.5, 'La': 1.0, 'Ca': 1.0}
  if struct := self._get_structure(data, primitive, symmetrized, check_occu=check_occu):

2025-06-24 16:32:14,619 - INFO - Structures do NOT match within tolerances.
2025-06-24 16:32:14,619 - INFO - Structures do not match for index 968
2025-06-24 16:32:14,857 - INFO - Atom counts do not match for index 970
2025-06-24 16:32:14,934 - INFO - Structures do NOT match within tolerances.
2025-06-24 16:32:14,934 - INFO - Structures do not match for index 971
2025-06-24 16:32:15,251 - INFO - Atom counts do not match for index 973
2025-06-24 16:32:15,403 - INFO - Structures do NOT match within tolerances.
2025-06-24 16:32:15,403 - INFO - Structures do not match for index 974
2025-06-24 16:32:15,487 - INFO - Atom counts do not match for index 975
2025-06-24 16:32:16,675 - WARNING - D:\Codes\AtomWorld\.venv\Lib\site-packages\pymatgen\io\cif.py:1313: UserWarning: Incorrect stoichiometry:
  CIF={'Rb': 2.0, 'Ta': 2.0, 'Ge': 2.0, 'S': 10.0, 'Pr': 2.0}
  PMG={'Rb': 2.0, 'Pr': 1.0, 'Ta': 2.0, 'Ge': 2.0, 'S': 10.0}
  ratios={'Ta': 1.0, 'Pr': 0.5, 'Ge': 1.0, 'Rb': 1.0, 'S': 1.0}
  if struct := self._get_structure(data, primitive, symmetrized, check_occu=check_occu):

2025-06-24 16:32:16,695 - INFO - Structures do NOT match within tolerances.
2025-06-24 16:32:16,696 - INFO - Structures do not match for index 979
2025-06-24 16:32:16,832 - INFO - Structures do NOT match within tolerances.
2025-06-24 16:32:16,832 - INFO - Structures do not match for index 980
2025-06-24 16:32:17,069 - INFO - Structures do NOT match within tolerances.
2025-06-24 16:32:17,070 - INFO - Structures do not match for index 981
2025-06-24 16:32:17,110 - WARNING - D:\Codes\AtomWorld\.venv\Lib\site-packages\pymatgen\io\cif.py:1313: UserWarning: Missing elements Kr from CIF-reported composition
  if struct := self._get_structure(data, primitive, symmetrized, check_occu=check_occu):

2025-06-24 16:32:17,911 - INFO - Atom counts do not match for index 986
2025-06-24 16:32:18,193 - WARNING - D:\Codes\AtomWorld\.venv\Lib\site-packages\pymatgen\io\cif.py:1313: UserWarning: Missing elements Mn from CIF-reported composition
  if struct := self._get_structure(data, primitive, symmetrized, check_occu=check_occu):

2025-06-24 16:32:18,194 - WARNING - D:\Codes\AtomWorld\.venv\Lib\site-packages\pymatgen\io\cif.py:1348: UserWarning: Issues encountered while parsing CIF: 25 fractional coordinates rounded to ideal values to avoid issues with finite precision.
  return self.parse_structures(*args, **kwargs)

2025-06-24 16:32:18,557 - INFO - Atom counts do not match for index 989
2025-06-24 16:32:18,631 - INFO - Structures do NOT match within tolerances.
2025-06-24 16:32:18,631 - INFO - Structures do not match for index 990
2025-06-24 16:32:18,808 - INFO - Structures do NOT match within tolerances.
2025-06-24 16:32:18,808 - INFO - Structures do not match for index 991
2025-06-24 16:32:18,896 - INFO - Structures do NOT match within tolerances.
2025-06-24 16:32:18,896 - INFO - Structures do not match for index 992
2025-06-24 16:32:18,922 - WARNING - D:\Codes\AtomWorld\.venv\Lib\site-packages\pymatgen\io\cif.py:1313: UserWarning: Incorrect stoichiometry:
  CIF={'Tc': 14.0, 'B': 6.0, 'No': 2.0}
  PMG={'No': 1.0, 'Tc': 14.0, 'B': 6.0}
  ratios={'B': 1.0, 'Tc': 1.0, 'No': 0.5}
  if struct := self._get_structure(data, primitive, symmetrized, check_occu=check_occu):

2025-06-24 16:32:19,005 - INFO - Atom counts do not match for index 994
2025-06-24 16:32:19,363 - INFO - Atom counts do not match for index 997
2025-06-24 16:45:01,253 - INFO - HTTP Request: POST https://api.deepseek.com/v1/chat/completions "HTTP/1.1 200 OK"
2025-06-24 16:45:01,253 - INFO - HTTP Request: POST https://api.deepseek.com/v1/chat/completions "HTTP/1.1 200 OK"
2025-06-24 16:45:01,254 - INFO - HTTP Request: POST https://api.deepseek.com/v1/chat/completions "HTTP/1.1 200 OK"
2025-06-24 16:45:01,254 - INFO - HTTP Request: POST https://api.deepseek.com/v1/chat/completions "HTTP/1.1 200 OK"
2025-06-24 16:45:01,254 - INFO - HTTP Request: POST https://api.deepseek.com/v1/chat/completions "HTTP/1.1 200 OK"
2025-06-24 16:45:01,255 - INFO - HTTP Request: POST https://api.deepseek.com/v1/chat/completions "HTTP/1.1 200 OK"
2025-06-24 16:45:01,256 - INFO - HTTP Request: POST https://api.deepseek.com/v1/chat/completions "HTTP/1.1 200 OK"
2025-06-24 16:45:01,257 - INFO - HTTP Request: POST https://api.deepseek.com/v1/chat/completions "HTTP/1.1 200 OK"
2025-06-24 16:45:01,257 - INFO - HTTP Request: POST https://api.deepseek.com/v1/chat/completions "HTTP/1.1 200 OK"
2025-06-24 16:45:01,258 - INFO - HTTP Request: POST https://api.deepseek.com/v1/chat/completions "HTTP/1.1 200 OK"
2025-06-24 16:45:01,258 - INFO - HTTP Request: POST https://api.deepseek.com/v1/chat/completions "HTTP/1.1 200 OK"
2025-06-24 16:45:01,260 - INFO - HTTP Request: POST https://api.deepseek.com/v1/chat/completions "HTTP/1.1 200 OK"
2025-06-24 16:45:01,263 - INFO - HTTP Request: POST https://api.deepseek.com/v1/chat/completions "HTTP/1.1 200 OK"
2025-06-24 16:45:01,268 - INFO - HTTP Request: POST https://api.deepseek.com/v1/chat/completions "HTTP/1.1 200 OK"
2025-06-24 16:45:01,269 - INFO - HTTP Request: POST https://api.deepseek.com/v1/chat/completions "HTTP/1.1 200 OK"
2025-06-24 16:45:01,272 - INFO - HTTP Request: POST https://api.deepseek.com/v1/chat/completions "HTTP/1.1 200 OK"
2025-06-24 16:45:01,273 - INFO - HTTP Request: POST https://api.deepseek.com/v1/chat/completions "HTTP/1.1 200 OK"
2025-06-24 16:45:01,278 - INFO - HTTP Request: POST https://api.deepseek.com/v1/chat/completions "HTTP/1.1 200 OK"
2025-06-24 16:45:01,283 - INFO - HTTP Request: POST https://api.deepseek.com/v1/chat/completions "HTTP/1.1 200 OK"
2025-06-24 16:45:01,284 - INFO - HTTP Request: POST https://api.deepseek.com/v1/chat/completions "HTTP/1.1 200 OK"
2025-06-24 16:45:01,292 - INFO - HTTP Request: POST https://api.deepseek.com/v1/chat/completions "HTTP/1.1 200 OK"
2025-06-24 16:45:01,293 - INFO - HTTP Request: POST https://api.deepseek.com/v1/chat/completions "HTTP/1.1 200 OK"
2025-06-24 16:45:01,296 - INFO - HTTP Request: POST https://api.deepseek.com/v1/chat/completions "HTTP/1.1 200 OK"
2025-06-24 16:45:01,297 - INFO - HTTP Request: POST https://api.deepseek.com/v1/chat/completions "HTTP/1.1 200 OK"
2025-06-24 16:45:01,298 - INFO - HTTP Request: POST https://api.deepseek.com/v1/chat/completions "HTTP/1.1 200 OK"
2025-06-24 16:45:01,313 - INFO - HTTP Request: POST https://api.deepseek.com/v1/chat/completions "HTTP/1.1 200 OK"
2025-06-24 16:45:01,317 - INFO - HTTP Request: POST https://api.deepseek.com/v1/chat/completions "HTTP/1.1 200 OK"
2025-06-24 16:45:01,318 - INFO - HTTP Request: POST https://api.deepseek.com/v1/chat/completions "HTTP/1.1 200 OK"
2025-06-24 16:45:01,318 - INFO - HTTP Request: POST https://api.deepseek.com/v1/chat/completions "HTTP/1.1 200 OK"
2025-06-24 16:45:01,324 - INFO - HTTP Request: POST https://api.deepseek.com/v1/chat/completions "HTTP/1.1 200 OK"
2025-06-24 16:45:01,359 - INFO - HTTP Request: POST https://api.deepseek.com/v1/chat/completions "HTTP/1.1 200 OK"
2025-06-24 16:45:01,497 - INFO - HTTP Request: POST https://api.deepseek.com/v1/chat/completions "HTTP/1.1 200 OK"
2025-06-24 16:47:34,579 - INFO - HTTP Request: POST https://api.deepseek.com/v1/chat/completions "HTTP/1.1 200 OK"
2025-06-24 16:47:35,821 - INFO - HTTP Request: POST https://api.deepseek.com/v1/chat/completions "HTTP/1.1 200 OK"
2025-06-24 16:48:38,391 - INFO - HTTP Request: POST https://api.deepseek.com/v1/chat/completions "HTTP/1.1 200 OK"
2025-06-24 16:48:46,322 - INFO - HTTP Request: POST https://api.deepseek.com/v1/chat/completions "HTTP/1.1 200 OK"
2025-06-24 16:49:11,353 - INFO - HTTP Request: POST https://api.deepseek.com/v1/chat/completions "HTTP/1.1 200 OK"
2025-06-24 16:49:23,057 - INFO - HTTP Request: POST https://api.deepseek.com/v1/chat/completions "HTTP/1.1 200 OK"
2025-06-24 16:49:53,467 - INFO - HTTP Request: POST https://api.deepseek.com/v1/chat/completions "HTTP/1.1 200 OK"
2025-06-24 16:49:57,437 - INFO - HTTP Request: POST https://api.deepseek.com/v1/chat/completions "HTTP/1.1 200 OK"
2025-06-24 16:51:47,056 - INFO - HTTP Request: POST https://api.deepseek.com/v1/chat/completions "HTTP/1.1 200 OK"
2025-06-24 16:52:04,574 - INFO - HTTP Request: POST https://api.deepseek.com/v1/chat/completions "HTTP/1.1 200 OK"
2025-06-24 16:52:13,347 - INFO - HTTP Request: POST https://api.deepseek.com/v1/chat/completions "HTTP/1.1 200 OK"
2025-06-24 16:52:25,308 - INFO - HTTP Request: POST https://api.deepseek.com/v1/chat/completions "HTTP/1.1 200 OK"
2025-06-24 16:52:32,676 - INFO - HTTP Request: POST https://api.deepseek.com/v1/chat/completions "HTTP/1.1 200 OK"
2025-06-24 16:52:34,946 - INFO - HTTP Request: POST https://api.deepseek.com/v1/chat/completions "HTTP/1.1 200 OK"
2025-06-24 16:52:58,885 - INFO - HTTP Request: POST https://api.deepseek.com/v1/chat/completions "HTTP/1.1 200 OK"
2025-06-24 16:53:03,112 - INFO - HTTP Request: POST https://api.deepseek.com/v1/chat/completions "HTTP/1.1 200 OK"
2025-06-24 16:53:04,981 - INFO - HTTP Request: POST https://api.deepseek.com/v1/chat/completions "HTTP/1.1 200 OK"
2025-06-24 16:53:12,453 - INFO - HTTP Request: POST https://api.deepseek.com/v1/chat/completions "HTTP/1.1 200 OK"
2025-06-24 17:04:31,190 - WARNING - D:\Codes\AtomWorld\src\evaluation\metrics.py:30: FutureWarning: get_structures is deprecated; use parse_structures in pymatgen.io.cif instead.
The only difference is that primitive defaults to False in the new parse_structures method.So parse_structures(primitive=True) is equivalent to the old behavior of get_structures().
  structures = parser.get_structures()

2025-06-24 17:04:31,257 - INFO - Structures do NOT match within tolerances.
2025-06-24 17:04:31,257 - INFO - Structures do not match for index 0
2025-06-24 17:04:31,389 - WARNING - D:\Codes\AtomWorld\.venv\Lib\site-packages\pymatgen\core\periodic_table.py:252: UserWarning: No Pauling electronegativity for Rf. Setting to NaN. This has no physical meaning, and is mainly done to avoid errors caused by the code expecting a float.
  if not hasattr(other, "X") or not hasattr(other, "symbol"):

2025-06-24 17:04:31,389 - WARNING - D:\Codes\AtomWorld\.venv\Lib\site-packages\pymatgen\core\periodic_table.py:255: UserWarning: No Pauling electronegativity for Rf. Setting to NaN. This has no physical meaning, and is mainly done to avoid errors caused by the code expecting a float.
  x2 = float("inf") if other.X != other.X else other.X

2025-06-24 17:04:31,393 - WARNING - D:\Codes\AtomWorld\.venv\Lib\site-packages\pymatgen\core\composition.py:328: UserWarning: No Pauling electronegativity for Rf. Setting to NaN. This has no physical meaning, and is mainly done to avoid errors caused by the code expecting a float.
  return sum((el.X * abs(amt) for el, amt in self.items())) / self.num_atoms

2025-06-24 17:04:31,544 - INFO - Structures do NOT match within tolerances.
2025-06-24 17:04:31,544 - INFO - Structures do not match for index 5
2025-06-24 17:04:31,549 - WARNING - D:\Codes\AtomWorld\.venv\Lib\site-packages\pymatgen\core\periodic_table.py:252: UserWarning: No Pauling electronegativity for Sg. Setting to NaN. This has no physical meaning, and is mainly done to avoid errors caused by the code expecting a float.
  if not hasattr(other, "X") or not hasattr(other, "symbol"):

2025-06-24 17:04:31,549 - WARNING - D:\Codes\AtomWorld\.venv\Lib\site-packages\pymatgen\core\periodic_table.py:255: UserWarning: No Pauling electronegativity for Sg. Setting to NaN. This has no physical meaning, and is mainly done to avoid errors caused by the code expecting a float.
  x2 = float("inf") if other.X != other.X else other.X

2025-06-24 17:04:31,550 - WARNING - D:\Codes\AtomWorld\.venv\Lib\site-packages\pymatgen\core\composition.py:328: UserWarning: No Pauling electronegativity for Sg. Setting to NaN. This has no physical meaning, and is mainly done to avoid errors caused by the code expecting a float.
  return sum((el.X * abs(amt) for el, amt in self.items())) / self.num_atoms

2025-06-24 17:04:31,668 - WARNING - D:\Codes\AtomWorld\.venv\Lib\site-packages\pymatgen\io\cif.py:1313: UserWarning: Missing elements Sg from CIF-reported composition
  if struct := self._get_structure(data, primitive, symmetrized, check_occu=check_occu):

2025-06-24 17:04:31,706 - WARNING - D:\Codes\AtomWorld\.venv\Lib\site-packages\pymatgen\io\cif.py:1348: UserWarning: Issues encountered while parsing CIF: 4 fractional coordinates rounded to ideal values to avoid issues with finite precision.
  return self.parse_structures(*args, **kwargs)

2025-06-24 17:04:31,791 - WARNING - D:\Codes\AtomWorld\.venv\Lib\site-packages\pymatgen\core\periodic_table.py:254: UserWarning: No Pauling electronegativity for Nh. Setting to NaN. This has no physical meaning, and is mainly done to avoid errors caused by the code expecting a float.
  x1 = float("inf") if self.X != self.X else self.X

2025-06-24 17:04:31,791 - WARNING - D:\Codes\AtomWorld\.venv\Lib\site-packages\pymatgen\core\composition.py:328: UserWarning: No Pauling electronegativity for Nh. Setting to NaN. This has no physical meaning, and is mainly done to avoid errors caused by the code expecting a float.
  return sum((el.X * abs(amt) for el, amt in self.items())) / self.num_atoms

2025-06-24 17:04:31,862 - WARNING - D:\Codes\AtomWorld\.venv\Lib\site-packages\pymatgen\io\cif.py:1348: UserWarning: Issues encountered while parsing CIF: 24 fractional coordinates rounded to ideal values to avoid issues with finite precision.
  return self.parse_structures(*args, **kwargs)

2025-06-24 17:04:32,022 - WARNING - D:\Codes\AtomWorld\.venv\Lib\site-packages\pymatgen\core\periodic_table.py:254: UserWarning: No Pauling electronegativity for Db. Setting to NaN. This has no physical meaning, and is mainly done to avoid errors caused by the code expecting a float.
  x1 = float("inf") if self.X != self.X else self.X

2025-06-24 17:04:32,023 - WARNING - D:\Codes\AtomWorld\.venv\Lib\site-packages\pymatgen\core\composition.py:328: UserWarning: No Pauling electronegativity for Db. Setting to NaN. This has no physical meaning, and is mainly done to avoid errors caused by the code expecting a float.
  return sum((el.X * abs(amt) for el, amt in self.items())) / self.num_atoms

2025-06-24 17:04:32,193 - WARNING - D:\Codes\AtomWorld\.venv\Lib\site-packages\pymatgen\io\cif.py:1348: UserWarning: Issues encountered while parsing CIF: 12 fractional coordinates rounded to ideal values to avoid issues with finite precision.
  return self.parse_structures(*args, **kwargs)

2025-06-24 17:04:32,265 - WARNING - D:\Codes\AtomWorld\.venv\Lib\site-packages\pymatgen\io\cif.py:285: UserWarning: Possible issue in CIF file at line: V
  block = CifBlock.from_str(f"data_{block_str}")

2025-06-24 17:04:32,265 - WARNING - D:\Codes\AtomWorld\.venv\Lib\site-packages\pymatgen\io\cif.py:285: UserWarning: Possible issue in CIF file at line: N3
  block = CifBlock.from_str(f"data_{block_str}")

2025-06-24 17:04:32,265 - WARNING - D:\Codes\AtomWorld\.venv\Lib\site-packages\pymatgen\io\cif.py:285: UserWarning: Possible issue in CIF file at line: Gd0.5
  block = CifBlock.from_str(f"data_{block_str}")

2025-06-24 17:04:32,352 - WARNING - D:\Codes\AtomWorld\.venv\Lib\site-packages\pymatgen\core\periodic_table.py:254: UserWarning: No Pauling electronegativity for Bh. Setting to NaN. This has no physical meaning, and is mainly done to avoid errors caused by the code expecting a float.
  x1 = float("inf") if self.X != self.X else self.X

2025-06-24 17:04:32,353 - WARNING - D:\Codes\AtomWorld\.venv\Lib\site-packages\pymatgen\core\composition.py:328: UserWarning: No Pauling electronegativity for Bh. Setting to NaN. This has no physical meaning, and is mainly done to avoid errors caused by the code expecting a float.
  return sum((el.X * abs(amt) for el, amt in self.items())) / self.num_atoms

2025-06-24 17:04:32,476 - WARNING - D:\Codes\AtomWorld\.venv\Lib\site-packages\pymatgen\core\periodic_table.py:252: UserWarning: No Pauling electronegativity for Ar. Setting to NaN. This has no physical meaning, and is mainly done to avoid errors caused by the code expecting a float.
  if not hasattr(other, "X") or not hasattr(other, "symbol"):

2025-06-24 17:04:32,476 - WARNING - D:\Codes\AtomWorld\.venv\Lib\site-packages\pymatgen\core\periodic_table.py:255: UserWarning: No Pauling electronegativity for Ar. Setting to NaN. This has no physical meaning, and is mainly done to avoid errors caused by the code expecting a float.
  x2 = float("inf") if other.X != other.X else other.X

2025-06-24 17:04:32,478 - WARNING - D:\Codes\AtomWorld\.venv\Lib\site-packages\pymatgen\core\composition.py:328: UserWarning: No Pauling electronegativity for Ar. Setting to NaN. This has no physical meaning, and is mainly done to avoid errors caused by the code expecting a float.
  return sum((el.X * abs(amt) for el, amt in self.items())) / self.num_atoms

2025-06-24 17:04:33,113 - INFO - Error loading CIF from string: Invalid CIF file with no structures!
2025-06-24 17:04:33,113 - INFO - Invalid generated structure for index 41
2025-06-24 17:04:33,202 - INFO - Structures do NOT match within tolerances.
2025-06-24 17:04:33,202 - INFO - Structures do not match for index 43
2025-06-24 17:04:33,535 - INFO - HTTP Request: POST https://api.deepseek.com/v1/chat/completions "HTTP/1.1 200 OK"
2025-06-24 17:04:33,632 - INFO - HTTP Request: POST https://api.deepseek.com/v1/chat/completions "HTTP/1.1 200 OK"
2025-06-24 17:04:33,633 - INFO - HTTP Request: POST https://api.deepseek.com/v1/chat/completions "HTTP/1.1 200 OK"
2025-06-24 17:04:33,634 - INFO - HTTP Request: POST https://api.deepseek.com/v1/chat/completions "HTTP/1.1 200 OK"
2025-06-24 17:04:33,635 - INFO - HTTP Request: POST https://api.deepseek.com/v1/chat/completions "HTTP/1.1 200 OK"
2025-06-24 17:04:33,639 - INFO - HTTP Request: POST https://api.deepseek.com/v1/chat/completions "HTTP/1.1 200 OK"
2025-06-24 17:04:33,642 - INFO - HTTP Request: POST https://api.deepseek.com/v1/chat/completions "HTTP/1.1 200 OK"
2025-06-24 17:04:33,642 - INFO - HTTP Request: POST https://api.deepseek.com/v1/chat/completions "HTTP/1.1 200 OK"
2025-06-24 17:04:33,642 - INFO - HTTP Request: POST https://api.deepseek.com/v1/chat/completions "HTTP/1.1 200 OK"
2025-06-24 17:04:33,643 - INFO - HTTP Request: POST https://api.deepseek.com/v1/chat/completions "HTTP/1.1 200 OK"
2025-06-24 17:04:33,645 - INFO - HTTP Request: POST https://api.deepseek.com/v1/chat/completions "HTTP/1.1 200 OK"
2025-06-24 17:04:33,648 - INFO - HTTP Request: POST https://api.deepseek.com/v1/chat/completions "HTTP/1.1 200 OK"
2025-06-24 17:04:33,649 - INFO - HTTP Request: POST https://api.deepseek.com/v1/chat/completions "HTTP/1.1 200 OK"
2025-06-24 17:04:33,652 - INFO - HTTP Request: POST https://api.deepseek.com/v1/chat/completions "HTTP/1.1 200 OK"
2025-06-24 17:04:33,653 - INFO - HTTP Request: POST https://api.deepseek.com/v1/chat/completions "HTTP/1.1 200 OK"
2025-06-24 17:04:33,654 - INFO - HTTP Request: POST https://api.deepseek.com/v1/chat/completions "HTTP/1.1 200 OK"
2025-06-24 17:04:33,654 - INFO - HTTP Request: POST https://api.deepseek.com/v1/chat/completions "HTTP/1.1 200 OK"
2025-06-24 17:04:33,654 - INFO - HTTP Request: POST https://api.deepseek.com/v1/chat/completions "HTTP/1.1 200 OK"
2025-06-24 17:04:33,657 - INFO - HTTP Request: POST https://api.deepseek.com/v1/chat/completions "HTTP/1.1 200 OK"
2025-06-24 17:04:33,660 - INFO - HTTP Request: POST https://api.deepseek.com/v1/chat/completions "HTTP/1.1 200 OK"
2025-06-24 17:04:33,662 - INFO - HTTP Request: POST https://api.deepseek.com/v1/chat/completions "HTTP/1.1 200 OK"
2025-06-24 17:04:33,664 - INFO - HTTP Request: POST https://api.deepseek.com/v1/chat/completions "HTTP/1.1 200 OK"
2025-06-24 17:04:33,665 - INFO - HTTP Request: POST https://api.deepseek.com/v1/chat/completions "HTTP/1.1 200 OK"
2025-06-24 17:04:33,667 - INFO - HTTP Request: POST https://api.deepseek.com/v1/chat/completions "HTTP/1.1 200 OK"
2025-06-24 17:04:33,668 - INFO - HTTP Request: POST https://api.deepseek.com/v1/chat/completions "HTTP/1.1 200 OK"
2025-06-24 17:04:33,669 - INFO - HTTP Request: POST https://api.deepseek.com/v1/chat/completions "HTTP/1.1 200 OK"
2025-06-24 17:04:33,674 - INFO - HTTP Request: POST https://api.deepseek.com/v1/chat/completions "HTTP/1.1 200 OK"
2025-06-24 17:04:33,675 - INFO - HTTP Request: POST https://api.deepseek.com/v1/chat/completions "HTTP/1.1 200 OK"
2025-06-24 17:04:33,687 - INFO - HTTP Request: POST https://api.deepseek.com/v1/chat/completions "HTTP/1.1 200 OK"
2025-06-24 17:04:33,687 - INFO - HTTP Request: POST https://api.deepseek.com/v1/chat/completions "HTTP/1.1 200 OK"
2025-06-24 17:04:33,720 - INFO - HTTP Request: POST https://api.deepseek.com/v1/chat/completions "HTTP/1.1 200 OK"
2025-06-24 17:04:33,732 - INFO - HTTP Request: POST https://api.deepseek.com/v1/chat/completions "HTTP/1.1 200 OK"
2025-06-24 17:07:56,990 - INFO - HTTP Request: POST https://api.deepseek.com/v1/chat/completions "HTTP/1.1 200 OK"
2025-06-24 17:08:11,500 - INFO - HTTP Request: POST https://api.deepseek.com/v1/chat/completions "HTTP/1.1 200 OK"
2025-06-24 17:08:22,187 - INFO - HTTP Request: POST https://api.deepseek.com/v1/chat/completions "HTTP/1.1 200 OK"
2025-06-24 17:08:25,299 - INFO - HTTP Request: POST https://api.deepseek.com/v1/chat/completions "HTTP/1.1 200 OK"
2025-06-24 17:10:08,791 - INFO - HTTP Request: POST https://api.deepseek.com/v1/chat/completions "HTTP/1.1 200 OK"
2025-06-24 17:10:19,792 - INFO - HTTP Request: POST https://api.deepseek.com/v1/chat/completions "HTTP/1.1 200 OK"
2025-06-24 17:10:37,006 - INFO - HTTP Request: POST https://api.deepseek.com/v1/chat/completions "HTTP/1.1 200 OK"
2025-06-24 17:11:12,678 - INFO - HTTP Request: POST https://api.deepseek.com/v1/chat/completions "HTTP/1.1 200 OK"
2025-06-24 17:11:31,539 - INFO - HTTP Request: POST https://api.deepseek.com/v1/chat/completions "HTTP/1.1 200 OK"
2025-06-24 17:12:11,642 - INFO - HTTP Request: POST https://api.deepseek.com/v1/chat/completions "HTTP/1.1 200 OK"
2025-06-24 17:12:15,312 - INFO - HTTP Request: POST https://api.deepseek.com/v1/chat/completions "HTTP/1.1 200 OK"
2025-06-24 17:12:33,499 - INFO - HTTP Request: POST https://api.deepseek.com/v1/chat/completions "HTTP/1.1 200 OK"
2025-06-24 17:12:38,141 - INFO - HTTP Request: POST https://api.deepseek.com/v1/chat/completions "HTTP/1.1 200 OK"
2025-06-24 17:12:48,557 - INFO - HTTP Request: POST https://api.deepseek.com/v1/chat/completions "HTTP/1.1 200 OK"
2025-06-24 17:13:03,872 - INFO - HTTP Request: POST https://api.deepseek.com/v1/chat/completions "HTTP/1.1 200 OK"
2025-06-24 17:13:17,341 - INFO - HTTP Request: POST https://api.deepseek.com/v1/chat/completions "HTTP/1.1 200 OK"
2025-06-24 17:13:38,630 - INFO - HTTP Request: POST https://api.deepseek.com/v1/chat/completions "HTTP/1.1 200 OK"
2025-06-24 17:13:53,660 - INFO - HTTP Request: POST https://api.deepseek.com/v1/chat/completions "HTTP/1.1 200 OK"
2025-06-24 17:42:40,083 - INFO - HTTP Request: POST https://api.deepseek.com/v1/chat/completions "HTTP/1.1 200 OK"
2025-06-24 17:42:40,087 - INFO - HTTP Request: POST https://api.deepseek.com/v1/chat/completions "HTTP/1.1 200 OK"
2025-06-24 17:42:40,089 - INFO - HTTP Request: POST https://api.deepseek.com/v1/chat/completions "HTTP/1.1 200 OK"
2025-06-24 17:42:40,090 - INFO - HTTP Request: POST https://api.deepseek.com/v1/chat/completions "HTTP/1.1 200 OK"
2025-06-24 17:42:40,094 - INFO - HTTP Request: POST https://api.deepseek.com/v1/chat/completions "HTTP/1.1 200 OK"
2025-06-24 17:42:40,095 - INFO - HTTP Request: POST https://api.deepseek.com/v1/chat/completions "HTTP/1.1 200 OK"
2025-06-24 17:42:40,096 - INFO - HTTP Request: POST https://api.deepseek.com/v1/chat/completions "HTTP/1.1 200 OK"
2025-06-24 17:42:40,099 - INFO - HTTP Request: POST https://api.deepseek.com/v1/chat/completions "HTTP/1.1 200 OK"
2025-06-24 17:42:40,100 - INFO - HTTP Request: POST https://api.deepseek.com/v1/chat/completions "HTTP/1.1 200 OK"
2025-06-24 17:42:40,101 - INFO - HTTP Request: POST https://api.deepseek.com/v1/chat/completions "HTTP/1.1 200 OK"
2025-06-24 17:42:40,102 - INFO - HTTP Request: POST https://api.deepseek.com/v1/chat/completions "HTTP/1.1 200 OK"
2025-06-24 17:42:40,103 - INFO - HTTP Request: POST https://api.deepseek.com/v1/chat/completions "HTTP/1.1 200 OK"
2025-06-24 17:42:40,104 - INFO - HTTP Request: POST https://api.deepseek.com/v1/chat/completions "HTTP/1.1 200 OK"
2025-06-24 17:42:40,105 - INFO - HTTP Request: POST https://api.deepseek.com/v1/chat/completions "HTTP/1.1 200 OK"
2025-06-24 17:42:40,106 - INFO - HTTP Request: POST https://api.deepseek.com/v1/chat/completions "HTTP/1.1 200 OK"
2025-06-24 17:42:40,107 - INFO - HTTP Request: POST https://api.deepseek.com/v1/chat/completions "HTTP/1.1 200 OK"
2025-06-24 17:42:40,108 - INFO - HTTP Request: POST https://api.deepseek.com/v1/chat/completions "HTTP/1.1 200 OK"
2025-06-24 17:42:40,109 - INFO - HTTP Request: POST https://api.deepseek.com/v1/chat/completions "HTTP/1.1 200 OK"
2025-06-24 17:42:40,110 - INFO - HTTP Request: POST https://api.deepseek.com/v1/chat/completions "HTTP/1.1 200 OK"
2025-06-24 17:42:40,114 - INFO - HTTP Request: POST https://api.deepseek.com/v1/chat/completions "HTTP/1.1 200 OK"
2025-06-24 17:56:32,649 - WARNING - D:\Codes\AtomWorld\src\evaluation\metrics.py:30: FutureWarning: get_structures is deprecated; use parse_structures in pymatgen.io.cif instead.
The only difference is that primitive defaults to False in the new parse_structures method.So parse_structures(primitive=True) is equivalent to the old behavior of get_structures().
  structures = parser.get_structures()

2025-06-24 17:56:32,891 - WARNING - D:\Codes\AtomWorld\.venv\Lib\site-packages\pymatgen\io\cif.py:1348: UserWarning: Issues encountered while parsing CIF: 1 fractional coordinates rounded to ideal values to avoid issues with finite precision.
  return self.parse_structures(*args, **kwargs)

2025-06-24 17:56:32,938 - WARNING - D:\Codes\AtomWorld\.venv\Lib\site-packages\pymatgen\core\periodic_table.py:252: UserWarning: No Pauling electronegativity for Rf. Setting to NaN. This has no physical meaning, and is mainly done to avoid errors caused by the code expecting a float.
  if not hasattr(other, "X") or not hasattr(other, "symbol"):

2025-06-24 17:56:32,938 - WARNING - D:\Codes\AtomWorld\.venv\Lib\site-packages\pymatgen\core\periodic_table.py:255: UserWarning: No Pauling electronegativity for Rf. Setting to NaN. This has no physical meaning, and is mainly done to avoid errors caused by the code expecting a float.
  x2 = float("inf") if other.X != other.X else other.X

2025-06-24 17:56:32,941 - WARNING - D:\Codes\AtomWorld\.venv\Lib\site-packages\pymatgen\core\composition.py:328: UserWarning: No Pauling electronegativity for Rf. Setting to NaN. This has no physical meaning, and is mainly done to avoid errors caused by the code expecting a float.
  return sum((el.X * abs(amt) for el, amt in self.items())) / self.num_atoms

2025-06-24 17:56:33,199 - WARNING - D:\Codes\AtomWorld\.venv\Lib\site-packages\pymatgen\core\periodic_table.py:252: UserWarning: No Pauling electronegativity for Sg. Setting to NaN. This has no physical meaning, and is mainly done to avoid errors caused by the code expecting a float.
  if not hasattr(other, "X") or not hasattr(other, "symbol"):

2025-06-24 17:56:33,199 - WARNING - D:\Codes\AtomWorld\.venv\Lib\site-packages\pymatgen\core\periodic_table.py:255: UserWarning: No Pauling electronegativity for Sg. Setting to NaN. This has no physical meaning, and is mainly done to avoid errors caused by the code expecting a float.
  x2 = float("inf") if other.X != other.X else other.X

2025-06-24 17:56:33,200 - WARNING - D:\Codes\AtomWorld\.venv\Lib\site-packages\pymatgen\core\composition.py:328: UserWarning: No Pauling electronegativity for Sg. Setting to NaN. This has no physical meaning, and is mainly done to avoid errors caused by the code expecting a float.
  return sum((el.X * abs(amt) for el, amt in self.items())) / self.num_atoms

2025-06-24 17:56:33,351 - WARNING - D:\Codes\AtomWorld\.venv\Lib\site-packages\pymatgen\io\cif.py:1348: UserWarning: Issues encountered while parsing CIF: 4 fractional coordinates rounded to ideal values to avoid issues with finite precision.
  return self.parse_structures(*args, **kwargs)

2025-06-24 17:56:33,385 - INFO - Invalid generated output for index 12
2025-06-24 17:56:33,431 - WARNING - D:\Codes\AtomWorld\.venv\Lib\site-packages\pymatgen\core\periodic_table.py:254: UserWarning: No Pauling electronegativity for Nh. Setting to NaN. This has no physical meaning, and is mainly done to avoid errors caused by the code expecting a float.
  x1 = float("inf") if self.X != self.X else self.X

2025-06-24 17:56:33,432 - WARNING - D:\Codes\AtomWorld\.venv\Lib\site-packages\pymatgen\core\composition.py:328: UserWarning: No Pauling electronegativity for Nh. Setting to NaN. This has no physical meaning, and is mainly done to avoid errors caused by the code expecting a float.
  return sum((el.X * abs(amt) for el, amt in self.items())) / self.num_atoms

2025-06-24 17:56:33,492 - INFO - Structures do NOT match within tolerances.
2025-06-24 17:56:33,492 - INFO - Structures do not match for index 15
2025-06-24 17:56:33,494 - WARNING - D:\Codes\AtomWorld\.venv\Lib\site-packages\pymatgen\io\cif.py:1348: UserWarning: Issues encountered while parsing CIF: 24 fractional coordinates rounded to ideal values to avoid issues with finite precision.
  return self.parse_structures(*args, **kwargs)

2025-06-24 17:56:33,538 - INFO - Error loading CIF from string: Invalid CIF file with no structures!
2025-06-24 17:56:33,538 - INFO - Invalid generated structure for index 18
2025-06-24 17:56:33,538 - INFO - Invalid generated output for index 19
2025-06-24 17:56:33,598 - INFO - HTTP Request: POST https://api.deepseek.com/v1/chat/completions "HTTP/1.1 200 OK"
2025-06-24 17:56:33,719 - INFO - HTTP Request: POST https://api.deepseek.com/v1/chat/completions "HTTP/1.1 200 OK"
2025-06-24 17:56:33,721 - INFO - HTTP Request: POST https://api.deepseek.com/v1/chat/completions "HTTP/1.1 200 OK"
2025-06-24 17:56:33,722 - INFO - HTTP Request: POST https://api.deepseek.com/v1/chat/completions "HTTP/1.1 200 OK"
2025-06-24 17:56:33,732 - INFO - HTTP Request: POST https://api.deepseek.com/v1/chat/completions "HTTP/1.1 200 OK"
2025-06-24 17:56:33,734 - INFO - HTTP Request: POST https://api.deepseek.com/v1/chat/completions "HTTP/1.1 200 OK"
2025-06-24 17:56:33,745 - INFO - HTTP Request: POST https://api.deepseek.com/v1/chat/completions "HTTP/1.1 200 OK"
2025-06-24 17:56:33,751 - INFO - HTTP Request: POST https://api.deepseek.com/v1/chat/completions "HTTP/1.1 200 OK"
2025-06-24 17:56:33,752 - INFO - HTTP Request: POST https://api.deepseek.com/v1/chat/completions "HTTP/1.1 200 OK"
2025-06-24 17:56:33,762 - INFO - HTTP Request: POST https://api.deepseek.com/v1/chat/completions "HTTP/1.1 200 OK"
2025-06-24 17:56:33,763 - INFO - HTTP Request: POST https://api.deepseek.com/v1/chat/completions "HTTP/1.1 200 OK"
2025-06-24 17:56:33,764 - INFO - HTTP Request: POST https://api.deepseek.com/v1/chat/completions "HTTP/1.1 200 OK"
2025-06-24 17:56:33,767 - INFO - HTTP Request: POST https://api.deepseek.com/v1/chat/completions "HTTP/1.1 200 OK"
2025-06-24 17:56:33,768 - INFO - HTTP Request: POST https://api.deepseek.com/v1/chat/completions "HTTP/1.1 200 OK"
2025-06-24 17:56:33,777 - INFO - HTTP Request: POST https://api.deepseek.com/v1/chat/completions "HTTP/1.1 200 OK"
2025-06-24 17:56:33,788 - INFO - HTTP Request: POST https://api.deepseek.com/v1/chat/completions "HTTP/1.1 200 OK"
2025-06-24 17:56:33,800 - INFO - HTTP Request: POST https://api.deepseek.com/v1/chat/completions "HTTP/1.1 200 OK"
2025-06-24 17:56:33,805 - INFO - HTTP Request: POST https://api.deepseek.com/v1/chat/completions "HTTP/1.1 200 OK"
2025-06-24 17:56:33,809 - INFO - HTTP Request: POST https://api.deepseek.com/v1/chat/completions "HTTP/1.1 200 OK"
2025-06-24 17:56:33,812 - INFO - HTTP Request: POST https://api.deepseek.com/v1/chat/completions "HTTP/1.1 200 OK"
2025-06-24 18:10:30,933 - WARNING - D:\Codes\AtomWorld\.venv\Lib\site-packages\pymatgen\core\periodic_table.py:254: UserWarning: No Pauling electronegativity for Db. Setting to NaN. This has no physical meaning, and is mainly done to avoid errors caused by the code expecting a float.
  x1 = float("inf") if self.X != self.X else self.X

2025-06-24 18:10:30,934 - WARNING - D:\Codes\AtomWorld\.venv\Lib\site-packages\pymatgen\core\composition.py:328: UserWarning: No Pauling electronegativity for Db. Setting to NaN. This has no physical meaning, and is mainly done to avoid errors caused by the code expecting a float.
  return sum((el.X * abs(amt) for el, amt in self.items())) / self.num_atoms

2025-06-24 18:10:30,972 - INFO - Error loading CIF from string: Invalid CIF file with no structures!
2025-06-24 18:10:30,972 - INFO - Invalid generated structure for index 21
2025-06-24 18:10:31,091 - WARNING - D:\Codes\AtomWorld\.venv\Lib\site-packages\pymatgen\io\cif.py:1348: UserWarning: Issues encountered while parsing CIF: 12 fractional coordinates rounded to ideal values to avoid issues with finite precision.
  return self.parse_structures(*args, **kwargs)

2025-06-24 18:10:31,291 - WARNING - D:\Codes\AtomWorld\.venv\Lib\site-packages\pymatgen\core\periodic_table.py:254: UserWarning: No Pauling electronegativity for Bh. Setting to NaN. This has no physical meaning, and is mainly done to avoid errors caused by the code expecting a float.
  x1 = float("inf") if self.X != self.X else self.X

2025-06-24 18:10:31,292 - WARNING - D:\Codes\AtomWorld\.venv\Lib\site-packages\pymatgen\core\composition.py:328: UserWarning: No Pauling electronegativity for Bh. Setting to NaN. This has no physical meaning, and is mainly done to avoid errors caused by the code expecting a float.
  return sum((el.X * abs(amt) for el, amt in self.items())) / self.num_atoms

2025-06-24 18:10:31,430 - WARNING - D:\Codes\AtomWorld\.venv\Lib\site-packages\pymatgen\core\periodic_table.py:252: UserWarning: No Pauling electronegativity for Ar. Setting to NaN. This has no physical meaning, and is mainly done to avoid errors caused by the code expecting a float.
  if not hasattr(other, "X") or not hasattr(other, "symbol"):

2025-06-24 18:10:31,430 - WARNING - D:\Codes\AtomWorld\.venv\Lib\site-packages\pymatgen\core\periodic_table.py:255: UserWarning: No Pauling electronegativity for Ar. Setting to NaN. This has no physical meaning, and is mainly done to avoid errors caused by the code expecting a float.
  x2 = float("inf") if other.X != other.X else other.X

2025-06-24 18:10:31,432 - WARNING - D:\Codes\AtomWorld\.venv\Lib\site-packages\pymatgen\core\composition.py:328: UserWarning: No Pauling electronegativity for Ar. Setting to NaN. This has no physical meaning, and is mainly done to avoid errors caused by the code expecting a float.
  return sum((el.X * abs(amt) for el, amt in self.items())) / self.num_atoms

2025-06-24 18:10:32,043 - INFO - HTTP Request: POST https://api.deepseek.com/v1/chat/completions "HTTP/1.1 200 OK"
2025-06-24 18:10:32,152 - INFO - HTTP Request: POST https://api.deepseek.com/v1/chat/completions "HTTP/1.1 200 OK"
2025-06-24 18:10:32,155 - INFO - HTTP Request: POST https://api.deepseek.com/v1/chat/completions "HTTP/1.1 200 OK"
2025-06-24 18:10:32,159 - INFO - HTTP Request: POST https://api.deepseek.com/v1/chat/completions "HTTP/1.1 200 OK"
2025-06-24 18:10:32,164 - INFO - HTTP Request: POST https://api.deepseek.com/v1/chat/completions "HTTP/1.1 200 OK"
2025-06-24 18:10:32,167 - INFO - HTTP Request: POST https://api.deepseek.com/v1/chat/completions "HTTP/1.1 200 OK"
2025-06-24 18:10:32,169 - INFO - HTTP Request: POST https://api.deepseek.com/v1/chat/completions "HTTP/1.1 200 OK"
2025-06-24 18:10:32,170 - INFO - HTTP Request: POST https://api.deepseek.com/v1/chat/completions "HTTP/1.1 200 OK"
2025-06-24 18:10:32,172 - INFO - HTTP Request: POST https://api.deepseek.com/v1/chat/completions "HTTP/1.1 200 OK"
2025-06-24 18:10:32,180 - INFO - HTTP Request: POST https://api.deepseek.com/v1/chat/completions "HTTP/1.1 200 OK"
2025-06-24 18:10:32,188 - INFO - HTTP Request: POST https://api.deepseek.com/v1/chat/completions "HTTP/1.1 200 OK"
2025-06-24 18:10:32,189 - INFO - HTTP Request: POST https://api.deepseek.com/v1/chat/completions "HTTP/1.1 200 OK"
2025-06-24 18:10:32,191 - INFO - HTTP Request: POST https://api.deepseek.com/v1/chat/completions "HTTP/1.1 200 OK"
2025-06-24 18:10:32,195 - INFO - HTTP Request: POST https://api.deepseek.com/v1/chat/completions "HTTP/1.1 200 OK"
2025-06-24 18:10:32,198 - INFO - HTTP Request: POST https://api.deepseek.com/v1/chat/completions "HTTP/1.1 200 OK"
2025-06-24 18:10:32,200 - INFO - HTTP Request: POST https://api.deepseek.com/v1/chat/completions "HTTP/1.1 200 OK"
2025-06-24 18:10:32,205 - INFO - HTTP Request: POST https://api.deepseek.com/v1/chat/completions "HTTP/1.1 200 OK"
2025-06-24 18:10:32,206 - INFO - HTTP Request: POST https://api.deepseek.com/v1/chat/completions "HTTP/1.1 200 OK"
2025-06-24 18:10:32,210 - INFO - HTTP Request: POST https://api.deepseek.com/v1/chat/completions "HTTP/1.1 200 OK"
2025-06-24 18:10:32,216 - INFO - HTTP Request: POST https://api.deepseek.com/v1/chat/completions "HTTP/1.1 200 OK"
2025-06-24 18:22:36,685 - INFO - Structures do NOT match within tolerances.
2025-06-24 18:22:36,686 - INFO - Structures do not match for index 44
2025-06-24 18:22:36,928 - INFO - Invalid generated output for index 50
2025-06-24 18:22:37,067 - INFO - Structures do NOT match within tolerances.
2025-06-24 18:22:37,067 - INFO - Structures do not match for index 52
2025-06-24 18:22:37,452 - INFO - HTTP Request: POST https://api.deepseek.com/v1/chat/completions "HTTP/1.1 200 OK"
2025-06-24 18:22:37,554 - INFO - HTTP Request: POST https://api.deepseek.com/v1/chat/completions "HTTP/1.1 200 OK"
2025-06-24 18:22:37,559 - INFO - HTTP Request: POST https://api.deepseek.com/v1/chat/completions "HTTP/1.1 200 OK"
2025-06-24 18:22:37,560 - INFO - HTTP Request: POST https://api.deepseek.com/v1/chat/completions "HTTP/1.1 200 OK"
2025-06-24 18:22:37,561 - INFO - HTTP Request: POST https://api.deepseek.com/v1/chat/completions "HTTP/1.1 200 OK"
2025-06-24 18:22:37,567 - INFO - HTTP Request: POST https://api.deepseek.com/v1/chat/completions "HTTP/1.1 200 OK"
2025-06-24 18:22:37,578 - INFO - HTTP Request: POST https://api.deepseek.com/v1/chat/completions "HTTP/1.1 200 OK"
2025-06-24 18:22:37,581 - INFO - HTTP Request: POST https://api.deepseek.com/v1/chat/completions "HTTP/1.1 200 OK"
2025-06-24 18:22:37,582 - INFO - HTTP Request: POST https://api.deepseek.com/v1/chat/completions "HTTP/1.1 200 OK"
2025-06-24 18:22:37,588 - INFO - HTTP Request: POST https://api.deepseek.com/v1/chat/completions "HTTP/1.1 200 OK"
2025-06-24 18:22:37,592 - INFO - HTTP Request: POST https://api.deepseek.com/v1/chat/completions "HTTP/1.1 200 OK"
2025-06-24 18:22:37,592 - INFO - HTTP Request: POST https://api.deepseek.com/v1/chat/completions "HTTP/1.1 200 OK"
2025-06-24 18:22:37,593 - INFO - HTTP Request: POST https://api.deepseek.com/v1/chat/completions "HTTP/1.1 200 OK"
2025-06-24 18:22:37,595 - INFO - HTTP Request: POST https://api.deepseek.com/v1/chat/completions "HTTP/1.1 200 OK"
2025-06-24 18:22:37,607 - INFO - HTTP Request: POST https://api.deepseek.com/v1/chat/completions "HTTP/1.1 200 OK"
2025-06-24 18:22:37,609 - INFO - HTTP Request: POST https://api.deepseek.com/v1/chat/completions "HTTP/1.1 200 OK"
2025-06-24 18:22:37,615 - INFO - HTTP Request: POST https://api.deepseek.com/v1/chat/completions "HTTP/1.1 200 OK"
2025-06-24 18:22:37,648 - INFO - HTTP Request: POST https://api.deepseek.com/v1/chat/completions "HTTP/1.1 200 OK"
2025-06-24 18:22:37,650 - INFO - HTTP Request: POST https://api.deepseek.com/v1/chat/completions "HTTP/1.1 200 OK"
2025-06-24 18:22:37,658 - INFO - HTTP Request: POST https://api.deepseek.com/v1/chat/completions "HTTP/1.1 200 OK"
2025-06-24 18:36:10,344 - WARNING - D:\Codes\AtomWorld\.venv\Lib\site-packages\pymatgen\io\cif.py:1348: UserWarning: Issues encountered while parsing CIF: 8 fractional coordinates rounded to ideal values to avoid issues with finite precision.
  return self.parse_structures(*args, **kwargs)

2025-06-24 18:36:10,372 - WARNING - D:\Codes\AtomWorld\.venv\Lib\site-packages\pymatgen\core\periodic_table.py:252: UserWarning: No Pauling electronegativity for He. Setting to NaN. This has no physical meaning, and is mainly done to avoid errors caused by the code expecting a float.
  if not hasattr(other, "X") or not hasattr(other, "symbol"):

2025-06-24 18:36:10,372 - WARNING - D:\Codes\AtomWorld\.venv\Lib\site-packages\pymatgen\core\periodic_table.py:255: UserWarning: No Pauling electronegativity for He. Setting to NaN. This has no physical meaning, and is mainly done to avoid errors caused by the code expecting a float.
  x2 = float("inf") if other.X != other.X else other.X

2025-06-24 18:36:10,373 - WARNING - D:\Codes\AtomWorld\.venv\Lib\site-packages\pymatgen\core\composition.py:328: UserWarning: No Pauling electronegativity for He. Setting to NaN. This has no physical meaning, and is mainly done to avoid errors caused by the code expecting a float.
  return sum((el.X * abs(amt) for el, amt in self.items())) / self.num_atoms

2025-06-24 18:36:10,435 - WARNING - D:\Codes\AtomWorld\.venv\Lib\site-packages\pymatgen\io\cif.py:1348: UserWarning: Issues encountered while parsing CIF: 16 fractional coordinates rounded to ideal values to avoid issues with finite precision.
  return self.parse_structures(*args, **kwargs)

2025-06-24 18:36:10,479 - WARNING - D:\Codes\AtomWorld\.venv\Lib\site-packages\pymatgen\core\periodic_table.py:252: UserWarning: No Pauling electronegativity for Fl. Setting to NaN. This has no physical meaning, and is mainly done to avoid errors caused by the code expecting a float.
  if not hasattr(other, "X") or not hasattr(other, "symbol"):

2025-06-24 18:36:10,479 - WARNING - D:\Codes\AtomWorld\.venv\Lib\site-packages\pymatgen\core\periodic_table.py:255: UserWarning: No Pauling electronegativity for Fl. Setting to NaN. This has no physical meaning, and is mainly done to avoid errors caused by the code expecting a float.
  x2 = float("inf") if other.X != other.X else other.X

2025-06-24 18:36:10,480 - WARNING - D:\Codes\AtomWorld\.venv\Lib\site-packages\pymatgen\core\composition.py:328: UserWarning: No Pauling electronegativity for Fl. Setting to NaN. This has no physical meaning, and is mainly done to avoid errors caused by the code expecting a float.
  return sum((el.X * abs(amt) for el, amt in self.items())) / self.num_atoms

2025-06-24 18:36:10,749 - INFO - Structures do NOT match within tolerances.
2025-06-24 18:36:10,749 - INFO - Structures do not match for index 77
2025-06-24 18:36:10,753 - WARNING - D:\Codes\AtomWorld\.venv\Lib\site-packages\pymatgen\core\periodic_table.py:252: UserWarning: No Pauling electronegativity for Og. Setting to NaN. This has no physical meaning, and is mainly done to avoid errors caused by the code expecting a float.
  if not hasattr(other, "X") or not hasattr(other, "symbol"):

2025-06-24 18:36:10,753 - WARNING - D:\Codes\AtomWorld\.venv\Lib\site-packages\pymatgen\core\periodic_table.py:255: UserWarning: No Pauling electronegativity for Og. Setting to NaN. This has no physical meaning, and is mainly done to avoid errors caused by the code expecting a float.
  x2 = float("inf") if other.X != other.X else other.X

2025-06-24 18:36:10,753 - WARNING - D:\Codes\AtomWorld\.venv\Lib\site-packages\pymatgen\core\composition.py:328: UserWarning: No Pauling electronegativity for Og. Setting to NaN. This has no physical meaning, and is mainly done to avoid errors caused by the code expecting a float.
  return sum((el.X * abs(amt) for el, amt in self.items())) / self.num_atoms

2025-06-24 18:36:10,858 - INFO - HTTP Request: POST https://api.deepseek.com/v1/chat/completions "HTTP/1.1 200 OK"
2025-06-24 18:36:10,975 - INFO - HTTP Request: POST https://api.deepseek.com/v1/chat/completions "HTTP/1.1 200 OK"
2025-06-24 18:36:10,978 - INFO - HTTP Request: POST https://api.deepseek.com/v1/chat/completions "HTTP/1.1 200 OK"
2025-06-24 18:36:10,990 - INFO - HTTP Request: POST https://api.deepseek.com/v1/chat/completions "HTTP/1.1 200 OK"
2025-06-24 18:36:10,992 - INFO - HTTP Request: POST https://api.deepseek.com/v1/chat/completions "HTTP/1.1 200 OK"
2025-06-24 18:36:10,994 - INFO - HTTP Request: POST https://api.deepseek.com/v1/chat/completions "HTTP/1.1 200 OK"
2025-06-24 18:36:10,995 - INFO - HTTP Request: POST https://api.deepseek.com/v1/chat/completions "HTTP/1.1 200 OK"
2025-06-24 18:36:10,996 - INFO - HTTP Request: POST https://api.deepseek.com/v1/chat/completions "HTTP/1.1 200 OK"
2025-06-24 18:36:10,999 - INFO - HTTP Request: POST https://api.deepseek.com/v1/chat/completions "HTTP/1.1 200 OK"
2025-06-24 18:36:11,000 - INFO - HTTP Request: POST https://api.deepseek.com/v1/chat/completions "HTTP/1.1 200 OK"
2025-06-24 18:36:11,001 - INFO - HTTP Request: POST https://api.deepseek.com/v1/chat/completions "HTTP/1.1 200 OK"
2025-06-24 18:36:11,003 - INFO - HTTP Request: POST https://api.deepseek.com/v1/chat/completions "HTTP/1.1 200 OK"
2025-06-24 18:36:11,003 - INFO - HTTP Request: POST https://api.deepseek.com/v1/chat/completions "HTTP/1.1 200 OK"
2025-06-24 18:36:11,009 - INFO - HTTP Request: POST https://api.deepseek.com/v1/chat/completions "HTTP/1.1 200 OK"
2025-06-24 18:36:11,014 - INFO - HTTP Request: POST https://api.deepseek.com/v1/chat/completions "HTTP/1.1 200 OK"
2025-06-24 18:36:11,026 - INFO - HTTP Request: POST https://api.deepseek.com/v1/chat/completions "HTTP/1.1 200 OK"
2025-06-24 18:36:11,058 - INFO - HTTP Request: POST https://api.deepseek.com/v1/chat/completions "HTTP/1.1 200 OK"
2025-06-24 18:36:11,197 - INFO - HTTP Request: POST https://api.deepseek.com/v1/chat/completions "HTTP/1.1 200 OK"
2025-06-24 18:36:11,207 - INFO - HTTP Request: POST https://api.deepseek.com/v1/chat/completions "HTTP/1.1 200 OK"
2025-06-24 18:36:11,534 - INFO - HTTP Request: POST https://api.deepseek.com/v1/chat/completions "HTTP/1.1 200 OK"
2025-06-24 18:56:12,536 - WARNING - D:\Codes\AtomWorld\.venv\Lib\site-packages\pymatgen\core\periodic_table.py:252: UserWarning: No Pauling electronegativity for Cn. Setting to NaN. This has no physical meaning, and is mainly done to avoid errors caused by the code expecting a float.
  if not hasattr(other, "X") or not hasattr(other, "symbol"):

2025-06-24 18:56:12,536 - WARNING - D:\Codes\AtomWorld\.venv\Lib\site-packages\pymatgen\core\periodic_table.py:255: UserWarning: No Pauling electronegativity for Cn. Setting to NaN. This has no physical meaning, and is mainly done to avoid errors caused by the code expecting a float.
  x2 = float("inf") if other.X != other.X else other.X

2025-06-24 18:56:12,537 - WARNING - D:\Codes\AtomWorld\.venv\Lib\site-packages\pymatgen\core\composition.py:328: UserWarning: No Pauling electronegativity for Cn. Setting to NaN. This has no physical meaning, and is mainly done to avoid errors caused by the code expecting a float.
  return sum((el.X * abs(amt) for el, amt in self.items())) / self.num_atoms

2025-06-24 18:56:13,458 - INFO - HTTP Request: POST https://api.deepseek.com/v1/chat/completions "HTTP/1.1 200 OK"
2025-06-24 18:56:13,554 - INFO - HTTP Request: POST https://api.deepseek.com/v1/chat/completions "HTTP/1.1 200 OK"
2025-06-24 18:56:13,555 - INFO - HTTP Request: POST https://api.deepseek.com/v1/chat/completions "HTTP/1.1 200 OK"
2025-06-24 18:56:13,559 - INFO - HTTP Request: POST https://api.deepseek.com/v1/chat/completions "HTTP/1.1 200 OK"
2025-06-24 18:56:13,562 - INFO - HTTP Request: POST https://api.deepseek.com/v1/chat/completions "HTTP/1.1 200 OK"
2025-06-24 18:56:13,563 - INFO - HTTP Request: POST https://api.deepseek.com/v1/chat/completions "HTTP/1.1 200 OK"
2025-06-24 18:56:13,564 - INFO - HTTP Request: POST https://api.deepseek.com/v1/chat/completions "HTTP/1.1 200 OK"
2025-06-24 18:56:13,567 - INFO - HTTP Request: POST https://api.deepseek.com/v1/chat/completions "HTTP/1.1 200 OK"
2025-06-24 18:56:13,570 - INFO - HTTP Request: POST https://api.deepseek.com/v1/chat/completions "HTTP/1.1 200 OK"
2025-06-24 18:56:13,571 - INFO - HTTP Request: POST https://api.deepseek.com/v1/chat/completions "HTTP/1.1 200 OK"
2025-06-24 18:56:13,571 - INFO - HTTP Request: POST https://api.deepseek.com/v1/chat/completions "HTTP/1.1 200 OK"
2025-06-24 18:56:13,573 - INFO - HTTP Request: POST https://api.deepseek.com/v1/chat/completions "HTTP/1.1 200 OK"
2025-06-24 18:56:13,577 - INFO - HTTP Request: POST https://api.deepseek.com/v1/chat/completions "HTTP/1.1 200 OK"
2025-06-24 18:56:13,577 - INFO - HTTP Request: POST https://api.deepseek.com/v1/chat/completions "HTTP/1.1 200 OK"
2025-06-24 18:56:13,580 - INFO - HTTP Request: POST https://api.deepseek.com/v1/chat/completions "HTTP/1.1 200 OK"
2025-06-24 18:56:13,581 - INFO - HTTP Request: POST https://api.deepseek.com/v1/chat/completions "HTTP/1.1 200 OK"
2025-06-24 18:56:13,588 - INFO - HTTP Request: POST https://api.deepseek.com/v1/chat/completions "HTTP/1.1 200 OK"
2025-06-24 18:56:13,589 - INFO - HTTP Request: POST https://api.deepseek.com/v1/chat/completions "HTTP/1.1 200 OK"
2025-06-24 18:56:13,594 - INFO - HTTP Request: POST https://api.deepseek.com/v1/chat/completions "HTTP/1.1 200 OK"
2025-06-24 18:56:13,622 - INFO - HTTP Request: POST https://api.deepseek.com/v1/chat/completions "HTTP/1.1 200 OK"
2025-06-24 19:08:34,840 - INFO - Structures do NOT match within tolerances.
2025-06-24 19:08:34,840 - INFO - Structures do not match for index 110
2025-06-24 19:08:35,799 - INFO - Structures do NOT match within tolerances.
2025-06-24 19:08:35,799 - INFO - Structures do not match for index 118
2025-06-24 19:08:36,023 - INFO - HTTP Request: POST https://api.deepseek.com/v1/chat/completions "HTTP/1.1 200 OK"
2025-06-24 19:08:36,131 - INFO - HTTP Request: POST https://api.deepseek.com/v1/chat/completions "HTTP/1.1 200 OK"
2025-06-24 19:08:36,173 - INFO - HTTP Request: POST https://api.deepseek.com/v1/chat/completions "HTTP/1.1 200 OK"
2025-06-24 19:08:36,179 - INFO - HTTP Request: POST https://api.deepseek.com/v1/chat/completions "HTTP/1.1 200 OK"
2025-06-24 19:08:36,180 - INFO - HTTP Request: POST https://api.deepseek.com/v1/chat/completions "HTTP/1.1 200 OK"
2025-06-24 19:08:36,182 - INFO - HTTP Request: POST https://api.deepseek.com/v1/chat/completions "HTTP/1.1 200 OK"
2025-06-24 19:08:36,183 - INFO - HTTP Request: POST https://api.deepseek.com/v1/chat/completions "HTTP/1.1 200 OK"
2025-06-24 19:08:36,184 - INFO - HTTP Request: POST https://api.deepseek.com/v1/chat/completions "HTTP/1.1 200 OK"
2025-06-24 19:08:36,184 - INFO - HTTP Request: POST https://api.deepseek.com/v1/chat/completions "HTTP/1.1 200 OK"
2025-06-24 19:08:36,186 - INFO - HTTP Request: POST https://api.deepseek.com/v1/chat/completions "HTTP/1.1 200 OK"
2025-06-24 19:08:36,187 - INFO - HTTP Request: POST https://api.deepseek.com/v1/chat/completions "HTTP/1.1 200 OK"
2025-06-24 19:08:36,191 - INFO - HTTP Request: POST https://api.deepseek.com/v1/chat/completions "HTTP/1.1 200 OK"
2025-06-24 19:08:36,194 - INFO - HTTP Request: POST https://api.deepseek.com/v1/chat/completions "HTTP/1.1 200 OK"
2025-06-24 19:08:36,196 - INFO - HTTP Request: POST https://api.deepseek.com/v1/chat/completions "HTTP/1.1 200 OK"
2025-06-24 19:08:36,196 - INFO - HTTP Request: POST https://api.deepseek.com/v1/chat/completions "HTTP/1.1 200 OK"
2025-06-24 19:08:36,205 - INFO - HTTP Request: POST https://api.deepseek.com/v1/chat/completions "HTTP/1.1 200 OK"
2025-06-24 19:08:36,210 - INFO - HTTP Request: POST https://api.deepseek.com/v1/chat/completions "HTTP/1.1 200 OK"
2025-06-24 19:08:36,217 - INFO - HTTP Request: POST https://api.deepseek.com/v1/chat/completions "HTTP/1.1 200 OK"
2025-06-24 19:08:36,240 - INFO - HTTP Request: POST https://api.deepseek.com/v1/chat/completions "HTTP/1.1 200 OK"
2025-06-24 19:08:36,293 - INFO - HTTP Request: POST https://api.deepseek.com/v1/chat/completions "HTTP/1.1 200 OK"
2025-06-24 19:22:11,595 - WARNING - D:\Codes\AtomWorld\.venv\Lib\site-packages\pymatgen\io\cif.py:1348: UserWarning: Issues encountered while parsing CIF: 3 fractional coordinates rounded to ideal values to avoid issues with finite precision.
  return self.parse_structures(*args, **kwargs)

2025-06-24 19:22:11,643 - INFO - Structures do NOT match within tolerances.
2025-06-24 19:22:11,643 - INFO - Structures do not match for index 127
2025-06-24 19:22:11,803 - INFO - Structures do NOT match within tolerances.
2025-06-24 19:22:11,803 - INFO - Structures do not match for index 128
2025-06-24 19:22:11,804 - INFO - Invalid generated output for index 129
2025-06-24 19:22:12,112 - WARNING - D:\Codes\AtomWorld\.venv\Lib\site-packages\pymatgen\core\periodic_table.py:252: UserWarning: No Pauling electronegativity for Bh. Setting to NaN. This has no physical meaning, and is mainly done to avoid errors caused by the code expecting a float.
  if not hasattr(other, "X") or not hasattr(other, "symbol"):

2025-06-24 19:22:12,112 - WARNING - D:\Codes\AtomWorld\.venv\Lib\site-packages\pymatgen\core\periodic_table.py:255: UserWarning: No Pauling electronegativity for Bh. Setting to NaN. This has no physical meaning, and is mainly done to avoid errors caused by the code expecting a float.
  x2 = float("inf") if other.X != other.X else other.X

2025-06-24 19:22:12,431 - INFO - Structures do NOT match within tolerances.
2025-06-24 19:22:12,432 - INFO - Structures do not match for index 134
2025-06-24 19:22:13,109 - INFO - HTTP Request: POST https://api.deepseek.com/v1/chat/completions "HTTP/1.1 200 OK"
2025-06-24 19:22:13,228 - INFO - HTTP Request: POST https://api.deepseek.com/v1/chat/completions "HTTP/1.1 200 OK"
2025-06-24 19:22:13,229 - INFO - HTTP Request: POST https://api.deepseek.com/v1/chat/completions "HTTP/1.1 200 OK"
2025-06-24 19:22:13,230 - INFO - HTTP Request: POST https://api.deepseek.com/v1/chat/completions "HTTP/1.1 200 OK"
2025-06-24 19:22:13,230 - INFO - HTTP Request: POST https://api.deepseek.com/v1/chat/completions "HTTP/1.1 200 OK"
2025-06-24 19:22:13,230 - INFO - HTTP Request: POST https://api.deepseek.com/v1/chat/completions "HTTP/1.1 200 OK"
2025-06-24 19:22:13,231 - INFO - HTTP Request: POST https://api.deepseek.com/v1/chat/completions "HTTP/1.1 200 OK"
2025-06-24 19:22:13,232 - INFO - HTTP Request: POST https://api.deepseek.com/v1/chat/completions "HTTP/1.1 200 OK"
2025-06-24 19:22:13,235 - INFO - HTTP Request: POST https://api.deepseek.com/v1/chat/completions "HTTP/1.1 200 OK"
2025-06-24 19:22:13,236 - INFO - HTTP Request: POST https://api.deepseek.com/v1/chat/completions "HTTP/1.1 200 OK"
2025-06-24 19:22:13,239 - INFO - HTTP Request: POST https://api.deepseek.com/v1/chat/completions "HTTP/1.1 200 OK"
2025-06-24 19:22:13,243 - INFO - HTTP Request: POST https://api.deepseek.com/v1/chat/completions "HTTP/1.1 200 OK"
2025-06-24 19:22:13,249 - INFO - HTTP Request: POST https://api.deepseek.com/v1/chat/completions "HTTP/1.1 200 OK"
2025-06-24 19:22:13,255 - INFO - HTTP Request: POST https://api.deepseek.com/v1/chat/completions "HTTP/1.1 200 OK"
2025-06-24 19:22:13,258 - INFO - HTTP Request: POST https://api.deepseek.com/v1/chat/completions "HTTP/1.1 200 OK"
2025-06-24 19:22:13,276 - INFO - HTTP Request: POST https://api.deepseek.com/v1/chat/completions "HTTP/1.1 200 OK"
2025-06-24 19:22:13,279 - INFO - HTTP Request: POST https://api.deepseek.com/v1/chat/completions "HTTP/1.1 200 OK"
2025-06-24 19:22:13,279 - INFO - HTTP Request: POST https://api.deepseek.com/v1/chat/completions "HTTP/1.1 200 OK"
2025-06-24 19:22:13,333 - INFO - HTTP Request: POST https://api.deepseek.com/v1/chat/completions "HTTP/1.1 200 OK"
2025-06-24 19:22:13,350 - INFO - HTTP Request: POST https://api.deepseek.com/v1/chat/completions "HTTP/1.1 200 OK"
2025-06-24 19:35:41,479 - INFO - Structures do NOT match within tolerances.
2025-06-24 19:35:41,480 - INFO - Structures do not match for index 140
2025-06-24 19:35:41,498 - WARNING - D:\Codes\AtomWorld\.venv\Lib\site-packages\pymatgen\core\periodic_table.py:252: UserWarning: No Pauling electronegativity for Mc. Setting to NaN. This has no physical meaning, and is mainly done to avoid errors caused by the code expecting a float.
  if not hasattr(other, "X") or not hasattr(other, "symbol"):

2025-06-24 19:35:41,498 - WARNING - D:\Codes\AtomWorld\.venv\Lib\site-packages\pymatgen\core\periodic_table.py:255: UserWarning: No Pauling electronegativity for Mc. Setting to NaN. This has no physical meaning, and is mainly done to avoid errors caused by the code expecting a float.
  x2 = float("inf") if other.X != other.X else other.X

2025-06-24 19:35:41,498 - WARNING - D:\Codes\AtomWorld\.venv\Lib\site-packages\pymatgen\core\periodic_table.py:254: UserWarning: No Pauling electronegativity for Mc. Setting to NaN. This has no physical meaning, and is mainly done to avoid errors caused by the code expecting a float.
  x1 = float("inf") if self.X != self.X else self.X

2025-06-24 19:35:41,501 - WARNING - D:\Codes\AtomWorld\.venv\Lib\site-packages\pymatgen\core\composition.py:328: UserWarning: No Pauling electronegativity for Mc. Setting to NaN. This has no physical meaning, and is mainly done to avoid errors caused by the code expecting a float.
  return sum((el.X * abs(amt) for el, amt in self.items())) / self.num_atoms

2025-06-24 19:35:42,173 - WARNING - D:\Codes\AtomWorld\.venv\Lib\site-packages\pymatgen\core\periodic_table.py:252: UserWarning: No Pauling electronegativity for Lv. Setting to NaN. This has no physical meaning, and is mainly done to avoid errors caused by the code expecting a float.
  if not hasattr(other, "X") or not hasattr(other, "symbol"):

2025-06-24 19:35:42,173 - WARNING - D:\Codes\AtomWorld\.venv\Lib\site-packages\pymatgen\core\periodic_table.py:255: UserWarning: No Pauling electronegativity for Lv. Setting to NaN. This has no physical meaning, and is mainly done to avoid errors caused by the code expecting a float.
  x2 = float("inf") if other.X != other.X else other.X

2025-06-24 19:35:42,176 - WARNING - D:\Codes\AtomWorld\.venv\Lib\site-packages\pymatgen\core\composition.py:328: UserWarning: No Pauling electronegativity for Lv. Setting to NaN. This has no physical meaning, and is mainly done to avoid errors caused by the code expecting a float.
  return sum((el.X * abs(amt) for el, amt in self.items())) / self.num_atoms

2025-06-24 19:35:42,363 - INFO - Error loading CIF from string: Invalid CIF file with no structures!
2025-06-24 19:35:42,363 - INFO - Invalid generated structure for index 145
2025-06-24 19:35:43,118 - WARNING - D:\Codes\AtomWorld\.venv\Lib\site-packages\pymatgen\io\cif.py:1313: UserWarning: Missing elements Pb from CIF-reported composition
  if struct := self._get_structure(data, primitive, symmetrized, check_occu=check_occu):

2025-06-24 19:35:43,440 - WARNING - D:\Codes\AtomWorld\.venv\Lib\site-packages\pymatgen\core\periodic_table.py:252: UserWarning: No Pauling electronegativity for Ds. Setting to NaN. This has no physical meaning, and is mainly done to avoid errors caused by the code expecting a float.
  if not hasattr(other, "X") or not hasattr(other, "symbol"):

2025-06-24 19:35:43,440 - WARNING - D:\Codes\AtomWorld\.venv\Lib\site-packages\pymatgen\core\periodic_table.py:255: UserWarning: No Pauling electronegativity for Ds. Setting to NaN. This has no physical meaning, and is mainly done to avoid errors caused by the code expecting a float.
  x2 = float("inf") if other.X != other.X else other.X

2025-06-24 19:35:43,441 - WARNING - D:\Codes\AtomWorld\.venv\Lib\site-packages\pymatgen\core\composition.py:328: UserWarning: No Pauling electronegativity for Ds. Setting to NaN. This has no physical meaning, and is mainly done to avoid errors caused by the code expecting a float.
  return sum((el.X * abs(amt) for el, amt in self.items())) / self.num_atoms

2025-06-24 19:35:45,031 - INFO - Error loading CIF from string: Invalid CIF file with no structures!
2025-06-24 19:35:45,032 - INFO - Invalid generated structure for index 156
2025-06-24 19:35:45,131 - WARNING - D:\Codes\AtomWorld\.venv\Lib\site-packages\pymatgen\core\periodic_table.py:254: UserWarning: No Pauling electronegativity for Ts. Setting to NaN. This has no physical meaning, and is mainly done to avoid errors caused by the code expecting a float.
  x1 = float("inf") if self.X != self.X else self.X

2025-06-24 19:35:45,148 - WARNING - D:\Codes\AtomWorld\.venv\Lib\site-packages\pymatgen\core\composition.py:328: UserWarning: No Pauling electronegativity for Ts. Setting to NaN. This has no physical meaning, and is mainly done to avoid errors caused by the code expecting a float.
  return sum((el.X * abs(amt) for el, amt in self.items())) / self.num_atoms

2025-06-24 19:35:46,596 - WARNING - D:\Codes\AtomWorld\.venv\Lib\site-packages\pymatgen\core\periodic_table.py:252: UserWarning: No Pauling electronegativity for Ne. Setting to NaN. This has no physical meaning, and is mainly done to avoid errors caused by the code expecting a float.
  if not hasattr(other, "X") or not hasattr(other, "symbol"):

2025-06-24 19:35:46,596 - WARNING - D:\Codes\AtomWorld\.venv\Lib\site-packages\pymatgen\core\periodic_table.py:255: UserWarning: No Pauling electronegativity for Ne. Setting to NaN. This has no physical meaning, and is mainly done to avoid errors caused by the code expecting a float.
  x2 = float("inf") if other.X != other.X else other.X

2025-06-24 19:35:46,603 - WARNING - D:\Codes\AtomWorld\.venv\Lib\site-packages\pymatgen\core\composition.py:328: UserWarning: No Pauling electronegativity for Ne. Setting to NaN. This has no physical meaning, and is mainly done to avoid errors caused by the code expecting a float.
  return sum((el.X * abs(amt) for el, amt in self.items())) / self.num_atoms

2025-06-24 19:35:47,171 - INFO - HTTP Request: POST https://api.deepseek.com/v1/chat/completions "HTTP/1.1 200 OK"
2025-06-24 19:35:47,173 - INFO - HTTP Request: POST https://api.deepseek.com/v1/chat/completions "HTTP/1.1 200 OK"
2025-06-24 19:35:47,198 - INFO - HTTP Request: POST https://api.deepseek.com/v1/chat/completions "HTTP/1.1 200 OK"
2025-06-24 19:35:47,200 - INFO - HTTP Request: POST https://api.deepseek.com/v1/chat/completions "HTTP/1.1 200 OK"
2025-06-24 19:35:47,210 - INFO - HTTP Request: POST https://api.deepseek.com/v1/chat/completions "HTTP/1.1 200 OK"
2025-06-24 19:35:47,211 - INFO - HTTP Request: POST https://api.deepseek.com/v1/chat/completions "HTTP/1.1 200 OK"
2025-06-24 19:35:47,213 - INFO - HTTP Request: POST https://api.deepseek.com/v1/chat/completions "HTTP/1.1 200 OK"
2025-06-24 19:35:47,217 - INFO - HTTP Request: POST https://api.deepseek.com/v1/chat/completions "HTTP/1.1 200 OK"
2025-06-24 19:35:47,226 - INFO - HTTP Request: POST https://api.deepseek.com/v1/chat/completions "HTTP/1.1 200 OK"
2025-06-24 19:35:47,229 - INFO - HTTP Request: POST https://api.deepseek.com/v1/chat/completions "HTTP/1.1 200 OK"
2025-06-24 19:35:47,233 - INFO - HTTP Request: POST https://api.deepseek.com/v1/chat/completions "HTTP/1.1 200 OK"
2025-06-24 19:35:47,241 - INFO - HTTP Request: POST https://api.deepseek.com/v1/chat/completions "HTTP/1.1 200 OK"
2025-06-24 19:35:47,242 - INFO - HTTP Request: POST https://api.deepseek.com/v1/chat/completions "HTTP/1.1 200 OK"
2025-06-24 19:35:47,243 - INFO - HTTP Request: POST https://api.deepseek.com/v1/chat/completions "HTTP/1.1 200 OK"
2025-06-24 19:35:47,252 - INFO - HTTP Request: POST https://api.deepseek.com/v1/chat/completions "HTTP/1.1 200 OK"
2025-06-24 19:35:47,254 - INFO - HTTP Request: POST https://api.deepseek.com/v1/chat/completions "HTTP/1.1 200 OK"
2025-06-24 19:35:47,256 - INFO - HTTP Request: POST https://api.deepseek.com/v1/chat/completions "HTTP/1.1 200 OK"
2025-06-24 19:35:47,258 - INFO - HTTP Request: POST https://api.deepseek.com/v1/chat/completions "HTTP/1.1 200 OK"
2025-06-24 19:35:47,259 - INFO - HTTP Request: POST https://api.deepseek.com/v1/chat/completions "HTTP/1.1 200 OK"
2025-06-24 19:35:47,434 - INFO - HTTP Request: POST https://api.deepseek.com/v1/chat/completions "HTTP/1.1 200 OK"
2025-06-24 19:52:51,699 - WARNING - D:\Codes\AtomWorld\.venv\Lib\site-packages\pymatgen\core\periodic_table.py:252: UserWarning: No Pauling electronegativity for Hs. Setting to NaN. This has no physical meaning, and is mainly done to avoid errors caused by the code expecting a float.
  if not hasattr(other, "X") or not hasattr(other, "symbol"):

2025-06-24 19:52:51,699 - WARNING - D:\Codes\AtomWorld\.venv\Lib\site-packages\pymatgen\core\periodic_table.py:255: UserWarning: No Pauling electronegativity for Hs. Setting to NaN. This has no physical meaning, and is mainly done to avoid errors caused by the code expecting a float.
  x2 = float("inf") if other.X != other.X else other.X

2025-06-24 19:52:51,702 - WARNING - D:\Codes\AtomWorld\.venv\Lib\site-packages\pymatgen\core\composition.py:328: UserWarning: No Pauling electronegativity for Hs. Setting to NaN. This has no physical meaning, and is mainly done to avoid errors caused by the code expecting a float.
  return sum((el.X * abs(amt) for el, amt in self.items())) / self.num_atoms

2025-06-24 19:52:51,705 - WARNING - D:\Codes\AtomWorld\.venv\Lib\site-packages\pymatgen\io\cif.py:285: UserWarning: Possible issue in CIF file at line: Li3MnV(PO4)3
  block = CifBlock.from_str(f"data_{block_str}")

2025-06-24 19:52:51,715 - INFO - Atom counts do not match for index 160
2025-06-24 19:52:51,836 - INFO - Structures do NOT match within tolerances.
2025-06-24 19:52:51,837 - INFO - Structures do not match for index 162
2025-06-24 19:52:52,083 - INFO - Structures do NOT match within tolerances.
2025-06-24 19:52:52,084 - INFO - Structures do not match for index 167
2025-06-24 19:52:52,592 - INFO - Structures do NOT match within tolerances.
2025-06-24 19:52:52,592 - INFO - Structures do not match for index 175
2025-06-24 19:52:52,722 - WARNING - D:\Codes\AtomWorld\.venv\Lib\site-packages\pymatgen\core\periodic_table.py:254: UserWarning: No Pauling electronegativity for Rg. Setting to NaN. This has no physical meaning, and is mainly done to avoid errors caused by the code expecting a float.
  x1 = float("inf") if self.X != self.X else self.X

2025-06-24 19:52:52,723 - WARNING - D:\Codes\AtomWorld\.venv\Lib\site-packages\pymatgen\core\composition.py:328: UserWarning: No Pauling electronegativity for Rg. Setting to NaN. This has no physical meaning, and is mainly done to avoid errors caused by the code expecting a float.
  return sum((el.X * abs(amt) for el, amt in self.items())) / self.num_atoms

2025-06-24 19:52:52,833 - INFO - HTTP Request: POST https://api.deepseek.com/v1/chat/completions "HTTP/1.1 200 OK"
2025-06-24 19:52:52,959 - INFO - HTTP Request: POST https://api.deepseek.com/v1/chat/completions "HTTP/1.1 200 OK"
2025-06-24 19:52:52,963 - INFO - HTTP Request: POST https://api.deepseek.com/v1/chat/completions "HTTP/1.1 200 OK"
2025-06-24 19:52:52,965 - INFO - HTTP Request: POST https://api.deepseek.com/v1/chat/completions "HTTP/1.1 200 OK"
2025-06-24 19:52:52,967 - INFO - HTTP Request: POST https://api.deepseek.com/v1/chat/completions "HTTP/1.1 200 OK"
2025-06-24 19:52:52,971 - INFO - HTTP Request: POST https://api.deepseek.com/v1/chat/completions "HTTP/1.1 200 OK"
2025-06-24 19:52:52,971 - INFO - HTTP Request: POST https://api.deepseek.com/v1/chat/completions "HTTP/1.1 200 OK"
2025-06-24 19:52:52,972 - INFO - HTTP Request: POST https://api.deepseek.com/v1/chat/completions "HTTP/1.1 200 OK"
2025-06-24 19:52:52,982 - INFO - HTTP Request: POST https://api.deepseek.com/v1/chat/completions "HTTP/1.1 200 OK"
2025-06-24 19:52:52,983 - INFO - HTTP Request: POST https://api.deepseek.com/v1/chat/completions "HTTP/1.1 200 OK"
2025-06-24 19:52:52,987 - INFO - HTTP Request: POST https://api.deepseek.com/v1/chat/completions "HTTP/1.1 200 OK"
2025-06-24 19:52:52,989 - INFO - HTTP Request: POST https://api.deepseek.com/v1/chat/completions "HTTP/1.1 200 OK"
2025-06-24 19:52:52,996 - INFO - HTTP Request: POST https://api.deepseek.com/v1/chat/completions "HTTP/1.1 200 OK"
2025-06-24 19:52:52,998 - INFO - HTTP Request: POST https://api.deepseek.com/v1/chat/completions "HTTP/1.1 200 OK"
2025-06-24 19:52:53,001 - INFO - HTTP Request: POST https://api.deepseek.com/v1/chat/completions "HTTP/1.1 200 OK"
2025-06-24 19:52:53,002 - INFO - HTTP Request: POST https://api.deepseek.com/v1/chat/completions "HTTP/1.1 200 OK"
2025-06-24 19:52:53,006 - INFO - HTTP Request: POST https://api.deepseek.com/v1/chat/completions "HTTP/1.1 200 OK"
2025-06-24 19:52:53,012 - INFO - HTTP Request: POST https://api.deepseek.com/v1/chat/completions "HTTP/1.1 200 OK"
2025-06-24 19:52:53,016 - INFO - HTTP Request: POST https://api.deepseek.com/v1/chat/completions "HTTP/1.1 200 OK"
2025-06-24 19:52:53,026 - INFO - HTTP Request: POST https://api.deepseek.com/v1/chat/completions "HTTP/1.1 200 OK"
2025-06-24 20:11:24,039 - WARNING - D:\Codes\AtomWorld\.venv\Lib\site-packages\pymatgen\io\cif.py:1348: UserWarning: Issues encountered while parsing CIF: 20 fractional coordinates rounded to ideal values to avoid issues with finite precision.
  return self.parse_structures(*args, **kwargs)

2025-06-24 20:11:24,495 - INFO - HTTP Request: POST https://api.deepseek.com/v1/chat/completions "HTTP/1.1 200 OK"
2025-06-24 20:11:24,620 - INFO - HTTP Request: POST https://api.deepseek.com/v1/chat/completions "HTTP/1.1 200 OK"
2025-06-24 20:11:24,622 - INFO - HTTP Request: POST https://api.deepseek.com/v1/chat/completions "HTTP/1.1 200 OK"
2025-06-24 20:11:24,623 - INFO - HTTP Request: POST https://api.deepseek.com/v1/chat/completions "HTTP/1.1 200 OK"
2025-06-24 20:11:24,625 - INFO - HTTP Request: POST https://api.deepseek.com/v1/chat/completions "HTTP/1.1 200 OK"
2025-06-24 20:11:24,626 - INFO - HTTP Request: POST https://api.deepseek.com/v1/chat/completions "HTTP/1.1 200 OK"
2025-06-24 20:11:24,627 - INFO - HTTP Request: POST https://api.deepseek.com/v1/chat/completions "HTTP/1.1 200 OK"
2025-06-24 20:11:24,629 - INFO - HTTP Request: POST https://api.deepseek.com/v1/chat/completions "HTTP/1.1 200 OK"
2025-06-24 20:11:24,631 - INFO - HTTP Request: POST https://api.deepseek.com/v1/chat/completions "HTTP/1.1 200 OK"
2025-06-24 20:11:24,634 - INFO - HTTP Request: POST https://api.deepseek.com/v1/chat/completions "HTTP/1.1 200 OK"
2025-06-24 20:11:24,638 - INFO - HTTP Request: POST https://api.deepseek.com/v1/chat/completions "HTTP/1.1 200 OK"
2025-06-24 20:11:24,639 - INFO - HTTP Request: POST https://api.deepseek.com/v1/chat/completions "HTTP/1.1 200 OK"
2025-06-24 20:11:24,643 - INFO - HTTP Request: POST https://api.deepseek.com/v1/chat/completions "HTTP/1.1 200 OK"
2025-06-24 20:11:24,644 - INFO - HTTP Request: POST https://api.deepseek.com/v1/chat/completions "HTTP/1.1 200 OK"
2025-06-24 20:11:24,647 - INFO - HTTP Request: POST https://api.deepseek.com/v1/chat/completions "HTTP/1.1 200 OK"
2025-06-24 20:11:24,650 - INFO - HTTP Request: POST https://api.deepseek.com/v1/chat/completions "HTTP/1.1 200 OK"
2025-06-24 20:11:24,650 - INFO - HTTP Request: POST https://api.deepseek.com/v1/chat/completions "HTTP/1.1 200 OK"
2025-06-24 20:11:24,653 - INFO - HTTP Request: POST https://api.deepseek.com/v1/chat/completions "HTTP/1.1 200 OK"
2025-06-24 20:11:24,655 - INFO - HTTP Request: POST https://api.deepseek.com/v1/chat/completions "HTTP/1.1 200 OK"
2025-06-24 20:11:24,656 - INFO - HTTP Request: POST https://api.deepseek.com/v1/chat/completions "HTTP/1.1 200 OK"
2025-06-24 20:29:27,959 - INFO - Structures do NOT match within tolerances.
2025-06-24 20:29:27,959 - INFO - Structures do not match for index 201
2025-06-24 20:29:28,070 - WARNING - D:\Codes\AtomWorld\.venv\Lib\site-packages\pymatgen\io\cif.py:285: UserWarning: Possible issue in CIF file at line: P
  block = CifBlock.from_str(f"data_{block_str}")

2025-06-24 20:29:28,070 - WARNING - D:\Codes\AtomWorld\.venv\Lib\site-packages\pymatgen\io\cif.py:285: UserWarning: Possible issue in CIF file at line: W
  block = CifBlock.from_str(f"data_{block_str}")

2025-06-24 20:29:28,070 - WARNING - D:\Codes\AtomWorld\.venv\Lib\site-packages\pymatgen\io\cif.py:285: UserWarning: Possible issue in CIF file at line: O5
  block = CifBlock.from_str(f"data_{block_str}")

2025-06-24 20:29:28,303 - INFO - Structures do NOT match within tolerances.
2025-06-24 20:29:28,303 - INFO - Structures do not match for index 210
2025-06-25 11:37:09,624 - INFO - HTTP Request: POST https://api.deepseek.com/v1/chat/completions "HTTP/1.1 200 OK"
2025-06-25 11:37:09,624 - INFO - HTTP Request: POST https://api.deepseek.com/v1/chat/completions "HTTP/1.1 200 OK"
2025-06-25 11:37:09,626 - INFO - HTTP Request: POST https://api.deepseek.com/v1/chat/completions "HTTP/1.1 200 OK"
2025-06-25 11:37:09,628 - INFO - HTTP Request: POST https://api.deepseek.com/v1/chat/completions "HTTP/1.1 200 OK"
2025-06-25 11:37:09,632 - INFO - HTTP Request: POST https://api.deepseek.com/v1/chat/completions "HTTP/1.1 200 OK"
2025-06-25 11:37:09,633 - INFO - HTTP Request: POST https://api.deepseek.com/v1/chat/completions "HTTP/1.1 200 OK"
2025-06-25 11:37:09,635 - INFO - HTTP Request: POST https://api.deepseek.com/v1/chat/completions "HTTP/1.1 200 OK"
2025-06-25 11:37:09,643 - INFO - HTTP Request: POST https://api.deepseek.com/v1/chat/completions "HTTP/1.1 200 OK"
2025-06-25 11:37:09,650 - INFO - HTTP Request: POST https://api.deepseek.com/v1/chat/completions "HTTP/1.1 200 OK"
2025-06-25 11:37:09,655 - INFO - HTTP Request: POST https://api.deepseek.com/v1/chat/completions "HTTP/1.1 200 OK"
2025-06-25 11:37:09,656 - INFO - HTTP Request: POST https://api.deepseek.com/v1/chat/completions "HTTP/1.1 200 OK"
2025-06-25 11:37:09,657 - INFO - HTTP Request: POST https://api.deepseek.com/v1/chat/completions "HTTP/1.1 200 OK"
2025-06-25 11:37:09,661 - INFO - HTTP Request: POST https://api.deepseek.com/v1/chat/completions "HTTP/1.1 200 OK"
2025-06-25 11:37:09,662 - INFO - HTTP Request: POST https://api.deepseek.com/v1/chat/completions "HTTP/1.1 200 OK"
2025-06-25 11:37:09,663 - INFO - HTTP Request: POST https://api.deepseek.com/v1/chat/completions "HTTP/1.1 200 OK"
2025-06-25 11:37:09,664 - INFO - HTTP Request: POST https://api.deepseek.com/v1/chat/completions "HTTP/1.1 200 OK"
2025-06-25 11:37:09,667 - INFO - HTTP Request: POST https://api.deepseek.com/v1/chat/completions "HTTP/1.1 200 OK"
2025-06-25 11:37:09,669 - INFO - HTTP Request: POST https://api.deepseek.com/v1/chat/completions "HTTP/1.1 200 OK"
2025-06-25 11:37:09,670 - INFO - HTTP Request: POST https://api.deepseek.com/v1/chat/completions "HTTP/1.1 200 OK"
2025-06-25 11:37:09,671 - INFO - HTTP Request: POST https://api.deepseek.com/v1/chat/completions "HTTP/1.1 200 OK"
2025-06-25 11:37:09,671 - INFO - HTTP Request: POST https://api.deepseek.com/v1/chat/completions "HTTP/1.1 200 OK"
2025-06-25 11:37:09,673 - INFO - HTTP Request: POST https://api.deepseek.com/v1/chat/completions "HTTP/1.1 200 OK"
2025-06-25 11:37:09,674 - INFO - HTTP Request: POST https://api.deepseek.com/v1/chat/completions "HTTP/1.1 200 OK"
2025-06-25 11:37:09,675 - INFO - HTTP Request: POST https://api.deepseek.com/v1/chat/completions "HTTP/1.1 200 OK"
2025-06-25 11:37:09,676 - INFO - HTTP Request: POST https://api.deepseek.com/v1/chat/completions "HTTP/1.1 200 OK"
2025-06-25 11:37:09,677 - INFO - HTTP Request: POST https://api.deepseek.com/v1/chat/completions "HTTP/1.1 200 OK"
2025-06-25 11:37:09,678 - INFO - HTTP Request: POST https://api.deepseek.com/v1/chat/completions "HTTP/1.1 200 OK"
2025-06-25 11:37:09,759 - INFO - HTTP Request: POST https://api.deepseek.com/v1/chat/completions "HTTP/1.1 200 OK"
2025-06-25 11:37:09,766 - INFO - HTTP Request: POST https://api.deepseek.com/v1/chat/completions "HTTP/1.1 200 OK"
2025-06-25 11:37:09,769 - INFO - HTTP Request: POST https://api.deepseek.com/v1/chat/completions "HTTP/1.1 200 OK"
2025-06-25 11:37:09,770 - INFO - HTTP Request: POST https://api.deepseek.com/v1/chat/completions "HTTP/1.1 200 OK"
2025-06-25 11:37:09,772 - INFO - HTTP Request: POST https://api.deepseek.com/v1/chat/completions "HTTP/1.1 200 OK"
2025-06-25 11:37:44,367 - INFO - HTTP Request: POST https://api.deepseek.com/v1/chat/completions "HTTP/1.1 200 OK"
2025-06-25 11:37:47,072 - INFO - HTTP Request: POST https://api.deepseek.com/v1/chat/completions "HTTP/1.1 200 OK"
2025-06-25 11:37:50,064 - INFO - HTTP Request: POST https://api.deepseek.com/v1/chat/completions "HTTP/1.1 200 OK"
2025-06-25 11:37:52,571 - INFO - HTTP Request: POST https://api.deepseek.com/v1/chat/completions "HTTP/1.1 200 OK"
2025-06-25 11:37:54,648 - INFO - HTTP Request: POST https://api.deepseek.com/v1/chat/completions "HTTP/1.1 200 OK"
2025-06-25 11:37:54,817 - INFO - HTTP Request: POST https://api.deepseek.com/v1/chat/completions "HTTP/1.1 200 OK"
2025-06-25 11:37:55,406 - INFO - HTTP Request: POST https://api.deepseek.com/v1/chat/completions "HTTP/1.1 200 OK"
2025-06-25 11:37:55,528 - INFO - HTTP Request: POST https://api.deepseek.com/v1/chat/completions "HTTP/1.1 200 OK"
2025-06-25 11:37:56,027 - INFO - HTTP Request: POST https://api.deepseek.com/v1/chat/completions "HTTP/1.1 200 OK"
2025-06-25 11:37:56,958 - INFO - HTTP Request: POST https://api.deepseek.com/v1/chat/completions "HTTP/1.1 200 OK"
2025-06-25 11:37:58,025 - INFO - HTTP Request: POST https://api.deepseek.com/v1/chat/completions "HTTP/1.1 200 OK"
2025-06-25 11:37:58,309 - INFO - HTTP Request: POST https://api.deepseek.com/v1/chat/completions "HTTP/1.1 200 OK"
2025-06-25 11:38:00,969 - INFO - HTTP Request: POST https://api.deepseek.com/v1/chat/completions "HTTP/1.1 200 OK"
2025-06-25 11:38:02,620 - INFO - HTTP Request: POST https://api.deepseek.com/v1/chat/completions "HTTP/1.1 200 OK"
2025-06-25 11:38:02,946 - INFO - HTTP Request: POST https://api.deepseek.com/v1/chat/completions "HTTP/1.1 200 OK"
2025-06-25 11:38:03,358 - INFO - HTTP Request: POST https://api.deepseek.com/v1/chat/completions "HTTP/1.1 200 OK"
2025-06-25 11:38:03,846 - INFO - HTTP Request: POST https://api.deepseek.com/v1/chat/completions "HTTP/1.1 200 OK"
2025-06-25 11:38:04,015 - INFO - HTTP Request: POST https://api.deepseek.com/v1/chat/completions "HTTP/1.1 200 OK"
2025-06-25 11:39:49,492 - WARNING - D:\Codes\AtomWorld\src\evaluation\metrics.py:30: FutureWarning: get_structures is deprecated; use parse_structures in pymatgen.io.cif instead.
The only difference is that primitive defaults to False in the new parse_structures method.So parse_structures(primitive=True) is equivalent to the old behavior of get_structures().
  structures = parser.get_structures()

2025-06-25 11:39:49,702 - INFO - Atom counts do not match for index 0
2025-06-25 11:39:49,750 - INFO - Atom counts do not match for index 1
2025-06-25 11:39:49,783 - WARNING - D:\Codes\AtomWorld\.venv\Lib\site-packages\pymatgen\io\cif.py:1313: UserWarning: Some occupancies ([2.0, 2.0, 2.0, 2.0]) sum to > 1! If they are within the occupancy_tolerance, they will be rescaled. The current occupancy_tolerance is set to: 1.0
  if struct := self._get_structure(data, primitive, symmetrized, check_occu=check_occu):

2025-06-25 11:39:49,788 - WARNING - D:\Codes\AtomWorld\.venv\Lib\site-packages\pymatgen\io\cif.py:1348: UserWarning: No structure parsed for section 1 in CIF.
Occupancy 2.0 exceeded tolerance.
  return self.parse_structures(*args, **kwargs)

2025-06-25 11:39:49,788 - WARNING - D:\Codes\AtomWorld\.venv\Lib\site-packages\pymatgen\io\cif.py:1348: UserWarning: Issues encountered while parsing CIF: Some occupancies ([2.0, 2.0, 2.0, 2.0]) sum to > 1! If they are within the occupancy_tolerance, they will be rescaled. The current occupancy_tolerance is set to: 1.0
No structure parsed for section 1 in CIF.
Occupancy 2.0 exceeded tolerance.
  return self.parse_structures(*args, **kwargs)

2025-06-25 11:39:49,788 - INFO - Error loading CIF from string: Invalid CIF file with no structures!
2025-06-25 12:56:23,670 - INFO - HTTP Request: POST https://api.deepseek.com/v1/chat/completions "HTTP/1.1 200 OK"
2025-06-25 12:58:15,394 - WARNING - D:\Codes\AtomWorld\src\evaluation\metrics.py:30: FutureWarning: get_structures is deprecated; use parse_structures in pymatgen.io.cif instead.
The only difference is that primitive defaults to False in the new parse_structures method.So parse_structures(primitive=True) is equivalent to the old behavior of get_structures().
  structures = parser.get_structures()

2025-06-25 12:58:15,498 - WARNING - D:\Codes\AtomWorld\.venv\Lib\site-packages\pymatgen\io\cif.py:1313: UserWarning: Missing elements Os from CIF-reported composition
  if struct := self._get_structure(data, primitive, symmetrized, check_occu=check_occu):

2025-06-25 12:58:15,499 - INFO - Atom counts do not match for index 0
2025-06-25 12:58:15,649 - INFO - HTTP Request: POST https://api.deepseek.com/v1/chat/completions "HTTP/1.1 200 OK"
2025-06-25 12:59:04,219 - INFO - Atom counts do not match for index 1
2025-06-25 12:59:04,287 - INFO - HTTP Request: POST https://api.deepseek.com/v1/chat/completions "HTTP/1.1 200 OK"
2025-06-25 12:59:51,886 - WARNING - D:\Codes\AtomWorld\.venv\Lib\site-packages\pymatgen\io\cif.py:1313: UserWarning: Some occupancies ([2.0, 2.0, 2.0, 2.0]) sum to > 1! If they are within the occupancy_tolerance, they will be rescaled. The current occupancy_tolerance is set to: 1.0
  if struct := self._get_structure(data, primitive, symmetrized, check_occu=check_occu):

2025-06-25 12:59:51,890 - WARNING - D:\Codes\AtomWorld\.venv\Lib\site-packages\pymatgen\io\cif.py:1348: UserWarning: No structure parsed for section 1 in CIF.
Occupancy 2.0 exceeded tolerance.
  return self.parse_structures(*args, **kwargs)

2025-06-25 12:59:51,890 - WARNING - D:\Codes\AtomWorld\.venv\Lib\site-packages\pymatgen\io\cif.py:1348: UserWarning: Issues encountered while parsing CIF: Some occupancies ([2.0, 2.0, 2.0, 2.0]) sum to > 1! If they are within the occupancy_tolerance, they will be rescaled. The current occupancy_tolerance is set to: 1.0
No structure parsed for section 1 in CIF.
Occupancy 2.0 exceeded tolerance.
  return self.parse_structures(*args, **kwargs)

2025-06-25 12:59:51,891 - INFO - Error loading CIF from string: Invalid CIF file with no structures!
2025-06-25 13:09:25,188 - INFO - HTTP Request: POST https://api.deepseek.com/v1/chat/completions "HTTP/1.1 200 OK"
2025-06-25 13:11:18,316 - WARNING - D:\Codes\AtomWorld\src\evaluation\metrics.py:30: FutureWarning: get_structures is deprecated; use parse_structures in pymatgen.io.cif instead.
The only difference is that primitive defaults to False in the new parse_structures method.So parse_structures(primitive=True) is equivalent to the old behavior of get_structures().
  structures = parser.get_structures()

2025-06-25 13:11:18,359 - WARNING - D:\Codes\AtomWorld\.venv\Lib\site-packages\pymatgen\io\cif.py:1313: UserWarning: Missing elements Os from CIF-reported composition
  if struct := self._get_structure(data, primitive, symmetrized, check_occu=check_occu):

2025-06-25 13:11:18,359 - INFO - Atom counts do not match for index 0
2025-06-25 13:11:18,416 - INFO - HTTP Request: POST https://api.deepseek.com/v1/chat/completions "HTTP/1.1 200 OK"
2025-06-25 13:12:01,786 - INFO - Atom counts do not match for index 1
2025-06-25 13:12:01,840 - INFO - HTTP Request: POST https://api.deepseek.com/v1/chat/completions "HTTP/1.1 200 OK"
2025-06-25 13:13:09,294 - WARNING - D:\Codes\AtomWorld\.venv\Lib\site-packages\pymatgen\io\cif.py:1313: UserWarning: Some occupancies ([2.0, 2.0, 2.0, 2.0]) sum to > 1! If they are within the occupancy_tolerance, they will be rescaled. The current occupancy_tolerance is set to: 1.0
  if struct := self._get_structure(data, primitive, symmetrized, check_occu=check_occu):

2025-06-25 13:13:09,294 - WARNING - D:\Codes\AtomWorld\.venv\Lib\site-packages\pymatgen\io\cif.py:1348: UserWarning: No structure parsed for section 1 in CIF.
Occupancy 2.0 exceeded tolerance.
  return self.parse_structures(*args, **kwargs)

2025-06-25 13:13:09,294 - WARNING - D:\Codes\AtomWorld\.venv\Lib\site-packages\pymatgen\io\cif.py:1348: UserWarning: Issues encountered while parsing CIF: Some occupancies ([2.0, 2.0, 2.0, 2.0]) sum to > 1! If they are within the occupancy_tolerance, they will be rescaled. The current occupancy_tolerance is set to: 1.0
No structure parsed for section 1 in CIF.
Occupancy 2.0 exceeded tolerance.
  return self.parse_structures(*args, **kwargs)

2025-06-25 13:13:09,294 - INFO - Error loading CIF from string: Invalid CIF file with no structures!
2025-06-25 13:27:28,026 - INFO - HTTP Request: POST https://api.deepseek.com/v1/chat/completions "HTTP/1.1 200 OK"
2025-06-25 13:29:21,220 - WARNING - D:\Codes\AtomWorld\src\evaluation\metrics.py:30: FutureWarning: get_structures is deprecated; use parse_structures in pymatgen.io.cif instead.
The only difference is that primitive defaults to False in the new parse_structures method.So parse_structures(primitive=True) is equivalent to the old behavior of get_structures().
  structures = parser.get_structures()

2025-06-25 13:29:21,391 - WARNING - D:\Codes\AtomWorld\.venv\Lib\site-packages\pymatgen\io\cif.py:1313: UserWarning: Missing elements Os from CIF-reported composition
  if struct := self._get_structure(data, primitive, symmetrized, check_occu=check_occu):

2025-06-25 13:29:21,394 - INFO - Atom counts do not match for index 0
2025-06-25 13:29:21,451 - INFO - HTTP Request: POST https://api.deepseek.com/v1/chat/completions "HTTP/1.1 200 OK"
2025-06-25 13:30:10,865 - INFO - Atom counts do not match for index 1
2025-06-25 13:30:10,921 - INFO - HTTP Request: POST https://api.deepseek.com/v1/chat/completions "HTTP/1.1 200 OK"
2025-06-25 13:31:00,875 - WARNING - D:\Codes\AtomWorld\.venv\Lib\site-packages\pymatgen\io\cif.py:1313: UserWarning: Some occupancies ([2.0, 2.0, 2.0, 2.0]) sum to > 1! If they are within the occupancy_tolerance, they will be rescaled. The current occupancy_tolerance is set to: 1.0
  if struct := self._get_structure(data, primitive, symmetrized, check_occu=check_occu):

2025-06-25 13:31:00,876 - WARNING - D:\Codes\AtomWorld\.venv\Lib\site-packages\pymatgen\io\cif.py:1348: UserWarning: No structure parsed for section 1 in CIF.
Occupancy 2.0 exceeded tolerance.
  return self.parse_structures(*args, **kwargs)

2025-06-25 13:31:00,877 - WARNING - D:\Codes\AtomWorld\.venv\Lib\site-packages\pymatgen\io\cif.py:1348: UserWarning: Issues encountered while parsing CIF: Some occupancies ([2.0, 2.0, 2.0, 2.0]) sum to > 1! If they are within the occupancy_tolerance, they will be rescaled. The current occupancy_tolerance is set to: 1.0
No structure parsed for section 1 in CIF.
Occupancy 2.0 exceeded tolerance.
  return self.parse_structures(*args, **kwargs)

2025-06-25 13:31:00,877 - INFO - Error loading CIF from string: Invalid CIF file with no structures!
2025-06-25 13:31:00,879 - WARNING - D:\Codes\AtomWorld\.venv\Lib\site-packages\pymatgen\io\cif.py:1313: UserWarning: Some occupancies ([2.0]) sum to > 1! If they are within the occupancy_tolerance, they will be rescaled. The current occupancy_tolerance is set to: 1.0
  if struct := self._get_structure(data, primitive, symmetrized, check_occu=check_occu):

2025-06-25 13:31:00,881 - WARNING - D:\Codes\AtomWorld\.venv\Lib\site-packages\pymatgen\io\cif.py:1348: UserWarning: Issues encountered while parsing CIF: Some occupancies ([2.0]) sum to > 1! If they are within the occupancy_tolerance, they will be rescaled. The current occupancy_tolerance is set to: 1.0
No structure parsed for section 1 in CIF.
Occupancy 2.0 exceeded tolerance.
  return self.parse_structures(*args, **kwargs)

2025-06-25 13:31:00,881 - INFO - Error loading CIF from string: Invalid CIF file with no structures!
2025-06-25 13:31:00,881 - INFO - Invalid generated structure for index 2
2025-06-25 13:31:00,933 - INFO - HTTP Request: POST https://api.deepseek.com/v1/chat/completions "HTTP/1.1 200 OK"
2025-06-25 13:31:48,311 - WARNING - D:\Codes\AtomWorld\.venv\Lib\site-packages\pymatgen\io\cif.py:1313: UserWarning: Some occupancies ([2.0, 2.0, 2.0, 2.0, 2.0, 2.0]) sum to > 1! If they are within the occupancy_tolerance, they will be rescaled. The current occupancy_tolerance is set to: 1.0
  if struct := self._get_structure(data, primitive, symmetrized, check_occu=check_occu):

2025-06-25 13:31:48,312 - WARNING - D:\Codes\AtomWorld\.venv\Lib\site-packages\pymatgen\io\cif.py:1348: UserWarning: Issues encountered while parsing CIF: Some occupancies ([2.0, 2.0, 2.0, 2.0, 2.0, 2.0]) sum to > 1! If they are within the occupancy_tolerance, they will be rescaled. The current occupancy_tolerance is set to: 1.0
No structure parsed for section 1 in CIF.
Occupancy 2.0 exceeded tolerance.
  return self.parse_structures(*args, **kwargs)

2025-06-25 13:31:48,312 - INFO - Error loading CIF from string: Invalid CIF file with no structures!
2025-06-25 13:36:09,108 - INFO - HTTP Request: POST https://api.deepseek.com/v1/chat/completions "HTTP/1.1 200 OK"
2025-06-25 13:38:03,302 - WARNING - D:\Codes\AtomWorld\src\evaluation\metrics.py:30: FutureWarning: get_structures is deprecated; use parse_structures in pymatgen.io.cif instead.
The only difference is that primitive defaults to False in the new parse_structures method.So parse_structures(primitive=True) is equivalent to the old behavior of get_structures().
  structures = parser.get_structures()

2025-06-25 13:38:03,339 - INFO - Atom counts do not match for index 0
2025-06-25 13:38:03,405 - INFO - HTTP Request: POST https://api.deepseek.com/v1/chat/completions "HTTP/1.1 200 OK"
2025-06-25 13:39:00,844 - INFO - Atom counts do not match for index 1
2025-06-25 13:39:00,958 - INFO - HTTP Request: POST https://api.deepseek.com/v1/chat/completions "HTTP/1.1 200 OK"
2025-06-25 13:39:56,381 - WARNING - D:\Codes\AtomWorld\.venv\Lib\site-packages\pymatgen\io\cif.py:1313: UserWarning: Some occupancies ([2.0, 2.0, 2.0, 2.0]) sum to > 1! If they are within the occupancy_tolerance, they will be rescaled. The current occupancy_tolerance is set to: 1.0
  if struct := self._get_structure(data, primitive, symmetrized, check_occu=check_occu):

2025-06-25 13:39:56,381 - WARNING - D:\Codes\AtomWorld\.venv\Lib\site-packages\pymatgen\io\cif.py:1348: UserWarning: No structure parsed for section 1 in CIF.
Occupancy 2.0 exceeded tolerance.
  return self.parse_structures(*args, **kwargs)

2025-06-25 13:39:56,382 - WARNING - D:\Codes\AtomWorld\.venv\Lib\site-packages\pymatgen\io\cif.py:1348: UserWarning: Issues encountered while parsing CIF: Some occupancies ([2.0, 2.0, 2.0, 2.0]) sum to > 1! If they are within the occupancy_tolerance, they will be rescaled. The current occupancy_tolerance is set to: 1.0
No structure parsed for section 1 in CIF.
Occupancy 2.0 exceeded tolerance.
  return self.parse_structures(*args, **kwargs)

2025-06-25 13:39:56,382 - INFO - Error loading CIF from string: Invalid CIF file with no structures!
2025-06-25 13:53:50,599 - INFO - HTTP Request: POST https://api.deepseek.com/v1/chat/completions "HTTP/1.1 200 OK"
2025-06-25 13:55:29,736 - WARNING - D:\Codes\AtomWorld\src\evaluation\metrics.py:30: FutureWarning: get_structures is deprecated; use parse_structures in pymatgen.io.cif instead.
The only difference is that primitive defaults to False in the new parse_structures method.So parse_structures(primitive=True) is equivalent to the old behavior of get_structures().
  structures = parser.get_structures()

2025-06-25 13:55:29,920 - INFO - Atom counts do not match for index 0
2025-06-25 13:55:29,982 - INFO - HTTP Request: POST https://api.deepseek.com/v1/chat/completions "HTTP/1.1 200 OK"
2025-06-25 13:57:01,129 - INFO - Atom counts do not match for index 1
2025-06-25 13:57:01,189 - INFO - HTTP Request: POST https://api.deepseek.com/v1/chat/completions "HTTP/1.1 200 OK"
2025-06-25 13:58:53,319 - WARNING - D:\Codes\AtomWorld\.venv\Lib\site-packages\pymatgen\io\cif.py:1313: UserWarning: Some occupancies ([2.0, 2.0, 2.0, 2.0]) sum to > 1! If they are within the occupancy_tolerance, they will be rescaled. The current occupancy_tolerance is set to: 1.0
  if struct := self._get_structure(data, primitive, symmetrized, check_occu=check_occu):

2025-06-25 13:58:53,320 - WARNING - D:\Codes\AtomWorld\.venv\Lib\site-packages\pymatgen\io\cif.py:1348: UserWarning: No structure parsed for section 1 in CIF.
Occupancy 2.0 exceeded tolerance.
  return self.parse_structures(*args, **kwargs)

2025-06-25 13:58:53,320 - WARNING - D:\Codes\AtomWorld\.venv\Lib\site-packages\pymatgen\io\cif.py:1348: UserWarning: Issues encountered while parsing CIF: Some occupancies ([2.0, 2.0, 2.0, 2.0]) sum to > 1! If they are within the occupancy_tolerance, they will be rescaled. The current occupancy_tolerance is set to: 1.0
No structure parsed for section 1 in CIF.
Occupancy 2.0 exceeded tolerance.
  return self.parse_structures(*args, **kwargs)

2025-06-25 13:58:53,320 - INFO - Error loading CIF from string: Invalid CIF file with no structures!
2025-06-25 15:07:32,957 - INFO - HTTP Request: POST https://api.deepseek.com/v1/chat/completions "HTTP/1.1 200 OK"
2025-06-25 15:09:36,917 - INFO - HTTP Request: POST https://api.deepseek.com/v1/chat/completions "HTTP/1.1 200 OK"
2025-06-25 15:09:36,917 - INFO - HTTP Request: POST https://api.deepseek.com/v1/chat/completions "HTTP/1.1 200 OK"
2025-06-25 15:09:36,924 - INFO - HTTP Request: POST https://api.deepseek.com/v1/chat/completions "HTTP/1.1 200 OK"
2025-06-25 15:09:36,925 - INFO - HTTP Request: POST https://api.deepseek.com/v1/chat/completions "HTTP/1.1 200 OK"
2025-06-25 15:09:36,928 - INFO - HTTP Request: POST https://api.deepseek.com/v1/chat/completions "HTTP/1.1 200 OK"
2025-06-25 15:09:36,928 - INFO - HTTP Request: POST https://api.deepseek.com/v1/chat/completions "HTTP/1.1 200 OK"
2025-06-25 15:09:36,930 - INFO - HTTP Request: POST https://api.deepseek.com/v1/chat/completions "HTTP/1.1 200 OK"
2025-06-25 15:09:36,931 - INFO - HTTP Request: POST https://api.deepseek.com/v1/chat/completions "HTTP/1.1 200 OK"
2025-06-25 15:09:36,931 - INFO - HTTP Request: POST https://api.deepseek.com/v1/chat/completions "HTTP/1.1 200 OK"
2025-06-25 15:09:36,931 - INFO - HTTP Request: POST https://api.deepseek.com/v1/chat/completions "HTTP/1.1 200 OK"
2025-06-25 15:09:36,932 - INFO - HTTP Request: POST https://api.deepseek.com/v1/chat/completions "HTTP/1.1 200 OK"
2025-06-25 15:09:36,932 - INFO - HTTP Request: POST https://api.deepseek.com/v1/chat/completions "HTTP/1.1 200 OK"
2025-06-25 15:09:36,933 - INFO - HTTP Request: POST https://api.deepseek.com/v1/chat/completions "HTTP/1.1 200 OK"
2025-06-25 15:09:36,934 - INFO - HTTP Request: POST https://api.deepseek.com/v1/chat/completions "HTTP/1.1 200 OK"
2025-06-25 15:09:36,937 - INFO - HTTP Request: POST https://api.deepseek.com/v1/chat/completions "HTTP/1.1 200 OK"
2025-06-25 15:09:36,942 - INFO - HTTP Request: POST https://api.deepseek.com/v1/chat/completions "HTTP/1.1 200 OK"
2025-06-25 15:09:36,942 - INFO - HTTP Request: POST https://api.deepseek.com/v1/chat/completions "HTTP/1.1 200 OK"
2025-06-25 15:09:36,945 - INFO - HTTP Request: POST https://api.deepseek.com/v1/chat/completions "HTTP/1.1 200 OK"
2025-06-25 15:09:36,945 - INFO - HTTP Request: POST https://api.deepseek.com/v1/chat/completions "HTTP/1.1 200 OK"
2025-06-25 15:09:36,956 - INFO - HTTP Request: POST https://api.deepseek.com/v1/chat/completions "HTTP/1.1 200 OK"
2025-06-25 15:09:36,956 - INFO - HTTP Request: POST https://api.deepseek.com/v1/chat/completions "HTTP/1.1 200 OK"
2025-06-25 15:09:36,958 - INFO - HTTP Request: POST https://api.deepseek.com/v1/chat/completions "HTTP/1.1 200 OK"
2025-06-25 15:09:36,959 - INFO - HTTP Request: POST https://api.deepseek.com/v1/chat/completions "HTTP/1.1 200 OK"
2025-06-25 15:09:36,960 - INFO - HTTP Request: POST https://api.deepseek.com/v1/chat/completions "HTTP/1.1 200 OK"
2025-06-25 15:09:36,962 - INFO - HTTP Request: POST https://api.deepseek.com/v1/chat/completions "HTTP/1.1 200 OK"
2025-06-25 15:09:36,963 - INFO - HTTP Request: POST https://api.deepseek.com/v1/chat/completions "HTTP/1.1 200 OK"
2025-06-25 15:09:36,965 - INFO - HTTP Request: POST https://api.deepseek.com/v1/chat/completions "HTTP/1.1 200 OK"
2025-06-25 15:09:36,965 - INFO - HTTP Request: POST https://api.deepseek.com/v1/chat/completions "HTTP/1.1 200 OK"
2025-06-25 15:09:36,967 - INFO - HTTP Request: POST https://api.deepseek.com/v1/chat/completions "HTTP/1.1 200 OK"
2025-06-25 15:09:36,969 - INFO - HTTP Request: POST https://api.deepseek.com/v1/chat/completions "HTTP/1.1 200 OK"
2025-06-25 15:09:36,972 - INFO - HTTP Request: POST https://api.deepseek.com/v1/chat/completions "HTTP/1.1 200 OK"
2025-06-25 15:09:36,984 - INFO - HTTP Request: POST https://api.deepseek.com/v1/chat/completions "HTTP/1.1 200 OK"
2025-06-25 15:10:18,461 - INFO - HTTP Request: POST https://api.deepseek.com/v1/chat/completions "HTTP/1.1 200 OK"
2025-06-25 15:10:20,120 - INFO - HTTP Request: POST https://api.deepseek.com/v1/chat/completions "HTTP/1.1 200 OK"
2025-06-25 15:10:21,438 - INFO - HTTP Request: POST https://api.deepseek.com/v1/chat/completions "HTTP/1.1 200 OK"
2025-06-25 15:10:22,297 - INFO - HTTP Request: POST https://api.deepseek.com/v1/chat/completions "HTTP/1.1 200 OK"
2025-06-25 15:10:22,342 - INFO - HTTP Request: POST https://api.deepseek.com/v1/chat/completions "HTTP/1.1 200 OK"
2025-06-25 15:10:22,447 - INFO - HTTP Request: POST https://api.deepseek.com/v1/chat/completions "HTTP/1.1 200 OK"
2025-06-25 15:10:22,818 - INFO - HTTP Request: POST https://api.deepseek.com/v1/chat/completions "HTTP/1.1 200 OK"
2025-06-25 15:10:23,113 - INFO - HTTP Request: POST https://api.deepseek.com/v1/chat/completions "HTTP/1.1 200 OK"
2025-06-25 15:10:23,242 - INFO - HTTP Request: POST https://api.deepseek.com/v1/chat/completions "HTTP/1.1 200 OK"
2025-06-25 15:10:23,299 - INFO - HTTP Request: POST https://api.deepseek.com/v1/chat/completions "HTTP/1.1 200 OK"
2025-06-25 15:10:23,305 - INFO - HTTP Request: POST https://api.deepseek.com/v1/chat/completions "HTTP/1.1 200 OK"
2025-06-25 15:10:23,527 - INFO - HTTP Request: POST https://api.deepseek.com/v1/chat/completions "HTTP/1.1 200 OK"
2025-06-25 15:10:23,563 - INFO - HTTP Request: POST https://api.deepseek.com/v1/chat/completions "HTTP/1.1 200 OK"
2025-06-25 15:10:23,620 - INFO - HTTP Request: POST https://api.deepseek.com/v1/chat/completions "HTTP/1.1 200 OK"
2025-06-25 15:10:23,711 - INFO - HTTP Request: POST https://api.deepseek.com/v1/chat/completions "HTTP/1.1 200 OK"
2025-06-25 15:10:24,095 - INFO - HTTP Request: POST https://api.deepseek.com/v1/chat/completions "HTTP/1.1 200 OK"
2025-06-25 15:10:25,723 - INFO - HTTP Request: POST https://api.deepseek.com/v1/chat/completions "HTTP/1.1 200 OK"
2025-06-25 15:10:26,180 - INFO - HTTP Request: POST https://api.deepseek.com/v1/chat/completions "HTTP/1.1 200 OK"
2025-06-25 15:13:20,034 - INFO - Structures do NOT match within tolerances.
2025-06-25 15:13:20,035 - INFO - Structures do not match for index 2
2025-06-25 15:13:20,047 - INFO - Atom counts do not match for index 3
2025-06-25 15:13:20,065 - WARNING - D:\Codes\AtomWorld\.venv\Lib\site-packages\pymatgen\io\cif.py:1313: UserWarning: Missing elements Cl from CIF-reported composition
  if struct := self._get_structure(data, primitive, symmetrized, check_occu=check_occu):

2025-06-25 15:13:20,078 - INFO - Structures do NOT match within tolerances.
2025-06-25 15:13:20,078 - INFO - Structures do not match for index 4
2025-06-25 15:13:20,164 - INFO - Structures do NOT match within tolerances.
2025-06-25 15:13:20,165 - INFO - Structures do not match for index 5
2025-06-25 15:13:20,188 - INFO - Structures do NOT match within tolerances.
2025-06-25 15:13:20,188 - INFO - Structures do not match for index 6
2025-06-25 15:13:20,194 - WARNING - D:\Codes\AtomWorld\.venv\Lib\site-packages\pymatgen\core\periodic_table.py:252: UserWarning: No Pauling electronegativity for Lv. Setting to NaN. This has no physical meaning, and is mainly done to avoid errors caused by the code expecting a float.
  if not hasattr(other, "X") or not hasattr(other, "symbol"):

2025-06-25 15:13:20,194 - WARNING - D:\Codes\AtomWorld\.venv\Lib\site-packages\pymatgen\core\periodic_table.py:255: UserWarning: No Pauling electronegativity for Lv. Setting to NaN. This has no physical meaning, and is mainly done to avoid errors caused by the code expecting a float.
  x2 = float("inf") if other.X != other.X else other.X

2025-06-25 15:13:20,194 - WARNING - D:\Codes\AtomWorld\.venv\Lib\site-packages\pymatgen\core\composition.py:328: UserWarning: No Pauling electronegativity for Lv. Setting to NaN. This has no physical meaning, and is mainly done to avoid errors caused by the code expecting a float.
  return sum((el.X * abs(amt) for el, amt in self.items())) / self.num_atoms

2025-06-25 15:13:20,199 - INFO - Atom counts do not match for index 7
2025-06-25 15:13:20,209 - WARNING - D:\Codes\AtomWorld\.venv\Lib\site-packages\pymatgen\io\cif.py:1313: UserWarning: Incorrect stoichiometry:
  CIF={'Li': 2.0, 'Mg': 12.0, 'V': 2.0, 'Fr': 2.0}
  PMG={'Fr': 1.0, 'Li': 2.0, 'Mg': 12.0, 'V': 2.0}
  ratios={'Fr': 0.5, 'V': 1.0, 'Li': 1.0, 'Mg': 1.0}
  if struct := self._get_structure(data, primitive, symmetrized, check_occu=check_occu):

2025-06-25 15:13:20,228 - WARNING - D:\Codes\AtomWorld\.venv\Lib\site-packages\pymatgen\io\cif.py:1313: UserWarning: Incorrect stoichiometry:
  CIF={'Mg': 12.0, 'Cd': 2.0, 'Fe': 2.0, 'I': 2.0}
  PMG={'Mg': 12.0, 'Cd': 2.0, 'Fe': 2.0, 'I': 1.0}
  ratios={'I': 0.5, 'Fe': 1.0, 'Cd': 1.0, 'Mg': 1.0}
  if struct := self._get_structure(data, primitive, symmetrized, check_occu=check_occu):

2025-06-25 15:13:20,279 - INFO - Structures do NOT match within tolerances.
2025-06-25 15:13:20,279 - INFO - Structures do not match for index 10
2025-06-25 15:13:20,282 - WARNING - D:\Codes\AtomWorld\src\evaluation\metrics.py:30: UserWarning: Issues encountered while parsing CIF: 4 fractional coordinates rounded to ideal values to avoid issues with finite precision.
  structures = parser.parse_structures(primitive=True)

2025-06-25 15:13:20,299 - INFO - Structures do NOT match within tolerances.
2025-06-25 15:13:20,299 - INFO - Structures do not match for index 11
2025-06-25 15:13:20,344 - WARNING - D:\Codes\AtomWorld\.venv\Lib\site-packages\pymatgen\core\periodic_table.py:252: UserWarning: No Pauling electronegativity for Ne. Setting to NaN. This has no physical meaning, and is mainly done to avoid errors caused by the code expecting a float.
  if not hasattr(other, "X") or not hasattr(other, "symbol"):

2025-06-25 15:13:20,344 - WARNING - D:\Codes\AtomWorld\.venv\Lib\site-packages\pymatgen\core\periodic_table.py:255: UserWarning: No Pauling electronegativity for Ne. Setting to NaN. This has no physical meaning, and is mainly done to avoid errors caused by the code expecting a float.
  x2 = float("inf") if other.X != other.X else other.X

2025-06-25 15:13:20,344 - WARNING - D:\Codes\AtomWorld\.venv\Lib\site-packages\pymatgen\core\composition.py:328: UserWarning: No Pauling electronegativity for Ne. Setting to NaN. This has no physical meaning, and is mainly done to avoid errors caused by the code expecting a float.
  return sum((el.X * abs(amt) for el, amt in self.items())) / self.num_atoms

2025-06-25 15:13:20,348 - WARNING - D:\Codes\AtomWorld\.venv\Lib\site-packages\pymatgen\core\periodic_table.py:254: UserWarning: No Pauling electronegativity for Ne. Setting to NaN. This has no physical meaning, and is mainly done to avoid errors caused by the code expecting a float.
  x1 = float("inf") if self.X != self.X else self.X

2025-06-25 15:13:20,431 - WARNING - D:\Codes\AtomWorld\.venv\Lib\site-packages\pymatgen\io\cif.py:1313: UserWarning: Some occupancies ([2.0]) sum to > 1! If they are within the occupancy_tolerance, they will be rescaled. The current occupancy_tolerance is set to: 1.0
  if struct := self._get_structure(data, primitive, symmetrized, check_occu=check_occu):

2025-06-25 15:13:20,431 - WARNING - D:\Codes\AtomWorld\src\evaluation\metrics.py:30: UserWarning: No structure parsed for section 1 in CIF.
Occupancy 2.0 exceeded tolerance.
  structures = parser.parse_structures(primitive=True)

2025-06-25 15:13:20,431 - WARNING - D:\Codes\AtomWorld\src\evaluation\metrics.py:30: UserWarning: Issues encountered while parsing CIF: Some occupancies ([2.0]) sum to > 1! If they are within the occupancy_tolerance, they will be rescaled. The current occupancy_tolerance is set to: 1.0
No structure parsed for section 1 in CIF.
Occupancy 2.0 exceeded tolerance.
  structures = parser.parse_structures(primitive=True)

2025-06-25 15:13:20,432 - INFO - Error loading CIF from string: Invalid CIF file with no structures!
2025-06-25 15:13:20,432 - INFO - Invalid generated structure for index 15
2025-06-25 15:13:20,434 - WARNING - D:\Codes\AtomWorld\src\evaluation\metrics.py:30: UserWarning: Issues encountered while parsing CIF: 24 fractional coordinates rounded to ideal values to avoid issues with finite precision.
  structures = parser.parse_structures(primitive=True)

2025-06-25 15:13:20,437 - WARNING - D:\Codes\AtomWorld\src\evaluation\metrics.py:30: UserWarning: Issues encountered while parsing CIF: 26 fractional coordinates rounded to ideal values to avoid issues with finite precision.
  structures = parser.parse_structures(primitive=True)

2025-06-25 15:13:20,467 - INFO - Structures do NOT match within tolerances.
2025-06-25 15:13:20,468 - INFO - Structures do not match for index 16
2025-06-25 15:13:20,472 - WARNING - D:\Codes\AtomWorld\.venv\Lib\site-packages\pymatgen\core\periodic_table.py:254: UserWarning: No Pauling electronegativity for Nh. Setting to NaN. This has no physical meaning, and is mainly done to avoid errors caused by the code expecting a float.
  x1 = float("inf") if self.X != self.X else self.X

2025-06-25 15:13:20,472 - WARNING - D:\Codes\AtomWorld\.venv\Lib\site-packages\pymatgen\core\composition.py:328: UserWarning: No Pauling electronegativity for Nh. Setting to NaN. This has no physical meaning, and is mainly done to avoid errors caused by the code expecting a float.
  return sum((el.X * abs(amt) for el, amt in self.items())) / self.num_atoms

2025-06-25 15:13:20,503 - INFO - Structures do NOT match within tolerances.
2025-06-25 15:13:20,511 - INFO - Structures do not match for index 17
2025-06-25 15:13:20,534 - INFO - Structures do NOT match within tolerances.
2025-06-25 15:13:20,534 - INFO - Structures do not match for index 18
2025-06-25 15:13:20,678 - INFO - Structures do NOT match within tolerances.
2025-06-25 15:13:20,678 - INFO - Structures do not match for index 23
2025-06-25 15:13:20,686 - WARNING - D:\Codes\AtomWorld\.venv\Lib\site-packages\pymatgen\io\cif.py:1313: UserWarning: Missing elements Ba from CIF-reported composition
  if struct := self._get_structure(data, primitive, symmetrized, check_occu=check_occu):

2025-06-25 15:13:20,687 - INFO - Atom counts do not match for index 24
2025-06-25 15:13:20,731 - WARNING - D:\Codes\AtomWorld\src\evaluation\metrics.py:30: UserWarning: Issues encountered while parsing CIF: 12 fractional coordinates rounded to ideal values to avoid issues with finite precision.
  structures = parser.parse_structures(primitive=True)

2025-06-25 15:13:20,733 - WARNING - D:\Codes\AtomWorld\.venv\Lib\site-packages\pymatgen\core\periodic_table.py:252: UserWarning: No Pauling electronegativity for He. Setting to NaN. This has no physical meaning, and is mainly done to avoid errors caused by the code expecting a float.
  if not hasattr(other, "X") or not hasattr(other, "symbol"):

2025-06-25 15:13:20,733 - WARNING - D:\Codes\AtomWorld\.venv\Lib\site-packages\pymatgen\core\periodic_table.py:255: UserWarning: No Pauling electronegativity for He. Setting to NaN. This has no physical meaning, and is mainly done to avoid errors caused by the code expecting a float.
  x2 = float("inf") if other.X != other.X else other.X

2025-06-25 15:13:20,733 - WARNING - D:\Codes\AtomWorld\.venv\Lib\site-packages\pymatgen\core\composition.py:328: UserWarning: No Pauling electronegativity for He. Setting to NaN. This has no physical meaning, and is mainly done to avoid errors caused by the code expecting a float.
  return sum((el.X * abs(amt) for el, amt in self.items())) / self.num_atoms

2025-06-25 15:13:20,889 - WARNING - D:\Codes\AtomWorld\.venv\Lib\site-packages\pymatgen\io\cif.py:1313: UserWarning: Missing elements Ru from CIF-reported composition
  if struct := self._get_structure(data, primitive, symmetrized, check_occu=check_occu):

2025-06-25 15:13:20,936 - INFO - Error loading CIF from string: Invalid CIF file with no structures!
2025-06-25 15:13:20,936 - INFO - Invalid generated structure for index 32
2025-06-25 15:13:21,200 - WARNING - D:\Codes\AtomWorld\src\evaluation\metrics.py:30: UserWarning: Issues encountered while parsing CIF: 1 fractional coordinates rounded to ideal values to avoid issues with finite precision.
  structures = parser.parse_structures(primitive=True)

2025-06-25 15:13:21,249 - INFO - Structures do NOT match within tolerances.
2025-06-25 15:13:21,249 - INFO - Structures do not match for index 36
2025-06-25 15:13:21,482 - INFO - Structures do NOT match within tolerances.
2025-06-25 15:13:21,482 - INFO - Structures do not match for index 38
2025-06-25 15:13:21,701 - INFO - Structures do NOT match within tolerances.
2025-06-25 15:13:21,701 - INFO - Structures do not match for index 40
2025-06-25 15:13:21,728 - INFO - Structures do NOT match within tolerances.
2025-06-25 15:13:21,728 - INFO - Structures do not match for index 41
2025-06-25 15:13:21,848 - INFO - Structures do NOT match within tolerances.
2025-06-25 15:13:21,848 - INFO - Structures do not match for index 44
2025-06-25 15:13:21,905 - INFO - Structures do NOT match within tolerances.
2025-06-25 15:13:21,905 - INFO - Structures do not match for index 46
2025-06-25 15:13:21,992 - WARNING - D:\Codes\AtomWorld\.venv\Lib\site-packages\pymatgen\io\cif.py:1313: UserWarning: Some occupancies ([9.0]) sum to > 1! If they are within the occupancy_tolerance, they will be rescaled. The current occupancy_tolerance is set to: 1.0
  if struct := self._get_structure(data, primitive, symmetrized, check_occu=check_occu):

2025-06-25 15:13:21,994 - WARNING - D:\Codes\AtomWorld\src\evaluation\metrics.py:30: UserWarning: No structure parsed for section 1 in CIF.
Occupancy 9.0 exceeded tolerance.
  structures = parser.parse_structures(primitive=True)

2025-06-25 15:13:21,994 - WARNING - D:\Codes\AtomWorld\src\evaluation\metrics.py:30: UserWarning: Issues encountered while parsing CIF: Some occupancies ([9.0]) sum to > 1! If they are within the occupancy_tolerance, they will be rescaled. The current occupancy_tolerance is set to: 1.0
No structure parsed for section 1 in CIF.
Occupancy 9.0 exceeded tolerance.
  structures = parser.parse_structures(primitive=True)

2025-06-25 15:13:21,994 - INFO - Error loading CIF from string: Invalid CIF file with no structures!
2025-06-25 15:13:21,994 - INFO - Invalid generated structure for index 48
2025-06-25 15:13:22,003 - WARNING - D:\Codes\AtomWorld\src\evaluation\metrics.py:30: UserWarning: No structure parsed for section 1 in CIF.
cannot reshape array of size 1 into shape (3,3)
  structures = parser.parse_structures(primitive=True)

2025-06-25 15:13:22,003 - WARNING - D:\Codes\AtomWorld\src\evaluation\metrics.py:30: UserWarning: Issues encountered while parsing CIF: No structure parsed for section 1 in CIF.
cannot reshape array of size 1 into shape (3,3)
  structures = parser.parse_structures(primitive=True)

2025-06-25 15:13:22,004 - INFO - Error loading CIF from string: Invalid CIF file with no structures!
2025-06-25 15:13:22,004 - INFO - Invalid generated structure for index 49
2025-06-25 15:13:22,065 - INFO - HTTP Request: POST https://api.deepseek.com/v1/chat/completions "HTTP/1.1 200 OK"
2025-06-25 15:13:22,195 - INFO - HTTP Request: POST https://api.deepseek.com/v1/chat/completions "HTTP/1.1 200 OK"
2025-06-25 15:13:22,199 - INFO - HTTP Request: POST https://api.deepseek.com/v1/chat/completions "HTTP/1.1 200 OK"
2025-06-25 15:13:22,200 - INFO - HTTP Request: POST https://api.deepseek.com/v1/chat/completions "HTTP/1.1 200 OK"
2025-06-25 15:13:22,203 - INFO - HTTP Request: POST https://api.deepseek.com/v1/chat/completions "HTTP/1.1 200 OK"
2025-06-25 15:13:22,205 - INFO - HTTP Request: POST https://api.deepseek.com/v1/chat/completions "HTTP/1.1 200 OK"
2025-06-25 15:13:22,206 - INFO - HTTP Request: POST https://api.deepseek.com/v1/chat/completions "HTTP/1.1 200 OK"
2025-06-25 15:13:22,207 - INFO - HTTP Request: POST https://api.deepseek.com/v1/chat/completions "HTTP/1.1 200 OK"
2025-06-25 15:13:22,208 - INFO - HTTP Request: POST https://api.deepseek.com/v1/chat/completions "HTTP/1.1 200 OK"
2025-06-25 15:13:22,209 - INFO - HTTP Request: POST https://api.deepseek.com/v1/chat/completions "HTTP/1.1 200 OK"
2025-06-25 15:13:22,213 - INFO - HTTP Request: POST https://api.deepseek.com/v1/chat/completions "HTTP/1.1 200 OK"
2025-06-25 15:13:22,213 - INFO - HTTP Request: POST https://api.deepseek.com/v1/chat/completions "HTTP/1.1 200 OK"
2025-06-25 15:13:22,214 - INFO - HTTP Request: POST https://api.deepseek.com/v1/chat/completions "HTTP/1.1 200 OK"
2025-06-25 15:13:22,215 - INFO - HTTP Request: POST https://api.deepseek.com/v1/chat/completions "HTTP/1.1 200 OK"
2025-06-25 15:13:22,217 - INFO - HTTP Request: POST https://api.deepseek.com/v1/chat/completions "HTTP/1.1 200 OK"
2025-06-25 15:13:22,218 - INFO - HTTP Request: POST https://api.deepseek.com/v1/chat/completions "HTTP/1.1 200 OK"
2025-06-25 15:13:22,218 - INFO - HTTP Request: POST https://api.deepseek.com/v1/chat/completions "HTTP/1.1 200 OK"
2025-06-25 15:13:22,220 - INFO - HTTP Request: POST https://api.deepseek.com/v1/chat/completions "HTTP/1.1 200 OK"
2025-06-25 15:13:22,220 - INFO - HTTP Request: POST https://api.deepseek.com/v1/chat/completions "HTTP/1.1 200 OK"
2025-06-25 15:13:22,221 - INFO - HTTP Request: POST https://api.deepseek.com/v1/chat/completions "HTTP/1.1 200 OK"
2025-06-25 15:13:22,225 - INFO - HTTP Request: POST https://api.deepseek.com/v1/chat/completions "HTTP/1.1 200 OK"
2025-06-25 15:13:22,227 - INFO - HTTP Request: POST https://api.deepseek.com/v1/chat/completions "HTTP/1.1 200 OK"
2025-06-25 15:13:22,227 - INFO - HTTP Request: POST https://api.deepseek.com/v1/chat/completions "HTTP/1.1 200 OK"
2025-06-25 15:13:22,229 - INFO - HTTP Request: POST https://api.deepseek.com/v1/chat/completions "HTTP/1.1 200 OK"
2025-06-25 15:13:22,233 - INFO - HTTP Request: POST https://api.deepseek.com/v1/chat/completions "HTTP/1.1 200 OK"
2025-06-25 15:13:22,234 - INFO - HTTP Request: POST https://api.deepseek.com/v1/chat/completions "HTTP/1.1 200 OK"
2025-06-25 15:13:22,236 - INFO - HTTP Request: POST https://api.deepseek.com/v1/chat/completions "HTTP/1.1 200 OK"
2025-06-25 15:13:22,237 - INFO - HTTP Request: POST https://api.deepseek.com/v1/chat/completions "HTTP/1.1 200 OK"
2025-06-25 15:13:22,258 - INFO - HTTP Request: POST https://api.deepseek.com/v1/chat/completions "HTTP/1.1 200 OK"
2025-06-25 15:13:22,465 - INFO - HTTP Request: POST https://api.deepseek.com/v1/chat/completions "HTTP/1.1 200 OK"
2025-06-25 15:13:22,470 - INFO - HTTP Request: POST https://api.deepseek.com/v1/chat/completions "HTTP/1.1 200 OK"
2025-06-25 15:13:22,471 - INFO - HTTP Request: POST https://api.deepseek.com/v1/chat/completions "HTTP/1.1 200 OK"
2025-06-25 15:13:59,341 - INFO - HTTP Request: POST https://api.deepseek.com/v1/chat/completions "HTTP/1.1 200 OK"
2025-06-25 15:14:02,171 - INFO - HTTP Request: POST https://api.deepseek.com/v1/chat/completions "HTTP/1.1 200 OK"
2025-06-25 15:14:07,443 - INFO - HTTP Request: POST https://api.deepseek.com/v1/chat/completions "HTTP/1.1 200 OK"
2025-06-25 15:14:07,854 - INFO - HTTP Request: POST https://api.deepseek.com/v1/chat/completions "HTTP/1.1 200 OK"
2025-06-25 15:14:10,230 - INFO - HTTP Request: POST https://api.deepseek.com/v1/chat/completions "HTTP/1.1 200 OK"
2025-06-25 15:14:10,603 - INFO - HTTP Request: POST https://api.deepseek.com/v1/chat/completions "HTTP/1.1 200 OK"
2025-06-25 15:14:11,120 - INFO - HTTP Request: POST https://api.deepseek.com/v1/chat/completions "HTTP/1.1 200 OK"
2025-06-25 15:14:11,294 - INFO - HTTP Request: POST https://api.deepseek.com/v1/chat/completions "HTTP/1.1 200 OK"
2025-06-25 15:14:11,413 - INFO - HTTP Request: POST https://api.deepseek.com/v1/chat/completions "HTTP/1.1 200 OK"
2025-06-25 15:14:14,757 - INFO - HTTP Request: POST https://api.deepseek.com/v1/chat/completions "HTTP/1.1 200 OK"
2025-06-25 15:14:16,198 - INFO - HTTP Request: POST https://api.deepseek.com/v1/chat/completions "HTTP/1.1 200 OK"
2025-06-25 15:14:16,901 - INFO - HTTP Request: POST https://api.deepseek.com/v1/chat/completions "HTTP/1.1 200 OK"
2025-06-25 15:14:17,866 - INFO - HTTP Request: POST https://api.deepseek.com/v1/chat/completions "HTTP/1.1 200 OK"
2025-06-25 15:14:18,192 - INFO - HTTP Request: POST https://api.deepseek.com/v1/chat/completions "HTTP/1.1 200 OK"
2025-06-25 15:14:18,370 - INFO - HTTP Request: POST https://api.deepseek.com/v1/chat/completions "HTTP/1.1 200 OK"
2025-06-25 15:14:18,452 - INFO - HTTP Request: POST https://api.deepseek.com/v1/chat/completions "HTTP/1.1 200 OK"
2025-06-25 15:14:22,470 - INFO - HTTP Request: POST https://api.deepseek.com/v1/chat/completions "HTTP/1.1 200 OK"
2025-06-25 15:14:25,721 - INFO - HTTP Request: POST https://api.deepseek.com/v1/chat/completions "HTTP/1.1 200 OK"
2025-06-25 15:16:29,948 - INFO - Structures do NOT match within tolerances.
2025-06-25 15:16:29,948 - INFO - Structures do not match for index 50
2025-06-25 15:16:30,227 - INFO - Structures do NOT match within tolerances.
2025-06-25 15:16:30,228 - INFO - Structures do not match for index 51
2025-06-25 15:16:30,435 - WARNING - D:\Codes\AtomWorld\.venv\Lib\site-packages\pymatgen\io\cif.py:1313: UserWarning: Incorrect stoichiometry:
  CIF={'Mg': 2.0, 'Ti': 2.0, 'Bi': 2.0, 'P': 6.0, 'O': 24.0, 'Pr': 2.0}
  PMG={'Pr': 1.0, 'Mg': 2.0, 'Ti': 2.0, 'Bi': 2.0, 'P': 6.0, 'O': 24.0}
  ratios={'Pr': 0.5, 'Ti': 1.0, 'Bi': 1.0, 'Mg': 1.0, 'O': 1.0, 'P': 1.0}
  if struct := self._get_structure(data, primitive, symmetrized, check_occu=check_occu):

2025-06-25 15:16:30,447 - INFO - Structures do NOT match within tolerances.
2025-06-25 15:16:30,447 - INFO - Structures do not match for index 53
2025-06-25 15:16:30,871 - WARNING - D:\Codes\AtomWorld\.venv\Lib\site-packages\pymatgen\io\cif.py:1313: UserWarning: Incorrect stoichiometry:
  CIF={'Y': 4.0, 'Cu': 13.0, 'Si': 2.0, 'Sb': 2.0, 'As': 1.0, 'O': 28.0}
  PMG={'Y': 4.0, 'Cu': 13.0, 'Si': 2.0, 'Sb': 2.0, 'As': 1.0, 'O': 27.0}
  ratios={'Cu': 1.0, 'Y': 1.0, 'Si': 1.0, 'Sb': 1.0, 'As': 1.0, 'O': 0.9642857142857143}
  if struct := self._get_structure(data, primitive, symmetrized, check_occu=check_occu):

2025-06-25 15:16:30,872 - INFO - Atom counts do not match for index 55
2025-06-25 15:16:31,007 - INFO - Structures do NOT match within tolerances.
2025-06-25 15:16:31,008 - INFO - Structures do not match for index 56
2025-06-25 15:16:31,094 - INFO - Structures do NOT match within tolerances.
2025-06-25 15:16:31,094 - INFO - Structures do not match for index 57
2025-06-25 15:16:31,541 - INFO - Structures do NOT match within tolerances.
2025-06-25 15:16:31,541 - INFO - Structures do not match for index 60
2025-06-25 15:16:31,652 - WARNING - D:\Codes\AtomWorld\.venv\Lib\site-packages\pymatgen\io\cif.py:1313: UserWarning: Missing elements Co from CIF-reported composition
  if struct := self._get_structure(data, primitive, symmetrized, check_occu=check_occu):

2025-06-25 15:16:32,086 - WARNING - D:\Codes\AtomWorld\src\evaluation\metrics.py:30: UserWarning: Issues encountered while parsing CIF: 8 fractional coordinates rounded to ideal values to avoid issues with finite precision.
  structures = parser.parse_structures(primitive=True)

2025-06-25 15:16:32,101 - WARNING - D:\Codes\AtomWorld\.venv\Lib\site-packages\pymatgen\core\periodic_table.py:252: UserWarning: No Pauling electronegativity for Hs. Setting to NaN. This has no physical meaning, and is mainly done to avoid errors caused by the code expecting a float.
  if not hasattr(other, "X") or not hasattr(other, "symbol"):

2025-06-25 15:16:32,102 - WARNING - D:\Codes\AtomWorld\.venv\Lib\site-packages\pymatgen\core\periodic_table.py:255: UserWarning: No Pauling electronegativity for Hs. Setting to NaN. This has no physical meaning, and is mainly done to avoid errors caused by the code expecting a float.
  x2 = float("inf") if other.X != other.X else other.X

2025-06-25 15:16:32,107 - WARNING - D:\Codes\AtomWorld\.venv\Lib\site-packages\pymatgen\core\composition.py:328: UserWarning: No Pauling electronegativity for Hs. Setting to NaN. This has no physical meaning, and is mainly done to avoid errors caused by the code expecting a float.
  return sum((el.X * abs(amt) for el, amt in self.items())) / self.num_atoms

2025-06-25 15:16:32,151 - INFO - Atom counts do not match for index 64
2025-06-25 15:16:32,506 - WARNING - D:\Codes\AtomWorld\src\evaluation\metrics.py:30: UserWarning: Issues encountered while parsing CIF: 16 fractional coordinates rounded to ideal values to avoid issues with finite precision.
  structures = parser.parse_structures(primitive=True)

2025-06-25 15:16:32,563 - WARNING - D:\Codes\AtomWorld\src\evaluation\metrics.py:30: UserWarning: Issues encountered while parsing CIF: 16 fractional coordinates rounded to ideal values to avoid issues with finite precision.
Some occupancies ([2.0]) sum to > 1! If they are within the occupancy_tolerance, they will be rescaled. The current occupancy_tolerance is set to: 1.0
No structure parsed for section 1 in CIF.
Occupancy 2.0 exceeded tolerance.
  structures = parser.parse_structures(primitive=True)

2025-06-25 15:16:32,563 - INFO - Error loading CIF from string: Invalid CIF file with no structures!
2025-06-25 15:16:32,563 - INFO - Invalid generated structure for index 67
2025-06-25 15:16:32,892 - INFO - Structures do NOT match within tolerances.
2025-06-25 15:16:32,893 - INFO - Structures do not match for index 69
2025-06-25 15:16:32,997 - WARNING - D:\Codes\AtomWorld\.venv\Lib\site-packages\pymatgen\io\cif.py:1313: UserWarning: Incorrect stoichiometry:
  CIF={'Mg': 6.0, 'Si': 8.0, 'Ho': 2.0}
  PMG={'Ho': 1.0, 'Mg': 6.0, 'Si': 8.0}
  ratios={'Ho': 0.5, 'Si': 1.0, 'Mg': 1.0}
  if struct := self._get_structure(data, primitive, symmetrized, check_occu=check_occu):

2025-06-25 15:16:33,004 - INFO - Structures do NOT match within tolerances.
2025-06-25 15:16:33,004 - INFO - Structures do not match for index 72
2025-06-25 15:16:33,046 - WARNING - D:\Codes\AtomWorld\.venv\Lib\site-packages\pymatgen\io\cif.py:1313: UserWarning: Missing elements H from PMG structure composition
  if struct := self._get_structure(data, primitive, symmetrized, check_occu=check_occu):

2025-06-25 15:16:33,047 - INFO - Atom counts do not match for index 73
2025-06-25 15:16:33,085 - INFO - Error loading CIF from string: Invalid CIF file with no structures!
2025-06-25 15:16:33,085 - INFO - Invalid generated structure for index 74
2025-06-25 15:16:33,361 - INFO - Structures do NOT match within tolerances.
2025-06-25 15:16:33,361 - INFO - Structures do not match for index 77
2025-06-25 15:16:34,096 - WARNING - D:\Codes\AtomWorld\.venv\Lib\site-packages\pymatgen\io\cif.py:1313: UserWarning: Incorrect stoichiometry:
  CIF={'Nb': 4.0, 'Cr': 8.0, 'Be': 4.0}
  PMG={'Be': 1.0, 'Nb': 4.0, 'Cr': 8.0}
  ratios={'Cr': 1.0, 'Be': 0.25, 'Nb': 1.0}
  if struct := self._get_structure(data, primitive, symmetrized, check_occu=check_occu):

2025-06-25 15:16:34,360 - INFO - Atom counts do not match for index 86
2025-06-25 15:16:34,451 - INFO - Structures do NOT match within tolerances.
2025-06-25 15:16:34,451 - INFO - Structures do not match for index 87
2025-06-25 15:16:34,590 - INFO - Structures do NOT match within tolerances.
2025-06-25 15:16:34,590 - INFO - Structures do not match for index 88
2025-06-25 15:16:34,679 - INFO - Structures do NOT match within tolerances.
2025-06-25 15:16:34,679 - INFO - Structures do not match for index 89
2025-06-25 15:16:34,714 - WARNING - D:\Codes\AtomWorld\.venv\Lib\site-packages\pymatgen\core\periodic_table.py:254: UserWarning: No Pauling electronegativity for Db. Setting to NaN. This has no physical meaning, and is mainly done to avoid errors caused by the code expecting a float.
  x1 = float("inf") if self.X != self.X else self.X

2025-06-25 15:16:34,718 - WARNING - D:\Codes\AtomWorld\.venv\Lib\site-packages\pymatgen\core\composition.py:328: UserWarning: No Pauling electronegativity for Db. Setting to NaN. This has no physical meaning, and is mainly done to avoid errors caused by the code expecting a float.
  return sum((el.X * abs(amt) for el, amt in self.items())) / self.num_atoms

2025-06-25 15:16:34,780 - INFO - Structures do NOT match within tolerances.
2025-06-25 15:16:34,780 - INFO - Structures do not match for index 90
2025-06-25 15:16:34,907 - INFO - Structures do NOT match within tolerances.
2025-06-25 15:16:34,907 - INFO - Structures do not match for index 91
2025-06-25 15:16:35,054 - INFO - Structures do NOT match within tolerances.
2025-06-25 15:16:35,055 - INFO - Structures do not match for index 92
2025-06-25 15:16:35,199 - INFO - Structures do NOT match within tolerances.
2025-06-25 15:16:35,199 - INFO - Structures do not match for index 93
2025-06-25 15:16:35,253 - INFO - Structures do NOT match within tolerances.
2025-06-25 15:16:35,254 - INFO - Structures do not match for index 94
2025-06-25 15:16:35,376 - INFO - Structures do NOT match within tolerances.
2025-06-25 15:16:35,377 - INFO - Structures do not match for index 95
2025-06-25 15:16:36,412 - INFO - Structures do NOT match within tolerances.
2025-06-25 15:16:36,412 - INFO - Structures do not match for index 97
2025-06-25 15:16:36,699 - INFO - Structures do NOT match within tolerances.
2025-06-25 15:16:36,699 - INFO - Structures do not match for index 98
2025-06-25 15:16:36,780 - INFO - Structures do NOT match within tolerances.
2025-06-25 15:16:36,780 - INFO - Structures do not match for index 99
2025-06-25 15:16:36,996 - INFO - HTTP Request: POST https://api.deepseek.com/v1/chat/completions "HTTP/1.1 200 OK"
2025-06-25 15:16:37,013 - INFO - HTTP Request: POST https://api.deepseek.com/v1/chat/completions "HTTP/1.1 200 OK"
2025-06-25 15:16:37,016 - INFO - HTTP Request: POST https://api.deepseek.com/v1/chat/completions "HTTP/1.1 200 OK"
2025-06-25 15:16:37,017 - INFO - HTTP Request: POST https://api.deepseek.com/v1/chat/completions "HTTP/1.1 200 OK"
2025-06-25 15:16:37,021 - INFO - HTTP Request: POST https://api.deepseek.com/v1/chat/completions "HTTP/1.1 200 OK"
2025-06-25 15:16:37,021 - INFO - HTTP Request: POST https://api.deepseek.com/v1/chat/completions "HTTP/1.1 200 OK"
2025-06-25 15:16:37,024 - INFO - HTTP Request: POST https://api.deepseek.com/v1/chat/completions "HTTP/1.1 200 OK"
2025-06-25 15:16:37,028 - INFO - HTTP Request: POST https://api.deepseek.com/v1/chat/completions "HTTP/1.1 200 OK"
2025-06-25 15:16:37,032 - INFO - HTTP Request: POST https://api.deepseek.com/v1/chat/completions "HTTP/1.1 200 OK"
2025-06-25 15:16:37,035 - INFO - HTTP Request: POST https://api.deepseek.com/v1/chat/completions "HTTP/1.1 200 OK"
2025-06-25 15:16:37,038 - INFO - HTTP Request: POST https://api.deepseek.com/v1/chat/completions "HTTP/1.1 200 OK"
2025-06-25 15:16:37,041 - INFO - HTTP Request: POST https://api.deepseek.com/v1/chat/completions "HTTP/1.1 200 OK"
2025-06-25 15:16:37,050 - INFO - HTTP Request: POST https://api.deepseek.com/v1/chat/completions "HTTP/1.1 200 OK"
2025-06-25 15:16:37,061 - INFO - HTTP Request: POST https://api.deepseek.com/v1/chat/completions "HTTP/1.1 200 OK"
2025-06-25 15:16:37,063 - INFO - HTTP Request: POST https://api.deepseek.com/v1/chat/completions "HTTP/1.1 200 OK"
2025-06-25 15:16:37,065 - INFO - HTTP Request: POST https://api.deepseek.com/v1/chat/completions "HTTP/1.1 200 OK"
2025-06-25 15:16:37,067 - INFO - HTTP Request: POST https://api.deepseek.com/v1/chat/completions "HTTP/1.1 200 OK"
2025-06-25 15:16:37,067 - INFO - HTTP Request: POST https://api.deepseek.com/v1/chat/completions "HTTP/1.1 200 OK"
2025-06-25 15:16:37,070 - INFO - HTTP Request: POST https://api.deepseek.com/v1/chat/completions "HTTP/1.1 200 OK"
2025-06-25 15:16:37,072 - INFO - HTTP Request: POST https://api.deepseek.com/v1/chat/completions "HTTP/1.1 200 OK"
2025-06-25 15:16:37,075 - INFO - HTTP Request: POST https://api.deepseek.com/v1/chat/completions "HTTP/1.1 200 OK"
2025-06-25 15:16:37,095 - INFO - HTTP Request: POST https://api.deepseek.com/v1/chat/completions "HTTP/1.1 200 OK"
2025-06-25 15:16:37,097 - INFO - HTTP Request: POST https://api.deepseek.com/v1/chat/completions "HTTP/1.1 200 OK"
2025-06-25 15:16:37,099 - INFO - HTTP Request: POST https://api.deepseek.com/v1/chat/completions "HTTP/1.1 200 OK"
2025-06-25 15:16:37,103 - INFO - HTTP Request: POST https://api.deepseek.com/v1/chat/completions "HTTP/1.1 200 OK"
2025-06-25 15:16:37,108 - INFO - HTTP Request: POST https://api.deepseek.com/v1/chat/completions "HTTP/1.1 200 OK"
2025-06-25 15:16:37,109 - INFO - HTTP Request: POST https://api.deepseek.com/v1/chat/completions "HTTP/1.1 200 OK"
2025-06-25 15:16:37,110 - INFO - HTTP Request: POST https://api.deepseek.com/v1/chat/completions "HTTP/1.1 200 OK"
2025-06-25 15:16:37,112 - INFO - HTTP Request: POST https://api.deepseek.com/v1/chat/completions "HTTP/1.1 200 OK"
2025-06-25 15:16:37,335 - INFO - HTTP Request: POST https://api.deepseek.com/v1/chat/completions "HTTP/1.1 200 OK"
2025-06-25 15:16:37,344 - INFO - HTTP Request: POST https://api.deepseek.com/v1/chat/completions "HTTP/1.1 200 OK"
2025-06-25 15:16:37,345 - INFO - HTTP Request: POST https://api.deepseek.com/v1/chat/completions "HTTP/1.1 200 OK"
2025-06-25 15:17:14,669 - INFO - HTTP Request: POST https://api.deepseek.com/v1/chat/completions "HTTP/1.1 200 OK"
2025-06-25 15:17:15,911 - INFO - HTTP Request: POST https://api.deepseek.com/v1/chat/completions "HTTP/1.1 200 OK"
2025-06-25 15:17:16,809 - INFO - HTTP Request: POST https://api.deepseek.com/v1/chat/completions "HTTP/1.1 200 OK"
2025-06-25 15:17:17,349 - INFO - HTTP Request: POST https://api.deepseek.com/v1/chat/completions "HTTP/1.1 200 OK"
2025-06-25 15:17:19,918 - INFO - HTTP Request: POST https://api.deepseek.com/v1/chat/completions "HTTP/1.1 200 OK"
2025-06-25 15:17:20,572 - INFO - HTTP Request: POST https://api.deepseek.com/v1/chat/completions "HTTP/1.1 200 OK"
2025-06-25 15:17:21,788 - INFO - HTTP Request: POST https://api.deepseek.com/v1/chat/completions "HTTP/1.1 200 OK"
2025-06-25 15:17:23,175 - INFO - HTTP Request: POST https://api.deepseek.com/v1/chat/completions "HTTP/1.1 200 OK"
2025-06-25 15:17:24,081 - INFO - HTTP Request: POST https://api.deepseek.com/v1/chat/completions "HTTP/1.1 200 OK"
2025-06-25 15:17:24,395 - INFO - HTTP Request: POST https://api.deepseek.com/v1/chat/completions "HTTP/1.1 200 OK"
2025-06-25 15:17:24,686 - INFO - HTTP Request: POST https://api.deepseek.com/v1/chat/completions "HTTP/1.1 200 OK"
2025-06-25 15:17:28,107 - INFO - HTTP Request: POST https://api.deepseek.com/v1/chat/completions "HTTP/1.1 200 OK"
2025-06-25 15:17:28,382 - INFO - HTTP Request: POST https://api.deepseek.com/v1/chat/completions "HTTP/1.1 200 OK"
2025-06-25 15:17:29,002 - INFO - HTTP Request: POST https://api.deepseek.com/v1/chat/completions "HTTP/1.1 200 OK"
2025-06-25 15:17:32,501 - INFO - HTTP Request: POST https://api.deepseek.com/v1/chat/completions "HTTP/1.1 200 OK"
2025-06-25 15:17:33,328 - INFO - HTTP Request: POST https://api.deepseek.com/v1/chat/completions "HTTP/1.1 200 OK"
2025-06-25 15:17:33,816 - INFO - HTTP Request: POST https://api.deepseek.com/v1/chat/completions "HTTP/1.1 200 OK"
2025-06-25 15:17:35,462 - INFO - HTTP Request: POST https://api.deepseek.com/v1/chat/completions "HTTP/1.1 200 OK"
2025-06-25 15:18:56,370 - WARNING - D:\Codes\AtomWorld\.venv\Lib\site-packages\pymatgen\core\periodic_table.py:252: UserWarning: No Pauling electronegativity for Cn. Setting to NaN. This has no physical meaning, and is mainly done to avoid errors caused by the code expecting a float.
  if not hasattr(other, "X") or not hasattr(other, "symbol"):

2025-06-25 15:18:56,371 - WARNING - D:\Codes\AtomWorld\.venv\Lib\site-packages\pymatgen\core\periodic_table.py:255: UserWarning: No Pauling electronegativity for Cn. Setting to NaN. This has no physical meaning, and is mainly done to avoid errors caused by the code expecting a float.
  x2 = float("inf") if other.X != other.X else other.X

2025-06-25 15:18:56,371 - WARNING - D:\Codes\AtomWorld\.venv\Lib\site-packages\pymatgen\core\composition.py:328: UserWarning: No Pauling electronegativity for Cn. Setting to NaN. This has no physical meaning, and is mainly done to avoid errors caused by the code expecting a float.
  return sum((el.X * abs(amt) for el, amt in self.items())) / self.num_atoms

2025-06-25 15:18:56,945 - INFO - Atom counts do not match for index 104
2025-06-25 15:18:57,116 - INFO - Structures do NOT match within tolerances.
2025-06-25 15:18:57,117 - INFO - Structures do not match for index 106
2025-06-25 15:18:57,168 - INFO - Structures do NOT match within tolerances.
2025-06-25 15:18:57,168 - INFO - Structures do not match for index 107
2025-06-25 15:18:57,280 - INFO - Structures do NOT match within tolerances.
2025-06-25 15:18:57,280 - INFO - Structures do not match for index 109
2025-06-25 15:18:57,402 - INFO - Structures do NOT match within tolerances.
2025-06-25 15:18:57,402 - INFO - Structures do not match for index 111
2025-06-25 15:18:57,440 - INFO - Structures do NOT match within tolerances.
2025-06-25 15:18:57,440 - INFO - Structures do not match for index 112
2025-06-25 15:18:57,495 - INFO - Structures do NOT match within tolerances.
2025-06-25 15:18:57,495 - INFO - Structures do not match for index 113
2025-06-25 15:18:57,519 - INFO - Atom counts do not match for index 114
2025-06-25 15:18:57,917 - INFO - Structures do NOT match within tolerances.
2025-06-25 15:18:57,917 - INFO - Structures do not match for index 117
2025-06-25 15:18:57,994 - INFO - Structures do NOT match within tolerances.
2025-06-25 15:18:57,994 - INFO - Structures do not match for index 118
2025-06-25 15:18:58,134 - INFO - Structures do NOT match within tolerances.
2025-06-25 15:18:58,135 - INFO - Structures do not match for index 119
2025-06-25 15:18:58,336 - WARNING - D:\Codes\AtomWorld\.venv\Lib\site-packages\pymatgen\core\periodic_table.py:252: UserWarning: No Pauling electronegativity for Nh. Setting to NaN. This has no physical meaning, and is mainly done to avoid errors caused by the code expecting a float.
  if not hasattr(other, "X") or not hasattr(other, "symbol"):

2025-06-25 15:18:58,336 - WARNING - D:\Codes\AtomWorld\.venv\Lib\site-packages\pymatgen\core\periodic_table.py:255: UserWarning: No Pauling electronegativity for Nh. Setting to NaN. This has no physical meaning, and is mainly done to avoid errors caused by the code expecting a float.
  x2 = float("inf") if other.X != other.X else other.X

2025-06-25 15:18:59,164 - WARNING - D:\Codes\AtomWorld\.venv\Lib\site-packages\pymatgen\io\cif.py:1313: UserWarning: Missing elements At from CIF-reported composition
  if struct := self._get_structure(data, primitive, symmetrized, check_occu=check_occu):

2025-06-25 15:18:59,372 - WARNING - D:\Codes\AtomWorld\.venv\Lib\site-packages\pymatgen\io\cif.py:1313: UserWarning: Incorrect stoichiometry:
  CIF={'Ba': 2.0, 'Cu': 18.0, 'Si': 8.0, 'Nb': 2.0}
  PMG={'Ba': 2.0, 'Nb': 1.0, 'Cu': 18.0, 'Si': 8.0}
  ratios={'Nb': 0.5, 'Ba': 1.0, 'Si': 1.0, 'Cu': 1.0}
  if struct := self._get_structure(data, primitive, symmetrized, check_occu=check_occu):

2025-06-25 15:18:59,904 - INFO - Structures do NOT match within tolerances.
2025-06-25 15:18:59,904 - INFO - Structures do not match for index 129
2025-06-25 15:19:00,061 - WARNING - D:\Codes\AtomWorld\.venv\Lib\site-packages\pymatgen\io\cif.py:1313: UserWarning: Missing elements Zr from CIF-reported composition
  if struct := self._get_structure(data, primitive, symmetrized, check_occu=check_occu):

2025-06-25 15:19:00,074 - INFO - Structures do NOT match within tolerances.
2025-06-25 15:19:00,075 - INFO - Structures do not match for index 131
2025-06-25 15:19:00,246 - INFO - Structures do NOT match within tolerances.
2025-06-25 15:19:00,246 - INFO - Structures do not match for index 134
2025-06-25 15:19:00,337 - INFO - Structures do NOT match within tolerances.
2025-06-25 15:19:00,338 - INFO - Structures do not match for index 135
2025-06-25 15:19:00,358 - WARNING - D:\Codes\AtomWorld\.venv\Lib\site-packages\pymatgen\core\periodic_table.py:252: UserWarning: No Pauling electronegativity for Fl. Setting to NaN. This has no physical meaning, and is mainly done to avoid errors caused by the code expecting a float.
  if not hasattr(other, "X") or not hasattr(other, "symbol"):

2025-06-25 15:19:00,359 - WARNING - D:\Codes\AtomWorld\.venv\Lib\site-packages\pymatgen\core\periodic_table.py:255: UserWarning: No Pauling electronegativity for Fl. Setting to NaN. This has no physical meaning, and is mainly done to avoid errors caused by the code expecting a float.
  x2 = float("inf") if other.X != other.X else other.X

2025-06-25 15:19:00,361 - WARNING - D:\Codes\AtomWorld\.venv\Lib\site-packages\pymatgen\core\composition.py:328: UserWarning: No Pauling electronegativity for Fl. Setting to NaN. This has no physical meaning, and is mainly done to avoid errors caused by the code expecting a float.
  return sum((el.X * abs(amt) for el, amt in self.items())) / self.num_atoms

2025-06-25 15:19:00,467 - INFO - Atom counts do not match for index 137
2025-06-25 15:19:00,565 - WARNING - D:\Codes\AtomWorld\.venv\Lib\site-packages\pymatgen\io\cif.py:1313: UserWarning: Incorrect stoichiometry:
  CIF={'Li': 8.0, 'Mn': 6.0, 'O': 14.0, 'Ho': 2.0}
  PMG={'Li': 8.0, 'Ho': 1.0, 'Mn': 6.0, 'O': 14.0}
  ratios={'O': 1.0, 'Ho': 0.5, 'Li': 1.0, 'Mn': 1.0}
  if struct := self._get_structure(data, primitive, symmetrized, check_occu=check_occu):

2025-06-25 15:19:00,847 - INFO - Structures do NOT match within tolerances.
2025-06-25 15:19:00,847 - INFO - Structures do not match for index 141
2025-06-25 15:19:00,908 - INFO - Structures do NOT match within tolerances.
2025-06-25 15:19:00,908 - INFO - Structures do not match for index 142
2025-06-25 15:19:01,106 - INFO - Structures do NOT match within tolerances.
2025-06-25 15:19:01,106 - INFO - Structures do not match for index 144
2025-06-25 15:19:01,216 - INFO - Structures do NOT match within tolerances.
2025-06-25 15:19:01,216 - INFO - Structures do not match for index 145
2025-06-25 15:19:01,336 - INFO - Structures do NOT match within tolerances.
2025-06-25 15:19:01,337 - INFO - Structures do not match for index 146
2025-06-25 15:19:01,611 - WARNING - D:\Codes\AtomWorld\.venv\Lib\site-packages\pymatgen\io\cif.py:1313: UserWarning: Incorrect stoichiometry:
  CIF={'Li': 9.0, 'Mn': 2.0, 'Co': 5.0, 'O': 16.0, 'Cd': 1.0}
  PMG={'Li': 9.0, 'Mn': 2.0, 'Cd': 1.0, 'Co': 5.0, 'O': 15.0}
  ratios={'Co': 1.0, 'Li': 1.0, 'Mn': 1.0, 'O': 0.9375, 'Cd': 1.0}
  if struct := self._get_structure(data, primitive, symmetrized, check_occu=check_occu):

2025-06-25 15:19:01,611 - INFO - Atom counts do not match for index 148
2025-06-25 15:19:01,663 - INFO - Structures do NOT match within tolerances.
2025-06-25 15:19:01,663 - INFO - Structures do not match for index 149
2025-06-25 15:19:01,840 - INFO - HTTP Request: POST https://api.deepseek.com/v1/chat/completions "HTTP/1.1 200 OK"
2025-06-25 15:19:01,842 - INFO - HTTP Request: POST https://api.deepseek.com/v1/chat/completions "HTTP/1.1 200 OK"
2025-06-25 15:19:01,847 - INFO - HTTP Request: POST https://api.deepseek.com/v1/chat/completions "HTTP/1.1 200 OK"
2025-06-25 15:19:01,849 - INFO - HTTP Request: POST https://api.deepseek.com/v1/chat/completions "HTTP/1.1 200 OK"
2025-06-25 15:19:01,849 - INFO - HTTP Request: POST https://api.deepseek.com/v1/chat/completions "HTTP/1.1 200 OK"
2025-06-25 15:19:01,850 - INFO - HTTP Request: POST https://api.deepseek.com/v1/chat/completions "HTTP/1.1 200 OK"
2025-06-25 15:19:01,851 - INFO - HTTP Request: POST https://api.deepseek.com/v1/chat/completions "HTTP/1.1 200 OK"
2025-06-25 15:19:01,853 - INFO - HTTP Request: POST https://api.deepseek.com/v1/chat/completions "HTTP/1.1 200 OK"
2025-06-25 15:19:01,854 - INFO - HTTP Request: POST https://api.deepseek.com/v1/chat/completions "HTTP/1.1 200 OK"
2025-06-25 15:19:01,855 - INFO - HTTP Request: POST https://api.deepseek.com/v1/chat/completions "HTTP/1.1 200 OK"
2025-06-25 15:19:01,868 - INFO - HTTP Request: POST https://api.deepseek.com/v1/chat/completions "HTTP/1.1 200 OK"
2025-06-25 15:19:01,868 - INFO - HTTP Request: POST https://api.deepseek.com/v1/chat/completions "HTTP/1.1 200 OK"
2025-06-25 15:19:01,869 - INFO - HTTP Request: POST https://api.deepseek.com/v1/chat/completions "HTTP/1.1 200 OK"
2025-06-25 15:19:01,870 - INFO - HTTP Request: POST https://api.deepseek.com/v1/chat/completions "HTTP/1.1 200 OK"
2025-06-25 15:19:01,873 - INFO - HTTP Request: POST https://api.deepseek.com/v1/chat/completions "HTTP/1.1 200 OK"
2025-06-25 15:19:01,874 - INFO - HTTP Request: POST https://api.deepseek.com/v1/chat/completions "HTTP/1.1 200 OK"
2025-06-25 15:19:01,875 - INFO - HTTP Request: POST https://api.deepseek.com/v1/chat/completions "HTTP/1.1 200 OK"
2025-06-25 15:19:01,877 - INFO - HTTP Request: POST https://api.deepseek.com/v1/chat/completions "HTTP/1.1 200 OK"
2025-06-25 15:19:01,894 - INFO - HTTP Request: POST https://api.deepseek.com/v1/chat/completions "HTTP/1.1 200 OK"
2025-06-25 15:19:01,904 - INFO - HTTP Request: POST https://api.deepseek.com/v1/chat/completions "HTTP/1.1 200 OK"
2025-06-25 15:19:01,906 - INFO - HTTP Request: POST https://api.deepseek.com/v1/chat/completions "HTTP/1.1 200 OK"
2025-06-25 15:19:01,908 - INFO - HTTP Request: POST https://api.deepseek.com/v1/chat/completions "HTTP/1.1 200 OK"
2025-06-25 15:19:01,910 - INFO - HTTP Request: POST https://api.deepseek.com/v1/chat/completions "HTTP/1.1 200 OK"
2025-06-25 15:19:01,910 - INFO - HTTP Request: POST https://api.deepseek.com/v1/chat/completions "HTTP/1.1 200 OK"
2025-06-25 15:19:01,912 - INFO - HTTP Request: POST https://api.deepseek.com/v1/chat/completions "HTTP/1.1 200 OK"
2025-06-25 15:19:01,912 - INFO - HTTP Request: POST https://api.deepseek.com/v1/chat/completions "HTTP/1.1 200 OK"
2025-06-25 15:19:01,913 - INFO - HTTP Request: POST https://api.deepseek.com/v1/chat/completions "HTTP/1.1 200 OK"
2025-06-25 15:19:01,915 - INFO - HTTP Request: POST https://api.deepseek.com/v1/chat/completions "HTTP/1.1 200 OK"
2025-06-25 15:19:01,916 - INFO - HTTP Request: POST https://api.deepseek.com/v1/chat/completions "HTTP/1.1 200 OK"
2025-06-25 15:19:01,917 - INFO - HTTP Request: POST https://api.deepseek.com/v1/chat/completions "HTTP/1.1 200 OK"
2025-06-25 15:19:01,919 - INFO - HTTP Request: POST https://api.deepseek.com/v1/chat/completions "HTTP/1.1 200 OK"
2025-06-25 15:19:01,925 - INFO - HTTP Request: POST https://api.deepseek.com/v1/chat/completions "HTTP/1.1 200 OK"
2025-06-25 15:19:42,611 - INFO - HTTP Request: POST https://api.deepseek.com/v1/chat/completions "HTTP/1.1 200 OK"
2025-06-25 15:19:49,852 - INFO - HTTP Request: POST https://api.deepseek.com/v1/chat/completions "HTTP/1.1 200 OK"
2025-06-25 15:19:50,875 - INFO - HTTP Request: POST https://api.deepseek.com/v1/chat/completions "HTTP/1.1 200 OK"
2025-06-25 15:19:51,919 - INFO - HTTP Request: POST https://api.deepseek.com/v1/chat/completions "HTTP/1.1 200 OK"
2025-06-25 15:19:58,919 - INFO - HTTP Request: POST https://api.deepseek.com/v1/chat/completions "HTTP/1.1 200 OK"
2025-06-25 15:19:59,050 - INFO - HTTP Request: POST https://api.deepseek.com/v1/chat/completions "HTTP/1.1 200 OK"
2025-06-25 15:19:59,160 - INFO - HTTP Request: POST https://api.deepseek.com/v1/chat/completions "HTTP/1.1 200 OK"
2025-06-25 15:19:59,240 - INFO - HTTP Request: POST https://api.deepseek.com/v1/chat/completions "HTTP/1.1 200 OK"
2025-06-25 15:19:59,544 - INFO - HTTP Request: POST https://api.deepseek.com/v1/chat/completions "HTTP/1.1 200 OK"
2025-06-25 15:20:05,305 - INFO - HTTP Request: POST https://api.deepseek.com/v1/chat/completions "HTTP/1.1 200 OK"
2025-06-25 15:20:05,464 - INFO - HTTP Request: POST https://api.deepseek.com/v1/chat/completions "HTTP/1.1 200 OK"
2025-06-25 15:20:07,233 - INFO - HTTP Request: POST https://api.deepseek.com/v1/chat/completions "HTTP/1.1 200 OK"
2025-06-25 15:20:07,784 - INFO - HTTP Request: POST https://api.deepseek.com/v1/chat/completions "HTTP/1.1 200 OK"
2025-06-25 15:20:08,607 - INFO - HTTP Request: POST https://api.deepseek.com/v1/chat/completions "HTTP/1.1 200 OK"
2025-06-25 15:20:08,827 - INFO - HTTP Request: POST https://api.deepseek.com/v1/chat/completions "HTTP/1.1 200 OK"
2025-06-25 15:20:11,718 - INFO - HTTP Request: POST https://api.deepseek.com/v1/chat/completions "HTTP/1.1 200 OK"
2025-06-25 15:20:11,942 - INFO - HTTP Request: POST https://api.deepseek.com/v1/chat/completions "HTTP/1.1 200 OK"
2025-06-25 15:20:15,057 - INFO - HTTP Request: POST https://api.deepseek.com/v1/chat/completions "HTTP/1.1 200 OK"
2025-06-25 15:21:56,392 - INFO - Structures do NOT match within tolerances.
2025-06-25 15:21:56,392 - INFO - Structures do not match for index 150
2025-06-25 15:21:56,568 - INFO - Error loading CIF from string: Invalid CIF file with no structures!
2025-06-25 15:21:56,568 - INFO - Invalid generated structure for index 152
2025-06-25 15:21:56,657 - INFO - Error loading CIF from string: Invalid CIF file with no structures!
2025-06-25 15:21:56,657 - INFO - Invalid generated structure for index 153
2025-06-25 15:21:56,880 - INFO - Structures do NOT match within tolerances.
2025-06-25 15:21:56,880 - INFO - Structures do not match for index 154
2025-06-25 15:21:57,836 - INFO - Structures do NOT match within tolerances.
2025-06-25 15:21:57,837 - INFO - Structures do not match for index 158
2025-06-25 15:21:57,951 - INFO - Structures do NOT match within tolerances.
2025-06-25 15:21:57,952 - INFO - Structures do not match for index 159
2025-06-25 15:21:58,146 - INFO - Error loading CIF from string: Invalid CIF file with no structures!
2025-06-25 15:21:58,146 - INFO - Invalid generated structure for index 160
2025-06-25 15:21:58,337 - WARNING - D:\Codes\AtomWorld\.venv\Lib\site-packages\pymatgen\io\cif.py:1313: UserWarning: Incorrect stoichiometry:
  CIF={'Li': 12.0, 'Mn': 4.0, 'V': 4.0, 'P': 12.0, 'O': 48.0, 'Rn': 1.0}
  PMG={'Li': 11.0, 'Mn': 4.0, 'V': 4.0, 'P': 12.0, 'Rn': 1.0, 'O': 48.0}
  ratios={'Li': 0.9166666666666666, 'Mn': 1.0, 'Rn': 1.0, 'V': 1.0, 'O': 1.0, 'P': 1.0}
  if struct := self._get_structure(data, primitive, symmetrized, check_occu=check_occu):

2025-06-25 15:21:58,338 - INFO - Atom counts do not match for index 161
2025-06-25 15:21:58,882 - INFO - Structures do NOT match within tolerances.
2025-06-25 15:21:58,882 - INFO - Structures do not match for index 164
2025-06-25 15:21:58,947 - INFO - Error loading CIF from string: Invalid CIF file with no structures!
2025-06-25 15:21:58,947 - INFO - Invalid generated structure for index 165
2025-06-25 15:21:59,012 - WARNING - D:\Codes\AtomWorld\.venv\Lib\site-packages\pymatgen\core\periodic_table.py:252: UserWarning: No Pauling electronegativity for Og. Setting to NaN. This has no physical meaning, and is mainly done to avoid errors caused by the code expecting a float.
  if not hasattr(other, "X") or not hasattr(other, "symbol"):

2025-06-25 15:21:59,012 - WARNING - D:\Codes\AtomWorld\.venv\Lib\site-packages\pymatgen\core\periodic_table.py:255: UserWarning: No Pauling electronegativity for Og. Setting to NaN. This has no physical meaning, and is mainly done to avoid errors caused by the code expecting a float.
  x2 = float("inf") if other.X != other.X else other.X

2025-06-25 15:21:59,022 - WARNING - D:\Codes\AtomWorld\.venv\Lib\site-packages\pymatgen\core\composition.py:328: UserWarning: No Pauling electronegativity for Og. Setting to NaN. This has no physical meaning, and is mainly done to avoid errors caused by the code expecting a float.
  return sum((el.X * abs(amt) for el, amt in self.items())) / self.num_atoms

2025-06-25 15:22:00,141 - INFO - Structures do NOT match within tolerances.
2025-06-25 15:22:00,141 - INFO - Structures do not match for index 167
2025-06-25 15:22:00,251 - INFO - Structures do NOT match within tolerances.
2025-06-25 15:22:00,251 - INFO - Structures do not match for index 168
2025-06-25 15:22:00,297 - WARNING - D:\Codes\AtomWorld\.venv\Lib\site-packages\pymatgen\io\cif.py:1313: UserWarning: Incorrect stoichiometry:
  CIF={'Ni': 2.0, 'C': 8.0, 'Br': 6.0, 'N': 2.0}
  PMG={'Ni': 2.0, 'C': 9.0, 'Br': 6.0, 'N': 2.0}
  ratios={'C': 1.125, 'Br': 1.0, 'Ni': 1.0, 'N': 1.0}
  if struct := self._get_structure(data, primitive, symmetrized, check_occu=check_occu):

2025-06-25 15:22:00,465 - INFO - Structures do NOT match within tolerances.
2025-06-25 15:22:00,465 - INFO - Structures do not match for index 170
2025-06-25 15:22:00,504 - WARNING - D:\Codes\AtomWorld\.venv\Lib\site-packages\pymatgen\io\cif.py:1313: UserWarning: Missing elements Mn from CIF-reported composition
  if struct := self._get_structure(data, primitive, symmetrized, check_occu=check_occu):

2025-06-25 15:22:00,668 - WARNING - D:\Codes\AtomWorld\.venv\Lib\site-packages\pymatgen\io\cif.py:1313: UserWarning: Incorrect stoichiometry:
  CIF={'Li': 16.0, 'P': 16.0, 'O': 68.0, 'Cm': 4.0}
  PMG={'Li': 16.0, 'Cm': 1.0, 'P': 16.0, 'O': 68.0}
  ratios={'P': 1.0, 'Cm': 0.25, 'Li': 1.0, 'O': 1.0}
  if struct := self._get_structure(data, primitive, symmetrized, check_occu=check_occu):

2025-06-25 15:22:00,719 - INFO - Structures do NOT match within tolerances.
2025-06-25 15:22:00,719 - INFO - Structures do not match for index 172
2025-06-25 15:22:00,819 - INFO - Structures do NOT match within tolerances.
2025-06-25 15:22:00,820 - INFO - Structures do not match for index 173
2025-06-25 15:22:00,900 - INFO - Atom counts do not match for index 174
2025-06-25 15:22:01,196 - WARNING - D:\Codes\AtomWorld\.venv\Lib\site-packages\pymatgen\io\cif.py:1313: UserWarning: Incorrect stoichiometry:
  CIF={'H': 36.0, 'Se': 6.0, 'N': 8.0, 'O': 24.0, 'Si': 2.0}
  PMG={'Si': 1.0, 'H': 36.0, 'Se': 6.0, 'N': 8.0, 'O': 24.0}
  ratios={'H': 1.0, 'N': 1.0, 'Se': 1.0, 'Si': 0.5, 'O': 1.0}
  if struct := self._get_structure(data, primitive, symmetrized, check_occu=check_occu):

2025-06-25 15:22:01,209 - INFO - Structures do NOT match within tolerances.
2025-06-25 15:22:01,209 - INFO - Structures do not match for index 176
2025-06-25 15:22:01,303 - INFO - Structures do NOT match within tolerances.
2025-06-25 15:22:01,303 - INFO - Structures do not match for index 177
2025-06-25 15:22:01,321 - INFO - Atom counts do not match for index 178
2025-06-25 15:22:01,335 - WARNING - D:\Codes\AtomWorld\src\evaluation\metrics.py:30: UserWarning: Issues encountered while parsing CIF: 18 fractional coordinates rounded to ideal values to avoid issues with finite precision.
  structures = parser.parse_structures(primitive=True)

2025-06-25 15:22:01,340 - WARNING - D:\Codes\AtomWorld\src\evaluation\metrics.py:30: UserWarning: Issues encountered while parsing CIF: 19 fractional coordinates rounded to ideal values to avoid issues with finite precision.
  structures = parser.parse_structures(primitive=True)

2025-06-25 15:22:01,437 - INFO - Structures do NOT match within tolerances.
2025-06-25 15:22:01,438 - INFO - Structures do not match for index 180
2025-06-25 15:22:01,666 - INFO - Structures do NOT match within tolerances.
2025-06-25 15:22:01,666 - INFO - Structures do not match for index 181
2025-06-25 15:22:02,214 - INFO - Structures do NOT match within tolerances.
2025-06-25 15:22:02,214 - INFO - Structures do not match for index 184
2025-06-25 15:22:02,272 - WARNING - D:\Codes\AtomWorld\.venv\Lib\site-packages\pymatgen\io\cif.py:1313: UserWarning: Incorrect stoichiometry:
  CIF={'C': 4.0, 'N': 4.0, 'O': 10.0, 'Sc': 2.0}
  PMG={'Sc': 1.0, 'C': 4.0, 'N': 4.0, 'O': 10.0}
  ratios={'C': 1.0, 'Sc': 0.5, 'N': 1.0, 'O': 1.0}
  if struct := self._get_structure(data, primitive, symmetrized, check_occu=check_occu):

2025-06-25 15:22:02,368 - WARNING - D:\Codes\AtomWorld\src\evaluation\metrics.py:30: UserWarning: Issues encountered while parsing CIF: 20 fractional coordinates rounded to ideal values to avoid issues with finite precision.
  structures = parser.parse_structures(primitive=True)

2025-06-25 15:22:02,387 - WARNING - D:\Codes\AtomWorld\src\evaluation\metrics.py:30: UserWarning: Issues encountered while parsing CIF: 22 fractional coordinates rounded to ideal values to avoid issues with finite precision.
  structures = parser.parse_structures(primitive=True)

2025-06-25 15:22:02,623 - INFO - Structures do NOT match within tolerances.
2025-06-25 15:22:02,624 - INFO - Structures do not match for index 187
2025-06-25 15:22:02,649 - WARNING - D:\Codes\AtomWorld\.venv\Lib\site-packages\pymatgen\core\periodic_table.py:254: UserWarning: No Pauling electronegativity for Mt. Setting to NaN. This has no physical meaning, and is mainly done to avoid errors caused by the code expecting a float.
  x1 = float("inf") if self.X != self.X else self.X

2025-06-25 15:22:02,654 - WARNING - D:\Codes\AtomWorld\.venv\Lib\site-packages\pymatgen\core\composition.py:328: UserWarning: No Pauling electronegativity for Mt. Setting to NaN. This has no physical meaning, and is mainly done to avoid errors caused by the code expecting a float.
  return sum((el.X * abs(amt) for el, amt in self.items())) / self.num_atoms

2025-06-25 15:22:02,724 - INFO - Structures do NOT match within tolerances.
2025-06-25 15:22:02,725 - INFO - Structures do not match for index 188
2025-06-25 15:22:02,782 - INFO - Atom counts do not match for index 189
2025-06-25 15:22:02,865 - INFO - Structures do NOT match within tolerances.
2025-06-25 15:22:02,865 - INFO - Structures do not match for index 190
2025-06-25 15:22:03,091 - INFO - Structures do NOT match within tolerances.
2025-06-25 15:22:03,092 - INFO - Structures do not match for index 192
2025-06-25 15:22:03,223 - INFO - Structures do NOT match within tolerances.
2025-06-25 15:22:03,223 - INFO - Structures do not match for index 193
2025-06-25 15:22:03,557 - INFO - Structures do NOT match within tolerances.
2025-06-25 15:22:03,557 - INFO - Structures do not match for index 195
2025-06-25 15:22:03,661 - INFO - Structures do NOT match within tolerances.
2025-06-25 15:22:03,661 - INFO - Structures do not match for index 196
2025-06-25 15:22:03,748 - INFO - Structures do NOT match within tolerances.
2025-06-25 15:22:03,748 - INFO - Structures do not match for index 197
2025-06-25 15:22:03,789 - WARNING - D:\Codes\AtomWorld\.venv\Lib\site-packages\pymatgen\core\periodic_table.py:252: UserWarning: No Pauling electronegativity for Rf. Setting to NaN. This has no physical meaning, and is mainly done to avoid errors caused by the code expecting a float.
  if not hasattr(other, "X") or not hasattr(other, "symbol"):

2025-06-25 15:22:03,790 - WARNING - D:\Codes\AtomWorld\.venv\Lib\site-packages\pymatgen\core\periodic_table.py:255: UserWarning: No Pauling electronegativity for Rf. Setting to NaN. This has no physical meaning, and is mainly done to avoid errors caused by the code expecting a float.
  x2 = float("inf") if other.X != other.X else other.X

2025-06-25 15:22:03,795 - WARNING - D:\Codes\AtomWorld\.venv\Lib\site-packages\pymatgen\core\composition.py:328: UserWarning: No Pauling electronegativity for Rf. Setting to NaN. This has no physical meaning, and is mainly done to avoid errors caused by the code expecting a float.
  return sum((el.X * abs(amt) for el, amt in self.items())) / self.num_atoms

2025-06-25 15:22:03,941 - INFO - Structures do NOT match within tolerances.
2025-06-25 15:22:03,941 - INFO - Structures do not match for index 198
2025-06-25 15:22:03,966 - WARNING - D:\Codes\AtomWorld\.venv\Lib\site-packages\pymatgen\core\periodic_table.py:252: UserWarning: No Pauling electronegativity for Sg. Setting to NaN. This has no physical meaning, and is mainly done to avoid errors caused by the code expecting a float.
  if not hasattr(other, "X") or not hasattr(other, "symbol"):

2025-06-25 15:22:03,966 - WARNING - D:\Codes\AtomWorld\.venv\Lib\site-packages\pymatgen\core\periodic_table.py:255: UserWarning: No Pauling electronegativity for Sg. Setting to NaN. This has no physical meaning, and is mainly done to avoid errors caused by the code expecting a float.
  x2 = float("inf") if other.X != other.X else other.X

2025-06-25 15:22:03,971 - WARNING - D:\Codes\AtomWorld\.venv\Lib\site-packages\pymatgen\core\composition.py:328: UserWarning: No Pauling electronegativity for Sg. Setting to NaN. This has no physical meaning, and is mainly done to avoid errors caused by the code expecting a float.
  return sum((el.X * abs(amt) for el, amt in self.items())) / self.num_atoms

2025-06-25 15:22:04,004 - INFO - Atom counts do not match for index 199
2025-06-25 15:22:04,204 - INFO - HTTP Request: POST https://api.deepseek.com/v1/chat/completions "HTTP/1.1 200 OK"
2025-06-25 15:22:04,212 - INFO - HTTP Request: POST https://api.deepseek.com/v1/chat/completions "HTTP/1.1 200 OK"
2025-06-25 15:22:04,213 - INFO - HTTP Request: POST https://api.deepseek.com/v1/chat/completions "HTTP/1.1 200 OK"
2025-06-25 15:22:04,214 - INFO - HTTP Request: POST https://api.deepseek.com/v1/chat/completions "HTTP/1.1 200 OK"
2025-06-25 15:22:04,234 - INFO - HTTP Request: POST https://api.deepseek.com/v1/chat/completions "HTTP/1.1 200 OK"
2025-06-25 15:22:04,235 - INFO - HTTP Request: POST https://api.deepseek.com/v1/chat/completions "HTTP/1.1 200 OK"
2025-06-25 15:22:04,240 - INFO - HTTP Request: POST https://api.deepseek.com/v1/chat/completions "HTTP/1.1 200 OK"
2025-06-25 15:22:04,244 - INFO - HTTP Request: POST https://api.deepseek.com/v1/chat/completions "HTTP/1.1 200 OK"
2025-06-25 15:22:04,245 - INFO - HTTP Request: POST https://api.deepseek.com/v1/chat/completions "HTTP/1.1 200 OK"
2025-06-25 15:22:04,251 - INFO - HTTP Request: POST https://api.deepseek.com/v1/chat/completions "HTTP/1.1 200 OK"
2025-06-25 15:22:04,258 - INFO - HTTP Request: POST https://api.deepseek.com/v1/chat/completions "HTTP/1.1 200 OK"
2025-06-25 15:22:04,264 - INFO - HTTP Request: POST https://api.deepseek.com/v1/chat/completions "HTTP/1.1 200 OK"
2025-06-25 15:22:04,269 - INFO - HTTP Request: POST https://api.deepseek.com/v1/chat/completions "HTTP/1.1 200 OK"
2025-06-25 15:22:04,283 - INFO - HTTP Request: POST https://api.deepseek.com/v1/chat/completions "HTTP/1.1 200 OK"
2025-06-25 15:22:04,283 - INFO - HTTP Request: POST https://api.deepseek.com/v1/chat/completions "HTTP/1.1 200 OK"
2025-06-25 15:22:04,285 - INFO - HTTP Request: POST https://api.deepseek.com/v1/chat/completions "HTTP/1.1 200 OK"
2025-06-25 15:22:04,286 - INFO - HTTP Request: POST https://api.deepseek.com/v1/chat/completions "HTTP/1.1 200 OK"
2025-06-25 15:22:04,288 - INFO - HTTP Request: POST https://api.deepseek.com/v1/chat/completions "HTTP/1.1 200 OK"
2025-06-25 15:22:04,288 - INFO - HTTP Request: POST https://api.deepseek.com/v1/chat/completions "HTTP/1.1 200 OK"
2025-06-25 15:22:04,307 - INFO - HTTP Request: POST https://api.deepseek.com/v1/chat/completions "HTTP/1.1 200 OK"
2025-06-25 15:22:04,309 - INFO - HTTP Request: POST https://api.deepseek.com/v1/chat/completions "HTTP/1.1 200 OK"
2025-06-25 15:22:04,310 - INFO - HTTP Request: POST https://api.deepseek.com/v1/chat/completions "HTTP/1.1 200 OK"
2025-06-25 15:22:04,313 - INFO - HTTP Request: POST https://api.deepseek.com/v1/chat/completions "HTTP/1.1 200 OK"
2025-06-25 15:22:04,315 - INFO - HTTP Request: POST https://api.deepseek.com/v1/chat/completions "HTTP/1.1 200 OK"
2025-06-25 15:22:04,316 - INFO - HTTP Request: POST https://api.deepseek.com/v1/chat/completions "HTTP/1.1 200 OK"
2025-06-25 15:22:04,318 - INFO - HTTP Request: POST https://api.deepseek.com/v1/chat/completions "HTTP/1.1 200 OK"
2025-06-25 15:22:04,318 - INFO - HTTP Request: POST https://api.deepseek.com/v1/chat/completions "HTTP/1.1 200 OK"
2025-06-25 15:22:04,320 - INFO - HTTP Request: POST https://api.deepseek.com/v1/chat/completions "HTTP/1.1 200 OK"
2025-06-25 15:22:04,322 - INFO - HTTP Request: POST https://api.deepseek.com/v1/chat/completions "HTTP/1.1 200 OK"
2025-06-25 15:22:04,323 - INFO - HTTP Request: POST https://api.deepseek.com/v1/chat/completions "HTTP/1.1 200 OK"
2025-06-25 15:22:04,327 - INFO - HTTP Request: POST https://api.deepseek.com/v1/chat/completions "HTTP/1.1 200 OK"
2025-06-25 15:22:04,355 - INFO - HTTP Request: POST https://api.deepseek.com/v1/chat/completions "HTTP/1.1 200 OK"
2025-06-25 15:22:54,338 - INFO - HTTP Request: POST https://api.deepseek.com/v1/chat/completions "HTTP/1.1 200 OK"
2025-06-25 15:22:59,354 - INFO - HTTP Request: POST https://api.deepseek.com/v1/chat/completions "HTTP/1.1 200 OK"
2025-06-25 15:23:00,011 - INFO - HTTP Request: POST https://api.deepseek.com/v1/chat/completions "HTTP/1.1 200 OK"
2025-06-25 15:23:00,191 - INFO - HTTP Request: POST https://api.deepseek.com/v1/chat/completions "HTTP/1.1 200 OK"
2025-06-25 15:23:01,016 - INFO - HTTP Request: POST https://api.deepseek.com/v1/chat/completions "HTTP/1.1 200 OK"
2025-06-25 15:23:01,907 - INFO - HTTP Request: POST https://api.deepseek.com/v1/chat/completions "HTTP/1.1 200 OK"
2025-06-25 15:23:01,988 - INFO - HTTP Request: POST https://api.deepseek.com/v1/chat/completions "HTTP/1.1 200 OK"
2025-06-25 15:23:02,801 - INFO - HTTP Request: POST https://api.deepseek.com/v1/chat/completions "HTTP/1.1 200 OK"
2025-06-25 15:23:03,494 - INFO - HTTP Request: POST https://api.deepseek.com/v1/chat/completions "HTTP/1.1 200 OK"
2025-06-25 15:23:03,819 - INFO - HTTP Request: POST https://api.deepseek.com/v1/chat/completions "HTTP/1.1 200 OK"
2025-06-25 15:23:04,019 - INFO - HTTP Request: POST https://api.deepseek.com/v1/chat/completions "HTTP/1.1 200 OK"
2025-06-25 15:23:04,670 - INFO - HTTP Request: POST https://api.deepseek.com/v1/chat/completions "HTTP/1.1 200 OK"
2025-06-25 15:23:05,763 - INFO - HTTP Request: POST https://api.deepseek.com/v1/chat/completions "HTTP/1.1 200 OK"
2025-06-25 15:23:06,084 - INFO - HTTP Request: POST https://api.deepseek.com/v1/chat/completions "HTTP/1.1 200 OK"
2025-06-25 15:23:07,143 - INFO - HTTP Request: POST https://api.deepseek.com/v1/chat/completions "HTTP/1.1 200 OK"
2025-06-25 15:23:10,353 - INFO - HTTP Request: POST https://api.deepseek.com/v1/chat/completions "HTTP/1.1 200 OK"
2025-06-25 15:23:10,397 - INFO - HTTP Request: POST https://api.deepseek.com/v1/chat/completions "HTTP/1.1 200 OK"
2025-06-25 15:23:14,573 - INFO - HTTP Request: POST https://api.deepseek.com/v1/chat/completions "HTTP/1.1 200 OK"
2025-06-25 15:25:45,636 - INFO - Structures do NOT match within tolerances.
2025-06-25 15:25:45,637 - INFO - Structures do not match for index 200
2025-06-25 15:25:45,972 - INFO - Structures do NOT match within tolerances.
2025-06-25 15:25:45,972 - INFO - Structures do not match for index 202
2025-06-25 15:25:46,044 - INFO - Error loading CIF from string: Invalid CIF file with no structures!
2025-06-25 15:25:46,046 - INFO - Invalid generated structure for index 203
2025-06-25 15:25:46,141 - INFO - Structures do NOT match within tolerances.
2025-06-25 15:25:46,142 - INFO - Structures do not match for index 204
2025-06-25 15:25:46,420 - WARNING - D:\Codes\AtomWorld\.venv\Lib\site-packages\pymatgen\io\cif.py:1313: UserWarning: Missing elements Cr from CIF-reported composition
  if struct := self._get_structure(data, primitive, symmetrized, check_occu=check_occu):

2025-06-25 15:25:46,463 - INFO - Structures do NOT match within tolerances.
2025-06-25 15:25:46,463 - INFO - Structures do not match for index 206
2025-06-25 15:25:46,641 - INFO - Structures do NOT match within tolerances.
2025-06-25 15:25:46,641 - INFO - Structures do not match for index 207
2025-06-25 15:25:46,738 - INFO - Structures do NOT match within tolerances.
2025-06-25 15:25:46,738 - INFO - Structures do not match for index 208
2025-06-25 15:25:46,895 - INFO - Structures do NOT match within tolerances.
2025-06-25 15:25:46,896 - INFO - Structures do not match for index 209
2025-06-25 15:25:47,407 - INFO - Structures do NOT match within tolerances.
2025-06-25 15:25:47,407 - INFO - Structures do not match for index 212
2025-06-25 15:25:47,517 - WARNING - D:\Codes\AtomWorld\.venv\Lib\site-packages\pymatgen\io\cif.py:1313: UserWarning: Incorrect stoichiometry:
  CIF={'Hf': 20.0, 'Si': 2.0, 'Mo': 6.0, 'Db': 1.0}
  PMG={'Db': 1.0, 'Hf': 20.0, 'Si': 2.0, 'Mo': 5.0}
  ratios={'Db': 1.0, 'Hf': 1.0, 'Mo': 0.8333333333333334, 'Si': 1.0}
  if struct := self._get_structure(data, primitive, symmetrized, check_occu=check_occu):

2025-06-25 15:25:47,518 - INFO - Atom counts do not match for index 214
2025-06-25 15:25:47,607 - WARNING - D:\Codes\AtomWorld\.venv\Lib\site-packages\pymatgen\io\cif.py:1313: UserWarning: Missing elements Au from CIF-reported composition
  if struct := self._get_structure(data, primitive, symmetrized, check_occu=check_occu):

2025-06-25 15:25:47,843 - INFO - Structures do NOT match within tolerances.
2025-06-25 15:25:47,843 - INFO - Structures do not match for index 215
2025-06-25 15:25:48,226 - WARNING - D:\Codes\AtomWorld\.venv\Lib\site-packages\pymatgen\core\periodic_table.py:254: UserWarning: No Pauling electronegativity for Ts. Setting to NaN. This has no physical meaning, and is mainly done to avoid errors caused by the code expecting a float.
  x1 = float("inf") if self.X != self.X else self.X

2025-06-25 15:25:48,235 - WARNING - D:\Codes\AtomWorld\.venv\Lib\site-packages\pymatgen\core\composition.py:328: UserWarning: No Pauling electronegativity for Ts. Setting to NaN. This has no physical meaning, and is mainly done to avoid errors caused by the code expecting a float.
  return sum((el.X * abs(amt) for el, amt in self.items())) / self.num_atoms

2025-06-25 15:25:48,588 - INFO - Structures do NOT match within tolerances.
2025-06-25 15:25:48,588 - INFO - Structures do not match for index 217
2025-06-25 15:25:48,763 - INFO - Error loading CIF from string: Invalid CIF file with no structures!
2025-06-25 15:25:48,763 - INFO - Invalid generated structure for index 218
2025-06-25 15:25:48,883 - INFO - Structures do NOT match within tolerances.
2025-06-25 15:25:48,883 - INFO - Structures do not match for index 219
2025-06-25 15:25:49,003 - WARNING - D:\Codes\AtomWorld\.venv\Lib\site-packages\pymatgen\io\cif.py:1313: UserWarning: Incorrect stoichiometry:
  CIF={'H': 32.0, 'C': 20.0, 'Br': 4.0}
  PMG={'H': 32.0, 'C': 20.0, 'Br': 1.0}
  ratios={'C': 1.0, 'Br': 0.25, 'H': 1.0}
  if struct := self._get_structure(data, primitive, symmetrized, check_occu=check_occu):

2025-06-25 15:25:50,047 - WARNING - D:\Codes\AtomWorld\.venv\Lib\site-packages\pymatgen\io\cif.py:1313: UserWarning: Incorrect stoichiometry:
  CIF={'H': 24.0, 'C': 12.0, 'S': 4.0, 'N': 8.0, 'O': 8.0, 'Lu': 4.0}
  PMG={'Lu': 1.0, 'H': 24.0, 'C': 12.0, 'S': 4.0, 'N': 8.0, 'O': 8.0}
  ratios={'Lu': 0.25, 'S': 1.0, 'H': 1.0, 'N': 1.0, 'O': 1.0, 'C': 1.0}
  if struct := self._get_structure(data, primitive, symmetrized, check_occu=check_occu):

2025-06-25 15:25:50,878 - INFO - Structures do NOT match within tolerances.
2025-06-25 15:25:50,878 - INFO - Structures do not match for index 222
2025-06-25 15:25:51,045 - INFO - Structures do NOT match within tolerances.
2025-06-25 15:25:51,045 - INFO - Structures do not match for index 223
2025-06-25 15:25:51,209 - INFO - Structures do NOT match within tolerances.
2025-06-25 15:25:51,210 - INFO - Structures do not match for index 224
2025-06-25 15:25:51,566 - INFO - Structures do NOT match within tolerances.
2025-06-25 15:25:51,566 - INFO - Structures do not match for index 226
2025-06-25 15:25:51,608 - WARNING - D:\Codes\AtomWorld\.venv\Lib\site-packages\pymatgen\io\cif.py:1313: UserWarning: Incorrect stoichiometry:
  CIF={'Sr': 2.0, 'U': 2.0, 'P': 4.0, 'H': 4.0, 'O': 20.0, 'Tb': 2.0}
  PMG={'Sr': 2.0, 'Tb': 2.0, 'U': 2.0, 'P': 4.0, 'H': 4.0, 'O': 19.0}
  ratios={'Tb': 1.0, 'U': 1.0, 'H': 1.0, 'O': 0.95, 'P': 1.0, 'Sr': 1.0}
  if struct := self._get_structure(data, primitive, symmetrized, check_occu=check_occu):

2025-06-25 15:25:51,608 - INFO - Atom counts do not match for index 227
2025-06-25 15:25:52,400 - INFO - Structures do NOT match within tolerances.
2025-06-25 15:25:52,400 - INFO - Structures do not match for index 229
2025-06-25 15:25:53,360 - INFO - Structures do NOT match within tolerances.
2025-06-25 15:25:53,361 - INFO - Structures do not match for index 231
2025-06-25 15:25:53,844 - INFO - Structures do NOT match within tolerances.
2025-06-25 15:25:53,844 - INFO - Structures do not match for index 232
2025-06-25 15:25:55,437 - INFO - Structures do NOT match within tolerances.
2025-06-25 15:25:55,437 - INFO - Structures do not match for index 237
2025-06-25 15:25:55,970 - WARNING - D:\Codes\AtomWorld\.venv\Lib\site-packages\pymatgen\io\cif.py:1313: UserWarning: Some occupancies ([2.0, 2.0, 2.0, 2.0, 2.0, 2.0, 2.0, 2.0, 2.0, 2.0, 2.0, 2.0, 2.0, 2.0, 2.0, 2.0, 2.0, 2.0]) sum to > 1! If they are within the occupancy_tolerance, they will be rescaled. The current occupancy_tolerance is set to: 1.0
  if struct := self._get_structure(data, primitive, symmetrized, check_occu=check_occu):

2025-06-25 15:25:55,983 - WARNING - D:\Codes\AtomWorld\src\evaluation\metrics.py:30: UserWarning: Issues encountered while parsing CIF: Some occupancies ([2.0, 2.0, 2.0, 2.0, 2.0, 2.0, 2.0, 2.0, 2.0, 2.0, 2.0, 2.0, 2.0, 2.0, 2.0, 2.0, 2.0, 2.0]) sum to > 1! If they are within the occupancy_tolerance, they will be rescaled. The current occupancy_tolerance is set to: 1.0
No structure parsed for section 1 in CIF.
Occupancy 2.0 exceeded tolerance.
  structures = parser.parse_structures(primitive=True)

2025-06-25 15:25:55,983 - INFO - Error loading CIF from string: Invalid CIF file with no structures!
2025-06-25 15:25:55,983 - INFO - Invalid generated structure for index 239
2025-06-25 15:25:56,137 - WARNING - D:\Codes\AtomWorld\.venv\Lib\site-packages\pymatgen\io\cif.py:1313: UserWarning: Incorrect stoichiometry:
  CIF={'Mg': 4.0, 'H': 32.0, 'C': 12.0, 'N': 8.0, 'O': 24.0, 'Kr': 4.0}
  PMG={'Mg': 4.0, 'H': 32.0, 'C': 12.0, 'Kr': 1.0, 'N': 8.0, 'O': 24.0}
  ratios={'Kr': 0.25, 'H': 1.0, 'Mg': 1.0, 'N': 1.0, 'O': 1.0, 'C': 1.0}
  if struct := self._get_structure(data, primitive, symmetrized, check_occu=check_occu):

2025-06-25 15:25:56,517 - INFO - Structures do NOT match within tolerances.
2025-06-25 15:25:56,517 - INFO - Structures do not match for index 240
2025-06-25 15:25:56,666 - INFO - Atom counts do not match for index 241
2025-06-25 15:25:56,847 - INFO - Structures do NOT match within tolerances.
2025-06-25 15:25:56,847 - INFO - Structures do not match for index 242
2025-06-25 15:25:59,621 - INFO - Structures do NOT match within tolerances.
2025-06-25 15:25:59,622 - INFO - Structures do not match for index 246
2025-06-25 15:25:59,924 - INFO - Structures do NOT match within tolerances.
2025-06-25 15:25:59,925 - INFO - Structures do not match for index 247
2025-06-25 15:26:00,300 - INFO - Atom counts do not match for index 249
