input_cif,action_prompt,output_cif
input_cifs\mp-1013842.cif,Add Pb at [3.00948843 1.94435874 8.30211934] to the cif file.,output_cifs\add_atom_action\mp-1013842_processed.cif
input_cifs\mp-1015026.cif,Add K at [0.32211455 1.68040861 2.26580273] to the cif file.,output_cifs\add_atom_action\mp-1015026_processed.cif
input_cifs\mp-1016569.cif,Add Re at [3.41792324 5.95173295 6.69763224] to the cif file.,output_cifs\add_atom_action\mp-1016569_processed.cif
input_cifs\mp-1016660.cif,Add Md at [4.8177309  5.52987792 9.45974475] to the cif file.,output_cifs\add_atom_action\mp-1016660_processed.cif
input_cifs\mp-1020181.cif,Add Ba at [8.94910787 3.99789434 7.00665746] to the cif file.,output_cifs\add_atom_action\mp-1020181_processed.cif
input_cifs\mp-1020716.cif,Add Ge at [ 5.8283826  -0.68581926  2.46921711] to the cif file.,output_cifs\add_atom_action\mp-1020716_processed.cif
input_cifs\mp-1021278.cif,Add Am at [4.22630527 3.13239134 4.06977501] to the cif file.,output_cifs\add_atom_action\mp-1021278_processed.cif
input_cifs\mp-1021658.cif,Add Ra at [2.88052885 1.20000889 5.26541856] to the cif file.,output_cifs\add_atom_action\mp-1021658_processed.cif
input_cifs\mp-1021682.cif,Add C at [4.8228651  0.71072346 0.08627828] to the cif file.,output_cifs\add_atom_action\mp-1021682_processed.cif
input_cifs\mp-1022203.cif,Add Pm at [1.03416648 3.28672593 7.46252584] to the cif file.,output_cifs\add_atom_action\mp-1022203_processed.cif
input_cifs\mp-1026634.cif,Add I at [4.02371242 0.38279411 4.25827936] to the cif file.,output_cifs\add_atom_action\mp-1026634_processed.cif
input_cifs\mp-1026773.cif,Add U at [0.11303022 3.82187652 0.10951987] to the cif file.,output_cifs\add_atom_action\mp-1026773_processed.cif
input_cifs\mp-1026775.cif,Add Cf at [1.2752339  1.83169282 8.88449259] to the cif file.,output_cifs\add_atom_action\mp-1026775_processed.cif
input_cifs\mp-1026818.cif,Add Hf at [0.61737111 0.89617941 2.52706241] to the cif file.,output_cifs\add_atom_action\mp-1026818_processed.cif
input_cifs\mp-1026852.cif,Add Ts at [4.7198093  2.59533895 9.67221337] to the cif file.,output_cifs\add_atom_action\mp-1026852_processed.cif
input_cifs\mp-1026901.cif,Add Cr at [-0.94830748  4.60443116  2.88129185] to the cif file.,output_cifs\add_atom_action\mp-1026901_processed.cif
input_cifs\mp-1027134.cif,Add F at [ 0.07205557  1.58865608 25.27645624] to the cif file.,output_cifs\add_atom_action\mp-1027134_processed.cif
input_cifs\mp-1027152.cif,Add Rb at [ 1.58246739  1.9681045  38.75056956] to the cif file.,output_cifs\add_atom_action\mp-1027152_processed.cif
input_cifs\mp-1027852.cif,Add Os at [2.04472681 2.82951596 6.56892565] to the cif file.,output_cifs\add_atom_action\mp-1027852_processed.cif
input_cifs\mp-1027965.cif,Add Cf at [0.5617731  4.19030894 0.13698643] to the cif file.,output_cifs\add_atom_action\mp-1027965_processed.cif
input_cifs\mp-1027971.cif,Add Pd at [2.7641162  4.00764224 3.85859862] to the cif file.,output_cifs\add_atom_action\mp-1027971_processed.cif
input_cifs\mp-1028124.cif,Add Es at [0.51102918 4.12338436 3.54942031] to the cif file.,output_cifs\add_atom_action\mp-1028124_processed.cif
input_cifs\mp-1028136.cif,Add Og at [4.28312262 2.26387836 7.83244904] to the cif file.,output_cifs\add_atom_action\mp-1028136_processed.cif
input_cifs\mp-1028229.cif,Add Al at [2.57636773 4.94105724 2.95272216] to the cif file.,output_cifs\add_atom_action\mp-1028229_processed.cif
input_cifs\mp-1028374.cif,Add In at [-0.2558288   4.80018764  2.44414235] to the cif file.,output_cifs\add_atom_action\mp-1028374_processed.cif
input_cifs\mp-1028383.cif,Add Cl at [2.01198634 1.13415729 3.20197911] to the cif file.,output_cifs\add_atom_action\mp-1028383_processed.cif
input_cifs\mp-1028854.cif,Add Sr at [ 2.00825272  0.19695349 18.10653093] to the cif file.,output_cifs\add_atom_action\mp-1028854_processed.cif
input_cifs\mp-1029113.cif,Add Ge at [-0.16011719  0.88959901 21.25649565] to the cif file.,output_cifs\add_atom_action\mp-1029113_processed.cif
input_cifs\mp-1029368.cif,Add Sc at [0.98581218 4.59906387 0.30168265] to the cif file.,output_cifs\add_atom_action\mp-1029368_processed.cif
input_cifs\mp-1031131.cif,Add In at [7.43810861 3.09745876 0.40434221] to the cif file.,output_cifs\add_atom_action\mp-1031131_processed.cif
input_cifs\mp-1032360.cif,Add No at [3.43943338 1.15560775 3.46312291] to the cif file.,output_cifs\add_atom_action\mp-1032360_processed.cif
input_cifs\mp-1033383.cif,Add Kr at [1.37709089 2.42299331 2.84004198] to the cif file.,output_cifs\add_atom_action\mp-1033383_processed.cif
input_cifs\mp-1034355.cif,Add Tb at [0.71447474 3.96018881 2.74655188] to the cif file.,output_cifs\add_atom_action\mp-1034355_processed.cif
input_cifs\mp-1035597.cif,Add Zn at [5.41210289 6.5382312  0.68064423] to the cif file.,output_cifs\add_atom_action\mp-1035597_processed.cif
input_cifs\mp-1035800.cif,Add Na at [4.9157989  3.96137851 3.63490395] to the cif file.,output_cifs\add_atom_action\mp-1035800_processed.cif
input_cifs\mp-1037450.cif,Add Mo at [6.65786835 5.97010455 3.06754574] to the cif file.,output_cifs\add_atom_action\mp-1037450_processed.cif
input_cifs\mp-1038247.cif,Add Ne at [2.31771778 1.25595208 3.25226545] to the cif file.,output_cifs\add_atom_action\mp-1038247_processed.cif
input_cifs\mp-1038590.cif,Add Ba at [7.83682535 0.62123566 7.23090344] to the cif file.,output_cifs\add_atom_action\mp-1038590_processed.cif
input_cifs\mp-1038638.cif,Add U at [8.04188761 2.8337883  7.01111872] to the cif file.,output_cifs\add_atom_action\mp-1038638_processed.cif
input_cifs\mp-1039951.cif,Add Pm at [8.62309054 3.23661016 8.33682806] to the cif file.,output_cifs\add_atom_action\mp-1039951_processed.cif
input_cifs\mp-1040370.cif,Add In at [3.62640938 7.75812832 6.87842909] to the cif file.,output_cifs\add_atom_action\mp-1040370_processed.cif
input_cifs\mp-1041045.cif,Add Hs at [13.55537862  3.55570638 10.89730811] to the cif file.,output_cifs\add_atom_action\mp-1041045_processed.cif
input_cifs\mp-1041056.cif,Add U at [1.12979306 8.66016141 0.44879296] to the cif file.,output_cifs\add_atom_action\mp-1041056_processed.cif
input_cifs\mp-1041213.cif,Add Au at [5.08975485 6.47051213 2.93649027] to the cif file.,output_cifs\add_atom_action\mp-1041213_processed.cif
input_cifs\mp-1042028.cif,Add Ts at [0.42918925 1.60019182 1.69799588] to the cif file.,output_cifs\add_atom_action\mp-1042028_processed.cif
input_cifs\mp-1042158.cif,Add Pb at [4.25647298 1.96197633 2.87634317] to the cif file.,output_cifs\add_atom_action\mp-1042158_processed.cif
input_cifs\mp-1042205.cif,Add I at [4.74798512 5.36114555 6.71075529] to the cif file.,output_cifs\add_atom_action\mp-1042205_processed.cif
input_cifs\mp-1042378.cif,Add Pb at [ 4.14326952  1.50340755 11.91826236] to the cif file.,output_cifs\add_atom_action\mp-1042378_processed.cif
input_cifs\mp-1042415.cif,Add Sr at [0.35708675 8.75780863 0.26565648] to the cif file.,output_cifs\add_atom_action\mp-1042415_processed.cif
input_cifs\mp-1042656.cif,Add Ag at [0.01126167 2.12890041 3.71051928] to the cif file.,output_cifs\add_atom_action\mp-1042656_processed.cif
input_cifs\mp-1042677.cif,Add Al at [2.14441459 5.71018606 0.30177315] to the cif file.,output_cifs\add_atom_action\mp-1042677_processed.cif
input_cifs\mp-1042685.cif,Add Dy at [4.77183179 8.23551651 9.56612274] to the cif file.,output_cifs\add_atom_action\mp-1042685_processed.cif
input_cifs\mp-1042896.cif,Add Co at [7.02658877 2.13510117 3.65202763] to the cif file.,output_cifs\add_atom_action\mp-1042896_processed.cif
input_cifs\mp-1043828.cif,Add Pr at [13.60685685  7.92387963  5.06019891] to the cif file.,output_cifs\add_atom_action\mp-1043828_processed.cif
input_cifs\mp-1044049.cif,Add Ra at [ 0.21963383  4.40010269 10.46155473] to the cif file.,output_cifs\add_atom_action\mp-1044049_processed.cif
input_cifs\mp-1044636.cif,Add Ho at [ 4.16924342  1.31119487 10.35355823] to the cif file.,output_cifs\add_atom_action\mp-1044636_processed.cif
input_cifs\mp-1045786.cif,Add N at [4.39642802 3.26528373 7.18136486] to the cif file.,output_cifs\add_atom_action\mp-1045786_processed.cif
input_cifs\mp-1045992.cif,Add Og at [1.45256943 0.31609168 0.58116328] to the cif file.,output_cifs\add_atom_action\mp-1045992_processed.cif
input_cifs\mp-1046286.cif,Add Pd at [7.35999601 2.37298404 0.91814794] to the cif file.,output_cifs\add_atom_action\mp-1046286_processed.cif
input_cifs\mp-1047007.cif,Add Pu at [1.80606583 2.53875692 3.51009221] to the cif file.,output_cifs\add_atom_action\mp-1047007_processed.cif
input_cifs\mp-1047085.cif,Add Pd at [9.96511594 6.48928432 0.05174682] to the cif file.,output_cifs\add_atom_action\mp-1047085_processed.cif
input_cifs\mp-1047504.cif,Add Ta at [0.30050039 4.26043254 1.4573856 ] to the cif file.,output_cifs\add_atom_action\mp-1047504_processed.cif
input_cifs\mp-1047641.cif,Add Ir at [4.17032158 0.47018347 6.45643088] to the cif file.,output_cifs\add_atom_action\mp-1047641_processed.cif
input_cifs\mp-1047798.cif,Add Li at [2.77290328 2.76956847 0.04477391] to the cif file.,output_cifs\add_atom_action\mp-1047798_processed.cif
input_cifs\mp-1048141.cif,Add Md at [0.61177157 2.90665369 6.72836926] to the cif file.,output_cifs\add_atom_action\mp-1048141_processed.cif
input_cifs\mp-1048241.cif,Add Na at [1.77676463 6.79121338 8.28749799] to the cif file.,output_cifs\add_atom_action\mp-1048241_processed.cif
input_cifs\mp-1048742.cif,Add Cd at [ 4.03181305 -0.6582069   3.55258109] to the cif file.,output_cifs\add_atom_action\mp-1048742_processed.cif
input_cifs\mp-1048819.cif,Add Li at [2.58548218 4.4583031  1.15741836] to the cif file.,output_cifs\add_atom_action\mp-1048819_processed.cif
input_cifs\mp-10543.cif,Add Mn at [1.41927121 2.97703688 7.30848203] to the cif file.,output_cifs\add_atom_action\mp-10543_processed.cif
input_cifs\mp-1073454.cif,Add Mg at [3.40587773 2.72494738 8.58341117] to the cif file.,output_cifs\add_atom_action\mp-1073454_processed.cif
input_cifs\mp-1073857.cif,Add Ne at [0.31660313 1.19522425 7.80942583] to the cif file.,output_cifs\add_atom_action\mp-1073857_processed.cif
input_cifs\mp-1074382.cif,Add Lu at [0.72771382 3.99723249 4.01257892] to the cif file.,output_cifs\add_atom_action\mp-1074382_processed.cif
input_cifs\mp-1075115.cif,Add Sg at [-0.29619325  4.09802197  2.29688989] to the cif file.,output_cifs\add_atom_action\mp-1075115_processed.cif
input_cifs\mp-1076171.cif,Add Fl at [3.85385455 4.81318355 0.7940669 ] to the cif file.,output_cifs\add_atom_action\mp-1076171_processed.cif
input_cifs\mp-1076264.cif,Add U at [4.60455148 5.09455066 2.14948554] to the cif file.,output_cifs\add_atom_action\mp-1076264_processed.cif
input_cifs\mp-1080179.cif,Add Pt at [1.86047509 0.06016445 6.00077241] to the cif file.,output_cifs\add_atom_action\mp-1080179_processed.cif
input_cifs\mp-1080349.cif,Add Cl at [1.52866291 0.38354414 1.80426429] to the cif file.,output_cifs\add_atom_action\mp-1080349_processed.cif
input_cifs\mp-1080354.cif,Add Og at [-2.86322647  0.0625096  17.68270862] to the cif file.,output_cifs\add_atom_action\mp-1080354_processed.cif
input_cifs\mp-1080713.cif,Add Cr at [0.49518532 5.1215949  2.682881  ] to the cif file.,output_cifs\add_atom_action\mp-1080713_processed.cif
input_cifs\mp-1094804.cif,Add I at [1.18815397 6.84158673 2.4883213 ] to the cif file.,output_cifs\add_atom_action\mp-1094804_processed.cif
input_cifs\mp-1095083.cif,Add Rb at [4.19587618 3.80974118 1.65835022] to the cif file.,output_cifs\add_atom_action\mp-1095083_processed.cif
input_cifs\mp-1095476.cif,Add Te at [2.89457805 5.57351022 5.35553503] to the cif file.,output_cifs\add_atom_action\mp-1095476_processed.cif
input_cifs\mp-1095575.cif,Add Li at [ 4.51840904 -0.6691276   1.59502059] to the cif file.,output_cifs\add_atom_action\mp-1095575_processed.cif
input_cifs\mp-1095585.cif,Add Og at [1.76627104 1.63306465 3.01192335] to the cif file.,output_cifs\add_atom_action\mp-1095585_processed.cif
input_cifs\mp-1095643.cif,Add Ni at [4.56967841 0.5082641  6.90936272] to the cif file.,output_cifs\add_atom_action\mp-1095643_processed.cif
input_cifs\mp-1095675.cif,Add Cf at [1.79953062 3.17943951 3.2420454 ] to the cif file.,output_cifs\add_atom_action\mp-1095675_processed.cif
input_cifs\mp-1095677.cif,Add Fl at [1.21325659 4.27736375 8.17662872] to the cif file.,output_cifs\add_atom_action\mp-1095677_processed.cif
input_cifs\mp-1096913.cif,Add Zr at [1.64888665 3.99366175 5.05862734] to the cif file.,output_cifs\add_atom_action\mp-1096913_processed.cif
input_cifs\mp-1099100.cif,Add In at [0.1763899  0.24982378 4.97775239] to the cif file.,output_cifs\add_atom_action\mp-1099100_processed.cif
input_cifs\mp-1100340.cif,Add Sm at [0.41715303 3.91315735 8.57366114] to the cif file.,output_cifs\add_atom_action\mp-1100340_processed.cif
input_cifs\mp-1100512.cif,Add Ar at [ 2.64565585  5.68017183 10.78774976] to the cif file.,output_cifs\add_atom_action\mp-1100512_processed.cif
input_cifs\mp-1100602.cif,Add Os at [2.15963373 8.62229741 2.83534517] to the cif file.,output_cifs\add_atom_action\mp-1100602_processed.cif
input_cifs\mp-1100645.cif,Add Pb at [1.24047791 0.44287081 7.27038249] to the cif file.,output_cifs\add_atom_action\mp-1100645_processed.cif
input_cifs\mp-1100655.cif,Add Mt at [ 9.10725244  1.67001003 12.30643331] to the cif file.,output_cifs\add_atom_action\mp-1100655_processed.cif
input_cifs\mp-1100709.cif,Add Rh at [-2.01622815  1.40810116  6.56325318] to the cif file.,output_cifs\add_atom_action\mp-1100709_processed.cif
input_cifs\mp-1100895.cif,Add La at [7.58676316 0.17889955 5.52759622] to the cif file.,output_cifs\add_atom_action\mp-1100895_processed.cif
input_cifs\mp-1101365.cif,Add Sc at [5.41642414 6.77195972 8.70348272] to the cif file.,output_cifs\add_atom_action\mp-1101365_processed.cif
input_cifs\mp-1101490.cif,Add S at [8.05204239 7.65281163 3.08447215] to the cif file.,output_cifs\add_atom_action\mp-1101490_processed.cif
input_cifs\mp-1101729.cif,Add U at [0.11734222 3.28307439 8.01654713] to the cif file.,output_cifs\add_atom_action\mp-1101729_processed.cif
input_cifs\mp-1101899.cif,Add Sb at [1.42577437 1.22081921 0.85457999] to the cif file.,output_cifs\add_atom_action\mp-1101899_processed.cif
input_cifs\mp-1102433.cif,Add Hg at [1.56555656 5.20780294 2.07381527] to the cif file.,output_cifs\add_atom_action\mp-1102433_processed.cif
input_cifs\mp-1102534.cif,Add Th at [2.55931535 5.15693352 3.07408844] to the cif file.,output_cifs\add_atom_action\mp-1102534_processed.cif
input_cifs\mp-1102795.cif,Add Ta at [1.69972337 6.87856087 2.89823896] to the cif file.,output_cifs\add_atom_action\mp-1102795_processed.cif
input_cifs\mp-1102865.cif,Add Sg at [5.06221637 4.54502315 1.93776428] to the cif file.,output_cifs\add_atom_action\mp-1102865_processed.cif
input_cifs\mp-1102948.cif,Add Eu at [2.78555456 2.04210273 1.12842585] to the cif file.,output_cifs\add_atom_action\mp-1102948_processed.cif
input_cifs\mp-1102963.cif,Add Pb at [2.23013792 5.81508089 4.07208716] to the cif file.,output_cifs\add_atom_action\mp-1102963_processed.cif
input_cifs\mp-1103212.cif,Add Er at [1.29669786 0.96764728 1.55107778] to the cif file.,output_cifs\add_atom_action\mp-1103212_processed.cif
input_cifs\mp-1103303.cif,Add Bk at [ 1.86979951  2.21979962 11.71820807] to the cif file.,output_cifs\add_atom_action\mp-1103303_processed.cif
input_cifs\mp-1103651.cif,Add Sn at [0.61737685 3.12524286 1.98334461] to the cif file.,output_cifs\add_atom_action\mp-1103651_processed.cif
input_cifs\mp-1104386.cif,Add Fe at [6.14841115 1.52458281 4.17432024] to the cif file.,output_cifs\add_atom_action\mp-1104386_processed.cif
input_cifs\mp-1104404.cif,Add Fe at [6.7526976  2.83524509 2.9107657 ] to the cif file.,output_cifs\add_atom_action\mp-1104404_processed.cif
input_cifs\mp-1104448.cif,Add Mt at [2.81674541 1.61958914 0.75753365] to the cif file.,output_cifs\add_atom_action\mp-1104448_processed.cif
input_cifs\mp-1105372.cif,Add Sg at [0.736184   1.82865487 2.87225813] to the cif file.,output_cifs\add_atom_action\mp-1105372_processed.cif
input_cifs\mp-1105581.cif,Add Co at [4.53173856 4.21779938 7.5167931 ] to the cif file.,output_cifs\add_atom_action\mp-1105581_processed.cif
input_cifs\mp-1105587.cif,Add Br at [4.15921694 1.72930891 1.44169489] to the cif file.,output_cifs\add_atom_action\mp-1105587_processed.cif
input_cifs\mp-1105631.cif,Add Er at [3.78189221 0.72610818 3.99850784] to the cif file.,output_cifs\add_atom_action\mp-1105631_processed.cif
input_cifs\mp-1105736.cif,Add Rb at [2.84698535 1.32820778 5.46052912] to the cif file.,output_cifs\add_atom_action\mp-1105736_processed.cif
input_cifs\mp-1105952.cif,Add K at [0.3327164  8.63599577 2.37025988] to the cif file.,output_cifs\add_atom_action\mp-1105952_processed.cif
input_cifs\mp-1105985.cif,Add Mg at [19.25187946  3.92481323  6.29987786] to the cif file.,output_cifs\add_atom_action\mp-1105985_processed.cif
input_cifs\mp-1106159.cif,Add Mg at [ 1.86485086 -2.24256431  5.00024602] to the cif file.,output_cifs\add_atom_action\mp-1106159_processed.cif
input_cifs\mp-1110626.cif,Add Bi at [5.33457339 2.87765578 3.44357475] to the cif file.,output_cifs\add_atom_action\mp-1110626_processed.cif
input_cifs\mp-1110754.cif,Add Hf at [11.11357862  2.41208352  4.63714437] to the cif file.,output_cifs\add_atom_action\mp-1110754_processed.cif
input_cifs\mp-1111211.cif,Add Ho at [9.18129679 4.30616476 0.98323777] to the cif file.,output_cifs\add_atom_action\mp-1111211_processed.cif
input_cifs\mp-1111610.cif,Add Db at [5.46307469 1.96253606 0.86110512] to the cif file.,output_cifs\add_atom_action\mp-1111610_processed.cif
input_cifs\mp-1111940.cif,Add Xe at [6.94105492 2.99764965 2.43465759] to the cif file.,output_cifs\add_atom_action\mp-1111940_processed.cif
input_cifs\mp-1112257.cif,Add At at [8.27216625 5.08787719 1.8010407 ] to the cif file.,output_cifs\add_atom_action\mp-1112257_processed.cif
input_cifs\mp-1112416.cif,Add Si at [9.51110716 3.40068645 4.08296832] to the cif file.,output_cifs\add_atom_action\mp-1112416_processed.cif
input_cifs\mp-11143.cif,Add F at [3.32122825 0.42176853 4.36684904] to the cif file.,output_cifs\add_atom_action\mp-11143_processed.cif
input_cifs\mp-11145.cif,Add Mc at [4.28706666 5.37898336 2.89185912] to the cif file.,output_cifs\add_atom_action\mp-11145_processed.cif
input_cifs\mp-1120749.cif,Add Te at [-0.94934424  4.19894705  6.17144898] to the cif file.,output_cifs\add_atom_action\mp-1120749_processed.cif
input_cifs\mp-11250.cif,Add Pm at [1.29541359 2.09599739 1.18406891] to the cif file.,output_cifs\add_atom_action\mp-11250_processed.cif
input_cifs\mp-1157680.cif,Add Nh at [6.56480243 0.78252773 1.62310371] to the cif file.,output_cifs\add_atom_action\mp-1157680_processed.cif
input_cifs\mp-1173361.cif,Add Sc at [-0.94038728  1.12547185  6.62396216] to the cif file.,output_cifs\add_atom_action\mp-1173361_processed.cif
input_cifs\mp-1173548.cif,Add Ag at [ 3.64498041  1.68231675 10.59211323] to the cif file.,output_cifs\add_atom_action\mp-1173548_processed.cif
input_cifs\mp-1173561.cif,Add Y at [11.01733854  2.61660473  1.86998672] to the cif file.,output_cifs\add_atom_action\mp-1173561_processed.cif
input_cifs\mp-1173706.cif,Add Cr at [3.03837772 4.57263047 1.8729491 ] to the cif file.,output_cifs\add_atom_action\mp-1173706_processed.cif
input_cifs\mp-1173883.cif,Add K at [ 0.52706445 -0.24479     2.5624469 ] to the cif file.,output_cifs\add_atom_action\mp-1173883_processed.cif
input_cifs\mp-1174010.cif,Add H at [0.28075765 1.58709644 8.01613917] to the cif file.,output_cifs\add_atom_action\mp-1174010_processed.cif
input_cifs\mp-1174079.cif,Add Br at [0.10209185 2.59995293 5.42001761] to the cif file.,output_cifs\add_atom_action\mp-1174079_processed.cif
input_cifs\mp-1174299.cif,Add Lv at [9.50168653 2.18848333 5.63305808] to the cif file.,output_cifs\add_atom_action\mp-1174299_processed.cif
input_cifs\mp-1174536.cif,Add Pm at [3.71533361 9.86141042 5.6206373 ] to the cif file.,output_cifs\add_atom_action\mp-1174536_processed.cif
input_cifs\mp-1174549.cif,Add Pt at [ 3.09046571  1.58624454 16.03683774] to the cif file.,output_cifs\add_atom_action\mp-1174549_processed.cif
input_cifs\mp-1174561.cif,Add Tb at [ 3.58321815  4.46883436 16.54603191] to the cif file.,output_cifs\add_atom_action\mp-1174561_processed.cif
input_cifs\mp-1174631.cif,Add Cr at [3.38462676 1.12222868 4.78407714] to the cif file.,output_cifs\add_atom_action\mp-1174631_processed.cif
input_cifs\mp-1174708.cif,Add Ag at [3.01930589 0.47052914 1.54103969] to the cif file.,output_cifs\add_atom_action\mp-1174708_processed.cif
input_cifs\mp-1175060.cif,Add Am at [-1.44238061  5.10167954  4.44187964] to the cif file.,output_cifs\add_atom_action\mp-1175060_processed.cif
input_cifs\mp-1175670.cif,Add Np at [6.35437064 7.15059462 2.20097419] to the cif file.,output_cifs\add_atom_action\mp-1175670_processed.cif
input_cifs\mp-1175676.cif,Add At at [4.83159484 3.60005621 3.32815337] to the cif file.,output_cifs\add_atom_action\mp-1175676_processed.cif
input_cifs\mp-1175716.cif,Add Fe at [13.84777788  5.3821983   3.7464837 ] to the cif file.,output_cifs\add_atom_action\mp-1175716_processed.cif
input_cifs\mp-1176074.cif,Add Ta at [3.64397108 3.80873849 8.80112817] to the cif file.,output_cifs\add_atom_action\mp-1176074_processed.cif
input_cifs\mp-1176243.cif,Add Mg at [3.02146156 3.9055792  1.02802051] to the cif file.,output_cifs\add_atom_action\mp-1176243_processed.cif
input_cifs\mp-1176471.cif,Add Re at [3.1416433  0.41678715 0.87152845] to the cif file.,output_cifs\add_atom_action\mp-1176471_processed.cif
input_cifs\mp-1176486.cif,Add Ne at [9.51479831 4.18834398 1.60524219] to the cif file.,output_cifs\add_atom_action\mp-1176486_processed.cif
input_cifs\mp-1176593.cif,Add H at [2.89112823 1.62137673 1.96799547] to the cif file.,output_cifs\add_atom_action\mp-1176593_processed.cif
input_cifs\mp-1176664.cif,Add Ne at [3.80961678 3.21374366 5.76414124] to the cif file.,output_cifs\add_atom_action\mp-1176664_processed.cif
input_cifs\mp-1176678.cif,Add As at [1.34499339 2.02209943 1.36441175] to the cif file.,output_cifs\add_atom_action\mp-1176678_processed.cif
input_cifs\mp-1176692.cif,Add Zr at [0.97324106 4.73916071 1.20632388] to the cif file.,output_cifs\add_atom_action\mp-1176692_processed.cif
input_cifs\mp-1176965.cif,Add Re at [ 2.86860369  6.04648366 10.95975213] to the cif file.,output_cifs\add_atom_action\mp-1176965_processed.cif
input_cifs\mp-1177279.cif,Add Lv at [0.77560002 0.30249391 8.57728171] to the cif file.,output_cifs\add_atom_action\mp-1177279_processed.cif
input_cifs\mp-1177537.cif,Add Tm at [-0.3300596   2.0603421   5.93078338] to the cif file.,output_cifs\add_atom_action\mp-1177537_processed.cif
input_cifs\mp-1177559.cif,Add Ds at [ 6.19482535  0.18440527 11.68046189] to the cif file.,output_cifs\add_atom_action\mp-1177559_processed.cif
input_cifs\mp-1177564.cif,Add In at [3.07401377 8.57509459 3.52628126] to the cif file.,output_cifs\add_atom_action\mp-1177564_processed.cif
input_cifs\mp-1177801.cif,Add Rh at [6.07318336 4.276004   9.87533202] to the cif file.,output_cifs\add_atom_action\mp-1177801_processed.cif
input_cifs\mp-1178026.cif,Add Ru at [-3.74953836  0.29228191  4.93428495] to the cif file.,output_cifs\add_atom_action\mp-1178026_processed.cif
input_cifs\mp-1178085.cif,Add Fr at [4.31319287 6.74888703 5.23389924] to the cif file.,output_cifs\add_atom_action\mp-1178085_processed.cif
input_cifs\mp-1178148.cif,Add Cd at [1.92481472 2.83687531 7.85822346] to the cif file.,output_cifs\add_atom_action\mp-1178148_processed.cif
input_cifs\mp-1178259.cif,Add Rn at [5.91003874 3.37327094 7.5787252 ] to the cif file.,output_cifs\add_atom_action\mp-1178259_processed.cif
input_cifs\mp-1178586.cif,Add Pa at [13.68142032  6.6714577   7.08384248] to the cif file.,output_cifs\add_atom_action\mp-1178586_processed.cif
input_cifs\mp-1180130.cif,Add Ge at [5.35799836 4.3717771  4.60016318] to the cif file.,output_cifs\add_atom_action\mp-1180130_processed.cif
input_cifs\mp-1180252.cif,Add La at [2.81310276 5.37177023 4.12466963] to the cif file.,output_cifs\add_atom_action\mp-1180252_processed.cif
input_cifs\mp-1180744.cif,Add Tl at [4.48870892 3.02513346 0.51519544] to the cif file.,output_cifs\add_atom_action\mp-1180744_processed.cif
input_cifs\mp-1180763.cif,Add Br at [ 3.2985805  -0.69611208  3.61511671] to the cif file.,output_cifs\add_atom_action\mp-1180763_processed.cif
input_cifs\mp-1181255.cif,Add P at [-3.15619993 10.52000557  3.92387057] to the cif file.,output_cifs\add_atom_action\mp-1181255_processed.cif
input_cifs\mp-1181584.cif,Add Ca at [25.20775216 -2.57921331  3.03470793] to the cif file.,output_cifs\add_atom_action\mp-1181584_processed.cif
input_cifs\mp-1182011.cif,Add H at [1.81723733 0.74658922 0.02357531] to the cif file.,output_cifs\add_atom_action\mp-1182011_processed.cif
input_cifs\mp-1182045.cif,Add Cm at [10.02401728  5.82600396  4.71228834] to the cif file.,output_cifs\add_atom_action\mp-1182045_processed.cif
input_cifs\mp-1182066.cif,Add Ru at [ 6.97624137 12.5081546   7.6070113 ] to the cif file.,output_cifs\add_atom_action\mp-1182066_processed.cif
input_cifs\mp-1182302.cif,Add Fl at [0.16452935 3.77726675 2.50673119] to the cif file.,output_cifs\add_atom_action\mp-1182302_processed.cif
input_cifs\mp-1182516.cif,Add Na at [0.58406009 5.38469682 4.38996653] to the cif file.,output_cifs\add_atom_action\mp-1182516_processed.cif
input_cifs\mp-1182952.cif,Add Rh at [-1.47560565  2.62358194  6.51819012] to the cif file.,output_cifs\add_atom_action\mp-1182952_processed.cif
input_cifs\mp-1182993.cif,Add Yb at [ 4.6967032  -0.74831121  1.41127612] to the cif file.,output_cifs\add_atom_action\mp-1182993_processed.cif
input_cifs\mp-1185691.cif,Add Cs at [ 4.17289707 10.86654539  6.9861309 ] to the cif file.,output_cifs\add_atom_action\mp-1185691_processed.cif
input_cifs\mp-1185729.cif,Add He at [-1.27622038  2.61372667  4.9323015 ] to the cif file.,output_cifs\add_atom_action\mp-1185729_processed.cif
input_cifs\mp-1185730.cif,Add C at [-0.79212991 -1.26831518  6.04855021] to the cif file.,output_cifs\add_atom_action\mp-1185730_processed.cif
input_cifs\mp-1186069.cif,Add Md at [-1.70429661  5.54814795  2.62976159] to the cif file.,output_cifs\add_atom_action\mp-1186069_processed.cif
input_cifs\mp-1188168.cif,Add Ne at [3.01248225 6.2438776  7.20926692] to the cif file.,output_cifs\add_atom_action\mp-1188168_processed.cif
input_cifs\mp-1188839.cif,Add Es at [ 0.21658307  0.38548815 22.18382512] to the cif file.,output_cifs\add_atom_action\mp-1188839_processed.cif
input_cifs\mp-1189137.cif,Add Tl at [9.55900562 5.22477374 1.20150298] to the cif file.,output_cifs\add_atom_action\mp-1189137_processed.cif
input_cifs\mp-1189325.cif,Add Fr at [5.66467675 5.33690324 0.19767489] to the cif file.,output_cifs\add_atom_action\mp-1189325_processed.cif
input_cifs\mp-1189617.cif,Add Mg at [0.12090708 3.33220774 6.47959848] to the cif file.,output_cifs\add_atom_action\mp-1189617_processed.cif
input_cifs\mp-1190360.cif,Add C at [5.15777012 5.21185605 0.1385769 ] to the cif file.,output_cifs\add_atom_action\mp-1190360_processed.cif
input_cifs\mp-1190450.cif,Add Eu at [5.21922811 2.59206363 4.43542871] to the cif file.,output_cifs\add_atom_action\mp-1190450_processed.cif
input_cifs\mp-1190471.cif,Add Au at [-3.54059684  4.3062024   3.95118724] to the cif file.,output_cifs\add_atom_action\mp-1190471_processed.cif
input_cifs\mp-1190593.cif,Add Cd at [4.2217886  2.62925268 2.6479477 ] to the cif file.,output_cifs\add_atom_action\mp-1190593_processed.cif
input_cifs\mp-1190765.cif,Add Ne at [4.40319803 3.51064364 3.31472372] to the cif file.,output_cifs\add_atom_action\mp-1190765_processed.cif
input_cifs\mp-1190906.cif,Add Ga at [5.67666229 4.4446038  7.60500174] to the cif file.,output_cifs\add_atom_action\mp-1190906_processed.cif
input_cifs\mp-1191263.cif,Add Cm at [1.69228873 0.30512381 1.4676331 ] to the cif file.,output_cifs\add_atom_action\mp-1191263_processed.cif
input_cifs\mp-1191575.cif,Add Hs at [6.02391889 0.60182211 4.70690495] to the cif file.,output_cifs\add_atom_action\mp-1191575_processed.cif
input_cifs\mp-1191633.cif,Add P at [4.76294298 3.79600766 1.6514562 ] to the cif file.,output_cifs\add_atom_action\mp-1191633_processed.cif
input_cifs\mp-1191681.cif,Add Am at [ 1.65139322 -2.46811312  6.08230016] to the cif file.,output_cifs\add_atom_action\mp-1191681_processed.cif
input_cifs\mp-1192077.cif,Add Cm at [1.06814126 3.32145661 2.6844849 ] to the cif file.,output_cifs\add_atom_action\mp-1192077_processed.cif
input_cifs\mp-1192111.cif,Add W at [2.09211822 3.13367148 3.79651963] to the cif file.,output_cifs\add_atom_action\mp-1192111_processed.cif
input_cifs\mp-1192527.cif,Add V at [1.7830644  1.38672807 8.04712997] to the cif file.,output_cifs\add_atom_action\mp-1192527_processed.cif
input_cifs\mp-1192550.cif,Add Cr at [4.73351406 8.07323221 4.00222186] to the cif file.,output_cifs\add_atom_action\mp-1192550_processed.cif
input_cifs\mp-1192556.cif,Add Ru at [-0.29611177  5.54167008  4.3434374 ] to the cif file.,output_cifs\add_atom_action\mp-1192556_processed.cif
input_cifs\mp-1192588.cif,Add Tm at [2.84936034 0.81074881 6.43674398] to the cif file.,output_cifs\add_atom_action\mp-1192588_processed.cif
input_cifs\mp-1192755.cif,Add Ru at [ 6.32322152 -0.06464905  3.55219485] to the cif file.,output_cifs\add_atom_action\mp-1192755_processed.cif
input_cifs\mp-1192984.cif,Add Ti at [6.06247479 5.42822302 0.02673318] to the cif file.,output_cifs\add_atom_action\mp-1192984_processed.cif
input_cifs\mp-1193276.cif,Add Ne at [1.41161969 5.90722492 8.67135284] to the cif file.,output_cifs\add_atom_action\mp-1193276_processed.cif
input_cifs\mp-1193461.cif,Add I at [0.70833008 5.52573729 9.8090974 ] to the cif file.,output_cifs\add_atom_action\mp-1193461_processed.cif
input_cifs\mp-1193658.cif,Add Lr at [3.28708206 3.0657211  7.79318704] to the cif file.,output_cifs\add_atom_action\mp-1193658_processed.cif
input_cifs\mp-1193669.cif,Add Fm at [0.27245879 7.06452391 5.15902439] to the cif file.,output_cifs\add_atom_action\mp-1193669_processed.cif
input_cifs\mp-1193753.cif,Add Es at [3.41465092 1.96447335 4.96016842] to the cif file.,output_cifs\add_atom_action\mp-1193753_processed.cif
input_cifs\mp-1194315.cif,Add Y at [0.80957115 1.30781792 3.86206669] to the cif file.,output_cifs\add_atom_action\mp-1194315_processed.cif
input_cifs\mp-1194467.cif,Add Os at [-3.60862105  7.09385808  5.46671035] to the cif file.,output_cifs\add_atom_action\mp-1194467_processed.cif
input_cifs\mp-1194648.cif,Add Hs at [5.89135923 4.38537204 3.62571924] to the cif file.,output_cifs\add_atom_action\mp-1194648_processed.cif
input_cifs\mp-1194808.cif,Add Pb at [4.07033971 5.50724025 1.35390936] to the cif file.,output_cifs\add_atom_action\mp-1194808_processed.cif
input_cifs\mp-1194897.cif,Add Fm at [6.89098697 1.45361482 8.9389483 ] to the cif file.,output_cifs\add_atom_action\mp-1194897_processed.cif
input_cifs\mp-1194954.cif,Add Th at [ 5.24339476  5.39814562 10.69772037] to the cif file.,output_cifs\add_atom_action\mp-1194954_processed.cif
input_cifs\mp-1195087.cif,Add Hf at [ 3.29923423  2.9033111  10.11944554] to the cif file.,output_cifs\add_atom_action\mp-1195087_processed.cif
input_cifs\mp-1195106.cif,Add N at [2.18477977 6.12003939 3.91020677] to the cif file.,output_cifs\add_atom_action\mp-1195106_processed.cif
input_cifs\mp-1195319.cif,Add Mn at [0.89155052 4.15791983 4.24770673] to the cif file.,output_cifs\add_atom_action\mp-1195319_processed.cif
input_cifs\mp-1195337.cif,Add Ar at [4.43148128 0.77640209 4.24056114] to the cif file.,output_cifs\add_atom_action\mp-1195337_processed.cif
input_cifs\mp-1195540.cif,Add Fe at [7.66559229 0.99280978 5.32025989] to the cif file.,output_cifs\add_atom_action\mp-1195540_processed.cif
input_cifs\mp-1195827.cif,Add W at [4.66107229 3.78986455 2.89726602] to the cif file.,output_cifs\add_atom_action\mp-1195827_processed.cif
input_cifs\mp-1195929.cif,Add Zn at [9.14342337 1.26522781 7.42545467] to the cif file.,output_cifs\add_atom_action\mp-1195929_processed.cif
input_cifs\mp-1195965.cif,Add Br at [8.87658177 8.37323212 4.36355738] to the cif file.,output_cifs\add_atom_action\mp-1195965_processed.cif
input_cifs\mp-1195967.cif,Add S at [0.7026344  5.50012986 6.84555307] to the cif file.,output_cifs\add_atom_action\mp-1195967_processed.cif
input_cifs\mp-1196244.cif,Add Po at [4.1483384  3.06991047 4.46573175] to the cif file.,output_cifs\add_atom_action\mp-1196244_processed.cif
input_cifs\mp-1196468.cif,Add Pd at [ 4.94522453  4.45550255 17.13874282] to the cif file.,output_cifs\add_atom_action\mp-1196468_processed.cif
input_cifs\mp-1196513.cif,Add Mo at [5.03280447 6.57283481 8.1022483 ] to the cif file.,output_cifs\add_atom_action\mp-1196513_processed.cif
input_cifs\mp-1196514.cif,Add Zn at [4.81031635 3.28008704 4.28558839] to the cif file.,output_cifs\add_atom_action\mp-1196514_processed.cif
input_cifs\mp-1197108.cif,Add O at [-1.00867231  6.56036246  9.50184524] to the cif file.,output_cifs\add_atom_action\mp-1197108_processed.cif
input_cifs\mp-1197227.cif,Add Co at [4.31674046 4.59120503 3.30271568] to the cif file.,output_cifs\add_atom_action\mp-1197227_processed.cif
input_cifs\mp-1197238.cif,Add Xe at [12.42917311  5.64506183  8.82875776] to the cif file.,output_cifs\add_atom_action\mp-1197238_processed.cif
input_cifs\mp-1197636.cif,Add Ce at [2.78401427 6.70045451 2.39417443] to the cif file.,output_cifs\add_atom_action\mp-1197636_processed.cif
input_cifs\mp-1197877.cif,Add W at [6.54858354 3.64099385 0.19387199] to the cif file.,output_cifs\add_atom_action\mp-1197877_processed.cif
input_cifs\mp-1198057.cif,Add He at [1.60665232 0.17100339 1.05210591] to the cif file.,output_cifs\add_atom_action\mp-1198057_processed.cif
input_cifs\mp-1198140.cif,Add Be at [4.36754424 2.54957351 2.15677205] to the cif file.,output_cifs\add_atom_action\mp-1198140_processed.cif
input_cifs\mp-1198411.cif,Add Li at [ 2.56645579  1.58787209 21.06545509] to the cif file.,output_cifs\add_atom_action\mp-1198411_processed.cif
input_cifs\mp-1198574.cif,Add Db at [6.08484138 5.40701392 0.03485549] to the cif file.,output_cifs\add_atom_action\mp-1198574_processed.cif
input_cifs\mp-1198593.cif,Add Tc at [11.10490221  0.57654988  0.43187017] to the cif file.,output_cifs\add_atom_action\mp-1198593_processed.cif
input_cifs\mp-1198603.cif,Add In at [10.92184221  6.96372149  3.84190999] to the cif file.,output_cifs\add_atom_action\mp-1198603_processed.cif
input_cifs\mp-1198841.cif,Add Te at [2.80542951 2.66346919 9.59542108] to the cif file.,output_cifs\add_atom_action\mp-1198841_processed.cif
input_cifs\mp-1199018.cif,Add Pb at [ 4.16174831  5.33280681 13.7214344 ] to the cif file.,output_cifs\add_atom_action\mp-1199018_processed.cif
input_cifs\mp-1199088.cif,Add K at [-5.90791316  5.9106442  14.02910193] to the cif file.,output_cifs\add_atom_action\mp-1199088_processed.cif
input_cifs\mp-1199566.cif,Add Ba at [5.13811788 6.49394684 3.5838971 ] to the cif file.,output_cifs\add_atom_action\mp-1199566_processed.cif
input_cifs\mp-1199672.cif,Add La at [10.77398161  7.27189224  7.38169908] to the cif file.,output_cifs\add_atom_action\mp-1199672_processed.cif
input_cifs\mp-1200359.cif,Add As at [-1.51288594  6.13379289  4.22493321] to the cif file.,output_cifs\add_atom_action\mp-1200359_processed.cif
input_cifs\mp-1200542.cif,Add Yb at [8.74885058 1.73973215 1.65032867] to the cif file.,output_cifs\add_atom_action\mp-1200542_processed.cif
input_cifs\mp-1200692.cif,Add Ca at [ 3.07874688  2.01524536 32.75452008] to the cif file.,output_cifs\add_atom_action\mp-1200692_processed.cif
input_cifs\mp-1200758.cif,Add Th at [ 4.64658232 11.44614756  4.45899779] to the cif file.,output_cifs\add_atom_action\mp-1200758_processed.cif
input_cifs\mp-1201497.cif,Add Te at [6.6577123  4.47551241 1.29146822] to the cif file.,output_cifs\add_atom_action\mp-1201497_processed.cif
input_cifs\mp-1201607.cif,Add Pa at [ 6.32393358  4.23534824 13.88709421] to the cif file.,output_cifs\add_atom_action\mp-1201607_processed.cif
input_cifs\mp-1201876.cif,Add Ne at [ 1.90974777 11.34168183  2.51488209] to the cif file.,output_cifs\add_atom_action\mp-1201876_processed.cif
input_cifs\mp-1201895.cif,Add Eu at [9.37310893 5.48240192 3.38707667] to the cif file.,output_cifs\add_atom_action\mp-1201895_processed.cif
input_cifs\mp-1202389.cif,Add Fe at [7.04211662 5.15224307 6.43749299] to the cif file.,output_cifs\add_atom_action\mp-1202389_processed.cif
input_cifs\mp-1202709.cif,Add Bh at [0.87030932 1.11967977 9.39676332] to the cif file.,output_cifs\add_atom_action\mp-1202709_processed.cif
input_cifs\mp-1202898.cif,Add Pu at [5.49677096 3.90438077 6.64694492] to the cif file.,output_cifs\add_atom_action\mp-1202898_processed.cif
input_cifs\mp-1202901.cif,Add F at [14.54892767  5.17348164  5.78194989] to the cif file.,output_cifs\add_atom_action\mp-1202901_processed.cif
input_cifs\mp-1203035.cif,Add No at [4.04256476 7.99485499 4.03742257] to the cif file.,output_cifs\add_atom_action\mp-1203035_processed.cif
input_cifs\mp-1203146.cif,Add Cu at [2.79703554 4.15283252 7.33878355] to the cif file.,output_cifs\add_atom_action\mp-1203146_processed.cif
input_cifs\mp-1203196.cif,Add Be at [9.60979958 5.68525549 5.28448825] to the cif file.,output_cifs\add_atom_action\mp-1203196_processed.cif
input_cifs\mp-1203220.cif,Add Nh at [0.34589675 5.33161465 0.3872298 ] to the cif file.,output_cifs\add_atom_action\mp-1203220_processed.cif
input_cifs\mp-1203746.cif,Add Sm at [12.66932247  4.66236723  3.16184487] to the cif file.,output_cifs\add_atom_action\mp-1203746_processed.cif
input_cifs\mp-1203808.cif,Add Zr at [7.43171776 7.99515837 6.69900742] to the cif file.,output_cifs\add_atom_action\mp-1203808_processed.cif
input_cifs\mp-1203996.cif,Add N at [ 4.07469386  4.77044927 13.23198403] to the cif file.,output_cifs\add_atom_action\mp-1203996_processed.cif
input_cifs\mp-1204064.cif,Add Db at [5.52444508 2.27143598 5.98553615] to the cif file.,output_cifs\add_atom_action\mp-1204064_processed.cif
input_cifs\mp-1204087.cif,Add Be at [6.33266861 0.40404192 0.05634668] to the cif file.,output_cifs\add_atom_action\mp-1204087_processed.cif
input_cifs\mp-1204178.cif,Add Ac at [5.56536402 1.58314852 4.08003858] to the cif file.,output_cifs\add_atom_action\mp-1204178_processed.cif
input_cifs\mp-1204195.cif,Add Tm at [ 0.05415116  0.99506803 12.49856539] to the cif file.,output_cifs\add_atom_action\mp-1204195_processed.cif
input_cifs\mp-1204482.cif,Add Ts at [1.90426696 0.61256455 3.28611333] to the cif file.,output_cifs\add_atom_action\mp-1204482_processed.cif
input_cifs\mp-1204573.cif,Add Nd at [ 3.31316694  7.69094024 18.53071467] to the cif file.,output_cifs\add_atom_action\mp-1204573_processed.cif
input_cifs\mp-1204620.cif,Add Rn at [6.65848362 0.89219818 0.10705629] to the cif file.,output_cifs\add_atom_action\mp-1204620_processed.cif
input_cifs\mp-1204800.cif,Add Th at [3.67687593 3.89948185 0.59722672] to the cif file.,output_cifs\add_atom_action\mp-1204800_processed.cif
input_cifs\mp-1205388.cif,Add Si at [6.02619757 0.72617089 0.19061723] to the cif file.,output_cifs\add_atom_action\mp-1205388_processed.cif
input_cifs\mp-1205391.cif,Add Tm at [1.18736845 4.27891954 9.03508736] to the cif file.,output_cifs\add_atom_action\mp-1205391_processed.cif
input_cifs\mp-1205393.cif,Add In at [3.44979564 4.60125401 6.95599116] to the cif file.,output_cifs\add_atom_action\mp-1205393_processed.cif
input_cifs\mp-1205503.cif,Add Ce at [ 0.5948745   2.28886868 19.69654228] to the cif file.,output_cifs\add_atom_action\mp-1205503_processed.cif
input_cifs\mp-1205523.cif,Add Cd at [9.28041317 3.48062015 1.4116409 ] to the cif file.,output_cifs\add_atom_action\mp-1205523_processed.cif
input_cifs\mp-1205660.cif,Add Cl at [5.46375208 3.40195526 0.80104715] to the cif file.,output_cifs\add_atom_action\mp-1205660_processed.cif
input_cifs\mp-1205745.cif,Add K at [1.83611804 6.26176362 5.06551501] to the cif file.,output_cifs\add_atom_action\mp-1205745_processed.cif
input_cifs\mp-1205771.cif,Add Kr at [1.41159759 1.16562566 3.8036979 ] to the cif file.,output_cifs\add_atom_action\mp-1205771_processed.cif
input_cifs\mp-1206201.cif,Add Nb at [1.30683248 0.06651776 3.42347859] to the cif file.,output_cifs\add_atom_action\mp-1206201_processed.cif
input_cifs\mp-1206250.cif,Add Cl at [1.2048554  6.26176283 1.07430958] to the cif file.,output_cifs\add_atom_action\mp-1206250_processed.cif
input_cifs\mp-1206569.cif,Add As at [3.078165   6.89106774 5.87451547] to the cif file.,output_cifs\add_atom_action\mp-1206569_processed.cif
input_cifs\mp-1206737.cif,Add Cr at [3.50794217 2.95584631 3.55447352] to the cif file.,output_cifs\add_atom_action\mp-1206737_processed.cif
input_cifs\mp-1207144.cif,Add Ce at [4.25149848 2.45301216 2.66510128] to the cif file.,output_cifs\add_atom_action\mp-1207144_processed.cif
input_cifs\mp-1207398.cif,Add Ir at [5.75060128 2.90143077 2.36665076] to the cif file.,output_cifs\add_atom_action\mp-1207398_processed.cif
input_cifs\mp-1207522.cif,Add Ra at [2.5992729  1.83847604 0.41210936] to the cif file.,output_cifs\add_atom_action\mp-1207522_processed.cif
input_cifs\mp-1207549.cif,Add Ts at [1.78679084 3.1432035  5.72979543] to the cif file.,output_cifs\add_atom_action\mp-1207549_processed.cif
input_cifs\mp-1207596.cif,Add Bk at [ 1.06252196  0.74457689 14.44476532] to the cif file.,output_cifs\add_atom_action\mp-1207596_processed.cif
input_cifs\mp-1207733.cif,Add Es at [0.80121477 6.26031759 7.41193275] to the cif file.,output_cifs\add_atom_action\mp-1207733_processed.cif
input_cifs\mp-1207797.cif,Add N at [ 2.1746975  -0.2349593   1.00891345] to the cif file.,output_cifs\add_atom_action\mp-1207797_processed.cif
input_cifs\mp-1207993.cif,Add Th at [2.25034159 4.63822715 3.06594289] to the cif file.,output_cifs\add_atom_action\mp-1207993_processed.cif
input_cifs\mp-1208058.cif,Add Sn at [7.00196873 3.03421527 5.82808754] to the cif file.,output_cifs\add_atom_action\mp-1208058_processed.cif
input_cifs\mp-1208219.cif,Add U at [ 4.40220797  1.74681384 12.90481711] to the cif file.,output_cifs\add_atom_action\mp-1208219_processed.cif
input_cifs\mp-1208275.cif,Add Fm at [7.12168289 9.50141679 6.43616417] to the cif file.,output_cifs\add_atom_action\mp-1208275_processed.cif
input_cifs\mp-1208331.cif,Add Ba at [3.34806102 0.3692236  0.83042024] to the cif file.,output_cifs\add_atom_action\mp-1208331_processed.cif
input_cifs\mp-1208361.cif,Add Ne at [6.2898769  2.12369309 7.35521451] to the cif file.,output_cifs\add_atom_action\mp-1208361_processed.cif
input_cifs\mp-1208425.cif,Add Cl at [2.33554114 6.22756465 4.81454622] to the cif file.,output_cifs\add_atom_action\mp-1208425_processed.cif
input_cifs\mp-1208879.cif,Add Na at [0.11683569 6.31749602 8.94818028] to the cif file.,output_cifs\add_atom_action\mp-1208879_processed.cif
input_cifs\mp-1209036.cif,Add In at [3.29790472 1.04654715 4.891436  ] to the cif file.,output_cifs\add_atom_action\mp-1209036_processed.cif
input_cifs\mp-1209206.cif,Add Rf at [5.98687509 1.16255262 5.74620244] to the cif file.,output_cifs\add_atom_action\mp-1209206_processed.cif
input_cifs\mp-1209348.cif,Add V at [8.3266236  7.24414397 2.72406228] to the cif file.,output_cifs\add_atom_action\mp-1209348_processed.cif
input_cifs\mp-1209483.cif,Add La at [ 3.72817847  2.89864518 10.0714877 ] to the cif file.,output_cifs\add_atom_action\mp-1209483_processed.cif
input_cifs\mp-1209534.cif,Add Sm at [ 2.27955072  4.38701174 12.25685704] to the cif file.,output_cifs\add_atom_action\mp-1209534_processed.cif
input_cifs\mp-1209695.cif,Add Al at [ 4.66851156  5.77932967 11.18859552] to the cif file.,output_cifs\add_atom_action\mp-1209695_processed.cif
input_cifs\mp-1210015.cif,Add B at [7.77638524 5.67869179 0.37086322] to the cif file.,output_cifs\add_atom_action\mp-1210015_processed.cif
input_cifs\mp-1210035.cif,Add Am at [4.61298031 3.06656271 0.37328397] to the cif file.,output_cifs\add_atom_action\mp-1210035_processed.cif
input_cifs\mp-1210161.cif,Add Be at [4.61566147 3.75688755 2.07591703] to the cif file.,output_cifs\add_atom_action\mp-1210161_processed.cif
input_cifs\mp-1210237.cif,Add Mg at [3.89142547 2.76503518 2.01852242] to the cif file.,output_cifs\add_atom_action\mp-1210237_processed.cif
input_cifs\mp-1210462.cif,Add O at [-1.15244944 -1.68105907  3.34270962] to the cif file.,output_cifs\add_atom_action\mp-1210462_processed.cif
input_cifs\mp-1210502.cif,Add Cl at [5.40267177 2.34282336 3.34371089] to the cif file.,output_cifs\add_atom_action\mp-1210502_processed.cif
input_cifs\mp-1210518.cif,Add Sm at [4.81944541 8.00242108 2.60446654] to the cif file.,output_cifs\add_atom_action\mp-1210518_processed.cif
input_cifs\mp-1210584.cif,Add Cs at [0.64597148 5.33557532 1.43004481] to the cif file.,output_cifs\add_atom_action\mp-1210584_processed.cif
input_cifs\mp-1211181.cif,Add P at [5.1933184  8.12024448 5.76081688] to the cif file.,output_cifs\add_atom_action\mp-1211181_processed.cif
input_cifs\mp-1211192.cif,Add Ne at [1.02751675 2.63817922 1.31206735] to the cif file.,output_cifs\add_atom_action\mp-1211192_processed.cif
input_cifs\mp-1211198.cif,Add Ti at [4.53792212 3.88814695 3.3304452 ] to the cif file.,output_cifs\add_atom_action\mp-1211198_processed.cif
input_cifs\mp-1211303.cif,Add Eu at [2.1809806  1.7864249  0.84260687] to the cif file.,output_cifs\add_atom_action\mp-1211303_processed.cif
input_cifs\mp-1211402.cif,Add No at [7.07644343 1.76400336 5.03367903] to the cif file.,output_cifs\add_atom_action\mp-1211402_processed.cif
input_cifs\mp-1211546.cif,Add Pr at [4.33242077 5.12577908 9.67856504] to the cif file.,output_cifs\add_atom_action\mp-1211546_processed.cif
input_cifs\mp-1211686.cif,Add Pa at [1.2640595 2.1684054 5.8335816] to the cif file.,output_cifs\add_atom_action\mp-1211686_processed.cif
input_cifs\mp-1211861.cif,Add Yb at [5.26768402 1.1018964  4.92142915] to the cif file.,output_cifs\add_atom_action\mp-1211861_processed.cif
input_cifs\mp-1211971.cif,Add I at [3.51146224 3.48896369 6.31268415] to the cif file.,output_cifs\add_atom_action\mp-1211971_processed.cif
input_cifs\mp-1212118.cif,Add C at [3.18666186 1.55873127 4.94610658] to the cif file.,output_cifs\add_atom_action\mp-1212118_processed.cif
input_cifs\mp-1212387.cif,Add W at [5.0131513  1.02304792 4.63099344] to the cif file.,output_cifs\add_atom_action\mp-1212387_processed.cif
input_cifs\mp-1212504.cif,Add K at [2.88612775 3.33247496 5.41643194] to the cif file.,output_cifs\add_atom_action\mp-1212504_processed.cif
input_cifs\mp-1212600.cif,Add Eu at [2.58383445 2.14338811 9.02350712] to the cif file.,output_cifs\add_atom_action\mp-1212600_processed.cif
input_cifs\mp-1212621.cif,Add In at [2.66920573 4.70203746 5.90747178] to the cif file.,output_cifs\add_atom_action\mp-1212621_processed.cif
input_cifs\mp-1212645.cif,Add Ac at [1.41360447 5.19051507 4.80814937] to the cif file.,output_cifs\add_atom_action\mp-1212645_processed.cif
input_cifs\mp-1212670.cif,Add Es at [11.03937826  4.51532248  4.31795028] to the cif file.,output_cifs\add_atom_action\mp-1212670_processed.cif
input_cifs\mp-1212757.cif,Add Mo at [0.72748733 1.07460231 0.41125006] to the cif file.,output_cifs\add_atom_action\mp-1212757_processed.cif
input_cifs\mp-1213080.cif,Add C at [6.04073798 5.66070891 9.42572913] to the cif file.,output_cifs\add_atom_action\mp-1213080_processed.cif
input_cifs\mp-1213206.cif,Add Ho at [3.00583116 8.02676751 8.67695329] to the cif file.,output_cifs\add_atom_action\mp-1213206_processed.cif
input_cifs\mp-1213529.cif,Add Os at [ 2.32726683  2.77197011 10.5899579 ] to the cif file.,output_cifs\add_atom_action\mp-1213529_processed.cif
input_cifs\mp-1213562.cif,Add Md at [-0.24569671  6.45638739 10.59832132] to the cif file.,output_cifs\add_atom_action\mp-1213562_processed.cif
input_cifs\mp-1213790.cif,Add Fm at [2.91395731 6.72210016 7.12896766] to the cif file.,output_cifs\add_atom_action\mp-1213790_processed.cif
input_cifs\mp-1214336.cif,Add W at [3.58537282 1.2587181  5.23115816] to the cif file.,output_cifs\add_atom_action\mp-1214336_processed.cif
input_cifs\mp-1214464.cif,Add Ti at [8.83166762 2.76989512 1.57245566] to the cif file.,output_cifs\add_atom_action\mp-1214464_processed.cif
input_cifs\mp-1214610.cif,Add Au at [3.81650585e+00 1.09903374e-02 1.15572704e+01] to the cif file.,output_cifs\add_atom_action\mp-1214610_processed.cif
input_cifs\mp-1214788.cif,Add Ce at [4.24255006 1.76534036 8.92559952] to the cif file.,output_cifs\add_atom_action\mp-1214788_processed.cif
input_cifs\mp-1214890.cif,Add Ta at [3.58361746 0.88046261 2.2702373 ] to the cif file.,output_cifs\add_atom_action\mp-1214890_processed.cif
input_cifs\mp-1214936.cif,Add Br at [0.48175729 9.02150105 0.78526814] to the cif file.,output_cifs\add_atom_action\mp-1214936_processed.cif
input_cifs\mp-1215141.cif,Add Tb at [0.20949187 4.80682586 7.46694181] to the cif file.,output_cifs\add_atom_action\mp-1215141_processed.cif
input_cifs\mp-1215289.cif,Add Md at [1.34055246 1.84141062 2.12867821] to the cif file.,output_cifs\add_atom_action\mp-1215289_processed.cif
input_cifs\mp-1215601.cif,Add Tb at [-0.72348248  3.86180052  8.15836614] to the cif file.,output_cifs\add_atom_action\mp-1215601_processed.cif
input_cifs\mp-1215607.cif,Add Au at [4.33172074 4.06404287 0.661114  ] to the cif file.,output_cifs\add_atom_action\mp-1215607_processed.cif
input_cifs\mp-1215624.cif,Add Y at [0.6748356  1.39762873 0.31315846] to the cif file.,output_cifs\add_atom_action\mp-1215624_processed.cif
input_cifs\mp-1215653.cif,Add Nd at [ 2.79351746  2.84287041 14.87139993] to the cif file.,output_cifs\add_atom_action\mp-1215653_processed.cif
input_cifs\mp-1215929.cif,Add Dy at [-0.27468321  2.33867525  0.9254778 ] to the cif file.,output_cifs\add_atom_action\mp-1215929_processed.cif
input_cifs\mp-1216177.cif,Add Ac at [2.50817371 2.72281987 2.57227484] to the cif file.,output_cifs\add_atom_action\mp-1216177_processed.cif
input_cifs\mp-1216179.cif,Add Te at [4.33841888 0.69083696 1.37521445] to the cif file.,output_cifs\add_atom_action\mp-1216179_processed.cif
input_cifs\mp-1216787.cif,Add Sn at [4.24241909 2.1177466  3.56267425] to the cif file.,output_cifs\add_atom_action\mp-1216787_processed.cif
input_cifs\mp-1216925.cif,Add Cr at [0.85738329 1.63860473 1.92574336] to the cif file.,output_cifs\add_atom_action\mp-1216925_processed.cif
input_cifs\mp-1217133.cif,Add Pu at [15.07887057  1.84335706  1.39685974] to the cif file.,output_cifs\add_atom_action\mp-1217133_processed.cif
input_cifs\mp-1217420.cif,Add Yb at [3.94361938 3.56669702 5.65968893] to the cif file.,output_cifs\add_atom_action\mp-1217420_processed.cif
input_cifs\mp-1217464.cif,Add No at [2.0317166  0.36734332 1.90404249] to the cif file.,output_cifs\add_atom_action\mp-1217464_processed.cif
input_cifs\mp-1217479.cif,Add At at [-0.67816385  6.76730594  6.39445753] to the cif file.,output_cifs\add_atom_action\mp-1217479_processed.cif
input_cifs\mp-1217682.cif,Add Se at [ 2.41635355  1.74189894 10.93233876] to the cif file.,output_cifs\add_atom_action\mp-1217682_processed.cif
input_cifs\mp-1217834.cif,Add Nb at [ 4.08718592 -1.33931498  2.54904475] to the cif file.,output_cifs\add_atom_action\mp-1217834_processed.cif
input_cifs\mp-1218011.cif,Add Na at [-2.54930499  4.24198791  2.20173039] to the cif file.,output_cifs\add_atom_action\mp-1218011_processed.cif
input_cifs\mp-1218423.cif,Add Sr at [4.19712236 2.92362652 2.26120285] to the cif file.,output_cifs\add_atom_action\mp-1218423_processed.cif
input_cifs\mp-1218682.cif,Add Md at [ 2.42335875 -1.20010162  6.23929181] to the cif file.,output_cifs\add_atom_action\mp-1218682_processed.cif
input_cifs\mp-1218922.cif,Add Ag at [16.91684503  3.1858621   0.15488167] to the cif file.,output_cifs\add_atom_action\mp-1218922_processed.cif
input_cifs\mp-1219071.cif,Add Cs at [6.18895507 4.23273814 4.27394897] to the cif file.,output_cifs\add_atom_action\mp-1219071_processed.cif
input_cifs\mp-1219127.cif,Add C at [-0.64339223  3.54014348  2.15593909] to the cif file.,output_cifs\add_atom_action\mp-1219127_processed.cif
input_cifs\mp-1219578.cif,Add Ac at [1.64055571 4.35987921 6.2209873 ] to the cif file.,output_cifs\add_atom_action\mp-1219578_processed.cif
input_cifs\mp-1219615.cif,Add Cm at [1.66592075 1.08165435 0.28507928] to the cif file.,output_cifs\add_atom_action\mp-1219615_processed.cif
input_cifs\mp-1219892.cif,Add Cd at [3.67805173 6.41854555 0.98145747] to the cif file.,output_cifs\add_atom_action\mp-1219892_processed.cif
input_cifs\mp-1219893.cif,Add Au at [0.18629292 5.68231533 6.73252686] to the cif file.,output_cifs\add_atom_action\mp-1219893_processed.cif
input_cifs\mp-1220065.cif,Add Kr at [1.2246817  4.51408195 9.87003716] to the cif file.,output_cifs\add_atom_action\mp-1220065_processed.cif
input_cifs\mp-1220070.cif,Add Rg at [0.96300356 3.19738846 5.62886286] to the cif file.,output_cifs\add_atom_action\mp-1220070_processed.cif
input_cifs\mp-1220202.cif,Add Kr at [0.59431997 4.80798298 1.71105845] to the cif file.,output_cifs\add_atom_action\mp-1220202_processed.cif
input_cifs\mp-1220419.cif,Add Na at [0.26853674 4.74911585 0.55640376] to the cif file.,output_cifs\add_atom_action\mp-1220419_processed.cif
input_cifs\mp-1220444.cif,Add Nh at [2.98453567 7.25120206 2.46433363] to the cif file.,output_cifs\add_atom_action\mp-1220444_processed.cif
input_cifs\mp-1220553.cif,Add Ti at [5.64533662 7.18493507 2.26532209] to the cif file.,output_cifs\add_atom_action\mp-1220553_processed.cif
input_cifs\mp-1220692.cif,Add Cu at [12.14975997  6.6582162   3.11086641] to the cif file.,output_cifs\add_atom_action\mp-1220692_processed.cif
input_cifs\mp-1220760.cif,Add Mo at [-3.01770404  6.62846523  1.86549897] to the cif file.,output_cifs\add_atom_action\mp-1220760_processed.cif
input_cifs\mp-1221207.cif,Add N at [3.44797261 6.71943698 3.13388222] to the cif file.,output_cifs\add_atom_action\mp-1221207_processed.cif
input_cifs\mp-1221380.cif,Add Fl at [1.53754546 0.79002261 7.16276061] to the cif file.,output_cifs\add_atom_action\mp-1221380_processed.cif
input_cifs\mp-1221838.cif,Add Rn at [4.07143448 4.16844149 3.79060977] to the cif file.,output_cifs\add_atom_action\mp-1221838_processed.cif
input_cifs\mp-1221843.cif,Add Np at [0.13223076 3.28016753 4.04056284] to the cif file.,output_cifs\add_atom_action\mp-1221843_processed.cif
input_cifs\mp-1221998.cif,Add Fe at [0.75932577 1.94881987 3.02423252] to the cif file.,output_cifs\add_atom_action\mp-1221998_processed.cif
input_cifs\mp-1222146.cif,Add Pr at [1.423909   6.91222238 4.5830086 ] to the cif file.,output_cifs\add_atom_action\mp-1222146_processed.cif
input_cifs\mp-1222327.cif,Add O at [-1.79584475 -0.59990676  3.42976965] to the cif file.,output_cifs\add_atom_action\mp-1222327_processed.cif
input_cifs\mp-1222509.cif,Add I at [1.72734323 2.40544485 2.72151726] to the cif file.,output_cifs\add_atom_action\mp-1222509_processed.cif
input_cifs\mp-1222563.cif,Add Re at [1.31337731 3.48662714 4.00201706] to the cif file.,output_cifs\add_atom_action\mp-1222563_processed.cif
input_cifs\mp-1222827.cif,Add Er at [0.15751382 1.1799841  1.94886459] to the cif file.,output_cifs\add_atom_action\mp-1222827_processed.cif
input_cifs\mp-1223169.cif,Add Ni at [5.07459958 3.54357561 1.20509713] to the cif file.,output_cifs\add_atom_action\mp-1223169_processed.cif
input_cifs\mp-1223295.cif,Add Rn at [6.32783078 8.24624418 5.31523824] to the cif file.,output_cifs\add_atom_action\mp-1223295_processed.cif
input_cifs\mp-1223429.cif,Add Ga at [-0.26559827  6.79192007  6.34914726] to the cif file.,output_cifs\add_atom_action\mp-1223429_processed.cif
input_cifs\mp-1223578.cif,Add Hg at [0.43138716 8.85409275 1.15340713] to the cif file.,output_cifs\add_atom_action\mp-1223578_processed.cif
input_cifs\mp-1223597.cif,Add Te at [4.19791448 5.72499322 7.20193746] to the cif file.,output_cifs\add_atom_action\mp-1223597_processed.cif
input_cifs\mp-1223626.cif,Add Cl at [3.69005826 0.75565769 3.35451044] to the cif file.,output_cifs\add_atom_action\mp-1223626_processed.cif
input_cifs\mp-1223895.cif,Add I at [0.3033204  1.2659668  2.42783845] to the cif file.,output_cifs\add_atom_action\mp-1223895_processed.cif
input_cifs\mp-1224478.cif,Add Ts at [4.93599276 2.60305983 5.07411499] to the cif file.,output_cifs\add_atom_action\mp-1224478_processed.cif
input_cifs\mp-1224502.cif,Add Rh at [1.44596852 3.33762332 4.19847078] to the cif file.,output_cifs\add_atom_action\mp-1224502_processed.cif
input_cifs\mp-1225147.cif,Add Pt at [7.58713414 6.03963472 2.63002047] to the cif file.,output_cifs\add_atom_action\mp-1225147_processed.cif
input_cifs\mp-1225213.cif,Add La at [8.59008103 8.89477137 7.21256311] to the cif file.,output_cifs\add_atom_action\mp-1225213_processed.cif
input_cifs\mp-1225229.cif,Add Nd at [0.62046145 0.83208292 3.21179874] to the cif file.,output_cifs\add_atom_action\mp-1225229_processed.cif
input_cifs\mp-1225237.cif,Add Pm at [1.28069466 5.67193997 3.17277345] to the cif file.,output_cifs\add_atom_action\mp-1225237_processed.cif
input_cifs\mp-1225440.cif,Add Pb at [3.10230798 1.01283018 3.18510202] to the cif file.,output_cifs\add_atom_action\mp-1225440_processed.cif
input_cifs\mp-1225651.cif,Add W at [ 3.65967299 12.55568546  3.93226665] to the cif file.,output_cifs\add_atom_action\mp-1225651_processed.cif
input_cifs\mp-1225781.cif,Add Li at [3.43989659 0.21952349 6.88070293] to the cif file.,output_cifs\add_atom_action\mp-1225781_processed.cif
input_cifs\mp-1226113.cif,Add Co at [5.96142303 6.8609083  7.36206697] to the cif file.,output_cifs\add_atom_action\mp-1226113_processed.cif
input_cifs\mp-1226144.cif,Add Cl at [2.60535701 1.3414857  7.39248553] to the cif file.,output_cifs\add_atom_action\mp-1226144_processed.cif
input_cifs\mp-1226291.cif,Add Np at [2.44708371 4.86588014 1.81385412] to the cif file.,output_cifs\add_atom_action\mp-1226291_processed.cif
input_cifs\mp-1226695.cif,Add Bh at [ 7.32094645  3.395961   10.47200014] to the cif file.,output_cifs\add_atom_action\mp-1226695_processed.cif
input_cifs\mp-1227099.cif,Add In at [4.32438643 4.93782908 0.5916497 ] to the cif file.,output_cifs\add_atom_action\mp-1227099_processed.cif
input_cifs\mp-1227106.cif,Add Zr at [0.6994086  1.29428054 2.34628534] to the cif file.,output_cifs\add_atom_action\mp-1227106_processed.cif
input_cifs\mp-1227447.cif,Add Ga at [-1.61734139  4.91846784  0.94706638] to the cif file.,output_cifs\add_atom_action\mp-1227447_processed.cif
input_cifs\mp-1227574.cif,Add N at [1.12958051 3.05193814 1.28206202] to the cif file.,output_cifs\add_atom_action\mp-1227574_processed.cif
input_cifs\mp-1227644.cif,Add Kr at [3.99222772 0.30519012 6.07489404] to the cif file.,output_cifs\add_atom_action\mp-1227644_processed.cif
input_cifs\mp-1227756.cif,Add Ti at [5.83197719 6.41274065 3.64983069] to the cif file.,output_cifs\add_atom_action\mp-1227756_processed.cif
input_cifs\mp-1227836.cif,Add Be at [6.26329331 1.9074249  1.33796201] to the cif file.,output_cifs\add_atom_action\mp-1227836_processed.cif
input_cifs\mp-1227849.cif,Add Cn at [-1.37192267  2.47738895  8.55140971] to the cif file.,output_cifs\add_atom_action\mp-1227849_processed.cif
input_cifs\mp-1227954.cif,Add Ti at [4.05498363 6.89115687 1.62637791] to the cif file.,output_cifs\add_atom_action\mp-1227954_processed.cif
input_cifs\mp-1228056.cif,Add Ti at [ 2.23088281  4.24175393 11.31571365] to the cif file.,output_cifs\add_atom_action\mp-1228056_processed.cif
input_cifs\mp-1228315.cif,Add Mo at [-1.25371738  2.30290732  1.84602758] to the cif file.,output_cifs\add_atom_action\mp-1228315_processed.cif
input_cifs\mp-1228494.cif,Add Ru at [8.86552424 6.27701346 4.0649686 ] to the cif file.,output_cifs\add_atom_action\mp-1228494_processed.cif
input_cifs\mp-1228522.cif,Add Sc at [1.02329614 5.58287198 2.26287027] to the cif file.,output_cifs\add_atom_action\mp-1228522_processed.cif
input_cifs\mp-1228836.cif,Add Co at [-0.75540381  3.4778839   1.25044608] to the cif file.,output_cifs\add_atom_action\mp-1228836_processed.cif
input_cifs\mp-1229286.cif,Add Ca at [-0.25667172  2.44030502  3.71009425] to the cif file.,output_cifs\add_atom_action\mp-1229286_processed.cif
input_cifs\mp-1232260.cif,Add Po at [ 1.56911562 11.54580363 10.09244637] to the cif file.,output_cifs\add_atom_action\mp-1232260_processed.cif
input_cifs\mp-1232340.cif,Add Y at [ 2.81672372  3.75560251 11.07131853] to the cif file.,output_cifs\add_atom_action\mp-1232340_processed.cif
input_cifs\mp-1233155.cif,Add Rh at [2.38687701 2.26715972 3.83423304] to the cif file.,output_cifs\add_atom_action\mp-1233155_processed.cif
input_cifs\mp-1233280.cif,Add Ce at [0.58201651 3.02910265 3.14822822] to the cif file.,output_cifs\add_atom_action\mp-1233280_processed.cif
input_cifs\mp-1233390.cif,Add Cs at [-2.64250758  4.96468092  2.33982052] to the cif file.,output_cifs\add_atom_action\mp-1233390_processed.cif
input_cifs\mp-1233443.cif,Add Te at [8.64053894 1.50466751 6.62390258] to the cif file.,output_cifs\add_atom_action\mp-1233443_processed.cif
input_cifs\mp-1233468.cif,Add K at [9.44222221 8.70048174 3.2878238 ] to the cif file.,output_cifs\add_atom_action\mp-1233468_processed.cif
input_cifs\mp-1233776.cif,Add Sb at [2.05592317 5.14173227 4.32374059] to the cif file.,output_cifs\add_atom_action\mp-1233776_processed.cif
input_cifs\mp-1233932.cif,Add U at [3.2084556  3.80326309 4.88682927] to the cif file.,output_cifs\add_atom_action\mp-1233932_processed.cif
input_cifs\mp-1233998.cif,Add Lu at [3.42413764 6.14009396 2.10592731] to the cif file.,output_cifs\add_atom_action\mp-1233998_processed.cif
input_cifs\mp-1234032.cif,Add Th at [ 2.98637978  3.79332812 11.71037632] to the cif file.,output_cifs\add_atom_action\mp-1234032_processed.cif
input_cifs\mp-1234239.cif,Add Fl at [14.83932352  7.49069081  4.93431037] to the cif file.,output_cifs\add_atom_action\mp-1234239_processed.cif
input_cifs\mp-12343.cif,Add Lv at [2.4952981  5.54193326 6.93444022] to the cif file.,output_cifs\add_atom_action\mp-12343_processed.cif
input_cifs\mp-1234325.cif,Add Cd at [0.26507034 2.53014238 1.01113126] to the cif file.,output_cifs\add_atom_action\mp-1234325_processed.cif
input_cifs\mp-1234413.cif,Add Ca at [5.68071224 5.71429061 3.32544022] to the cif file.,output_cifs\add_atom_action\mp-1234413_processed.cif
input_cifs\mp-1234620.cif,Add Tm at [3.14921789 5.82510763 4.2947908 ] to the cif file.,output_cifs\add_atom_action\mp-1234620_processed.cif
input_cifs\mp-1234667.cif,Add Tl at [1.32014168 4.83196976 3.46924372] to the cif file.,output_cifs\add_atom_action\mp-1234667_processed.cif
input_cifs\mp-1234741.cif,Add Md at [1.95625317 6.349765   2.02866721] to the cif file.,output_cifs\add_atom_action\mp-1234741_processed.cif
input_cifs\mp-1235023.cif,Add K at [8.51906102 5.17064174 4.43436164] to the cif file.,output_cifs\add_atom_action\mp-1235023_processed.cif
input_cifs\mp-1235295.cif,Add Rn at [2.84720631 2.21587506 4.19393285] to the cif file.,output_cifs\add_atom_action\mp-1235295_processed.cif
input_cifs\mp-1235548.cif,Add Xe at [-0.34653368  5.76823371  3.36664917] to the cif file.,output_cifs\add_atom_action\mp-1235548_processed.cif
input_cifs\mp-1235562.cif,Add Kr at [4.5629541  5.02758404 1.8764872 ] to the cif file.,output_cifs\add_atom_action\mp-1235562_processed.cif
input_cifs\mp-1235571.cif,Add No at [1.83583949 4.54285468 3.05474802] to the cif file.,output_cifs\add_atom_action\mp-1235571_processed.cif
input_cifs\mp-1235672.cif,Add Og at [6.13923409 3.68720879 4.73530221] to the cif file.,output_cifs\add_atom_action\mp-1235672_processed.cif
input_cifs\mp-1235780.cif,Add Ir at [2.6505163  1.39590695 3.12602077] to the cif file.,output_cifs\add_atom_action\mp-1235780_processed.cif
input_cifs\mp-1236433.cif,Add Ta at [-0.23710112  3.00582308  2.71238789] to the cif file.,output_cifs\add_atom_action\mp-1236433_processed.cif
input_cifs\mp-1236543.cif,Add Xe at [-1.11712137  4.61925301  0.16510011] to the cif file.,output_cifs\add_atom_action\mp-1236543_processed.cif
input_cifs\mp-1237278.cif,Add F at [2.80974757 1.89096975 6.58576278] to the cif file.,output_cifs\add_atom_action\mp-1237278_processed.cif
input_cifs\mp-1237483.cif,Add Si at [ 9.88338891 -1.78178375  6.71713778] to the cif file.,output_cifs\add_atom_action\mp-1237483_processed.cif
input_cifs\mp-1238409.cif,Add S at [6.19203082 1.6026876  4.42903461] to the cif file.,output_cifs\add_atom_action\mp-1238409_processed.cif
input_cifs\mp-1239078.cif,Add Ce at [0.22794927 8.03312117 3.97252216] to the cif file.,output_cifs\add_atom_action\mp-1239078_processed.cif
input_cifs\mp-1239118.cif,Add Rn at [1.85830658 3.60454453 1.77012502] to the cif file.,output_cifs\add_atom_action\mp-1239118_processed.cif
input_cifs\mp-1239141.cif,Add Ba at [4.98558261 5.88191433 1.97326174] to the cif file.,output_cifs\add_atom_action\mp-1239141_processed.cif
input_cifs\mp-1239223.cif,Add O at [1.5446421  3.38365179 7.62569035] to the cif file.,output_cifs\add_atom_action\mp-1239223_processed.cif
input_cifs\mp-1245280.cif,Add Be at [ 0.45187783 10.50590694  6.1989243 ] to the cif file.,output_cifs\add_atom_action\mp-1245280_processed.cif
input_cifs\mp-1245339.cif,Add Ge at [2.43665843 5.49366961 1.85898264] to the cif file.,output_cifs\add_atom_action\mp-1245339_processed.cif
input_cifs\mp-1245361.cif,Add C at [4.0435831  8.68594919 7.80405058] to the cif file.,output_cifs\add_atom_action\mp-1245361_processed.cif
input_cifs\mp-1245365.cif,Add Os at [1.87665647 2.54060182 0.67551556] to the cif file.,output_cifs\add_atom_action\mp-1245365_processed.cif
input_cifs\mp-1245626.cif,Add Pu at [1.60513644 5.86835162 2.0936792 ] to the cif file.,output_cifs\add_atom_action\mp-1245626_processed.cif
input_cifs\mp-1245657.cif,Add Ru at [ 8.48719804  1.30487941 14.41301437] to the cif file.,output_cifs\add_atom_action\mp-1245657_processed.cif
input_cifs\mp-1245740.cif,Add Pb at [7.30649139 3.19887752 0.79667471] to the cif file.,output_cifs\add_atom_action\mp-1245740_processed.cif
input_cifs\mp-1246144.cif,Add Ti at [2.91305898 4.61383297 2.57058927] to the cif file.,output_cifs\add_atom_action\mp-1246144_processed.cif
input_cifs\mp-1246228.cif,Add Tb at [3.66041954 6.71538922 1.13075607] to the cif file.,output_cifs\add_atom_action\mp-1246228_processed.cif
input_cifs\mp-1246371.cif,Add Ds at [1.48708105 8.28658943 4.25991408] to the cif file.,output_cifs\add_atom_action\mp-1246371_processed.cif
input_cifs\mp-1246720.cif,Add Ds at [1.87723857 2.99285619 1.05211438] to the cif file.,output_cifs\add_atom_action\mp-1246720_processed.cif
input_cifs\mp-1246726.cif,Add Sm at [12.04385459  6.12584171  4.06563958] to the cif file.,output_cifs\add_atom_action\mp-1246726_processed.cif
input_cifs\mp-1246860.cif,Add Er at [0.36308546 6.52198246 0.83806414] to the cif file.,output_cifs\add_atom_action\mp-1246860_processed.cif
input_cifs\mp-1247094.cif,Add At at [6.8809874  0.71370319 1.19483044] to the cif file.,output_cifs\add_atom_action\mp-1247094_processed.cif
input_cifs\mp-1247286.cif,Add Bh at [8.46579979 0.40563258 5.68148973] to the cif file.,output_cifs\add_atom_action\mp-1247286_processed.cif
input_cifs\mp-1247309.cif,Add Kr at [13.68449065  6.1648087   5.91857599] to the cif file.,output_cifs\add_atom_action\mp-1247309_processed.cif
input_cifs\mp-1247354.cif,Add Cs at [16.11616725  5.9750362   9.22742012] to the cif file.,output_cifs\add_atom_action\mp-1247354_processed.cif
input_cifs\mp-1247634.cif,Add Tb at [1.00072085 4.27158715 9.86603022] to the cif file.,output_cifs\add_atom_action\mp-1247634_processed.cif
input_cifs\mp-1247690.cif,Add Mg at [4.40049347 6.15771297 6.68433837] to the cif file.,output_cifs\add_atom_action\mp-1247690_processed.cif
input_cifs\mp-1250148.cif,Add Mc at [7.20916687 5.38102176 2.6562897 ] to the cif file.,output_cifs\add_atom_action\mp-1250148_processed.cif
input_cifs\mp-1250558.cif,Add Ce at [11.77091731  5.16262118  4.80997346] to the cif file.,output_cifs\add_atom_action\mp-1250558_processed.cif
input_cifs\mp-1253019.cif,Add Mg at [ 1.13442417  5.46142434 15.24515127] to the cif file.,output_cifs\add_atom_action\mp-1253019_processed.cif
input_cifs\mp-1262123.cif,Add Mg at [ 3.8857999   2.31948822 13.35705893] to the cif file.,output_cifs\add_atom_action\mp-1262123_processed.cif
input_cifs\mp-12645.cif,Add Md at [2.81016732 3.76807027 3.43999299] to the cif file.,output_cifs\add_atom_action\mp-12645_processed.cif
input_cifs\mp-1273464.cif,Add Pu at [0.14761783 6.15900132 0.0454529 ] to the cif file.,output_cifs\add_atom_action\mp-1273464_processed.cif
input_cifs\mp-1274050.cif,Add Tb at [3.18732477 6.03526189 3.752136  ] to the cif file.,output_cifs\add_atom_action\mp-1274050_processed.cif
input_cifs\mp-1275879.cif,Add At at [5.82719249 0.38606013 0.48586666] to the cif file.,output_cifs\add_atom_action\mp-1275879_processed.cif
input_cifs\mp-1278738.cif,Add P at [2.82724963 1.71798286 1.00955103] to the cif file.,output_cifs\add_atom_action\mp-1278738_processed.cif
input_cifs\mp-1290926.cif,Add Ga at [-0.78429766  1.88419433  3.34694345] to the cif file.,output_cifs\add_atom_action\mp-1290926_processed.cif
input_cifs\mp-1290947.cif,Add Am at [0.41782412 3.67881435 0.34028711] to the cif file.,output_cifs\add_atom_action\mp-1290947_processed.cif
input_cifs\mp-1293037.cif,Add No at [5.43119609 1.076985   5.1749535 ] to the cif file.,output_cifs\add_atom_action\mp-1293037_processed.cif
input_cifs\mp-1294897.cif,Add Na at [-1.76914497  3.31060117 15.29041204] to the cif file.,output_cifs\add_atom_action\mp-1294897_processed.cif
input_cifs\mp-1297758.cif,Add Ho at [3.56247551 2.56235036 8.1750477 ] to the cif file.,output_cifs\add_atom_action\mp-1297758_processed.cif
input_cifs\mp-1299593.cif,Add Cm at [1.36634026 0.33995743 2.13057475] to the cif file.,output_cifs\add_atom_action\mp-1299593_processed.cif
input_cifs\mp-1301981.cif,Add Tb at [6.11079166 5.4353846  4.52416255] to the cif file.,output_cifs\add_atom_action\mp-1301981_processed.cif
input_cifs\mp-1302395.cif,Add Sr at [-0.73682291 -2.53124054  6.4759363 ] to the cif file.,output_cifs\add_atom_action\mp-1302395_processed.cif
input_cifs\mp-1307565.cif,Add Tm at [ 0.66139005 -0.5639294   8.84966522] to the cif file.,output_cifs\add_atom_action\mp-1307565_processed.cif
input_cifs\mp-1310460.cif,Add Ra at [2.38267837 0.94126867 1.49960344] to the cif file.,output_cifs\add_atom_action\mp-1310460_processed.cif
input_cifs\mp-1311133.cif,Add B at [6.65633148 7.62313246 3.52239408] to the cif file.,output_cifs\add_atom_action\mp-1311133_processed.cif
input_cifs\mp-1323.cif,Add Tm at [7.13240504 1.7582606  3.25283695] to the cif file.,output_cifs\add_atom_action\mp-1323_processed.cif
input_cifs\mp-1329989.cif,Add Pm at [5.87620876 8.34888069 0.39971497] to the cif file.,output_cifs\add_atom_action\mp-1329989_processed.cif
input_cifs\mp-1330925.cif,Add Se at [2.05943323 4.47687694 7.8378055 ] to the cif file.,output_cifs\add_atom_action\mp-1330925_processed.cif
input_cifs\mp-1337025.cif,Add Tc at [ 0.50651425 -0.65721898  2.30962087] to the cif file.,output_cifs\add_atom_action\mp-1337025_processed.cif
input_cifs\mp-1337931.cif,Add In at [17.37144713  4.65188736 16.23163156] to the cif file.,output_cifs\add_atom_action\mp-1337931_processed.cif
input_cifs\mp-1344766.cif,Add Mg at [5.25057229 4.59167139 5.41664664] to the cif file.,output_cifs\add_atom_action\mp-1344766_processed.cif
input_cifs\mp-1347018.cif,Add Co at [4.41221283 7.26924416 6.62630249] to the cif file.,output_cifs\add_atom_action\mp-1347018_processed.cif
input_cifs\mp-1348043.cif,Add Cr at [3.30327119 3.86565371 3.26235838] to the cif file.,output_cifs\add_atom_action\mp-1348043_processed.cif
input_cifs\mp-1350284.cif,Add Al at [ 1.17906262  0.9000999  13.07461359] to the cif file.,output_cifs\add_atom_action\mp-1350284_processed.cif
input_cifs\mp-1354141.cif,Add Ir at [13.71822223  7.61670388 10.55965523] to the cif file.,output_cifs\add_atom_action\mp-1354141_processed.cif
input_cifs\mp-13560.cif,Add Rf at [7.03393201 4.39686879 0.01121409] to the cif file.,output_cifs\add_atom_action\mp-13560_processed.cif
input_cifs\mp-1368020.cif,Add Og at [0.94067467 6.11173518 2.71197886] to the cif file.,output_cifs\add_atom_action\mp-1368020_processed.cif
input_cifs\mp-1370295.cif,Add Mc at [2.67096067 4.67062852 0.97029348] to the cif file.,output_cifs\add_atom_action\mp-1370295_processed.cif
input_cifs\mp-1373337.cif,Add Cf at [1.90153311 0.2411971  0.17510089] to the cif file.,output_cifs\add_atom_action\mp-1373337_processed.cif
input_cifs\mp-1376405.cif,Add Co at [0.66941274 4.71713538 4.22356753] to the cif file.,output_cifs\add_atom_action\mp-1376405_processed.cif
input_cifs\mp-1377393.cif,Add Ni at [11.26639113  1.87654625  6.90784943] to the cif file.,output_cifs\add_atom_action\mp-1377393_processed.cif
input_cifs\mp-1377991.cif,Add Zn at [3.64521375 5.39260599 3.80468515] to the cif file.,output_cifs\add_atom_action\mp-1377991_processed.cif
input_cifs\mp-1385417.cif,Add Pm at [6.19167298 3.18177331 2.5073016 ] to the cif file.,output_cifs\add_atom_action\mp-1385417_processed.cif
input_cifs\mp-1388114.cif,Add Cs at [1.37883982 3.32938559 2.63899864] to the cif file.,output_cifs\add_atom_action\mp-1388114_processed.cif
input_cifs\mp-1388425.cif,Add At at [ 2.87044517  4.76045212 10.86062596] to the cif file.,output_cifs\add_atom_action\mp-1388425_processed.cif
input_cifs\mp-1391777.cif,Add Np at [4.89403942 3.24915228 2.78100712] to the cif file.,output_cifs\add_atom_action\mp-1391777_processed.cif
input_cifs\mp-14005.cif,Add Pd at [0.68139964 3.4421619  2.67192882] to the cif file.,output_cifs\add_atom_action\mp-14005_processed.cif
input_cifs\mp-1401385.cif,Add B at [0.11380308 4.4976285  7.32900764] to the cif file.,output_cifs\add_atom_action\mp-1401385_processed.cif
input_cifs\mp-1405211.cif,Add Ce at [2.10743257 0.70710195 0.01097203] to the cif file.,output_cifs\add_atom_action\mp-1405211_processed.cif
input_cifs\mp-1412002.cif,Add Hf at [4.91615085 4.21319681 2.24606074] to the cif file.,output_cifs\add_atom_action\mp-1412002_processed.cif
input_cifs\mp-1419122.cif,Add S at [-2.43743212  5.54167073  0.67580525] to the cif file.,output_cifs\add_atom_action\mp-1419122_processed.cif
input_cifs\mp-1439.cif,Add Ta at [3.11848872 4.71509603 2.99936596] to the cif file.,output_cifs\add_atom_action\mp-1439_processed.cif
input_cifs\mp-14555.cif,Add Fr at [5.17828843 5.68943768 1.53533919] to the cif file.,output_cifs\add_atom_action\mp-14555_processed.cif
input_cifs\mp-14556.cif,Add Gd at [1.08871577 9.1722696  3.25272094] to the cif file.,output_cifs\add_atom_action\mp-14556_processed.cif
input_cifs\mp-1516666.cif,Add Na at [4.3963595  5.80195585 2.40449143] to the cif file.,output_cifs\add_atom_action\mp-1516666_processed.cif
input_cifs\mp-1517169.cif,Add Cf at [3.42550552 2.42884646 1.09694916] to the cif file.,output_cifs\add_atom_action\mp-1517169_processed.cif
input_cifs\mp-1517627.cif,Add Li at [2.9869882  1.10484852 1.4280626 ] to the cif file.,output_cifs\add_atom_action\mp-1517627_processed.cif
input_cifs\mp-1518007.cif,Add Sc at [5.2704626  4.25459876 0.2885275 ] to the cif file.,output_cifs\add_atom_action\mp-1518007_processed.cif
input_cifs\mp-1518014.cif,Add Sc at [0.54849618 3.6308595  0.36551896] to the cif file.,output_cifs\add_atom_action\mp-1518014_processed.cif
input_cifs\mp-1518246.cif,Add Lr at [5.07136742 3.49500509 4.51475459] to the cif file.,output_cifs\add_atom_action\mp-1518246_processed.cif
input_cifs\mp-1518458.cif,Add Ts at [4.01702687 3.09656146 2.97096019] to the cif file.,output_cifs\add_atom_action\mp-1518458_processed.cif
input_cifs\mp-1518757.cif,Add Kr at [0.16825229 3.46815989 4.68363474] to the cif file.,output_cifs\add_atom_action\mp-1518757_processed.cif
input_cifs\mp-1519002.cif,Add Nb at [3.69640642 1.50997898 2.58220684] to the cif file.,output_cifs\add_atom_action\mp-1519002_processed.cif
input_cifs\mp-1519698.cif,Add Be at [0.79441822 4.37944637 1.94813362] to the cif file.,output_cifs\add_atom_action\mp-1519698_processed.cif
input_cifs\mp-1519736.cif,Add Rh at [7.78976484 3.80082497 4.05262057] to the cif file.,output_cifs\add_atom_action\mp-1519736_processed.cif
input_cifs\mp-1519860.cif,Add C at [2.53359622 2.59553288 3.1653632 ] to the cif file.,output_cifs\add_atom_action\mp-1519860_processed.cif
input_cifs\mp-1519983.cif,Add Cm at [7.90145026 5.21927867 0.89139358] to the cif file.,output_cifs\add_atom_action\mp-1519983_processed.cif
input_cifs\mp-1519998.cif,Add Tl at [6.63400654 2.75307346 4.56813189] to the cif file.,output_cifs\add_atom_action\mp-1519998_processed.cif
input_cifs\mp-1520500.cif,Add Os at [5.14975137 7.4954122  1.86966293] to the cif file.,output_cifs\add_atom_action\mp-1520500_processed.cif
input_cifs\mp-1521011.cif,Add Ti at [4.63845685 4.9271573  4.08385555] to the cif file.,output_cifs\add_atom_action\mp-1521011_processed.cif
input_cifs\mp-1521056.cif,Add Po at [5.18693942 3.36416609 4.32828573] to the cif file.,output_cifs\add_atom_action\mp-1521056_processed.cif
input_cifs\mp-1521082.cif,Add W at [6.15604755 2.53989406 0.24795489] to the cif file.,output_cifs\add_atom_action\mp-1521082_processed.cif
input_cifs\mp-1521221.cif,Add Pu at [9.87489015 5.26029421 1.65130016] to the cif file.,output_cifs\add_atom_action\mp-1521221_processed.cif
input_cifs\mp-1521309.cif,Add Ar at [7.53872599 5.39022959 1.43239755] to the cif file.,output_cifs\add_atom_action\mp-1521309_processed.cif
input_cifs\mp-1521702.cif,Add Sg at [1.07791885 0.25544352 3.97659792] to the cif file.,output_cifs\add_atom_action\mp-1521702_processed.cif
input_cifs\mp-1522205.cif,Add Fr at [4.5808858  0.87822278 2.25591044] to the cif file.,output_cifs\add_atom_action\mp-1522205_processed.cif
input_cifs\mp-1522629.cif,Add He at [0.72894742 1.48193589 7.59811276] to the cif file.,output_cifs\add_atom_action\mp-1522629_processed.cif
input_cifs\mp-1522792.cif,Add Li at [4.4596426  5.097123   1.44856194] to the cif file.,output_cifs\add_atom_action\mp-1522792_processed.cif
input_cifs\mp-1523004.cif,Add Hg at [3.73916349 1.77421484 4.1995414 ] to the cif file.,output_cifs\add_atom_action\mp-1523004_processed.cif
input_cifs\mp-1523044.cif,Add Pb at [6.12678426 5.74279947 2.34006402] to the cif file.,output_cifs\add_atom_action\mp-1523044_processed.cif
input_cifs\mp-1523067.cif,Add Ca at [3.82912644 1.59855106 0.46095677] to the cif file.,output_cifs\add_atom_action\mp-1523067_processed.cif
input_cifs\mp-1523239.cif,Add Og at [4.0433808  4.94832387 4.26177249] to the cif file.,output_cifs\add_atom_action\mp-1523239_processed.cif
input_cifs\mp-15896.cif,Add Np at [7.49602433 5.98418735 5.17351897] to the cif file.,output_cifs\add_atom_action\mp-15896_processed.cif
input_cifs\mp-1643677.cif,Add Mo at [6.83698464 2.89595061 7.01371586] to the cif file.,output_cifs\add_atom_action\mp-1643677_processed.cif
input_cifs\mp-1645697.cif,Add Nd at [ 2.26317841 10.92408575  0.27383858] to the cif file.,output_cifs\add_atom_action\mp-1645697_processed.cif
input_cifs\mp-1661789.cif,Add Pb at [0.82407379 2.58708496 1.66846357] to the cif file.,output_cifs\add_atom_action\mp-1661789_processed.cif
input_cifs\mp-1661936.cif,Add Ga at [1.45347687 2.4348446  2.40529463] to the cif file.,output_cifs\add_atom_action\mp-1661936_processed.cif
input_cifs\mp-1662795.cif,Add Br at [1.579823   5.70564805 2.41123897] to the cif file.,output_cifs\add_atom_action\mp-1662795_processed.cif
input_cifs\mp-1666930.cif,Add Ni at [4.08073559 0.92627261 0.39072426] to the cif file.,output_cifs\add_atom_action\mp-1666930_processed.cif
input_cifs\mp-17024.cif,Add Ru at [-1.29160845  5.02709355  9.3646608 ] to the cif file.,output_cifs\add_atom_action\mp-17024_processed.cif
input_cifs\mp-17282.cif,Add I at [7.41387935 3.41681424 6.07108347] to the cif file.,output_cifs\add_atom_action\mp-17282_processed.cif
input_cifs\mp-17344.cif,Add Pm at [-3.5869084   3.5291693  12.79567578] to the cif file.,output_cifs\add_atom_action\mp-17344_processed.cif
input_cifs\mp-17676.cif,Add Ce at [2.70835761 3.58172744 5.83010255] to the cif file.,output_cifs\add_atom_action\mp-17676_processed.cif
input_cifs\mp-17770.cif,Add Hg at [6.98619339e-03 8.39678128e+00 2.10414407e+00] to the cif file.,output_cifs\add_atom_action\mp-17770_processed.cif
input_cifs\mp-17838.cif,Add At at [4.11026126 4.91881973 0.84214021] to the cif file.,output_cifs\add_atom_action\mp-17838_processed.cif
input_cifs\mp-17861.cif,Add Sb at [0.53104454 0.06837157 0.59938058] to the cif file.,output_cifs\add_atom_action\mp-17861_processed.cif
input_cifs\mp-18469.cif,Add H at [4.78630065 5.30861454 0.87237781] to the cif file.,output_cifs\add_atom_action\mp-18469_processed.cif
input_cifs\mp-18525.cif,Add Rh at [0.2966562  5.00740313 7.96851488] to the cif file.,output_cifs\add_atom_action\mp-18525_processed.cif
input_cifs\mp-18612.cif,Add Th at [4.86265619 9.0814438  1.81879978] to the cif file.,output_cifs\add_atom_action\mp-18612_processed.cif
input_cifs\mp-18701.cif,Add Ge at [ 4.40153281  0.13088902 11.26797373] to the cif file.,output_cifs\add_atom_action\mp-18701_processed.cif
input_cifs\mp-18713.cif,Add Fr at [10.01845954  2.37171996  0.76629202] to the cif file.,output_cifs\add_atom_action\mp-18713_processed.cif
input_cifs\mp-18817.cif,Add Tc at [2.62609901 4.315145   5.32967996] to the cif file.,output_cifs\add_atom_action\mp-18817_processed.cif
input_cifs\mp-18833.cif,Add H at [9.58257087 3.21950973 1.29832877] to the cif file.,output_cifs\add_atom_action\mp-18833_processed.cif
input_cifs\mp-18848.cif,Add Fe at [2.39435943 2.14920935 0.27279853] to the cif file.,output_cifs\add_atom_action\mp-18848_processed.cif
input_cifs\mp-18996.cif,Add Pm at [2.88846788 5.11116909 3.13044244] to the cif file.,output_cifs\add_atom_action\mp-18996_processed.cif
input_cifs\mp-19070.cif,Add Ts at [1.84291369 0.92335297 4.70974425] to the cif file.,output_cifs\add_atom_action\mp-19070_processed.cif
input_cifs\mp-19087.cif,Add Nh at [2.32571536 0.54707035 0.045932  ] to the cif file.,output_cifs\add_atom_action\mp-19087_processed.cif
input_cifs\mp-19123.cif,Add Na at [-1.68477741  3.62188249  7.26456286] to the cif file.,output_cifs\add_atom_action\mp-19123_processed.cif
input_cifs\mp-19162.cif,Add Xe at [-0.86785883  2.75796001  3.70802771] to the cif file.,output_cifs\add_atom_action\mp-19162_processed.cif
input_cifs\mp-19426.cif,Add Mt at [3.40510718 1.03694053 0.38650965] to the cif file.,output_cifs\add_atom_action\mp-19426_processed.cif
input_cifs\mp-19785.cif,Add Bh at [0.18005847 0.62367347 5.02051937] to the cif file.,output_cifs\add_atom_action\mp-19785_processed.cif
input_cifs\mp-1987603.cif,Add Ac at [-0.13165308  3.94512461  8.33232277] to the cif file.,output_cifs\add_atom_action\mp-1987603_processed.cif
input_cifs\mp-19903.cif,Add Ne at [5.1269153  4.62163237 1.62977074] to the cif file.,output_cifs\add_atom_action\mp-19903_processed.cif
input_cifs\mp-19931.cif,Add Ta at [0.29436264 0.57974411 2.35106641] to the cif file.,output_cifs\add_atom_action\mp-19931_processed.cif
input_cifs\mp-20276.cif,Add Os at [ 3.39948744 -2.24989981  4.5988136 ] to the cif file.,output_cifs\add_atom_action\mp-20276_processed.cif
input_cifs\mp-2030372.cif,Add Zn at [0.16361833 1.91569198 3.00516773] to the cif file.,output_cifs\add_atom_action\mp-2030372_processed.cif
input_cifs\mp-20460.cif,Add Np at [0.06240736 1.35834541 2.4579975 ] to the cif file.,output_cifs\add_atom_action\mp-20460_processed.cif
input_cifs\mp-20499.cif,Add Hg at [4.78474602 1.04846782 0.73757703] to the cif file.,output_cifs\add_atom_action\mp-20499_processed.cif
input_cifs\mp-2053129.cif,Add Ba at [ 1.12313204  0.17172491 15.43400338] to the cif file.,output_cifs\add_atom_action\mp-2053129_processed.cif
input_cifs\mp-20633.cif,Add Ts at [0.07988138 2.45102684 0.64056842] to the cif file.,output_cifs\add_atom_action\mp-20633_processed.cif
input_cifs\mp-21208.cif,Add Sb at [2.53590106 1.5165606  5.70140021] to the cif file.,output_cifs\add_atom_action\mp-21208_processed.cif
input_cifs\mp-21493.cif,Add Au at [2.07056316 3.01632484 3.10462379] to the cif file.,output_cifs\add_atom_action\mp-21493_processed.cif
input_cifs\mp-21658.cif,Add Am at [3.68844094 1.13344975 9.70070947] to the cif file.,output_cifs\add_atom_action\mp-21658_processed.cif
input_cifs\mp-21799.cif,Add La at [ 0.63775263  7.36030466 22.6270997 ] to the cif file.,output_cifs\add_atom_action\mp-21799_processed.cif
input_cifs\mp-22042.cif,Add Rg at [7.93042293 3.00287008 3.05921612] to the cif file.,output_cifs\add_atom_action\mp-22042_processed.cif
input_cifs\mp-2206289.cif,Add Mn at [ 3.58245769  2.14055832 12.4586587 ] to the cif file.,output_cifs\add_atom_action\mp-2206289_processed.cif
input_cifs\mp-22076.cif,Add Ti at [3.67692733 5.02255593 5.14360797] to the cif file.,output_cifs\add_atom_action\mp-22076_processed.cif
input_cifs\mp-2215910.cif,Add No at [6.80843009 4.42455619 2.04914592] to the cif file.,output_cifs\add_atom_action\mp-2215910_processed.cif
input_cifs\mp-2217621.cif,Add Pd at [0.99678345 0.59295251 2.19574572] to the cif file.,output_cifs\add_atom_action\mp-2217621_processed.cif
input_cifs\mp-2217707.cif,Add Th at [5.71156292 2.74110221 2.06637882] to the cif file.,output_cifs\add_atom_action\mp-2217707_processed.cif
input_cifs\mp-2217878.cif,Add Gd at [2.06387753 3.79969603 2.0641339 ] to the cif file.,output_cifs\add_atom_action\mp-2217878_processed.cif
input_cifs\mp-2218067.cif,Add Lr at [2.69427599 0.43374723 2.94515708] to the cif file.,output_cifs\add_atom_action\mp-2218067_processed.cif
input_cifs\mp-2218172.cif,Add Ho at [4.13989077 0.64845436 2.07304665] to the cif file.,output_cifs\add_atom_action\mp-2218172_processed.cif
input_cifs\mp-2218202.cif,Add Zn at [3.30356579 5.9990674  2.80899129] to the cif file.,output_cifs\add_atom_action\mp-2218202_processed.cif
input_cifs\mp-2218885.cif,Add N at [2.15913686 2.74224879 5.19386634] to the cif file.,output_cifs\add_atom_action\mp-2218885_processed.cif
input_cifs\mp-2218969.cif,Add Fl at [2.04732511 1.97019658 3.51915585] to the cif file.,output_cifs\add_atom_action\mp-2218969_processed.cif
input_cifs\mp-2219052.cif,Add Ra at [2.90276749 5.50248422 2.61151561] to the cif file.,output_cifs\add_atom_action\mp-2219052_processed.cif
input_cifs\mp-2219166.cif,Add B at [5.76616767 2.62306271 0.31987582] to the cif file.,output_cifs\add_atom_action\mp-2219166_processed.cif
input_cifs\mp-2219262.cif,Add Ra at [1.2124942  2.5631433  9.16004507] to the cif file.,output_cifs\add_atom_action\mp-2219262_processed.cif
input_cifs\mp-2219466.cif,Add Tb at [1.57590494 2.90650766 1.15414186] to the cif file.,output_cifs\add_atom_action\mp-2219466_processed.cif
input_cifs\mp-2222780.cif,Add La at [8.69480928 2.29341716 2.16612863] to the cif file.,output_cifs\add_atom_action\mp-2222780_processed.cif
input_cifs\mp-2223884.cif,Add K at [-0.72335183  1.44460788  7.10917993] to the cif file.,output_cifs\add_atom_action\mp-2223884_processed.cif
input_cifs\mp-2224443.cif,Add Cu at [6.46013782 5.54845655 7.91162209] to the cif file.,output_cifs\add_atom_action\mp-2224443_processed.cif
input_cifs\mp-2224447.cif,Add Pu at [5.22248116 0.10465582 3.70753757] to the cif file.,output_cifs\add_atom_action\mp-2224447_processed.cif
input_cifs\mp-22248.cif,Add Cn at [3.93653125 1.43580981 2.55902288] to the cif file.,output_cifs\add_atom_action\mp-22248_processed.cif
input_cifs\mp-2224811.cif,Add Sg at [3.67606164 2.36861271 1.70372414] to the cif file.,output_cifs\add_atom_action\mp-2224811_processed.cif
input_cifs\mp-2224860.cif,Add Ho at [6.04569467 1.56034807 4.56143912] to the cif file.,output_cifs\add_atom_action\mp-2224860_processed.cif
input_cifs\mp-2225000.cif,Add Lu at [4.857617   2.81873394 2.36173508] to the cif file.,output_cifs\add_atom_action\mp-2225000_processed.cif
input_cifs\mp-2228328.cif,Add H at [0.46837898 1.42393678 2.85173481] to the cif file.,output_cifs\add_atom_action\mp-2228328_processed.cif
input_cifs\mp-2228374.cif,Add Ge at [-3.54646121 -1.09744762  7.97690173] to the cif file.,output_cifs\add_atom_action\mp-2228374_processed.cif
input_cifs\mp-2228437.cif,Add Cl at [0.89772011 1.41983674 1.08770274] to the cif file.,output_cifs\add_atom_action\mp-2228437_processed.cif
input_cifs\mp-2228500.cif,Add Cd at [5.33005499 5.48256901 0.91362089] to the cif file.,output_cifs\add_atom_action\mp-2228500_processed.cif
input_cifs\mp-2228706.cif,Add Re at [2.8528638  2.37680154 1.06410209] to the cif file.,output_cifs\add_atom_action\mp-2228706_processed.cif
input_cifs\mp-2228915.cif,Add Ne at [1.95095468 3.04901741 4.50818844] to the cif file.,output_cifs\add_atom_action\mp-2228915_processed.cif
input_cifs\mp-2228929.cif,Add P at [1.85179073 2.90502514 4.97413319] to the cif file.,output_cifs\add_atom_action\mp-2228929_processed.cif
input_cifs\mp-2229660.cif,Add Po at [1.8417949  2.54933323 1.75541371] to the cif file.,output_cifs\add_atom_action\mp-2229660_processed.cif
input_cifs\mp-2230032.cif,Add Sc at [3.93894015 2.21107081 2.1285248 ] to the cif file.,output_cifs\add_atom_action\mp-2230032_processed.cif
input_cifs\mp-2230094.cif,Add Fe at [7.12476078 4.34195677 0.77540232] to the cif file.,output_cifs\add_atom_action\mp-2230094_processed.cif
input_cifs\mp-2230252.cif,Add Al at [1.87011386 1.18549994 2.26106743] to the cif file.,output_cifs\add_atom_action\mp-2230252_processed.cif
input_cifs\mp-2230521.cif,Add No at [1.80555407 4.03715149 2.35422329] to the cif file.,output_cifs\add_atom_action\mp-2230521_processed.cif
input_cifs\mp-2230812.cif,Add Po at [8.04465694 6.27566079 1.8168003 ] to the cif file.,output_cifs\add_atom_action\mp-2230812_processed.cif
input_cifs\mp-2231004.cif,Add Md at [5.89022451 4.02275914 3.45050711] to the cif file.,output_cifs\add_atom_action\mp-2231004_processed.cif
input_cifs\mp-2231286.cif,Add Dy at [4.06755085 0.95735728 4.23722759] to the cif file.,output_cifs\add_atom_action\mp-2231286_processed.cif
input_cifs\mp-2232282.cif,Add Fm at [2.11226698 3.55248296 4.10269578] to the cif file.,output_cifs\add_atom_action\mp-2232282_processed.cif
input_cifs\mp-2239868.cif,Add Fe at [-1.4047291   1.96320782  3.05467605] to the cif file.,output_cifs\add_atom_action\mp-2239868_processed.cif
input_cifs\mp-2240173.cif,Add U at [14.89361404  6.6751257   4.86659168] to the cif file.,output_cifs\add_atom_action\mp-2240173_processed.cif
input_cifs\mp-2241358.cif,Add K at [2.31562593 0.48642108 1.08160425] to the cif file.,output_cifs\add_atom_action\mp-2241358_processed.cif
input_cifs\mp-2254.cif,Add Db at [1.80252447 6.00356421 5.68516775] to the cif file.,output_cifs\add_atom_action\mp-2254_processed.cif
input_cifs\mp-23418.cif,Add C at [-4.07040031  3.42559474  5.53597966] to the cif file.,output_cifs\add_atom_action\mp-23418_processed.cif
input_cifs\mp-23498.cif,Add C at [1.27281149 1.79428954 9.19062889] to the cif file.,output_cifs\add_atom_action\mp-23498_processed.cif
input_cifs\mp-23586.cif,Add Pu at [7.48219037 3.05524325 7.49375352] to the cif file.,output_cifs\add_atom_action\mp-23586_processed.cif
input_cifs\mp-23979.cif,Add Pu at [6.84992346 1.41789224 0.35661457] to the cif file.,output_cifs\add_atom_action\mp-23979_processed.cif
input_cifs\mp-24037.cif,Add W at [6.03730195 4.28502836 2.23367489] to the cif file.,output_cifs\add_atom_action\mp-24037_processed.cif
input_cifs\mp-24044.cif,Add Al at [1.7759557  0.2771294  2.88660194] to the cif file.,output_cifs\add_atom_action\mp-24044_processed.cif
input_cifs\mp-24515.cif,Add Co at [6.4219714  0.28621422 3.71431495] to the cif file.,output_cifs\add_atom_action\mp-24515_processed.cif
input_cifs\mp-2480.cif,Add Pb at [2.64406517 1.68298429 3.01856311] to the cif file.,output_cifs\add_atom_action\mp-2480_processed.cif
input_cifs\mp-25405.cif,Add In at [0.19759216 0.571375   1.15638935] to the cif file.,output_cifs\add_atom_action\mp-25405_processed.cif
input_cifs\mp-25457.cif,Add Se at [5.32206827 5.71199246 2.07606941] to the cif file.,output_cifs\add_atom_action\mp-25457_processed.cif
input_cifs\mp-26179.cif,Add Ag at [8.46381144 2.64248848 6.44847835] to the cif file.,output_cifs\add_atom_action\mp-26179_processed.cif
input_cifs\mp-26270.cif,Add Nh at [5.53155136 3.24168989 1.39287052] to the cif file.,output_cifs\add_atom_action\mp-26270_processed.cif
input_cifs\mp-2646946.cif,Add Fm at [3.90788116 2.52829266 0.0406523 ] to the cif file.,output_cifs\add_atom_action\mp-2646946_processed.cif
input_cifs\mp-26612.cif,Add Rb at [2.69507771 0.90105439 4.57398855] to the cif file.,output_cifs\add_atom_action\mp-26612_processed.cif
input_cifs\mp-2715259.cif,Add Zr at [2.74616633 9.51601834 4.01158905] to the cif file.,output_cifs\add_atom_action\mp-2715259_processed.cif
input_cifs\mp-2715379.cif,Add Sc at [5.2444463  4.59066726 0.90266722] to the cif file.,output_cifs\add_atom_action\mp-2715379_processed.cif
input_cifs\mp-27286.cif,Add Gd at [5.63104677 1.46229231 7.68317382] to the cif file.,output_cifs\add_atom_action\mp-27286_processed.cif
input_cifs\mp-27341.cif,Add Fr at [ 0.76218385 11.13911694  8.76077437] to the cif file.,output_cifs\add_atom_action\mp-27341_processed.cif
input_cifs\mp-27383.cif,Add Gd at [3.59858478 5.63941545 4.70304174] to the cif file.,output_cifs\add_atom_action\mp-27383_processed.cif
input_cifs\mp-2751271.cif,Add As at [7.14393257 5.85922245 1.96390529] to the cif file.,output_cifs\add_atom_action\mp-2751271_processed.cif
input_cifs\mp-28393.cif,Add Cu at [4.46130527 3.95469033 3.22882671] to the cif file.,output_cifs\add_atom_action\mp-28393_processed.cif
input_cifs\mp-28394.cif,Add U at [ 8.34087606 11.70044683 10.95566824] to the cif file.,output_cifs\add_atom_action\mp-28394_processed.cif
input_cifs\mp-28430.cif,Add V at [-1.81538177  6.06101955  6.69113332] to the cif file.,output_cifs\add_atom_action\mp-28430_processed.cif
input_cifs\mp-28450.cif,Add Nb at [-0.08657329  3.39016825  0.34646654] to the cif file.,output_cifs\add_atom_action\mp-28450_processed.cif
input_cifs\mp-28544.cif,Add Tl at [6.98147101 2.74934101 1.83295707] to the cif file.,output_cifs\add_atom_action\mp-28544_processed.cif
input_cifs\mp-28580.cif,Add Sr at [3.6174712  9.81290938 7.15727753] to the cif file.,output_cifs\add_atom_action\mp-28580_processed.cif
input_cifs\mp-28824.cif,Add Co at [1.21689152 3.89785786 9.28270642] to the cif file.,output_cifs\add_atom_action\mp-28824_processed.cif
input_cifs\mp-2901870.cif,Add Mt at [-1.07278525  0.99428243  2.06247932] to the cif file.,output_cifs\add_atom_action\mp-2901870_processed.cif
input_cifs\mp-2911.cif,Add Ti at [ 0.4587877   0.86361706 14.52696363] to the cif file.,output_cifs\add_atom_action\mp-2911_processed.cif
input_cifs\mp-29144.cif,Add As at [-0.70379448  2.02197753  4.91235564] to the cif file.,output_cifs\add_atom_action\mp-29144_processed.cif
input_cifs\mp-29412.cif,Add Xe at [1.97328718 4.42877783 5.81081307] to the cif file.,output_cifs\add_atom_action\mp-29412_processed.cif
input_cifs\mp-29415.cif,Add Na at [-1.29528817  5.30084359  2.54381956] to the cif file.,output_cifs\add_atom_action\mp-29415_processed.cif
input_cifs\mp-29755.cif,Add Fm at [1.14678851 5.17806568 3.45206393] to the cif file.,output_cifs\add_atom_action\mp-29755_processed.cif
input_cifs\mp-29770.cif,Add Re at [3.68416631 1.22814915 3.99981965] to the cif file.,output_cifs\add_atom_action\mp-29770_processed.cif
input_cifs\mp-30305.cif,Add Am at [6.23004391 5.56535713 2.11370195] to the cif file.,output_cifs\add_atom_action\mp-30305_processed.cif
input_cifs\mp-30320.cif,Add Li at [4.72582458 0.77665049 7.7542047 ] to the cif file.,output_cifs\add_atom_action\mp-30320_processed.cif
input_cifs\mp-30859.cif,Add Sn at [2.82492294 4.574604   2.35194912] to the cif file.,output_cifs\add_atom_action\mp-30859_processed.cif
input_cifs\mp-30908.cif,Add As at [1.8851211  2.37172169 0.02897883] to the cif file.,output_cifs\add_atom_action\mp-30908_processed.cif
input_cifs\mp-31251.cif,Add Ba at [ 8.29950763 12.6007002   0.22193752] to the cif file.,output_cifs\add_atom_action\mp-31251_processed.cif
input_cifs\mp-31314.cif,Add Db at [2.4852746  6.71986159 0.2511094 ] to the cif file.,output_cifs\add_atom_action\mp-31314_processed.cif
input_cifs\mp-3138.cif,Add Er at [7.71125333 4.95580215 4.32850531] to the cif file.,output_cifs\add_atom_action\mp-3138_processed.cif
input_cifs\mp-31394.cif,Add Ac at [ 1.22214487  0.23617126 22.17098467] to the cif file.,output_cifs\add_atom_action\mp-31394_processed.cif
input_cifs\mp-3205.cif,Add Cr at [0.81248571 3.55356885 4.37554526] to the cif file.,output_cifs\add_atom_action\mp-3205_processed.cif
input_cifs\mp-3216726.cif,Add Au at [9.742804   2.28732143 6.36448973] to the cif file.,output_cifs\add_atom_action\mp-3216726_processed.cif
input_cifs\mp-32528.cif,Add Cd at [0.92138482 3.06285423 5.90731967] to the cif file.,output_cifs\add_atom_action\mp-32528_processed.cif
input_cifs\mp-3316.cif,Add Br at [3.61397069 3.55419614 0.11098853] to the cif file.,output_cifs\add_atom_action\mp-3316_processed.cif
input_cifs\mp-33325.cif,Add Cs at [7.871912   4.06267854 8.53359519] to the cif file.,output_cifs\add_atom_action\mp-33325_processed.cif
input_cifs\mp-34185.cif,Add Mo at [2.35525839 0.29564152 3.22659616] to the cif file.,output_cifs\add_atom_action\mp-34185_processed.cif
input_cifs\mp-3538.cif,Add Ga at [-0.90771625  1.78630328  8.70788945] to the cif file.,output_cifs\add_atom_action\mp-3538_processed.cif
input_cifs\mp-36310.cif,Add Y at [3.7131806  1.72185717 4.69476551] to the cif file.,output_cifs\add_atom_action\mp-36310_processed.cif
input_cifs\mp-36484.cif,Add Ir at [ 3.81754751  4.01611049 20.91147294] to the cif file.,output_cifs\add_atom_action\mp-36484_processed.cif
input_cifs\mp-4419.cif,Add Ca at [1.14937226 2.25003689 0.76946835] to the cif file.,output_cifs\add_atom_action\mp-4419_processed.cif
input_cifs\mp-4421.cif,Add Tm at [1.65916304 5.00004248 7.26542143] to the cif file.,output_cifs\add_atom_action\mp-4421_processed.cif
input_cifs\mp-504149.cif,Add F at [4.30512556 2.4958568  4.17882717] to the cif file.,output_cifs\add_atom_action\mp-504149_processed.cif
input_cifs\mp-504509.cif,Add Ge at [-1.94596274  3.21838877  8.44086377] to the cif file.,output_cifs\add_atom_action\mp-504509_processed.cif
input_cifs\mp-505074.cif,Add Zn at [1.90852936 0.4570747  2.45911066] to the cif file.,output_cifs\add_atom_action\mp-505074_processed.cif
input_cifs\mp-505217.cif,Add Ds at [1.58205256 1.89194233 1.90184527] to the cif file.,output_cifs\add_atom_action\mp-505217_processed.cif
input_cifs\mp-505540.cif,Add Pu at [0.32511201 4.06680886 4.40525396] to the cif file.,output_cifs\add_atom_action\mp-505540_processed.cif
input_cifs\mp-505573.cif,Add Zr at [3.21919702 2.50810665 0.05299213] to the cif file.,output_cifs\add_atom_action\mp-505573_processed.cif
input_cifs\mp-505766.cif,Add Zn at [1.68814795 1.83952135 0.45849287] to the cif file.,output_cifs\add_atom_action\mp-505766_processed.cif
input_cifs\mp-510544.cif,Add Th at [-0.30724392  3.86716816  4.32601183] to the cif file.,output_cifs\add_atom_action\mp-510544_processed.cif
input_cifs\mp-510717.cif,Add Sn at [19.21408903  6.34134863  4.3125082 ] to the cif file.,output_cifs\add_atom_action\mp-510717_processed.cif
input_cifs\mp-5151.cif,Add Mg at [ 6.68226925  4.42890296 11.45028594] to the cif file.,output_cifs\add_atom_action\mp-5151_processed.cif
input_cifs\mp-530379.cif,Add Er at [10.47166223  6.47561184  9.75127985] to the cif file.,output_cifs\add_atom_action\mp-530379_processed.cif
input_cifs\mp-530850.cif,Add Au at [4.71037114 6.52538645 9.11196142] to the cif file.,output_cifs\add_atom_action\mp-530850_processed.cif
input_cifs\mp-540740.cif,Add Co at [0.30354244 0.43743384 3.77557562] to the cif file.,output_cifs\add_atom_action\mp-540740_processed.cif
input_cifs\mp-540798.cif,Add Md at [8.81905759 4.47479028 2.12792008] to the cif file.,output_cifs\add_atom_action\mp-540798_processed.cif
input_cifs\mp-540938.cif,Add Co at [31.88798949  2.35559279  2.92150241] to the cif file.,output_cifs\add_atom_action\mp-540938_processed.cif
input_cifs\mp-540977.cif,Add C at [8.72392054 1.27577311 1.70102025] to the cif file.,output_cifs\add_atom_action\mp-540977_processed.cif
input_cifs\mp-541595.cif,Add Ca at [6.0287862  4.39374119 0.01697365] to the cif file.,output_cifs\add_atom_action\mp-541595_processed.cif
input_cifs\mp-541619.cif,Add Xe at [3.0850582  4.14691091 0.13041441] to the cif file.,output_cifs\add_atom_action\mp-541619_processed.cif
input_cifs\mp-541894.cif,Add Po at [6.90978151 0.79477421 1.49708514] to the cif file.,output_cifs\add_atom_action\mp-541894_processed.cif
input_cifs\mp-541991.cif,Add Ga at [-1.60702355  0.70988776  6.07767434] to the cif file.,output_cifs\add_atom_action\mp-541991_processed.cif
input_cifs\mp-542024.cif,Add Es at [2.51650584 7.77565331 2.70299099] to the cif file.,output_cifs\add_atom_action\mp-542024_processed.cif
input_cifs\mp-542151.cif,Add No at [6.67805081 4.93381409 4.50513045] to the cif file.,output_cifs\add_atom_action\mp-542151_processed.cif
input_cifs\mp-542342.cif,Add Yb at [5.18052041 4.41666944 2.42125788] to the cif file.,output_cifs\add_atom_action\mp-542342_processed.cif
input_cifs\mp-542435.cif,Add Cd at [-1.46167069  2.64928304  4.89583743] to the cif file.,output_cifs\add_atom_action\mp-542435_processed.cif
input_cifs\mp-542448.cif,Add Sg at [13.49901504  6.76110376  3.21007306] to the cif file.,output_cifs\add_atom_action\mp-542448_processed.cif
input_cifs\mp-542812.cif,Add Li at [2.18565716 3.13484696 4.55300876] to the cif file.,output_cifs\add_atom_action\mp-542812_processed.cif
input_cifs\mp-543036.cif,Add Pt at [ 7.13625485 10.43336409  2.40626603] to the cif file.,output_cifs\add_atom_action\mp-543036_processed.cif
input_cifs\mp-543042.cif,Add Pd at [8.2851567  6.48583487 4.68973776] to the cif file.,output_cifs\add_atom_action\mp-543042_processed.cif
input_cifs\mp-554174.cif,Add Th at [12.38726367  3.88562495  5.68888452] to the cif file.,output_cifs\add_atom_action\mp-554174_processed.cif
input_cifs\mp-554264.cif,Add Be at [ 7.15238822 12.19910522  3.41709212] to the cif file.,output_cifs\add_atom_action\mp-554264_processed.cif
input_cifs\mp-554383.cif,Add Hf at [3.7051039  7.8718395  7.60314608] to the cif file.,output_cifs\add_atom_action\mp-554383_processed.cif
input_cifs\mp-554799.cif,Add Tc at [3.07269374 5.5291821  1.25309882] to the cif file.,output_cifs\add_atom_action\mp-554799_processed.cif
input_cifs\mp-554818.cif,Add Sg at [3.83002986 2.42892627 5.70096605] to the cif file.,output_cifs\add_atom_action\mp-554818_processed.cif
input_cifs\mp-555198.cif,Add B at [-0.21942224  1.86114623  0.26938481] to the cif file.,output_cifs\add_atom_action\mp-555198_processed.cif
input_cifs\mp-555534.cif,Add C at [0.38488483 7.54759126 0.54657006] to the cif file.,output_cifs\add_atom_action\mp-555534_processed.cif
input_cifs\mp-555790.cif,Add Tb at [3.07512655 2.08675725 3.77747188] to the cif file.,output_cifs\add_atom_action\mp-555790_processed.cif
input_cifs\mp-556185.cif,Add Ag at [-2.0937427   3.90664313  4.55685298] to the cif file.,output_cifs\add_atom_action\mp-556185_processed.cif
input_cifs\mp-556236.cif,Add Bi at [2.67579854e+00 1.14478412e-02 1.27443847e+01] to the cif file.,output_cifs\add_atom_action\mp-556236_processed.cif
input_cifs\mp-556319.cif,Add Pm at [0.22304093 4.5144858  0.13972065] to the cif file.,output_cifs\add_atom_action\mp-556319_processed.cif
input_cifs\mp-556404.cif,Add Rh at [3.99186451 5.06262607 3.14241287] to the cif file.,output_cifs\add_atom_action\mp-556404_processed.cif
input_cifs\mp-557059.cif,Add At at [ 1.14157169  0.76781913 17.3106994 ] to the cif file.,output_cifs\add_atom_action\mp-557059_processed.cif
input_cifs\mp-557180.cif,Add Bh at [15.44042619  5.41147471  1.32598641] to the cif file.,output_cifs\add_atom_action\mp-557180_processed.cif
input_cifs\mp-557215.cif,Add Se at [2.21288133 4.78785803 7.58763305] to the cif file.,output_cifs\add_atom_action\mp-557215_processed.cif
input_cifs\mp-557266.cif,Add In at [4.45430849 4.40275948 1.36986888] to the cif file.,output_cifs\add_atom_action\mp-557266_processed.cif
input_cifs\mp-557389.cif,Add Og at [8.26840506 3.69980389 2.48993666] to the cif file.,output_cifs\add_atom_action\mp-557389_processed.cif
input_cifs\mp-557574.cif,Add Mt at [3.72468283 1.12175979 1.32546424] to the cif file.,output_cifs\add_atom_action\mp-557574_processed.cif
input_cifs\mp-557589.cif,Add Ba at [5.07250347 0.90282905 1.36610639] to the cif file.,output_cifs\add_atom_action\mp-557589_processed.cif
input_cifs\mp-557752.cif,Add Sn at [4.54319341 4.79512583 0.46445544] to the cif file.,output_cifs\add_atom_action\mp-557752_processed.cif
input_cifs\mp-557824.cif,Add Na at [4.99836371 7.73391223 7.29290239] to the cif file.,output_cifs\add_atom_action\mp-557824_processed.cif
input_cifs\mp-557864.cif,Add Tb at [2.99298795 9.5960853  6.78828227] to the cif file.,output_cifs\add_atom_action\mp-557864_processed.cif
input_cifs\mp-557961.cif,Add He at [9.32096917 4.05192516 3.23310806] to the cif file.,output_cifs\add_atom_action\mp-557961_processed.cif
input_cifs\mp-558023.cif,Add Sg at [9.30874987 3.06102536 0.58424076] to the cif file.,output_cifs\add_atom_action\mp-558023_processed.cif
input_cifs\mp-558368.cif,Add He at [1.47604142 4.41679889 8.39170858] to the cif file.,output_cifs\add_atom_action\mp-558368_processed.cif
input_cifs\mp-558382.cif,Add I at [2.66894705 1.74336721 0.40118844] to the cif file.,output_cifs\add_atom_action\mp-558382_processed.cif
input_cifs\mp-559140.cif,Add Pb at [2.85352895 0.89048364 0.05817382] to the cif file.,output_cifs\add_atom_action\mp-559140_processed.cif
input_cifs\mp-559223.cif,Add Cl at [3.11378263 8.40894849 6.98735718] to the cif file.,output_cifs\add_atom_action\mp-559223_processed.cif
input_cifs\mp-559929.cif,Add As at [-3.93785232  7.20155903  4.18788896] to the cif file.,output_cifs\add_atom_action\mp-559929_processed.cif
input_cifs\mp-560091.cif,Add Os at [12.86415249  4.88975388  2.51500164] to the cif file.,output_cifs\add_atom_action\mp-560091_processed.cif
input_cifs\mp-560380.cif,Add Pm at [9.37562522 4.59288507 2.4254319 ] to the cif file.,output_cifs\add_atom_action\mp-560380_processed.cif
input_cifs\mp-560535.cif,Add Ac at [0.21910927 3.10241322 8.15370219] to the cif file.,output_cifs\add_atom_action\mp-560535_processed.cif
input_cifs\mp-560605.cif,Add Ca at [4.85508324 1.70190859 2.24515226] to the cif file.,output_cifs\add_atom_action\mp-560605_processed.cif
input_cifs\mp-560751.cif,Add Mt at [2.54635649 4.7193228  0.36930716] to the cif file.,output_cifs\add_atom_action\mp-560751_processed.cif
input_cifs\mp-560754.cif,Add Ti at [0.16646001 7.36162105 1.34211352] to the cif file.,output_cifs\add_atom_action\mp-560754_processed.cif
input_cifs\mp-561641.cif,Add No at [6.71790299 0.45940448 3.01922346] to the cif file.,output_cifs\add_atom_action\mp-561641_processed.cif
input_cifs\mp-567492.cif,Add Ho at [5.24558191 5.34246127 5.39399787] to the cif file.,output_cifs\add_atom_action\mp-567492_processed.cif
input_cifs\mp-567540.cif,Add Eu at [ 2.0993518  -1.67466066  8.02395437] to the cif file.,output_cifs\add_atom_action\mp-567540_processed.cif
input_cifs\mp-568306.cif,Add S at [-0.22976017 -0.25784367  2.35697683] to the cif file.,output_cifs\add_atom_action\mp-568306_processed.cif
input_cifs\mp-568716.cif,Add Cm at [ 0.93053386  3.64162064 35.49264935] to the cif file.,output_cifs\add_atom_action\mp-568716_processed.cif
input_cifs\mp-568757.cif,Add Tm at [ 6.56232167  7.00568437 11.58621694] to the cif file.,output_cifs\add_atom_action\mp-568757_processed.cif
input_cifs\mp-570044.cif,Add Pr at [-0.05823789  0.90261085  4.4437811 ] to the cif file.,output_cifs\add_atom_action\mp-570044_processed.cif
input_cifs\mp-571428.cif,Add Ir at [2.4245995  0.81869547 3.51656641] to the cif file.,output_cifs\add_atom_action\mp-571428_processed.cif
input_cifs\mp-571566.cif,Add Hf at [-0.26555588  2.46687574 10.09267186] to the cif file.,output_cifs\add_atom_action\mp-571566_processed.cif
input_cifs\mp-5730.cif,Add Ga at [3.19476089 2.25354339 3.87793015] to the cif file.,output_cifs\add_atom_action\mp-5730_processed.cif
input_cifs\mp-574339.cif,Add C at [16.05689387  2.36628238  0.64964482] to the cif file.,output_cifs\add_atom_action\mp-574339_processed.cif
input_cifs\mp-581471.cif,Add Al at [0.62442857 4.78081507 1.06838482] to the cif file.,output_cifs\add_atom_action\mp-581471_processed.cif
input_cifs\mp-582081.cif,Add Ag at [4.81576042 2.20194272 7.8155734 ] to the cif file.,output_cifs\add_atom_action\mp-582081_processed.cif
input_cifs\mp-582587.cif,Add Eu at [ 5.24517311  3.1626757  12.38128985] to the cif file.,output_cifs\add_atom_action\mp-582587_processed.cif
input_cifs\mp-603694.cif,Add Rg at [4.2412659  3.01210762 2.81179855] to the cif file.,output_cifs\add_atom_action\mp-603694_processed.cif
input_cifs\mp-607525.cif,Add Ts at [3.13849075 8.5019938  3.33849025] to the cif file.,output_cifs\add_atom_action\mp-607525_processed.cif
input_cifs\mp-608206.cif,Add Al at [3.8748915  2.49599839 6.03510982] to the cif file.,output_cifs\add_atom_action\mp-608206_processed.cif
input_cifs\mp-6112.cif,Add Si at [3.68808307 7.0306844  6.72278067] to the cif file.,output_cifs\add_atom_action\mp-6112_processed.cif
input_cifs\mp-613327.cif,Add Fr at [1.64052073 2.85843067 4.65451509] to the cif file.,output_cifs\add_atom_action\mp-613327_processed.cif
input_cifs\mp-616210.cif,Add Po at [5.42242383 8.2081131  2.22148355] to the cif file.,output_cifs\add_atom_action\mp-616210_processed.cif
input_cifs\mp-616407.cif,Add Ni at [1.06494815 3.91303107 2.35257236] to the cif file.,output_cifs\add_atom_action\mp-616407_processed.cif
input_cifs\mp-621964.cif,Add Zr at [1.07804931 9.7779014  5.57683159] to the cif file.,output_cifs\add_atom_action\mp-621964_processed.cif
input_cifs\mp-6257.cif,Add Lr at [0.48207367 6.54870531 9.17654762] to the cif file.,output_cifs\add_atom_action\mp-6257_processed.cif
input_cifs\mp-625744.cif,Add Eu at [3.87420128 3.1430874  0.28999061] to the cif file.,output_cifs\add_atom_action\mp-625744_processed.cif
input_cifs\mp-626565.cif,Add V at [21.38949241  3.25496411  6.87091821] to the cif file.,output_cifs\add_atom_action\mp-626565_processed.cif
input_cifs\mp-630976.cif,Add Es at [5.39740964 2.45673958 7.23897375] to the cif file.,output_cifs\add_atom_action\mp-630976_processed.cif
input_cifs\mp-637599.cif,Add Lr at [5.68389295 3.93478132 2.85114419] to the cif file.,output_cifs\add_atom_action\mp-637599_processed.cif
input_cifs\mp-639826.cif,Add Se at [5.54232836 2.70019949 5.91467081] to the cif file.,output_cifs\add_atom_action\mp-639826_processed.cif
input_cifs\mp-642315.cif,Add Mn at [1.85875269 4.51056002 2.67217339] to the cif file.,output_cifs\add_atom_action\mp-642315_processed.cif
input_cifs\mp-644221.cif,Add Tb at [5.2514769  7.70761427 7.46218235] to the cif file.,output_cifs\add_atom_action\mp-644221_processed.cif
input_cifs\mp-644529.cif,Add Cd at [1.39593846 2.87140678 1.77142608] to the cif file.,output_cifs\add_atom_action\mp-644529_processed.cif
input_cifs\mp-644741.cif,Add Os at [2.1442968  0.52006449 9.25276082] to the cif file.,output_cifs\add_atom_action\mp-644741_processed.cif
input_cifs\mp-654225.cif,Add N at [2.60252075 5.56176118 1.76989292] to the cif file.,output_cifs\add_atom_action\mp-654225_processed.cif
input_cifs\mp-6653.cif,Add Ir at [3.61622573 3.10244555 2.14314165] to the cif file.,output_cifs\add_atom_action\mp-6653_processed.cif
input_cifs\mp-667200.cif,Add No at [ 1.04763877 -1.62509884 10.33084521] to the cif file.,output_cifs\add_atom_action\mp-667200_processed.cif
input_cifs\mp-669359.cif,Add Ds at [0.87951452 4.54479007 0.5222611 ] to the cif file.,output_cifs\add_atom_action\mp-669359_processed.cif
input_cifs\mp-669377.cif,Add U at [6.17708708 3.96053886 0.50846379] to the cif file.,output_cifs\add_atom_action\mp-669377_processed.cif
input_cifs\mp-672228.cif,Add Sn at [2.94973845 3.23253446 4.11737262] to the cif file.,output_cifs\add_atom_action\mp-672228_processed.cif
input_cifs\mp-672972.cif,Add Cd at [2.72327258 1.21173923 0.6017126 ] to the cif file.,output_cifs\add_atom_action\mp-672972_processed.cif
input_cifs\mp-6745.cif,Add Bi at [5.75847917 2.62344109 2.05288778] to the cif file.,output_cifs\add_atom_action\mp-6745_processed.cif
input_cifs\mp-675118.cif,Add He at [ 3.76437508  0.16158055 21.27323111] to the cif file.,output_cifs\add_atom_action\mp-675118_processed.cif
input_cifs\mp-675519.cif,Add B at [ 3.72350561  2.60895753 15.29804985] to the cif file.,output_cifs\add_atom_action\mp-675519_processed.cif
input_cifs\mp-675778.cif,Add Cs at [4.6650613  2.16074297 9.0839997 ] to the cif file.,output_cifs\add_atom_action\mp-675778_processed.cif
input_cifs\mp-676.cif,Add Ts at [6.37348189 4.30420446 2.84539217] to the cif file.,output_cifs\add_atom_action\mp-676_processed.cif
input_cifs\mp-676275.cif,Add Pt at [ 6.19220323  4.43799901 23.21074868] to the cif file.,output_cifs\add_atom_action\mp-676275_processed.cif
input_cifs\mp-676816.cif,Add K at [1.73261217 0.01303978 0.47766177] to the cif file.,output_cifs\add_atom_action\mp-676816_processed.cif
input_cifs\mp-676881.cif,Add Au at [5.62725171 3.35106395 0.03465138] to the cif file.,output_cifs\add_atom_action\mp-676881_processed.cif
input_cifs\mp-677725.cif,Add Nh at [ 2.35075646  0.6450395  22.50909169] to the cif file.,output_cifs\add_atom_action\mp-677725_processed.cif
input_cifs\mp-6800.cif,Add Np at [0.08828008 1.99768687 5.31806235] to the cif file.,output_cifs\add_atom_action\mp-6800_processed.cif
input_cifs\mp-680260.cif,Add Hs at [2.08657614 7.67112444 3.57650761] to the cif file.,output_cifs\add_atom_action\mp-680260_processed.cif
input_cifs\mp-684589.cif,Add K at [7.27630232 7.86440102 4.03447385] to the cif file.,output_cifs\add_atom_action\mp-684589_processed.cif
input_cifs\mp-684710.cif,Add Rh at [7.69113506 2.4138048  4.04376082] to the cif file.,output_cifs\add_atom_action\mp-684710_processed.cif
input_cifs\mp-685224.cif,Add Ag at [12.99390608  4.93279721  9.08754208] to the cif file.,output_cifs\add_atom_action\mp-685224_processed.cif
input_cifs\mp-685418.cif,Add Te at [5.84792997 5.17723715 0.06014349] to the cif file.,output_cifs\add_atom_action\mp-685418_processed.cif
input_cifs\mp-690493.cif,Add Sc at [1.01565507 4.79391636 4.50333414] to the cif file.,output_cifs\add_atom_action\mp-690493_processed.cif
input_cifs\mp-690517.cif,Add Cf at [4.87138167 1.28163113 2.04902747] to the cif file.,output_cifs\add_atom_action\mp-690517_processed.cif
input_cifs\mp-690674.cif,Add Ds at [2.34273648 3.04228593 3.24068557] to the cif file.,output_cifs\add_atom_action\mp-690674_processed.cif
input_cifs\mp-694979.cif,Add Zr at [10.5256567   3.88722516  0.45059599] to the cif file.,output_cifs\add_atom_action\mp-694979_processed.cif
input_cifs\mp-695946.cif,Add Yb at [ 0.13715085 -1.28444585  4.70411137] to the cif file.,output_cifs\add_atom_action\mp-695946_processed.cif
input_cifs\mp-696298.cif,Add Ca at [5.06830167 4.14802308 3.68854142] to the cif file.,output_cifs\add_atom_action\mp-696298_processed.cif
input_cifs\mp-696990.cif,Add Th at [ 8.10190588 11.30920514  6.07592278] to the cif file.,output_cifs\add_atom_action\mp-696990_processed.cif
input_cifs\mp-697075.cif,Add Ta at [7.15597035 6.56816625 4.25682582] to the cif file.,output_cifs\add_atom_action\mp-697075_processed.cif
input_cifs\mp-697458.cif,Add Zr at [0.97170764 6.36340629 8.85031189] to the cif file.,output_cifs\add_atom_action\mp-697458_processed.cif
input_cifs\mp-697721.cif,Add Xe at [1.53246893 3.1614109  2.18100769] to the cif file.,output_cifs\add_atom_action\mp-697721_processed.cif
input_cifs\mp-698312.cif,Add Er at [1.66118343 1.77998609 4.72039276] to the cif file.,output_cifs\add_atom_action\mp-698312_processed.cif
input_cifs\mp-7022.cif,Add Ds at [3.69351229 5.27218216 2.65167405] to the cif file.,output_cifs\add_atom_action\mp-7022_processed.cif
input_cifs\mp-703291.cif,Add Bh at [6.08713777 6.47566454 5.36445553] to the cif file.,output_cifs\add_atom_action\mp-703291_processed.cif
input_cifs\mp-704116.cif,Add I at [5.0546985  6.63758215 0.86702272] to the cif file.,output_cifs\add_atom_action\mp-704116_processed.cif
input_cifs\mp-704848.cif,Add Ar at [1.72260971 5.24194898 8.17915925] to the cif file.,output_cifs\add_atom_action\mp-704848_processed.cif
input_cifs\mp-705312.cif,Add Cn at [ 4.17502065  5.79889376 15.52537697] to the cif file.,output_cifs\add_atom_action\mp-705312_processed.cif
input_cifs\mp-706518.cif,Add Ga at [ 3.41062689  2.25790799 12.44488736] to the cif file.,output_cifs\add_atom_action\mp-706518_processed.cif
input_cifs\mp-706524.cif,Add Xe at [9.23604937 1.83914457 3.91578057] to the cif file.,output_cifs\add_atom_action\mp-706524_processed.cif
input_cifs\mp-707406.cif,Add Yb at [3.67730978 1.91597113 5.63564152] to the cif file.,output_cifs\add_atom_action\mp-707406_processed.cif
input_cifs\mp-707744.cif,Add Ds at [7.04337707 5.53568924 2.28730635] to the cif file.,output_cifs\add_atom_action\mp-707744_processed.cif
input_cifs\mp-707840.cif,Add Fr at [ 5.3606239  -2.2751488   6.32263343] to the cif file.,output_cifs\add_atom_action\mp-707840_processed.cif
input_cifs\mp-715457.cif,Add Be at [5.24807197 8.93459837 5.71119711] to the cif file.,output_cifs\add_atom_action\mp-715457_processed.cif
input_cifs\mp-715553.cif,Add V at [1.62903637 0.81865549 5.19084941] to the cif file.,output_cifs\add_atom_action\mp-715553_processed.cif
input_cifs\mp-720104.cif,Add I at [0.44084819 5.77480455 3.86864053] to the cif file.,output_cifs\add_atom_action\mp-720104_processed.cif
input_cifs\mp-720572.cif,Add Es at [ 0.30375059  6.88075927 12.90345173] to the cif file.,output_cifs\add_atom_action\mp-720572_processed.cif
input_cifs\mp-722790.cif,Add Er at [3.74439617 5.02718394 0.94446964] to the cif file.,output_cifs\add_atom_action\mp-722790_processed.cif
input_cifs\mp-722980.cif,Add N at [-2.18648894  6.12947033  1.6563538 ] to the cif file.,output_cifs\add_atom_action\mp-722980_processed.cif
input_cifs\mp-726672.cif,Add Np at [1.90737357 6.78244466 8.96514829] to the cif file.,output_cifs\add_atom_action\mp-726672_processed.cif
input_cifs\mp-7281.cif,Add Gd at [0.03742604 3.40541973 6.18868008] to the cif file.,output_cifs\add_atom_action\mp-7281_processed.cif
input_cifs\mp-728374.cif,Add Tc at [3.25637426 2.93283928 4.39468737] to the cif file.,output_cifs\add_atom_action\mp-728374_processed.cif
input_cifs\mp-731813.cif,Add Ge at [2.94729861 4.28193113 2.24215649] to the cif file.,output_cifs\add_atom_action\mp-731813_processed.cif
input_cifs\mp-732021.cif,Add Cl at [6.37169604 5.05622298 2.15298555] to the cif file.,output_cifs\add_atom_action\mp-732021_processed.cif
input_cifs\mp-734013.cif,Add Pt at [8.24141754 3.27340083 6.66907366] to the cif file.,output_cifs\add_atom_action\mp-734013_processed.cif
input_cifs\mp-738609.cif,Add Db at [ 5.0362168   7.22716785 11.6129612 ] to the cif file.,output_cifs\add_atom_action\mp-738609_processed.cif
input_cifs\mp-752590.cif,Add La at [5.91840591 5.09164972 1.47358519] to the cif file.,output_cifs\add_atom_action\mp-752590_processed.cif
input_cifs\mp-752623.cif,Add K at [3.91391581 7.82864192 4.4123225 ] to the cif file.,output_cifs\add_atom_action\mp-752623_processed.cif
input_cifs\mp-752859.cif,Add Fm at [2.07779925 5.42060039 4.89414742] to the cif file.,output_cifs\add_atom_action\mp-752859_processed.cif
input_cifs\mp-752896.cif,Add Lr at [-1.94588676  3.54481985 15.85230388] to the cif file.,output_cifs\add_atom_action\mp-752896_processed.cif
input_cifs\mp-752915.cif,Add I at [0.29471454 3.69831522 3.48950123] to the cif file.,output_cifs\add_atom_action\mp-752915_processed.cif
input_cifs\mp-752916.cif,Add Mn at [ 4.06241276 -1.62792011  4.37778316] to the cif file.,output_cifs\add_atom_action\mp-752916_processed.cif
input_cifs\mp-752972.cif,Add Fe at [1.83020499 5.04622349 3.8084602 ] to the cif file.,output_cifs\add_atom_action\mp-752972_processed.cif
input_cifs\mp-753000.cif,Add Db at [3.72401551 2.62360889 3.18559433] to the cif file.,output_cifs\add_atom_action\mp-753000_processed.cif
input_cifs\mp-753018.cif,Add Sr at [4.99096367 7.1824231  3.52248968] to the cif file.,output_cifs\add_atom_action\mp-753018_processed.cif
input_cifs\mp-753047.cif,Add O at [5.32659871 5.31273322 0.36057157] to the cif file.,output_cifs\add_atom_action\mp-753047_processed.cif
input_cifs\mp-753220.cif,Add Mg at [3.62020348 2.23271923 1.67655254] to the cif file.,output_cifs\add_atom_action\mp-753220_processed.cif
input_cifs\mp-753282.cif,Add Pr at [1.29821325 5.33178264 0.80764704] to the cif file.,output_cifs\add_atom_action\mp-753282_processed.cif
input_cifs\mp-753309.cif,Add I at [6.5007459  1.2241103  3.61635548] to the cif file.,output_cifs\add_atom_action\mp-753309_processed.cif
input_cifs\mp-753322.cif,Add Y at [6.21409672 0.1967421  2.91342699] to the cif file.,output_cifs\add_atom_action\mp-753322_processed.cif
input_cifs\mp-753612.cif,Add Np at [1.91196094 4.75835116 0.46070811] to the cif file.,output_cifs\add_atom_action\mp-753612_processed.cif
input_cifs\mp-753724.cif,Add Ho at [2.61098228 1.91853296 4.39628561] to the cif file.,output_cifs\add_atom_action\mp-753724_processed.cif
input_cifs\mp-753992.cif,Add Lv at [8.81538618 2.88543271 3.42963675] to the cif file.,output_cifs\add_atom_action\mp-753992_processed.cif
input_cifs\mp-754070.cif,Add Bk at [4.5951879  2.12567493 0.45297195] to the cif file.,output_cifs\add_atom_action\mp-754070_processed.cif
input_cifs\mp-754274.cif,Add Fe at [4.95634252 5.93857138 1.94137292] to the cif file.,output_cifs\add_atom_action\mp-754274_processed.cif
input_cifs\mp-754345.cif,Add Rn at [5.17818576 3.23548028 3.06234952] to the cif file.,output_cifs\add_atom_action\mp-754345_processed.cif
input_cifs\mp-754644.cif,Add Nh at [5.52928912 2.27083841 2.96213785] to the cif file.,output_cifs\add_atom_action\mp-754644_processed.cif
input_cifs\mp-754745.cif,Add In at [2.61759096 4.74448911 0.97573931] to the cif file.,output_cifs\add_atom_action\mp-754745_processed.cif
input_cifs\mp-754794.cif,Add Ra at [2.84836112 5.97729369 5.62487957] to the cif file.,output_cifs\add_atom_action\mp-754794_processed.cif
input_cifs\mp-754886.cif,Add Db at [6.36226558 1.13617388 2.26413782] to the cif file.,output_cifs\add_atom_action\mp-754886_processed.cif
input_cifs\mp-755114.cif,Add Zn at [3.05468455 1.84381307 3.99531193] to the cif file.,output_cifs\add_atom_action\mp-755114_processed.cif
input_cifs\mp-755229.cif,Add Xe at [4.74994571 6.38187378 7.7278085 ] to the cif file.,output_cifs\add_atom_action\mp-755229_processed.cif
input_cifs\mp-755317.cif,Add Sg at [4.8625592  3.80048222 2.48965658] to the cif file.,output_cifs\add_atom_action\mp-755317_processed.cif
input_cifs\mp-755498.cif,Add Pm at [ 1.52641441 -1.17811978  2.80683127] to the cif file.,output_cifs\add_atom_action\mp-755498_processed.cif
input_cifs\mp-755582.cif,Add Au at [0.91522911 1.28965379 0.62435478] to the cif file.,output_cifs\add_atom_action\mp-755582_processed.cif
input_cifs\mp-755926.cif,Add Ti at [1.46649124 1.25989981 0.65090421] to the cif file.,output_cifs\add_atom_action\mp-755926_processed.cif
input_cifs\mp-755997.cif,Add Pa at [2.050421   2.3950034  6.74964114] to the cif file.,output_cifs\add_atom_action\mp-755997_processed.cif
input_cifs\mp-756062.cif,Add Ir at [0.90662694 5.45112487 4.24937698] to the cif file.,output_cifs\add_atom_action\mp-756062_processed.cif
input_cifs\mp-756382.cif,Add Re at [4.88904743 0.84791993 4.17233312] to the cif file.,output_cifs\add_atom_action\mp-756382_processed.cif
input_cifs\mp-756670.cif,Add Sn at [6.78068407 5.21150339 4.00230593] to the cif file.,output_cifs\add_atom_action\mp-756670_processed.cif
input_cifs\mp-756859.cif,Add Np at [9.58028829 3.01111154 2.66824999] to the cif file.,output_cifs\add_atom_action\mp-756859_processed.cif
input_cifs\mp-756990.cif,Add Y at [6.43692063 4.28978172 2.57252094] to the cif file.,output_cifs\add_atom_action\mp-756990_processed.cif
input_cifs\mp-757189.cif,Add Ge at [2.87681928 3.78976321 3.23032381] to the cif file.,output_cifs\add_atom_action\mp-757189_processed.cif
input_cifs\mp-757311.cif,Add Mg at [5.60178774 0.4813435  1.46125286] to the cif file.,output_cifs\add_atom_action\mp-757311_processed.cif
input_cifs\mp-757314.cif,Add La at [0.72050152 6.40153463 1.09212487] to the cif file.,output_cifs\add_atom_action\mp-757314_processed.cif
input_cifs\mp-757440.cif,Add Gd at [5.49187009 4.26508343 4.43362195] to the cif file.,output_cifs\add_atom_action\mp-757440_processed.cif
input_cifs\mp-757579.cif,Add At at [ 0.83552228 10.45967501 13.26341496] to the cif file.,output_cifs\add_atom_action\mp-757579_processed.cif
input_cifs\mp-757665.cif,Add Ra at [ 3.96864654  0.80222832 12.97756695] to the cif file.,output_cifs\add_atom_action\mp-757665_processed.cif
input_cifs\mp-757787.cif,Add V at [2.6815479  1.60114832 0.50563621] to the cif file.,output_cifs\add_atom_action\mp-757787_processed.cif
input_cifs\mp-758534.cif,Add Ta at [4.65458001 6.71818703 7.14173428] to the cif file.,output_cifs\add_atom_action\mp-758534_processed.cif
input_cifs\mp-758565.cif,Add P at [2.54385605 3.25392543 7.17165052] to the cif file.,output_cifs\add_atom_action\mp-758565_processed.cif
input_cifs\mp-758722.cif,Add Fr at [5.8172643  1.87272533 8.26247691] to the cif file.,output_cifs\add_atom_action\mp-758722_processed.cif
input_cifs\mp-758858.cif,Add Na at [ 2.02571755 11.93215107  2.86831093] to the cif file.,output_cifs\add_atom_action\mp-758858_processed.cif
input_cifs\mp-759080.cif,Add Os at [2.76238738 1.70218714 1.25365837] to the cif file.,output_cifs\add_atom_action\mp-759080_processed.cif
input_cifs\mp-759482.cif,Add Sc at [5.11618571 5.89426942 1.98458079] to the cif file.,output_cifs\add_atom_action\mp-759482_processed.cif
input_cifs\mp-759507.cif,Add Be at [0.72140953 3.93873267 9.43831519] to the cif file.,output_cifs\add_atom_action\mp-759507_processed.cif
input_cifs\mp-759524.cif,Add Er at [2.38532085 3.73747773 0.22131973] to the cif file.,output_cifs\add_atom_action\mp-759524_processed.cif
input_cifs\mp-759607.cif,Add S at [ 5.78742999 -2.99420624  9.44501915] to the cif file.,output_cifs\add_atom_action\mp-759607_processed.cif
input_cifs\mp-759656.cif,Add Hg at [3.94316805 3.92724004 4.46239542] to the cif file.,output_cifs\add_atom_action\mp-759656_processed.cif
input_cifs\mp-759790.cif,Add F at [4.53945425 1.06128899 0.61742346] to the cif file.,output_cifs\add_atom_action\mp-759790_processed.cif
input_cifs\mp-759809.cif,Add La at [ 2.90561561 -0.80350216  7.21067513] to the cif file.,output_cifs\add_atom_action\mp-759809_processed.cif
input_cifs\mp-760193.cif,Add Se at [1.86833823 8.70087266 0.86944971] to the cif file.,output_cifs\add_atom_action\mp-760193_processed.cif
input_cifs\mp-760300.cif,Add Ga at [ 9.23654986 -0.06188275  0.24072296] to the cif file.,output_cifs\add_atom_action\mp-760300_processed.cif
input_cifs\mp-761082.cif,Add Cd at [3.78304644 4.34184632 3.38366913] to the cif file.,output_cifs\add_atom_action\mp-761082_processed.cif
input_cifs\mp-761112.cif,Add Ar at [5.31114434 5.68895397 7.20006427] to the cif file.,output_cifs\add_atom_action\mp-761112_processed.cif
input_cifs\mp-7614.cif,Add Ga at [6.44710345 6.28863209 0.69311273] to the cif file.,output_cifs\add_atom_action\mp-7614_processed.cif
input_cifs\mp-762304.cif,Add In at [-0.36976392  4.34634491  4.04910786] to the cif file.,output_cifs\add_atom_action\mp-762304_processed.cif
input_cifs\mp-7625.cif,Add Cm at [1.46726425 1.00585187 7.80224589] to the cif file.,output_cifs\add_atom_action\mp-7625_processed.cif
input_cifs\mp-762521.cif,Add Ra at [0.55005175 4.92991208 3.04990178] to the cif file.,output_cifs\add_atom_action\mp-762521_processed.cif
input_cifs\mp-763259.cif,Add Md at [3.44427509 1.98053864 4.85495641] to the cif file.,output_cifs\add_atom_action\mp-763259_processed.cif
input_cifs\mp-763484.cif,Add Mg at [2.45617089 5.64839313 0.57171811] to the cif file.,output_cifs\add_atom_action\mp-763484_processed.cif
input_cifs\mp-763920.cif,Add Ba at [1.32245392 1.79913218 1.08428268] to the cif file.,output_cifs\add_atom_action\mp-763920_processed.cif
input_cifs\mp-765709.cif,Add Po at [4.77573483 2.03247582 5.87327963] to the cif file.,output_cifs\add_atom_action\mp-765709_processed.cif
input_cifs\mp-766040.cif,Add Rg at [2.79617843 2.40115167 8.00805449] to the cif file.,output_cifs\add_atom_action\mp-766040_processed.cif
input_cifs\mp-766051.cif,Add Tm at [1.24958939 3.25983053 0.2792776 ] to the cif file.,output_cifs\add_atom_action\mp-766051_processed.cif
input_cifs\mp-766137.cif,Add Dy at [3.13045035 2.39704811 5.79231052] to the cif file.,output_cifs\add_atom_action\mp-766137_processed.cif
input_cifs\mp-766408.cif,Add Am at [-0.38565374  0.9905059   2.36870444] to the cif file.,output_cifs\add_atom_action\mp-766408_processed.cif
input_cifs\mp-766447.cif,Add Ne at [6.23017221 1.45180598 0.19573934] to the cif file.,output_cifs\add_atom_action\mp-766447_processed.cif
input_cifs\mp-766539.cif,Add P at [5.44156183 8.14221395 8.01339809] to the cif file.,output_cifs\add_atom_action\mp-766539_processed.cif
input_cifs\mp-768276.cif,Add Nb at [ 5.46093177 -3.65100078  3.02320693] to the cif file.,output_cifs\add_atom_action\mp-768276_processed.cif
input_cifs\mp-768373.cif,Add Gd at [4.01736236 6.21030628 2.07426961] to the cif file.,output_cifs\add_atom_action\mp-768373_processed.cif
input_cifs\mp-768854.cif,Add Fl at [0.31690781 5.71371235 2.75652673] to the cif file.,output_cifs\add_atom_action\mp-768854_processed.cif
input_cifs\mp-768859.cif,Add He at [2.06974202 1.93893853 2.28038569] to the cif file.,output_cifs\add_atom_action\mp-768859_processed.cif
input_cifs\mp-769049.cif,Add Sc at [3.95012617 6.74463129 7.86664841] to the cif file.,output_cifs\add_atom_action\mp-769049_processed.cif
input_cifs\mp-769346.cif,Add Er at [ 4.96655151  3.41426748 10.49284786] to the cif file.,output_cifs\add_atom_action\mp-769346_processed.cif
input_cifs\mp-769383.cif,Add Yb at [0.48063063 6.1471055  5.58882894] to the cif file.,output_cifs\add_atom_action\mp-769383_processed.cif
input_cifs\mp-770406.cif,Add Nd at [1.34774168 0.53285756 4.46665366] to the cif file.,output_cifs\add_atom_action\mp-770406_processed.cif
input_cifs\mp-770508.cif,Add Lv at [0.28814949 1.39000701 7.6377511 ] to the cif file.,output_cifs\add_atom_action\mp-770508_processed.cif
input_cifs\mp-770714.cif,Add Cs at [1.86695903 4.90453777 6.19405365] to the cif file.,output_cifs\add_atom_action\mp-770714_processed.cif
input_cifs\mp-770847.cif,Add Y at [ 0.75815678  6.01063741 10.06072728] to the cif file.,output_cifs\add_atom_action\mp-770847_processed.cif
input_cifs\mp-770865.cif,Add H at [7.6388647  6.48365155 6.97644947] to the cif file.,output_cifs\add_atom_action\mp-770865_processed.cif
input_cifs\mp-770898.cif,Add Ru at [0.7966698  4.20912851 5.45989453] to the cif file.,output_cifs\add_atom_action\mp-770898_processed.cif
input_cifs\mp-770995.cif,Add V at [1.27922864 2.99541776 9.54386688] to the cif file.,output_cifs\add_atom_action\mp-770995_processed.cif
input_cifs\mp-771674.cif,Add Fm at [11.11914694  4.0961019   3.98326467] to the cif file.,output_cifs\add_atom_action\mp-771674_processed.cif
input_cifs\mp-772172.cif,Add Ga at [8.74821171 3.57442813 4.16102965] to the cif file.,output_cifs\add_atom_action\mp-772172_processed.cif
input_cifs\mp-772550.cif,Add O at [4.1463764  6.67791242 2.46696563] to the cif file.,output_cifs\add_atom_action\mp-772550_processed.cif
input_cifs\mp-772610.cif,Add Ce at [0.27376157 1.23488361 0.67085213] to the cif file.,output_cifs\add_atom_action\mp-772610_processed.cif
input_cifs\mp-772749.cif,Add Ce at [2.28966494 4.71823561 2.76888986] to the cif file.,output_cifs\add_atom_action\mp-772749_processed.cif
input_cifs\mp-772763.cif,Add Pa at [4.60041969 1.52321273 4.40884727] to the cif file.,output_cifs\add_atom_action\mp-772763_processed.cif
input_cifs\mp-772999.cif,Add Mc at [4.29426142 0.17344809 5.72778903] to the cif file.,output_cifs\add_atom_action\mp-772999_processed.cif
input_cifs\mp-773070.cif,Add P at [6.16556933 1.78716162 9.21040715] to the cif file.,output_cifs\add_atom_action\mp-773070_processed.cif
input_cifs\mp-774146.cif,Add Cs at [1.43461605 2.11364728 0.99181538] to the cif file.,output_cifs\add_atom_action\mp-774146_processed.cif
input_cifs\mp-774370.cif,Add Po at [9.87551028 6.75064948 5.74661205] to the cif file.,output_cifs\add_atom_action\mp-774370_processed.cif
input_cifs\mp-774459.cif,Add Fe at [-2.45562617  2.22097249 15.05122184] to the cif file.,output_cifs\add_atom_action\mp-774459_processed.cif
input_cifs\mp-774822.cif,Add Se at [5.40499431 3.60185839 1.06326187] to the cif file.,output_cifs\add_atom_action\mp-774822_processed.cif
input_cifs\mp-774929.cif,Add Pm at [3.16185352 4.41419965 4.01677303] to the cif file.,output_cifs\add_atom_action\mp-774929_processed.cif
input_cifs\mp-774940.cif,Add Co at [9.49978307 8.06409398 4.76459868] to the cif file.,output_cifs\add_atom_action\mp-774940_processed.cif
input_cifs\mp-775126.cif,Add Te at [ 4.86433411  1.28387844 13.23575661] to the cif file.,output_cifs\add_atom_action\mp-775126_processed.cif
input_cifs\mp-775216.cif,Add O at [6.01160536 6.2415735  4.40703855] to the cif file.,output_cifs\add_atom_action\mp-775216_processed.cif
input_cifs\mp-775224.cif,Add Hg at [15.24408393  7.83924441  5.4139271 ] to the cif file.,output_cifs\add_atom_action\mp-775224_processed.cif
input_cifs\mp-775268.cif,Add Ru at [-0.74801307  0.94596563 18.70217423] to the cif file.,output_cifs\add_atom_action\mp-775268_processed.cif
input_cifs\mp-775340.cif,Add Pb at [4.21451608 6.10410648 2.39634981] to the cif file.,output_cifs\add_atom_action\mp-775340_processed.cif
input_cifs\mp-775989.cif,Add Ga at [7.40418591 8.75794095 3.84980339] to the cif file.,output_cifs\add_atom_action\mp-775989_processed.cif
input_cifs\mp-776097.cif,Add Eu at [ 2.75162796  0.62368988 10.89605888] to the cif file.,output_cifs\add_atom_action\mp-776097_processed.cif
input_cifs\mp-776529.cif,Add Og at [-1.71252278  7.52469122  4.74276131] to the cif file.,output_cifs\add_atom_action\mp-776529_processed.cif
input_cifs\mp-7767.cif,Add Mn at [1.669513   2.74481794 0.65946273] to the cif file.,output_cifs\add_atom_action\mp-7767_processed.cif
input_cifs\mp-776873.cif,Add P at [ 4.65991936 -0.20361538  1.88662867] to the cif file.,output_cifs\add_atom_action\mp-776873_processed.cif
input_cifs\mp-777288.cif,Add Es at [1.02193383 4.67394093 4.11757252] to the cif file.,output_cifs\add_atom_action\mp-777288_processed.cif
input_cifs\mp-777458.cif,Add Eu at [3.97354669 0.08775296 5.72884127] to the cif file.,output_cifs\add_atom_action\mp-777458_processed.cif
input_cifs\mp-777764.cif,Add Rb at [2.95730462 1.28569796 8.05715633] to the cif file.,output_cifs\add_atom_action\mp-777764_processed.cif
input_cifs\mp-778141.cif,Add He at [2.56859335 2.15010804 5.57906927] to the cif file.,output_cifs\add_atom_action\mp-778141_processed.cif
input_cifs\mp-778158.cif,Add Mg at [-0.51479982  4.09637943 20.19138873] to the cif file.,output_cifs\add_atom_action\mp-778158_processed.cif
input_cifs\mp-778252.cif,Add Be at [ 5.48122881 12.23711816 12.1643879 ] to the cif file.,output_cifs\add_atom_action\mp-778252_processed.cif
input_cifs\mp-778260.cif,Add Sm at [2.16663531 7.37803708 1.38803693] to the cif file.,output_cifs\add_atom_action\mp-778260_processed.cif
input_cifs\mp-779095.cif,Add In at [2.71388507 3.41637054 5.79030447] to the cif file.,output_cifs\add_atom_action\mp-779095_processed.cif
input_cifs\mp-779789.cif,Add Lv at [ 0.35310282  3.51648555 14.44297568] to the cif file.,output_cifs\add_atom_action\mp-779789_processed.cif
input_cifs\mp-780121.cif,Add Bh at [1.6017082  0.82536572 3.34702399] to the cif file.,output_cifs\add_atom_action\mp-780121_processed.cif
input_cifs\mp-780175.cif,Add Bk at [2.84232769 6.46593945 8.28984464] to the cif file.,output_cifs\add_atom_action\mp-780175_processed.cif
input_cifs\mp-780392.cif,Add Cm at [2.46001955 5.47452667 6.00011461] to the cif file.,output_cifs\add_atom_action\mp-780392_processed.cif
input_cifs\mp-780797.cif,Add V at [ 2.79088373  2.74863692 13.8759065 ] to the cif file.,output_cifs\add_atom_action\mp-780797_processed.cif
input_cifs\mp-782009.cif,Add Rh at [ 2.37710909 -0.09098807 14.2559143 ] to the cif file.,output_cifs\add_atom_action\mp-782009_processed.cif
input_cifs\mp-7926.cif,Add Lr at [-0.02863906  2.5060689  11.76862026] to the cif file.,output_cifs\add_atom_action\mp-7926_processed.cif
input_cifs\mp-803628.cif,Add Og at [0.04818703 0.42379892 8.10746445] to the cif file.,output_cifs\add_atom_action\mp-803628_processed.cif
input_cifs\mp-8058.cif,Add Ta at [1.93113663 1.35771025 1.94233178] to the cif file.,output_cifs\add_atom_action\mp-8058_processed.cif
input_cifs\mp-807001.cif,Add Ti at [5.28074733 0.14429657 4.3968793 ] to the cif file.,output_cifs\add_atom_action\mp-807001_processed.cif
input_cifs\mp-818638.cif,Add Mt at [10.06299042  2.5998797   1.03419187] to the cif file.,output_cifs\add_atom_action\mp-818638_processed.cif
input_cifs\mp-850260.cif,Add Hf at [4.30130508 2.79370992 3.4558082 ] to the cif file.,output_cifs\add_atom_action\mp-850260_processed.cif
input_cifs\mp-850784.cif,Add Al at [1.26638022 2.2539551  0.04793696] to the cif file.,output_cifs\add_atom_action\mp-850784_processed.cif
input_cifs\mp-850942.cif,Add Pb at [ 4.56646664  4.15667976 12.0594504 ] to the cif file.,output_cifs\add_atom_action\mp-850942_processed.cif
input_cifs\mp-861324.cif,Add Mn at [3.64016384 6.378086   5.87373337] to the cif file.,output_cifs\add_atom_action\mp-861324_processed.cif
input_cifs\mp-861689.cif,Add P at [6.90566536 3.55733619 0.01507574] to the cif file.,output_cifs\add_atom_action\mp-861689_processed.cif
input_cifs\mp-863022.cif,Add Bi at [1.49015886 2.28704542 6.11154137] to the cif file.,output_cifs\add_atom_action\mp-863022_processed.cif
input_cifs\mp-863365.cif,Add At at [4.92195689 6.80552924 1.77471653] to the cif file.,output_cifs\add_atom_action\mp-863365_processed.cif
input_cifs\mp-863428.cif,Add Tc at [21.68172052  0.50874813  4.06436664] to the cif file.,output_cifs\add_atom_action\mp-863428_processed.cif
input_cifs\mp-863754.cif,Add Xe at [5.07829325 5.29471172 5.17673985] to the cif file.,output_cifs\add_atom_action\mp-863754_processed.cif
input_cifs\mp-865205.cif,Add Kr at [ 6.41538371 -0.51866035 10.37194771] to the cif file.,output_cifs\add_atom_action\mp-865205_processed.cif
input_cifs\mp-866298.cif,Add Db at [4.85081467 8.80036629 6.84376799] to the cif file.,output_cifs\add_atom_action\mp-866298_processed.cif
input_cifs\mp-866520.cif,Add Pa at [6.93069105 1.28385874 1.91725643] to the cif file.,output_cifs\add_atom_action\mp-866520_processed.cif
input_cifs\mp-867606.cif,Add Mc at [5.35208608 3.23880991 3.1291335 ] to the cif file.,output_cifs\add_atom_action\mp-867606_processed.cif
input_cifs\mp-881189.cif,Add Pa at [-0.07633807 -1.43633984  5.67454923] to the cif file.,output_cifs\add_atom_action\mp-881189_processed.cif
input_cifs\mp-9275.cif,Add Fm at [ 3.29638132  4.61506145 18.64474472] to the cif file.,output_cifs\add_atom_action\mp-9275_processed.cif
input_cifs\mp-9324.cif,Add Fl at [-1.42045847  5.80777621  1.39282752] to the cif file.,output_cifs\add_atom_action\mp-9324_processed.cif
input_cifs\mp-935710.cif,Add Cd at [ 3.98759334 -1.03528434  3.30606558] to the cif file.,output_cifs\add_atom_action\mp-935710_processed.cif
input_cifs\mp-9403.cif,Add Zn at [2.08727536 7.66327998 2.38844618] to the cif file.,output_cifs\add_atom_action\mp-9403_processed.cif
input_cifs\mp-9417.cif,Add Pa at [-0.47918964  2.94801335  4.01512786] to the cif file.,output_cifs\add_atom_action\mp-9417_processed.cif
input_cifs\mp-978989.cif,Add Al at [4.08343068 2.33062624 2.09312696] to the cif file.,output_cifs\add_atom_action\mp-978989_processed.cif
input_cifs\mp-979264.cif,Add Sm at [5.98222174 2.65577371 1.42667181] to the cif file.,output_cifs\add_atom_action\mp-979264_processed.cif
input_cifs\mp-982385.cif,Add Rf at [6.05396775 7.94202199 0.9894995 ] to the cif file.,output_cifs\add_atom_action\mp-982385_processed.cif
input_cifs\mp-985468.cif,Add Be at [0.42655976 3.75243532 3.34548784] to the cif file.,output_cifs\add_atom_action\mp-985468_processed.cif
input_cifs\mp-991772.cif,Add Na at [0.68469528 2.85423734 6.69771561] to the cif file.,output_cifs\add_atom_action\mp-991772_processed.cif
input_cifs\mp-997585.cif,Add Bi at [1.31803868 5.03973466 5.21355085] to the cif file.,output_cifs\add_atom_action\mp-997585_processed.cif
input_cifs\mp-998746.cif,Add Fm at [0.40932919 6.18068383 9.41346918] to the cif file.,output_cifs\add_atom_action\mp-998746_processed.cif
