input_cif,action_prompt,output_cif
input_cifs\mp-1013842.cif,Change atom at index 29 to Pa in the cif file.,output_cifs\change_atom_action\mp-1013842_processed.cif
input_cifs\mp-1015026.cif,Change atom at index 1 to Cn in the cif file.,output_cifs\change_atom_action\mp-1015026_processed.cif
input_cifs\mp-1016569.cif,Change atom at index 2 to Am in the cif file.,output_cifs\change_atom_action\mp-1016569_processed.cif
input_cifs\mp-1016660.cif,Change atom at index 1 to B in the cif file.,output_cifs\change_atom_action\mp-1016660_processed.cif
input_cifs\mp-1020181.cif,Change atom at index 4 to Cu in the cif file.,output_cifs\change_atom_action\mp-1020181_processed.cif
input_cifs\mp-1020716.cif,Change atom at index 15 to Og in the cif file.,output_cifs\change_atom_action\mp-1020716_processed.cif
input_cifs\mp-1021278.cif,Change atom at index 2 to No in the cif file.,output_cifs\change_atom_action\mp-1021278_processed.cif
input_cifs\mp-1021658.cif,Change atom at index 13 to Se in the cif file.,output_cifs\change_atom_action\mp-1021658_processed.cif
input_cifs\mp-1021682.cif,Change atom at index 5 to Pr in the cif file.,output_cifs\change_atom_action\mp-1021682_processed.cif
input_cifs\mp-1022203.cif,Change atom at index 4 to Pm in the cif file.,output_cifs\change_atom_action\mp-1022203_processed.cif
input_cifs\mp-1026634.cif,Change atom at index 14 to Na in the cif file.,output_cifs\change_atom_action\mp-1026634_processed.cif
input_cifs\mp-1026773.cif,Change atom at index 13 to Ds in the cif file.,output_cifs\change_atom_action\mp-1026773_processed.cif
input_cifs\mp-1026775.cif,Change atom at index 4 to Os in the cif file.,output_cifs\change_atom_action\mp-1026775_processed.cif
input_cifs\mp-1026818.cif,Change atom at index 11 to Am in the cif file.,output_cifs\change_atom_action\mp-1026818_processed.cif
input_cifs\mp-1026852.cif,Change atom at index 7 to P in the cif file.,output_cifs\change_atom_action\mp-1026852_processed.cif
input_cifs\mp-1026901.cif,Change atom at index 8 to Rg in the cif file.,output_cifs\change_atom_action\mp-1026901_processed.cif
input_cifs\mp-1027134.cif,Change atom at index 11 to Cr in the cif file.,output_cifs\change_atom_action\mp-1027134_processed.cif
input_cifs\mp-1027152.cif,Change atom at index 10 to Tl in the cif file.,output_cifs\change_atom_action\mp-1027152_processed.cif
input_cifs\mp-1027852.cif,Change atom at index 1 to Mo in the cif file.,output_cifs\change_atom_action\mp-1027852_processed.cif
input_cifs\mp-1027965.cif,Change atom at index 3 to Te in the cif file.,output_cifs\change_atom_action\mp-1027965_processed.cif
input_cifs\mp-1027971.cif,Change atom at index 4 to Re in the cif file.,output_cifs\change_atom_action\mp-1027971_processed.cif
input_cifs\mp-1028124.cif,Change atom at index 3 to Hs in the cif file.,output_cifs\change_atom_action\mp-1028124_processed.cif
input_cifs\mp-1028136.cif,Change atom at index 1 to V in the cif file.,output_cifs\change_atom_action\mp-1028136_processed.cif
input_cifs\mp-1028229.cif,Change atom at index 8 to Cu in the cif file.,output_cifs\change_atom_action\mp-1028229_processed.cif
input_cifs\mp-1028374.cif,Change atom at index 12 to Fr in the cif file.,output_cifs\change_atom_action\mp-1028374_processed.cif
input_cifs\mp-1028383.cif,Change atom at index 8 to Bh in the cif file.,output_cifs\change_atom_action\mp-1028383_processed.cif
input_cifs\mp-1028854.cif,Change atom at index 11 to Bk in the cif file.,output_cifs\change_atom_action\mp-1028854_processed.cif
input_cifs\mp-1029113.cif,Change atom at index 9 to Ra in the cif file.,output_cifs\change_atom_action\mp-1029113_processed.cif
input_cifs\mp-1029368.cif,Change atom at index 5 to H in the cif file.,output_cifs\change_atom_action\mp-1029368_processed.cif
input_cifs\mp-1031131.cif,Change atom at index 10 to Ga in the cif file.,output_cifs\change_atom_action\mp-1031131_processed.cif
input_cifs\mp-1032360.cif,Change atom at index 9 to Kr in the cif file.,output_cifs\change_atom_action\mp-1032360_processed.cif
input_cifs\mp-1033383.cif,Change atom at index 8 to Cl in the cif file.,output_cifs\change_atom_action\mp-1033383_processed.cif
input_cifs\mp-1034355.cif,Change atom at index 16 to Gd in the cif file.,output_cifs\change_atom_action\mp-1034355_processed.cif
input_cifs\mp-1035597.cif,Change atom at index 8 to Bk in the cif file.,output_cifs\change_atom_action\mp-1035597_processed.cif
input_cifs\mp-1035800.cif,Change atom at index 20 to Zn in the cif file.,output_cifs\change_atom_action\mp-1035800_processed.cif
input_cifs\mp-1037450.cif,Change atom at index 0 to Ti in the cif file.,output_cifs\change_atom_action\mp-1037450_processed.cif
input_cifs\mp-1038247.cif,Change atom at index 49 to Fr in the cif file.,output_cifs\change_atom_action\mp-1038247_processed.cif
input_cifs\mp-1038590.cif,Change atom at index 2 to Bi in the cif file.,output_cifs\change_atom_action\mp-1038590_processed.cif
input_cifs\mp-1038638.cif,Change atom at index 54 to H in the cif file.,output_cifs\change_atom_action\mp-1038638_processed.cif
input_cifs\mp-1039951.cif,Change atom at index 5 to Nb in the cif file.,output_cifs\change_atom_action\mp-1039951_processed.cif
input_cifs\mp-1040370.cif,Change atom at index 32 to Hg in the cif file.,output_cifs\change_atom_action\mp-1040370_processed.cif
input_cifs\mp-1041045.cif,Change atom at index 15 to Fe in the cif file.,output_cifs\change_atom_action\mp-1041045_processed.cif
input_cifs\mp-1041056.cif,Change atom at index 34 to Yb in the cif file.,output_cifs\change_atom_action\mp-1041056_processed.cif
input_cifs\mp-1041213.cif,Change atom at index 16 to Yb in the cif file.,output_cifs\change_atom_action\mp-1041213_processed.cif
input_cifs\mp-1042028.cif,Change atom at index 1 to Pb in the cif file.,output_cifs\change_atom_action\mp-1042028_processed.cif
input_cifs\mp-1042158.cif,Change atom at index 5 to Rg in the cif file.,output_cifs\change_atom_action\mp-1042158_processed.cif
input_cifs\mp-1042205.cif,Change atom at index 20 to Ir in the cif file.,output_cifs\change_atom_action\mp-1042205_processed.cif
input_cifs\mp-1042378.cif,Change atom at index 16 to Sb in the cif file.,output_cifs\change_atom_action\mp-1042378_processed.cif
input_cifs\mp-1042415.cif,Change atom at index 38 to Os in the cif file.,output_cifs\change_atom_action\mp-1042415_processed.cif
input_cifs\mp-1042656.cif,Change atom at index 1 to Kr in the cif file.,output_cifs\change_atom_action\mp-1042656_processed.cif
input_cifs\mp-1042677.cif,Change atom at index 31 to V in the cif file.,output_cifs\change_atom_action\mp-1042677_processed.cif
input_cifs\mp-1042685.cif,Change atom at index 83 to Fl in the cif file.,output_cifs\change_atom_action\mp-1042685_processed.cif
input_cifs\mp-1042896.cif,Change atom at index 10 to Ge in the cif file.,output_cifs\change_atom_action\mp-1042896_processed.cif
input_cifs\mp-1043828.cif,Change atom at index 33 to Zr in the cif file.,output_cifs\change_atom_action\mp-1043828_processed.cif
input_cifs\mp-1044049.cif,Change atom at index 31 to Ho in the cif file.,output_cifs\change_atom_action\mp-1044049_processed.cif
input_cifs\mp-1044636.cif,Change atom at index 26 to Rh in the cif file.,output_cifs\change_atom_action\mp-1044636_processed.cif
input_cifs\mp-1045786.cif,Change atom at index 11 to Mo in the cif file.,output_cifs\change_atom_action\mp-1045786_processed.cif
input_cifs\mp-1045992.cif,Change atom at index 11 to Bi in the cif file.,output_cifs\change_atom_action\mp-1045992_processed.cif
input_cifs\mp-1046286.cif,Change atom at index 12 to Rn in the cif file.,output_cifs\change_atom_action\mp-1046286_processed.cif
input_cifs\mp-1047007.cif,Change atom at index 13 to Pa in the cif file.,output_cifs\change_atom_action\mp-1047007_processed.cif
input_cifs\mp-1047085.cif,Change atom at index 11 to Rb in the cif file.,output_cifs\change_atom_action\mp-1047085_processed.cif
input_cifs\mp-1047504.cif,Change atom at index 0 to Pd in the cif file.,output_cifs\change_atom_action\mp-1047504_processed.cif
input_cifs\mp-1047641.cif,Change atom at index 13 to Tl in the cif file.,output_cifs\change_atom_action\mp-1047641_processed.cif
input_cifs\mp-1047798.cif,Change atom at index 1 to Si in the cif file.,output_cifs\change_atom_action\mp-1047798_processed.cif
input_cifs\mp-1048141.cif,Change atom at index 4 to Be in the cif file.,output_cifs\change_atom_action\mp-1048141_processed.cif
input_cifs\mp-1048241.cif,Change atom at index 26 to Ts in the cif file.,output_cifs\change_atom_action\mp-1048241_processed.cif
input_cifs\mp-1048742.cif,Change atom at index 24 to V in the cif file.,output_cifs\change_atom_action\mp-1048742_processed.cif
input_cifs\mp-1048819.cif,Change atom at index 13 to I in the cif file.,output_cifs\change_atom_action\mp-1048819_processed.cif
input_cifs\mp-10543.cif,Change atom at index 9 to Si in the cif file.,output_cifs\change_atom_action\mp-10543_processed.cif
input_cifs\mp-1073454.cif,Change atom at index 2 to Hs in the cif file.,output_cifs\change_atom_action\mp-1073454_processed.cif
input_cifs\mp-1073857.cif,Change atom at index 4 to Si in the cif file.,output_cifs\change_atom_action\mp-1073857_processed.cif
input_cifs\mp-1074382.cif,Change atom at index 1 to Cm in the cif file.,output_cifs\change_atom_action\mp-1074382_processed.cif
input_cifs\mp-1075115.cif,Change atom at index 4 to Tl in the cif file.,output_cifs\change_atom_action\mp-1075115_processed.cif
input_cifs\mp-1076171.cif,Change atom at index 20 to Sm in the cif file.,output_cifs\change_atom_action\mp-1076171_processed.cif
input_cifs\mp-1076264.cif,Change atom at index 13 to Li in the cif file.,output_cifs\change_atom_action\mp-1076264_processed.cif
input_cifs\mp-1080179.cif,Change atom at index 3 to Se in the cif file.,output_cifs\change_atom_action\mp-1080179_processed.cif
input_cifs\mp-1080349.cif,Change atom at index 16 to In in the cif file.,output_cifs\change_atom_action\mp-1080349_processed.cif
input_cifs\mp-1080354.cif,Change atom at index 15 to Rh in the cif file.,output_cifs\change_atom_action\mp-1080354_processed.cif
input_cifs\mp-1080713.cif,Change atom at index 5 to Ar in the cif file.,output_cifs\change_atom_action\mp-1080713_processed.cif
input_cifs\mp-1094804.cif,Change atom at index 11 to Eu in the cif file.,output_cifs\change_atom_action\mp-1094804_processed.cif
input_cifs\mp-1095083.cif,Change atom at index 2 to Tb in the cif file.,output_cifs\change_atom_action\mp-1095083_processed.cif
input_cifs\mp-1095476.cif,Change atom at index 9 to Sn in the cif file.,output_cifs\change_atom_action\mp-1095476_processed.cif
input_cifs\mp-1095575.cif,Change atom at index 1 to Nh in the cif file.,output_cifs\change_atom_action\mp-1095575_processed.cif
input_cifs\mp-1095585.cif,Change atom at index 8 to Mn in the cif file.,output_cifs\change_atom_action\mp-1095585_processed.cif
input_cifs\mp-1095643.cif,Change atom at index 8 to Hs in the cif file.,output_cifs\change_atom_action\mp-1095643_processed.cif
input_cifs\mp-1095675.cif,Change atom at index 1 to Ca in the cif file.,output_cifs\change_atom_action\mp-1095675_processed.cif
input_cifs\mp-1095677.cif,Change atom at index 3 to Hs in the cif file.,output_cifs\change_atom_action\mp-1095677_processed.cif
input_cifs\mp-1096913.cif,Change atom at index 6 to Mt in the cif file.,output_cifs\change_atom_action\mp-1096913_processed.cif
input_cifs\mp-1099100.cif,Change atom at index 9 to Sc in the cif file.,output_cifs\change_atom_action\mp-1099100_processed.cif
input_cifs\mp-1100340.cif,Change atom at index 3 to N in the cif file.,output_cifs\change_atom_action\mp-1100340_processed.cif
input_cifs\mp-1100512.cif,Change atom at index 28 to Rb in the cif file.,output_cifs\change_atom_action\mp-1100512_processed.cif
input_cifs\mp-1100602.cif,Change atom at index 23 to Am in the cif file.,output_cifs\change_atom_action\mp-1100602_processed.cif
input_cifs\mp-1100645.cif,Change atom at index 7 to Zn in the cif file.,output_cifs\change_atom_action\mp-1100645_processed.cif
input_cifs\mp-1100655.cif,Change atom at index 25 to Br in the cif file.,output_cifs\change_atom_action\mp-1100655_processed.cif
input_cifs\mp-1100709.cif,Change atom at index 7 to Hs in the cif file.,output_cifs\change_atom_action\mp-1100709_processed.cif
input_cifs\mp-1100895.cif,Change atom at index 16 to Be in the cif file.,output_cifs\change_atom_action\mp-1100895_processed.cif
input_cifs\mp-1101365.cif,Change atom at index 76 to La in the cif file.,output_cifs\change_atom_action\mp-1101365_processed.cif
input_cifs\mp-1101490.cif,Change atom at index 25 to Er in the cif file.,output_cifs\change_atom_action\mp-1101490_processed.cif
input_cifs\mp-1101729.cif,Change atom at index 6 to Eu in the cif file.,output_cifs\change_atom_action\mp-1101729_processed.cif
input_cifs\mp-1101899.cif,Change atom at index 4 to Mt in the cif file.,output_cifs\change_atom_action\mp-1101899_processed.cif
input_cifs\mp-1102433.cif,Change atom at index 3 to Se in the cif file.,output_cifs\change_atom_action\mp-1102433_processed.cif
input_cifs\mp-1102534.cif,Change atom at index 0 to O in the cif file.,output_cifs\change_atom_action\mp-1102534_processed.cif
input_cifs\mp-1102795.cif,Change atom at index 11 to No in the cif file.,output_cifs\change_atom_action\mp-1102795_processed.cif
input_cifs\mp-1102865.cif,Change atom at index 11 to Mg in the cif file.,output_cifs\change_atom_action\mp-1102865_processed.cif
input_cifs\mp-1102948.cif,Change atom at index 5 to Hf in the cif file.,output_cifs\change_atom_action\mp-1102948_processed.cif
input_cifs\mp-1102963.cif,Change atom at index 0 to Og in the cif file.,output_cifs\change_atom_action\mp-1102963_processed.cif
input_cifs\mp-1103212.cif,Change atom at index 1 to I in the cif file.,output_cifs\change_atom_action\mp-1103212_processed.cif
input_cifs\mp-1103303.cif,Change atom at index 8 to La in the cif file.,output_cifs\change_atom_action\mp-1103303_processed.cif
input_cifs\mp-1103651.cif,Change atom at index 10 to Sc in the cif file.,output_cifs\change_atom_action\mp-1103651_processed.cif
input_cifs\mp-1104386.cif,Change atom at index 9 to Fr in the cif file.,output_cifs\change_atom_action\mp-1104386_processed.cif
input_cifs\mp-1104404.cif,Change atom at index 1 to Kr in the cif file.,output_cifs\change_atom_action\mp-1104404_processed.cif
input_cifs\mp-1104448.cif,Change atom at index 27 to Ds in the cif file.,output_cifs\change_atom_action\mp-1104448_processed.cif
input_cifs\mp-1105372.cif,Change atom at index 0 to Y in the cif file.,output_cifs\change_atom_action\mp-1105372_processed.cif
input_cifs\mp-1105581.cif,Change atom at index 10 to Tm in the cif file.,output_cifs\change_atom_action\mp-1105581_processed.cif
input_cifs\mp-1105587.cif,Change atom at index 12 to Db in the cif file.,output_cifs\change_atom_action\mp-1105587_processed.cif
input_cifs\mp-1105631.cif,Change atom at index 18 to Es in the cif file.,output_cifs\change_atom_action\mp-1105631_processed.cif
input_cifs\mp-1105736.cif,Change atom at index 12 to Br in the cif file.,output_cifs\change_atom_action\mp-1105736_processed.cif
input_cifs\mp-1105952.cif,Change atom at index 11 to U in the cif file.,output_cifs\change_atom_action\mp-1105952_processed.cif
input_cifs\mp-1105985.cif,Change atom at index 13 to Cn in the cif file.,output_cifs\change_atom_action\mp-1105985_processed.cif
input_cifs\mp-1106159.cif,Change atom at index 5 to K in the cif file.,output_cifs\change_atom_action\mp-1106159_processed.cif
input_cifs\mp-1110626.cif,Change atom at index 3 to Mg in the cif file.,output_cifs\change_atom_action\mp-1110626_processed.cif
input_cifs\mp-1110754.cif,Change atom at index 0 to Db in the cif file.,output_cifs\change_atom_action\mp-1110754_processed.cif
input_cifs\mp-1111211.cif,Change atom at index 9 to Nb in the cif file.,output_cifs\change_atom_action\mp-1111211_processed.cif
input_cifs\mp-1111610.cif,Change atom at index 2 to Rb in the cif file.,output_cifs\change_atom_action\mp-1111610_processed.cif
input_cifs\mp-1111940.cif,Change atom at index 0 to Rb in the cif file.,output_cifs\change_atom_action\mp-1111940_processed.cif
input_cifs\mp-1112257.cif,Change atom at index 5 to At in the cif file.,output_cifs\change_atom_action\mp-1112257_processed.cif
input_cifs\mp-1112416.cif,Change atom at index 7 to Cr in the cif file.,output_cifs\change_atom_action\mp-1112416_processed.cif
input_cifs\mp-11143.cif,Change atom at index 13 to Sb in the cif file.,output_cifs\change_atom_action\mp-11143_processed.cif
input_cifs\mp-11145.cif,Change atom at index 21 to Lu in the cif file.,output_cifs\change_atom_action\mp-11145_processed.cif
input_cifs\mp-1120749.cif,Change atom at index 1 to Pd in the cif file.,output_cifs\change_atom_action\mp-1120749_processed.cif
input_cifs\mp-11250.cif,Change atom at index 2 to Ba in the cif file.,output_cifs\change_atom_action\mp-11250_processed.cif
input_cifs\mp-1157680.cif,Change atom at index 13 to Bk in the cif file.,output_cifs\change_atom_action\mp-1157680_processed.cif
input_cifs\mp-1173361.cif,Change atom at index 1 to Ba in the cif file.,output_cifs\change_atom_action\mp-1173361_processed.cif
input_cifs\mp-1173548.cif,Change atom at index 3 to Hs in the cif file.,output_cifs\change_atom_action\mp-1173548_processed.cif
input_cifs\mp-1173561.cif,Change atom at index 19 to Yb in the cif file.,output_cifs\change_atom_action\mp-1173561_processed.cif
input_cifs\mp-1173706.cif,Change atom at index 13 to Nh in the cif file.,output_cifs\change_atom_action\mp-1173706_processed.cif
input_cifs\mp-1173883.cif,Change atom at index 7 to Mn in the cif file.,output_cifs\change_atom_action\mp-1173883_processed.cif
input_cifs\mp-1174010.cif,Change atom at index 19 to Ir in the cif file.,output_cifs\change_atom_action\mp-1174010_processed.cif
input_cifs\mp-1174079.cif,Change atom at index 7 to Pb in the cif file.,output_cifs\change_atom_action\mp-1174079_processed.cif
input_cifs\mp-1174299.cif,Change atom at index 6 to He in the cif file.,output_cifs\change_atom_action\mp-1174299_processed.cif
input_cifs\mp-1174536.cif,Change atom at index 14 to Pr in the cif file.,output_cifs\change_atom_action\mp-1174536_processed.cif
input_cifs\mp-1174549.cif,Change atom at index 23 to Cu in the cif file.,output_cifs\change_atom_action\mp-1174549_processed.cif
input_cifs\mp-1174561.cif,Change atom at index 12 to Cr in the cif file.,output_cifs\change_atom_action\mp-1174561_processed.cif
input_cifs\mp-1174631.cif,Change atom at index 14 to B in the cif file.,output_cifs\change_atom_action\mp-1174631_processed.cif
input_cifs\mp-1174708.cif,Change atom at index 16 to Rh in the cif file.,output_cifs\change_atom_action\mp-1174708_processed.cif
input_cifs\mp-1175060.cif,Change atom at index 8 to Pb in the cif file.,output_cifs\change_atom_action\mp-1175060_processed.cif
input_cifs\mp-1175670.cif,Change atom at index 16 to Hg in the cif file.,output_cifs\change_atom_action\mp-1175670_processed.cif
input_cifs\mp-1175676.cif,Change atom at index 18 to Ir in the cif file.,output_cifs\change_atom_action\mp-1175676_processed.cif
input_cifs\mp-1175716.cif,Change atom at index 15 to Ce in the cif file.,output_cifs\change_atom_action\mp-1175716_processed.cif
input_cifs\mp-1176074.cif,Change atom at index 21 to Na in the cif file.,output_cifs\change_atom_action\mp-1176074_processed.cif
input_cifs\mp-1176243.cif,Change atom at index 7 to In in the cif file.,output_cifs\change_atom_action\mp-1176243_processed.cif
input_cifs\mp-1176471.cif,Change atom at index 2 to No in the cif file.,output_cifs\change_atom_action\mp-1176471_processed.cif
input_cifs\mp-1176486.cif,Change atom at index 15 to Mc in the cif file.,output_cifs\change_atom_action\mp-1176486_processed.cif
input_cifs\mp-1176593.cif,Change atom at index 18 to Es in the cif file.,output_cifs\change_atom_action\mp-1176593_processed.cif
input_cifs\mp-1176664.cif,Change atom at index 11 to Mc in the cif file.,output_cifs\change_atom_action\mp-1176664_processed.cif
input_cifs\mp-1176678.cif,Change atom at index 14 to Li in the cif file.,output_cifs\change_atom_action\mp-1176678_processed.cif
input_cifs\mp-1176692.cif,Change atom at index 12 to Si in the cif file.,output_cifs\change_atom_action\mp-1176692_processed.cif
input_cifs\mp-1176965.cif,Change atom at index 62 to Nd in the cif file.,output_cifs\change_atom_action\mp-1176965_processed.cif
input_cifs\mp-1177279.cif,Change atom at index 20 to Os in the cif file.,output_cifs\change_atom_action\mp-1177279_processed.cif
input_cifs\mp-1177537.cif,Change atom at index 18 to Ho in the cif file.,output_cifs\change_atom_action\mp-1177537_processed.cif
input_cifs\mp-1177559.cif,Change atom at index 0 to Cl in the cif file.,output_cifs\change_atom_action\mp-1177559_processed.cif
input_cifs\mp-1177564.cif,Change atom at index 13 to Lv in the cif file.,output_cifs\change_atom_action\mp-1177564_processed.cif
input_cifs\mp-1177801.cif,Change atom at index 26 to Ds in the cif file.,output_cifs\change_atom_action\mp-1177801_processed.cif
input_cifs\mp-1178026.cif,Change atom at index 9 to Cr in the cif file.,output_cifs\change_atom_action\mp-1178026_processed.cif
input_cifs\mp-1178085.cif,Change atom at index 6 to P in the cif file.,output_cifs\change_atom_action\mp-1178085_processed.cif
input_cifs\mp-1178148.cif,Change atom at index 27 to O in the cif file.,output_cifs\change_atom_action\mp-1178148_processed.cif
input_cifs\mp-1178259.cif,Change atom at index 14 to Og in the cif file.,output_cifs\change_atom_action\mp-1178259_processed.cif
input_cifs\mp-1178586.cif,Change atom at index 31 to C in the cif file.,output_cifs\change_atom_action\mp-1178586_processed.cif
input_cifs\mp-1180130.cif,Change atom at index 13 to Es in the cif file.,output_cifs\change_atom_action\mp-1180130_processed.cif
input_cifs\mp-1180252.cif,Change atom at index 2 to Cm in the cif file.,output_cifs\change_atom_action\mp-1180252_processed.cif
input_cifs\mp-1180744.cif,Change atom at index 30 to Hg in the cif file.,output_cifs\change_atom_action\mp-1180744_processed.cif
input_cifs\mp-1180763.cif,Change atom at index 12 to C in the cif file.,output_cifs\change_atom_action\mp-1180763_processed.cif
input_cifs\mp-1181255.cif,Change atom at index 26 to Pu in the cif file.,output_cifs\change_atom_action\mp-1181255_processed.cif
input_cifs\mp-1181584.cif,Change atom at index 26 to Zr in the cif file.,output_cifs\change_atom_action\mp-1181584_processed.cif
input_cifs\mp-1182011.cif,Change atom at index 47 to Mt in the cif file.,output_cifs\change_atom_action\mp-1182011_processed.cif
input_cifs\mp-1182045.cif,Change atom at index 2 to In in the cif file.,output_cifs\change_atom_action\mp-1182045_processed.cif
input_cifs\mp-1182066.cif,Change atom at index 38 to F in the cif file.,output_cifs\change_atom_action\mp-1182066_processed.cif
input_cifs\mp-1182302.cif,Change atom at index 7 to Fe in the cif file.,output_cifs\change_atom_action\mp-1182302_processed.cif
input_cifs\mp-1182516.cif,Change atom at index 5 to P in the cif file.,output_cifs\change_atom_action\mp-1182516_processed.cif
input_cifs\mp-1182952.cif,Change atom at index 2 to Sr in the cif file.,output_cifs\change_atom_action\mp-1182952_processed.cif
input_cifs\mp-1182993.cif,Change atom at index 18 to At in the cif file.,output_cifs\change_atom_action\mp-1182993_processed.cif
input_cifs\mp-1185691.cif,Change atom at index 17 to Si in the cif file.,output_cifs\change_atom_action\mp-1185691_processed.cif
input_cifs\mp-1185729.cif,Change atom at index 8 to Bi in the cif file.,output_cifs\change_atom_action\mp-1185729_processed.cif
input_cifs\mp-1185730.cif,Change atom at index 27 to Ar in the cif file.,output_cifs\change_atom_action\mp-1185730_processed.cif
input_cifs\mp-1186069.cif,Change atom at index 10 to Am in the cif file.,output_cifs\change_atom_action\mp-1186069_processed.cif
input_cifs\mp-1188168.cif,Change atom at index 14 to Fl in the cif file.,output_cifs\change_atom_action\mp-1188168_processed.cif
input_cifs\mp-1188839.cif,Change atom at index 10 to At in the cif file.,output_cifs\change_atom_action\mp-1188839_processed.cif
input_cifs\mp-1189137.cif,Change atom at index 6 to Pb in the cif file.,output_cifs\change_atom_action\mp-1189137_processed.cif
input_cifs\mp-1189325.cif,Change atom at index 5 to Pb in the cif file.,output_cifs\change_atom_action\mp-1189325_processed.cif
input_cifs\mp-1189617.cif,Change atom at index 1 to Rh in the cif file.,output_cifs\change_atom_action\mp-1189617_processed.cif
input_cifs\mp-1190360.cif,Change atom at index 20 to Pm in the cif file.,output_cifs\change_atom_action\mp-1190360_processed.cif
input_cifs\mp-1190450.cif,Change atom at index 16 to Sr in the cif file.,output_cifs\change_atom_action\mp-1190450_processed.cif
input_cifs\mp-1190471.cif,Change atom at index 7 to W in the cif file.,output_cifs\change_atom_action\mp-1190471_processed.cif
input_cifs\mp-1190593.cif,Change atom at index 12 to Au in the cif file.,output_cifs\change_atom_action\mp-1190593_processed.cif
input_cifs\mp-1190765.cif,Change atom at index 2 to Tb in the cif file.,output_cifs\change_atom_action\mp-1190765_processed.cif
input_cifs\mp-1190906.cif,Change atom at index 11 to Pa in the cif file.,output_cifs\change_atom_action\mp-1190906_processed.cif
input_cifs\mp-1191263.cif,Change atom at index 0 to Os in the cif file.,output_cifs\change_atom_action\mp-1191263_processed.cif
input_cifs\mp-1191575.cif,Change atom at index 4 to Pu in the cif file.,output_cifs\change_atom_action\mp-1191575_processed.cif
input_cifs\mp-1191633.cif,Change atom at index 8 to Mo in the cif file.,output_cifs\change_atom_action\mp-1191633_processed.cif
input_cifs\mp-1191681.cif,Change atom at index 20 to Ne in the cif file.,output_cifs\change_atom_action\mp-1191681_processed.cif
input_cifs\mp-1192077.cif,Change atom at index 2 to Fm in the cif file.,output_cifs\change_atom_action\mp-1192077_processed.cif
input_cifs\mp-1192111.cif,Change atom at index 7 to W in the cif file.,output_cifs\change_atom_action\mp-1192111_processed.cif
input_cifs\mp-1192527.cif,Change atom at index 26 to Li in the cif file.,output_cifs\change_atom_action\mp-1192527_processed.cif
input_cifs\mp-1192550.cif,Change atom at index 11 to Ir in the cif file.,output_cifs\change_atom_action\mp-1192550_processed.cif
input_cifs\mp-1192556.cif,Change atom at index 23 to F in the cif file.,output_cifs\change_atom_action\mp-1192556_processed.cif
input_cifs\mp-1192588.cif,Change atom at index 17 to Rn in the cif file.,output_cifs\change_atom_action\mp-1192588_processed.cif
input_cifs\mp-1192755.cif,Change atom at index 11 to Ir in the cif file.,output_cifs\change_atom_action\mp-1192755_processed.cif
input_cifs\mp-1192984.cif,Change atom at index 23 to Co in the cif file.,output_cifs\change_atom_action\mp-1192984_processed.cif
input_cifs\mp-1193276.cif,Change atom at index 7 to Es in the cif file.,output_cifs\change_atom_action\mp-1193276_processed.cif
input_cifs\mp-1193461.cif,Change atom at index 3 to S in the cif file.,output_cifs\change_atom_action\mp-1193461_processed.cif
input_cifs\mp-1193658.cif,Change atom at index 13 to Ga in the cif file.,output_cifs\change_atom_action\mp-1193658_processed.cif
input_cifs\mp-1193669.cif,Change atom at index 11 to P in the cif file.,output_cifs\change_atom_action\mp-1193669_processed.cif
input_cifs\mp-1193753.cif,Change atom at index 10 to In in the cif file.,output_cifs\change_atom_action\mp-1193753_processed.cif
input_cifs\mp-1194315.cif,Change atom at index 4 to Mn in the cif file.,output_cifs\change_atom_action\mp-1194315_processed.cif
input_cifs\mp-1194467.cif,Change atom at index 15 to Te in the cif file.,output_cifs\change_atom_action\mp-1194467_processed.cif
input_cifs\mp-1194648.cif,Change atom at index 51 to Ca in the cif file.,output_cifs\change_atom_action\mp-1194648_processed.cif
input_cifs\mp-1194808.cif,Change atom at index 13 to Mc in the cif file.,output_cifs\change_atom_action\mp-1194808_processed.cif
input_cifs\mp-1194897.cif,Change atom at index 43 to Se in the cif file.,output_cifs\change_atom_action\mp-1194897_processed.cif
input_cifs\mp-1194954.cif,Change atom at index 21 to Pr in the cif file.,output_cifs\change_atom_action\mp-1194954_processed.cif
input_cifs\mp-1195087.cif,Change atom at index 5 to Nh in the cif file.,output_cifs\change_atom_action\mp-1195087_processed.cif
input_cifs\mp-1195106.cif,Change atom at index 17 to As in the cif file.,output_cifs\change_atom_action\mp-1195106_processed.cif
input_cifs\mp-1195319.cif,Change atom at index 30 to Y in the cif file.,output_cifs\change_atom_action\mp-1195319_processed.cif
input_cifs\mp-1195337.cif,Change atom at index 38 to Ra in the cif file.,output_cifs\change_atom_action\mp-1195337_processed.cif
input_cifs\mp-1195540.cif,Change atom at index 23 to Cs in the cif file.,output_cifs\change_atom_action\mp-1195540_processed.cif
input_cifs\mp-1195827.cif,Change atom at index 24 to Tc in the cif file.,output_cifs\change_atom_action\mp-1195827_processed.cif
input_cifs\mp-1195929.cif,Change atom at index 34 to Db in the cif file.,output_cifs\change_atom_action\mp-1195929_processed.cif
input_cifs\mp-1195965.cif,Change atom at index 8 to Mo in the cif file.,output_cifs\change_atom_action\mp-1195965_processed.cif
input_cifs\mp-1195967.cif,Change atom at index 17 to Ho in the cif file.,output_cifs\change_atom_action\mp-1195967_processed.cif
input_cifs\mp-1196244.cif,Change atom at index 27 to No in the cif file.,output_cifs\change_atom_action\mp-1196244_processed.cif
input_cifs\mp-1196468.cif,Change atom at index 44 to Ac in the cif file.,output_cifs\change_atom_action\mp-1196468_processed.cif
input_cifs\mp-1196513.cif,Change atom at index 44 to Er in the cif file.,output_cifs\change_atom_action\mp-1196513_processed.cif
input_cifs\mp-1196514.cif,Change atom at index 10 to Tc in the cif file.,output_cifs\change_atom_action\mp-1196514_processed.cif
input_cifs\mp-1197108.cif,Change atom at index 63 to Tc in the cif file.,output_cifs\change_atom_action\mp-1197108_processed.cif
input_cifs\mp-1197227.cif,Change atom at index 26 to C in the cif file.,output_cifs\change_atom_action\mp-1197227_processed.cif
input_cifs\mp-1197238.cif,Change atom at index 33 to Ga in the cif file.,output_cifs\change_atom_action\mp-1197238_processed.cif
input_cifs\mp-1197636.cif,Change atom at index 15 to Pd in the cif file.,output_cifs\change_atom_action\mp-1197636_processed.cif
input_cifs\mp-1197877.cif,Change atom at index 24 to Dy in the cif file.,output_cifs\change_atom_action\mp-1197877_processed.cif
input_cifs\mp-1198057.cif,Change atom at index 20 to Tb in the cif file.,output_cifs\change_atom_action\mp-1198057_processed.cif
input_cifs\mp-1198140.cif,Change atom at index 29 to Pd in the cif file.,output_cifs\change_atom_action\mp-1198140_processed.cif
input_cifs\mp-1198411.cif,Change atom at index 24 to He in the cif file.,output_cifs\change_atom_action\mp-1198411_processed.cif
input_cifs\mp-1198574.cif,Change atom at index 60 to F in the cif file.,output_cifs\change_atom_action\mp-1198574_processed.cif
input_cifs\mp-1198593.cif,Change atom at index 44 to Ds in the cif file.,output_cifs\change_atom_action\mp-1198593_processed.cif
input_cifs\mp-1198603.cif,Change atom at index 17 to Nd in the cif file.,output_cifs\change_atom_action\mp-1198603_processed.cif
input_cifs\mp-1198841.cif,Change atom at index 23 to Fr in the cif file.,output_cifs\change_atom_action\mp-1198841_processed.cif
input_cifs\mp-1199018.cif,Change atom at index 4 to Ni in the cif file.,output_cifs\change_atom_action\mp-1199018_processed.cif
input_cifs\mp-1199088.cif,Change atom at index 3 to Cd in the cif file.,output_cifs\change_atom_action\mp-1199088_processed.cif
input_cifs\mp-1199566.cif,Change atom at index 28 to Bh in the cif file.,output_cifs\change_atom_action\mp-1199566_processed.cif
input_cifs\mp-1199672.cif,Change atom at index 1 to Ti in the cif file.,output_cifs\change_atom_action\mp-1199672_processed.cif
input_cifs\mp-1200359.cif,Change atom at index 12 to Rg in the cif file.,output_cifs\change_atom_action\mp-1200359_processed.cif
input_cifs\mp-1200542.cif,Change atom at index 33 to Sn in the cif file.,output_cifs\change_atom_action\mp-1200542_processed.cif
input_cifs\mp-1200692.cif,Change atom at index 19 to Pb in the cif file.,output_cifs\change_atom_action\mp-1200692_processed.cif
input_cifs\mp-1200758.cif,Change atom at index 97 to Pb in the cif file.,output_cifs\change_atom_action\mp-1200758_processed.cif
input_cifs\mp-1201497.cif,Change atom at index 26 to K in the cif file.,output_cifs\change_atom_action\mp-1201497_processed.cif
input_cifs\mp-1201607.cif,Change atom at index 26 to Fl in the cif file.,output_cifs\change_atom_action\mp-1201607_processed.cif
input_cifs\mp-1201876.cif,Change atom at index 9 to Rf in the cif file.,output_cifs\change_atom_action\mp-1201876_processed.cif
input_cifs\mp-1201895.cif,Change atom at index 31 to Ba in the cif file.,output_cifs\change_atom_action\mp-1201895_processed.cif
input_cifs\mp-1202389.cif,Change atom at index 6 to Mo in the cif file.,output_cifs\change_atom_action\mp-1202389_processed.cif
input_cifs\mp-1202709.cif,Change atom at index 27 to Al in the cif file.,output_cifs\change_atom_action\mp-1202709_processed.cif
input_cifs\mp-1202898.cif,Change atom at index 40 to Ts in the cif file.,output_cifs\change_atom_action\mp-1202898_processed.cif
input_cifs\mp-1202901.cif,Change atom at index 16 to Fr in the cif file.,output_cifs\change_atom_action\mp-1202901_processed.cif
input_cifs\mp-1203035.cif,Change atom at index 22 to Pd in the cif file.,output_cifs\change_atom_action\mp-1203035_processed.cif
input_cifs\mp-1203146.cif,Change atom at index 45 to Au in the cif file.,output_cifs\change_atom_action\mp-1203146_processed.cif
input_cifs\mp-1203196.cif,Change atom at index 44 to Bh in the cif file.,output_cifs\change_atom_action\mp-1203196_processed.cif
input_cifs\mp-1203220.cif,Change atom at index 20 to Rf in the cif file.,output_cifs\change_atom_action\mp-1203220_processed.cif
input_cifs\mp-1203746.cif,Change atom at index 26 to Nb in the cif file.,output_cifs\change_atom_action\mp-1203746_processed.cif
input_cifs\mp-1203808.cif,Change atom at index 69 to Bi in the cif file.,output_cifs\change_atom_action\mp-1203808_processed.cif
input_cifs\mp-1203996.cif,Change atom at index 58 to N in the cif file.,output_cifs\change_atom_action\mp-1203996_processed.cif
input_cifs\mp-1204064.cif,Change atom at index 26 to Cr in the cif file.,output_cifs\change_atom_action\mp-1204064_processed.cif
input_cifs\mp-1204087.cif,Change atom at index 52 to H in the cif file.,output_cifs\change_atom_action\mp-1204087_processed.cif
input_cifs\mp-1204178.cif,Change atom at index 33 to Y in the cif file.,output_cifs\change_atom_action\mp-1204178_processed.cif
input_cifs\mp-1204195.cif,Change atom at index 22 to U in the cif file.,output_cifs\change_atom_action\mp-1204195_processed.cif
input_cifs\mp-1204482.cif,Change atom at index 23 to Pb in the cif file.,output_cifs\change_atom_action\mp-1204482_processed.cif
input_cifs\mp-1204573.cif,Change atom at index 33 to Fl in the cif file.,output_cifs\change_atom_action\mp-1204573_processed.cif
input_cifs\mp-1204620.cif,Change atom at index 83 to Cs in the cif file.,output_cifs\change_atom_action\mp-1204620_processed.cif
input_cifs\mp-1204800.cif,Change atom at index 10 to V in the cif file.,output_cifs\change_atom_action\mp-1204800_processed.cif
input_cifs\mp-1205388.cif,Change atom at index 12 to Mc in the cif file.,output_cifs\change_atom_action\mp-1205388_processed.cif
input_cifs\mp-1205391.cif,Change atom at index 10 to Al in the cif file.,output_cifs\change_atom_action\mp-1205391_processed.cif
input_cifs\mp-1205393.cif,Change atom at index 3 to Zn in the cif file.,output_cifs\change_atom_action\mp-1205393_processed.cif
input_cifs\mp-1205503.cif,Change atom at index 6 to Bh in the cif file.,output_cifs\change_atom_action\mp-1205503_processed.cif
input_cifs\mp-1205523.cif,Change atom at index 3 to Nb in the cif file.,output_cifs\change_atom_action\mp-1205523_processed.cif
input_cifs\mp-1205660.cif,Change atom at index 7 to Cs in the cif file.,output_cifs\change_atom_action\mp-1205660_processed.cif
input_cifs\mp-1205745.cif,Change atom at index 0 to Ca in the cif file.,output_cifs\change_atom_action\mp-1205745_processed.cif
input_cifs\mp-1205771.cif,Change atom at index 1 to La in the cif file.,output_cifs\change_atom_action\mp-1205771_processed.cif
input_cifs\mp-1206201.cif,Change atom at index 5 to Rn in the cif file.,output_cifs\change_atom_action\mp-1206201_processed.cif
input_cifs\mp-1206250.cif,Change atom at index 8 to Y in the cif file.,output_cifs\change_atom_action\mp-1206250_processed.cif
input_cifs\mp-1206569.cif,Change atom at index 3 to Xe in the cif file.,output_cifs\change_atom_action\mp-1206569_processed.cif
input_cifs\mp-1206737.cif,Change atom at index 2 to Eu in the cif file.,output_cifs\change_atom_action\mp-1206737_processed.cif
input_cifs\mp-1207144.cif,Change atom at index 3 to Sr in the cif file.,output_cifs\change_atom_action\mp-1207144_processed.cif
input_cifs\mp-1207398.cif,Change atom at index 8 to Li in the cif file.,output_cifs\change_atom_action\mp-1207398_processed.cif
input_cifs\mp-1207522.cif,Change atom at index 15 to Ne in the cif file.,output_cifs\change_atom_action\mp-1207522_processed.cif
input_cifs\mp-1207549.cif,Change atom at index 29 to Mg in the cif file.,output_cifs\change_atom_action\mp-1207549_processed.cif
input_cifs\mp-1207596.cif,Change atom at index 9 to Ta in the cif file.,output_cifs\change_atom_action\mp-1207596_processed.cif
input_cifs\mp-1207733.cif,Change atom at index 7 to Pm in the cif file.,output_cifs\change_atom_action\mp-1207733_processed.cif
input_cifs\mp-1207797.cif,Change atom at index 13 to Pb in the cif file.,output_cifs\change_atom_action\mp-1207797_processed.cif
input_cifs\mp-1207993.cif,Change atom at index 8 to C in the cif file.,output_cifs\change_atom_action\mp-1207993_processed.cif
input_cifs\mp-1208058.cif,Change atom at index 25 to He in the cif file.,output_cifs\change_atom_action\mp-1208058_processed.cif
input_cifs\mp-1208219.cif,Change atom at index 4 to Dy in the cif file.,output_cifs\change_atom_action\mp-1208219_processed.cif
input_cifs\mp-1208275.cif,Change atom at index 51 to La in the cif file.,output_cifs\change_atom_action\mp-1208275_processed.cif
input_cifs\mp-1208331.cif,Change atom at index 8 to Rf in the cif file.,output_cifs\change_atom_action\mp-1208331_processed.cif
input_cifs\mp-1208361.cif,Change atom at index 10 to Os in the cif file.,output_cifs\change_atom_action\mp-1208361_processed.cif
input_cifs\mp-1208425.cif,Change atom at index 6 to He in the cif file.,output_cifs\change_atom_action\mp-1208425_processed.cif
input_cifs\mp-1208879.cif,Change atom at index 1 to Cl in the cif file.,output_cifs\change_atom_action\mp-1208879_processed.cif
input_cifs\mp-1209036.cif,Change atom at index 10 to Er in the cif file.,output_cifs\change_atom_action\mp-1209036_processed.cif
input_cifs\mp-1209206.cif,Change atom at index 20 to Zr in the cif file.,output_cifs\change_atom_action\mp-1209206_processed.cif
input_cifs\mp-1209348.cif,Change atom at index 17 to O in the cif file.,output_cifs\change_atom_action\mp-1209348_processed.cif
input_cifs\mp-1209483.cif,Change atom at index 0 to Db in the cif file.,output_cifs\change_atom_action\mp-1209483_processed.cif
input_cifs\mp-1209534.cif,Change atom at index 63 to Er in the cif file.,output_cifs\change_atom_action\mp-1209534_processed.cif
input_cifs\mp-1209695.cif,Change atom at index 67 to Bk in the cif file.,output_cifs\change_atom_action\mp-1209695_processed.cif
input_cifs\mp-1210015.cif,Change atom at index 4 to Li in the cif file.,output_cifs\change_atom_action\mp-1210015_processed.cif
input_cifs\mp-1210035.cif,Change atom at index 9 to B in the cif file.,output_cifs\change_atom_action\mp-1210035_processed.cif
input_cifs\mp-1210161.cif,Change atom at index 3 to Ac in the cif file.,output_cifs\change_atom_action\mp-1210161_processed.cif
input_cifs\mp-1210237.cif,Change atom at index 1 to Al in the cif file.,output_cifs\change_atom_action\mp-1210237_processed.cif
input_cifs\mp-1210462.cif,Change atom at index 9 to Rg in the cif file.,output_cifs\change_atom_action\mp-1210462_processed.cif
input_cifs\mp-1210502.cif,Change atom at index 28 to Np in the cif file.,output_cifs\change_atom_action\mp-1210502_processed.cif
input_cifs\mp-1210518.cif,Change atom at index 36 to Cf in the cif file.,output_cifs\change_atom_action\mp-1210518_processed.cif
input_cifs\mp-1210584.cif,Change atom at index 1 to Sc in the cif file.,output_cifs\change_atom_action\mp-1210584_processed.cif
input_cifs\mp-1211181.cif,Change atom at index 26 to Lu in the cif file.,output_cifs\change_atom_action\mp-1211181_processed.cif
input_cifs\mp-1211192.cif,Change atom at index 16 to Db in the cif file.,output_cifs\change_atom_action\mp-1211192_processed.cif
input_cifs\mp-1211198.cif,Change atom at index 4 to Pu in the cif file.,output_cifs\change_atom_action\mp-1211198_processed.cif
input_cifs\mp-1211303.cif,Change atom at index 11 to Sc in the cif file.,output_cifs\change_atom_action\mp-1211303_processed.cif
input_cifs\mp-1211402.cif,Change atom at index 26 to W in the cif file.,output_cifs\change_atom_action\mp-1211402_processed.cif
input_cifs\mp-1211546.cif,Change atom at index 14 to Og in the cif file.,output_cifs\change_atom_action\mp-1211546_processed.cif
input_cifs\mp-1211686.cif,Change atom at index 4 to Ge in the cif file.,output_cifs\change_atom_action\mp-1211686_processed.cif
input_cifs\mp-1211861.cif,Change atom at index 5 to Es in the cif file.,output_cifs\change_atom_action\mp-1211861_processed.cif
input_cifs\mp-1211971.cif,Change atom at index 18 to Ne in the cif file.,output_cifs\change_atom_action\mp-1211971_processed.cif
input_cifs\mp-1212118.cif,Change atom at index 3 to Ac in the cif file.,output_cifs\change_atom_action\mp-1212118_processed.cif
input_cifs\mp-1212387.cif,Change atom at index 8 to Th in the cif file.,output_cifs\change_atom_action\mp-1212387_processed.cif
input_cifs\mp-1212504.cif,Change atom at index 77 to Rh in the cif file.,output_cifs\change_atom_action\mp-1212504_processed.cif
input_cifs\mp-1212600.cif,Change atom at index 9 to K in the cif file.,output_cifs\change_atom_action\mp-1212600_processed.cif
input_cifs\mp-1212621.cif,Change atom at index 33 to S in the cif file.,output_cifs\change_atom_action\mp-1212621_processed.cif
input_cifs\mp-1212645.cif,Change atom at index 29 to Hf in the cif file.,output_cifs\change_atom_action\mp-1212645_processed.cif
input_cifs\mp-1212670.cif,Change atom at index 0 to W in the cif file.,output_cifs\change_atom_action\mp-1212670_processed.cif
input_cifs\mp-1212757.cif,Change atom at index 7 to Au in the cif file.,output_cifs\change_atom_action\mp-1212757_processed.cif
input_cifs\mp-1213080.cif,Change atom at index 10 to Ce in the cif file.,output_cifs\change_atom_action\mp-1213080_processed.cif
input_cifs\mp-1213206.cif,Change atom at index 15 to Th in the cif file.,output_cifs\change_atom_action\mp-1213206_processed.cif
input_cifs\mp-1213529.cif,Change atom at index 2 to Cr in the cif file.,output_cifs\change_atom_action\mp-1213529_processed.cif
input_cifs\mp-1213562.cif,Change atom at index 33 to Np in the cif file.,output_cifs\change_atom_action\mp-1213562_processed.cif
input_cifs\mp-1213790.cif,Change atom at index 19 to Pr in the cif file.,output_cifs\change_atom_action\mp-1213790_processed.cif
input_cifs\mp-1214336.cif,Change atom at index 8 to Cd in the cif file.,output_cifs\change_atom_action\mp-1214336_processed.cif
input_cifs\mp-1214464.cif,Change atom at index 30 to No in the cif file.,output_cifs\change_atom_action\mp-1214464_processed.cif
input_cifs\mp-1214610.cif,Change atom at index 1 to At in the cif file.,output_cifs\change_atom_action\mp-1214610_processed.cif
input_cifs\mp-1214788.cif,Change atom at index 35 to Ni in the cif file.,output_cifs\change_atom_action\mp-1214788_processed.cif
input_cifs\mp-1214890.cif,Change atom at index 24 to Au in the cif file.,output_cifs\change_atom_action\mp-1214890_processed.cif
input_cifs\mp-1214936.cif,Change atom at index 65 to Pd in the cif file.,output_cifs\change_atom_action\mp-1214936_processed.cif
input_cifs\mp-1215141.cif,Change atom at index 10 to Ti in the cif file.,output_cifs\change_atom_action\mp-1215141_processed.cif
input_cifs\mp-1215289.cif,Change atom at index 7 to Pt in the cif file.,output_cifs\change_atom_action\mp-1215289_processed.cif
input_cifs\mp-1215601.cif,Change atom at index 2 to Nd in the cif file.,output_cifs\change_atom_action\mp-1215601_processed.cif
input_cifs\mp-1215607.cif,Change atom at index 3 to Tm in the cif file.,output_cifs\change_atom_action\mp-1215607_processed.cif
input_cifs\mp-1215624.cif,Change atom at index 5 to Rg in the cif file.,output_cifs\change_atom_action\mp-1215624_processed.cif
input_cifs\mp-1215653.cif,Change atom at index 12 to Br in the cif file.,output_cifs\change_atom_action\mp-1215653_processed.cif
input_cifs\mp-1215929.cif,Change atom at index 9 to Be in the cif file.,output_cifs\change_atom_action\mp-1215929_processed.cif
input_cifs\mp-1216177.cif,Change atom at index 12 to He in the cif file.,output_cifs\change_atom_action\mp-1216177_processed.cif
input_cifs\mp-1216179.cif,Change atom at index 1 to H in the cif file.,output_cifs\change_atom_action\mp-1216179_processed.cif
input_cifs\mp-1216787.cif,Change atom at index 3 to Sc in the cif file.,output_cifs\change_atom_action\mp-1216787_processed.cif
input_cifs\mp-1216925.cif,Change atom at index 5 to Pm in the cif file.,output_cifs\change_atom_action\mp-1216925_processed.cif
input_cifs\mp-1217133.cif,Change atom at index 4 to Nb in the cif file.,output_cifs\change_atom_action\mp-1217133_processed.cif
input_cifs\mp-1217420.cif,Change atom at index 5 to O in the cif file.,output_cifs\change_atom_action\mp-1217420_processed.cif
input_cifs\mp-1217464.cif,Change atom at index 4 to Au in the cif file.,output_cifs\change_atom_action\mp-1217464_processed.cif
input_cifs\mp-1217479.cif,Change atom at index 25 to Ir in the cif file.,output_cifs\change_atom_action\mp-1217479_processed.cif
input_cifs\mp-1217682.cif,Change atom at index 9 to Ag in the cif file.,output_cifs\change_atom_action\mp-1217682_processed.cif
input_cifs\mp-1217834.cif,Change atom at index 2 to Eu in the cif file.,output_cifs\change_atom_action\mp-1217834_processed.cif
input_cifs\mp-1218011.cif,Change atom at index 8 to Na in the cif file.,output_cifs\change_atom_action\mp-1218011_processed.cif
input_cifs\mp-1218423.cif,Change atom at index 12 to Br in the cif file.,output_cifs\change_atom_action\mp-1218423_processed.cif
input_cifs\mp-1218682.cif,Change atom at index 16 to Zr in the cif file.,output_cifs\change_atom_action\mp-1218682_processed.cif
input_cifs\mp-1218922.cif,Change atom at index 3 to Cm in the cif file.,output_cifs\change_atom_action\mp-1218922_processed.cif
input_cifs\mp-1219071.cif,Change atom at index 13 to As in the cif file.,output_cifs\change_atom_action\mp-1219071_processed.cif
input_cifs\mp-1219127.cif,Change atom at index 5 to Dy in the cif file.,output_cifs\change_atom_action\mp-1219127_processed.cif
input_cifs\mp-1219578.cif,Change atom at index 22 to La in the cif file.,output_cifs\change_atom_action\mp-1219578_processed.cif
input_cifs\mp-1219615.cif,Change atom at index 13 to Mg in the cif file.,output_cifs\change_atom_action\mp-1219615_processed.cif
input_cifs\mp-1219892.cif,Change atom at index 19 to Ga in the cif file.,output_cifs\change_atom_action\mp-1219892_processed.cif
input_cifs\mp-1219893.cif,Change atom at index 10 to Zn in the cif file.,output_cifs\change_atom_action\mp-1219893_processed.cif
input_cifs\mp-1220065.cif,Change atom at index 29 to Kr in the cif file.,output_cifs\change_atom_action\mp-1220065_processed.cif
input_cifs\mp-1220070.cif,Change atom at index 15 to Na in the cif file.,output_cifs\change_atom_action\mp-1220070_processed.cif
input_cifs\mp-1220202.cif,Change atom at index 5 to At in the cif file.,output_cifs\change_atom_action\mp-1220202_processed.cif
input_cifs\mp-1220419.cif,Change atom at index 5 to Na in the cif file.,output_cifs\change_atom_action\mp-1220419_processed.cif
input_cifs\mp-1220444.cif,Change atom at index 10 to Lr in the cif file.,output_cifs\change_atom_action\mp-1220444_processed.cif
input_cifs\mp-1220553.cif,Change atom at index 9 to Gd in the cif file.,output_cifs\change_atom_action\mp-1220553_processed.cif
input_cifs\mp-1220692.cif,Change atom at index 11 to Pd in the cif file.,output_cifs\change_atom_action\mp-1220692_processed.cif
input_cifs\mp-1220760.cif,Change atom at index 19 to Ga in the cif file.,output_cifs\change_atom_action\mp-1220760_processed.cif
input_cifs\mp-1221207.cif,Change atom at index 2 to Ce in the cif file.,output_cifs\change_atom_action\mp-1221207_processed.cif
input_cifs\mp-1221380.cif,Change atom at index 15 to Na in the cif file.,output_cifs\change_atom_action\mp-1221380_processed.cif
input_cifs\mp-1221838.cif,Change atom at index 8 to Mg in the cif file.,output_cifs\change_atom_action\mp-1221838_processed.cif
input_cifs\mp-1221843.cif,Change atom at index 10 to Fe in the cif file.,output_cifs\change_atom_action\mp-1221843_processed.cif
input_cifs\mp-1221998.cif,Change atom at index 5 to Cd in the cif file.,output_cifs\change_atom_action\mp-1221998_processed.cif
input_cifs\mp-1222146.cif,Change atom at index 13 to Fe in the cif file.,output_cifs\change_atom_action\mp-1222146_processed.cif
input_cifs\mp-1222327.cif,Change atom at index 7 to Ta in the cif file.,output_cifs\change_atom_action\mp-1222327_processed.cif
input_cifs\mp-1222509.cif,Change atom at index 4 to N in the cif file.,output_cifs\change_atom_action\mp-1222509_processed.cif
input_cifs\mp-1222563.cif,Change atom at index 28 to Yb in the cif file.,output_cifs\change_atom_action\mp-1222563_processed.cif
input_cifs\mp-1222827.cif,Change atom at index 6 to Sc in the cif file.,output_cifs\change_atom_action\mp-1222827_processed.cif
input_cifs\mp-1223169.cif,Change atom at index 19 to Sn in the cif file.,output_cifs\change_atom_action\mp-1223169_processed.cif
input_cifs\mp-1223295.cif,Change atom at index 1 to Po in the cif file.,output_cifs\change_atom_action\mp-1223295_processed.cif
input_cifs\mp-1223429.cif,Change atom at index 3 to Nb in the cif file.,output_cifs\change_atom_action\mp-1223429_processed.cif
input_cifs\mp-1223578.cif,Change atom at index 58 to Mg in the cif file.,output_cifs\change_atom_action\mp-1223578_processed.cif
input_cifs\mp-1223597.cif,Change atom at index 29 to Li in the cif file.,output_cifs\change_atom_action\mp-1223597_processed.cif
input_cifs\mp-1223626.cif,Change atom at index 2 to Ho in the cif file.,output_cifs\change_atom_action\mp-1223626_processed.cif
input_cifs\mp-1223895.cif,Change atom at index 5 to Bk in the cif file.,output_cifs\change_atom_action\mp-1223895_processed.cif
input_cifs\mp-1224478.cif,Change atom at index 27 to Pr in the cif file.,output_cifs\change_atom_action\mp-1224478_processed.cif
input_cifs\mp-1224502.cif,Change atom at index 8 to Nh in the cif file.,output_cifs\change_atom_action\mp-1224502_processed.cif
input_cifs\mp-1225147.cif,Change atom at index 6 to Pd in the cif file.,output_cifs\change_atom_action\mp-1225147_processed.cif
input_cifs\mp-1225213.cif,Change atom at index 18 to Mn in the cif file.,output_cifs\change_atom_action\mp-1225213_processed.cif
input_cifs\mp-1225229.cif,Change atom at index 10 to Ne in the cif file.,output_cifs\change_atom_action\mp-1225229_processed.cif
input_cifs\mp-1225237.cif,Change atom at index 21 to Zn in the cif file.,output_cifs\change_atom_action\mp-1225237_processed.cif
input_cifs\mp-1225440.cif,Change atom at index 6 to Cf in the cif file.,output_cifs\change_atom_action\mp-1225440_processed.cif
input_cifs\mp-1225651.cif,Change atom at index 7 to Cu in the cif file.,output_cifs\change_atom_action\mp-1225651_processed.cif
input_cifs\mp-1225781.cif,Change atom at index 13 to Al in the cif file.,output_cifs\change_atom_action\mp-1225781_processed.cif
input_cifs\mp-1226113.cif,Change atom at index 24 to Ir in the cif file.,output_cifs\change_atom_action\mp-1226113_processed.cif
input_cifs\mp-1226144.cif,Change atom at index 3 to Fr in the cif file.,output_cifs\change_atom_action\mp-1226144_processed.cif
input_cifs\mp-1226291.cif,Change atom at index 2 to Db in the cif file.,output_cifs\change_atom_action\mp-1226291_processed.cif
input_cifs\mp-1226695.cif,Change atom at index 18 to Ce in the cif file.,output_cifs\change_atom_action\mp-1226695_processed.cif
input_cifs\mp-1227099.cif,Change atom at index 4 to Au in the cif file.,output_cifs\change_atom_action\mp-1227099_processed.cif
input_cifs\mp-1227106.cif,Change atom at index 10 to Eu in the cif file.,output_cifs\change_atom_action\mp-1227106_processed.cif
input_cifs\mp-1227447.cif,Change atom at index 7 to Eu in the cif file.,output_cifs\change_atom_action\mp-1227447_processed.cif
input_cifs\mp-1227574.cif,Change atom at index 4 to Au in the cif file.,output_cifs\change_atom_action\mp-1227574_processed.cif
input_cifs\mp-1227644.cif,Change atom at index 15 to No in the cif file.,output_cifs\change_atom_action\mp-1227644_processed.cif
input_cifs\mp-1227756.cif,Change atom at index 14 to Ds in the cif file.,output_cifs\change_atom_action\mp-1227756_processed.cif
input_cifs\mp-1227836.cif,Change atom at index 5 to Sc in the cif file.,output_cifs\change_atom_action\mp-1227836_processed.cif
input_cifs\mp-1227849.cif,Change atom at index 4 to Ar in the cif file.,output_cifs\change_atom_action\mp-1227849_processed.cif
input_cifs\mp-1227954.cif,Change atom at index 60 to As in the cif file.,output_cifs\change_atom_action\mp-1227954_processed.cif
input_cifs\mp-1228056.cif,Change atom at index 22 to Sn in the cif file.,output_cifs\change_atom_action\mp-1228056_processed.cif
input_cifs\mp-1228315.cif,Change atom at index 5 to B in the cif file.,output_cifs\change_atom_action\mp-1228315_processed.cif
input_cifs\mp-1228494.cif,Change atom at index 2 to Co in the cif file.,output_cifs\change_atom_action\mp-1228494_processed.cif
input_cifs\mp-1228522.cif,Change atom at index 3 to K in the cif file.,output_cifs\change_atom_action\mp-1228522_processed.cif
input_cifs\mp-1228836.cif,Change atom at index 43 to Nb in the cif file.,output_cifs\change_atom_action\mp-1228836_processed.cif
input_cifs\mp-1229286.cif,Change atom at index 30 to Fm in the cif file.,output_cifs\change_atom_action\mp-1229286_processed.cif
input_cifs\mp-1232260.cif,Change atom at index 1 to Os in the cif file.,output_cifs\change_atom_action\mp-1232260_processed.cif
input_cifs\mp-1232340.cif,Change atom at index 5 to F in the cif file.,output_cifs\change_atom_action\mp-1232340_processed.cif
input_cifs\mp-1233155.cif,Change atom at index 16 to Na in the cif file.,output_cifs\change_atom_action\mp-1233155_processed.cif
input_cifs\mp-1233280.cif,Change atom at index 19 to Bi in the cif file.,output_cifs\change_atom_action\mp-1233280_processed.cif
input_cifs\mp-1233390.cif,Change atom at index 18 to H in the cif file.,output_cifs\change_atom_action\mp-1233390_processed.cif
input_cifs\mp-1233443.cif,Change atom at index 4 to Ag in the cif file.,output_cifs\change_atom_action\mp-1233443_processed.cif
input_cifs\mp-1233468.cif,Change atom at index 14 to Bh in the cif file.,output_cifs\change_atom_action\mp-1233468_processed.cif
input_cifs\mp-1233776.cif,Change atom at index 2 to Pd in the cif file.,output_cifs\change_atom_action\mp-1233776_processed.cif
input_cifs\mp-1233932.cif,Change atom at index 6 to F in the cif file.,output_cifs\change_atom_action\mp-1233932_processed.cif
input_cifs\mp-1233998.cif,Change atom at index 4 to Cl in the cif file.,output_cifs\change_atom_action\mp-1233998_processed.cif
input_cifs\mp-1234032.cif,Change atom at index 16 to Kr in the cif file.,output_cifs\change_atom_action\mp-1234032_processed.cif
input_cifs\mp-1234239.cif,Change atom at index 35 to Rh in the cif file.,output_cifs\change_atom_action\mp-1234239_processed.cif
input_cifs\mp-12343.cif,Change atom at index 4 to Tm in the cif file.,output_cifs\change_atom_action\mp-12343_processed.cif
input_cifs\mp-1234325.cif,Change atom at index 0 to I in the cif file.,output_cifs\change_atom_action\mp-1234325_processed.cif
input_cifs\mp-1234413.cif,Change atom at index 21 to Db in the cif file.,output_cifs\change_atom_action\mp-1234413_processed.cif
input_cifs\mp-1234620.cif,Change atom at index 28 to Al in the cif file.,output_cifs\change_atom_action\mp-1234620_processed.cif
input_cifs\mp-1234667.cif,Change atom at index 6 to Al in the cif file.,output_cifs\change_atom_action\mp-1234667_processed.cif
input_cifs\mp-1234741.cif,Change atom at index 7 to Pm in the cif file.,output_cifs\change_atom_action\mp-1234741_processed.cif
input_cifs\mp-1235023.cif,Change atom at index 2 to Gd in the cif file.,output_cifs\change_atom_action\mp-1235023_processed.cif
input_cifs\mp-1235295.cif,Change atom at index 3 to Ag in the cif file.,output_cifs\change_atom_action\mp-1235295_processed.cif
input_cifs\mp-1235548.cif,Change atom at index 2 to Rf in the cif file.,output_cifs\change_atom_action\mp-1235548_processed.cif
input_cifs\mp-1235562.cif,Change atom at index 12 to Ra in the cif file.,output_cifs\change_atom_action\mp-1235562_processed.cif
input_cifs\mp-1235571.cif,Change atom at index 3 to As in the cif file.,output_cifs\change_atom_action\mp-1235571_processed.cif
input_cifs\mp-1235672.cif,Change atom at index 16 to Nh in the cif file.,output_cifs\change_atom_action\mp-1235672_processed.cif
input_cifs\mp-1235780.cif,Change atom at index 10 to Cf in the cif file.,output_cifs\change_atom_action\mp-1235780_processed.cif
input_cifs\mp-1236433.cif,Change atom at index 3 to P in the cif file.,output_cifs\change_atom_action\mp-1236433_processed.cif
input_cifs\mp-1236543.cif,Change atom at index 3 to Tc in the cif file.,output_cifs\change_atom_action\mp-1236543_processed.cif
input_cifs\mp-1237278.cif,Change atom at index 3 to Lv in the cif file.,output_cifs\change_atom_action\mp-1237278_processed.cif
input_cifs\mp-1237483.cif,Change atom at index 13 to Rb in the cif file.,output_cifs\change_atom_action\mp-1237483_processed.cif
input_cifs\mp-1238409.cif,Change atom at index 2 to Sr in the cif file.,output_cifs\change_atom_action\mp-1238409_processed.cif
input_cifs\mp-1239078.cif,Change atom at index 20 to Ds in the cif file.,output_cifs\change_atom_action\mp-1239078_processed.cif
input_cifs\mp-1239118.cif,Change atom at index 1 to Ar in the cif file.,output_cifs\change_atom_action\mp-1239118_processed.cif
input_cifs\mp-1239141.cif,Change atom at index 18 to Li in the cif file.,output_cifs\change_atom_action\mp-1239141_processed.cif
input_cifs\mp-1239223.cif,Change atom at index 4 to Sr in the cif file.,output_cifs\change_atom_action\mp-1239223_processed.cif
input_cifs\mp-1245280.cif,Change atom at index 18 to Er in the cif file.,output_cifs\change_atom_action\mp-1245280_processed.cif
input_cifs\mp-1245339.cif,Change atom at index 44 to La in the cif file.,output_cifs\change_atom_action\mp-1245339_processed.cif
input_cifs\mp-1245361.cif,Change atom at index 92 to Lv in the cif file.,output_cifs\change_atom_action\mp-1245361_processed.cif
input_cifs\mp-1245365.cif,Change atom at index 38 to Og in the cif file.,output_cifs\change_atom_action\mp-1245365_processed.cif
input_cifs\mp-1245626.cif,Change atom at index 4 to Ta in the cif file.,output_cifs\change_atom_action\mp-1245626_processed.cif
input_cifs\mp-1245657.cif,Change atom at index 12 to Xe in the cif file.,output_cifs\change_atom_action\mp-1245657_processed.cif
input_cifs\mp-1245740.cif,Change atom at index 1 to Mo in the cif file.,output_cifs\change_atom_action\mp-1245740_processed.cif
input_cifs\mp-1246144.cif,Change atom at index 13 to Np in the cif file.,output_cifs\change_atom_action\mp-1246144_processed.cif
input_cifs\mp-1246228.cif,Change atom at index 19 to Yb in the cif file.,output_cifs\change_atom_action\mp-1246228_processed.cif
input_cifs\mp-1246371.cif,Change atom at index 48 to Cs in the cif file.,output_cifs\change_atom_action\mp-1246371_processed.cif
input_cifs\mp-1246720.cif,Change atom at index 11 to Bk in the cif file.,output_cifs\change_atom_action\mp-1246720_processed.cif
input_cifs\mp-1246726.cif,Change atom at index 5 to Ga in the cif file.,output_cifs\change_atom_action\mp-1246726_processed.cif
input_cifs\mp-1246860.cif,Change atom at index 13 to Bi in the cif file.,output_cifs\change_atom_action\mp-1246860_processed.cif
input_cifs\mp-1247094.cif,Change atom at index 11 to Bh in the cif file.,output_cifs\change_atom_action\mp-1247094_processed.cif
input_cifs\mp-1247286.cif,Change atom at index 32 to Pd in the cif file.,output_cifs\change_atom_action\mp-1247286_processed.cif
input_cifs\mp-1247309.cif,Change atom at index 8 to Eu in the cif file.,output_cifs\change_atom_action\mp-1247309_processed.cif
input_cifs\mp-1247354.cif,Change atom at index 10 to Xe in the cif file.,output_cifs\change_atom_action\mp-1247354_processed.cif
input_cifs\mp-1247634.cif,Change atom at index 37 to Ds in the cif file.,output_cifs\change_atom_action\mp-1247634_processed.cif
input_cifs\mp-1247690.cif,Change atom at index 34 to Ir in the cif file.,output_cifs\change_atom_action\mp-1247690_processed.cif
input_cifs\mp-1250148.cif,Change atom at index 24 to Ir in the cif file.,output_cifs\change_atom_action\mp-1250148_processed.cif
input_cifs\mp-1250558.cif,Change atom at index 28 to Ta in the cif file.,output_cifs\change_atom_action\mp-1250558_processed.cif
input_cifs\mp-1253019.cif,Change atom at index 9 to Eu in the cif file.,output_cifs\change_atom_action\mp-1253019_processed.cif
input_cifs\mp-1262123.cif,Change atom at index 23 to Na in the cif file.,output_cifs\change_atom_action\mp-1262123_processed.cif
input_cifs\mp-12645.cif,Change atom at index 1 to Nd in the cif file.,output_cifs\change_atom_action\mp-12645_processed.cif
input_cifs\mp-1273464.cif,Change atom at index 12 to Zn in the cif file.,output_cifs\change_atom_action\mp-1273464_processed.cif
input_cifs\mp-1274050.cif,Change atom at index 7 to Sc in the cif file.,output_cifs\change_atom_action\mp-1274050_processed.cif
input_cifs\mp-1275879.cif,Change atom at index 23 to La in the cif file.,output_cifs\change_atom_action\mp-1275879_processed.cif
input_cifs\mp-1278738.cif,Change atom at index 9 to He in the cif file.,output_cifs\change_atom_action\mp-1278738_processed.cif
input_cifs\mp-1290926.cif,Change atom at index 35 to Sr in the cif file.,output_cifs\change_atom_action\mp-1290926_processed.cif
input_cifs\mp-1290947.cif,Change atom at index 0 to Ag in the cif file.,output_cifs\change_atom_action\mp-1290947_processed.cif
input_cifs\mp-1293037.cif,Change atom at index 20 to Mc in the cif file.,output_cifs\change_atom_action\mp-1293037_processed.cif
input_cifs\mp-1294897.cif,Change atom at index 21 to Gd in the cif file.,output_cifs\change_atom_action\mp-1294897_processed.cif
input_cifs\mp-1297758.cif,Change atom at index 14 to Cs in the cif file.,output_cifs\change_atom_action\mp-1297758_processed.cif
input_cifs\mp-1299593.cif,Change atom at index 8 to Es in the cif file.,output_cifs\change_atom_action\mp-1299593_processed.cif
input_cifs\mp-1301981.cif,Change atom at index 21 to Sg in the cif file.,output_cifs\change_atom_action\mp-1301981_processed.cif
input_cifs\mp-1302395.cif,Change atom at index 13 to Os in the cif file.,output_cifs\change_atom_action\mp-1302395_processed.cif
input_cifs\mp-1307565.cif,Change atom at index 5 to Pr in the cif file.,output_cifs\change_atom_action\mp-1307565_processed.cif
input_cifs\mp-1310460.cif,Change atom at index 15 to Pa in the cif file.,output_cifs\change_atom_action\mp-1310460_processed.cif
input_cifs\mp-1311133.cif,Change atom at index 11 to Og in the cif file.,output_cifs\change_atom_action\mp-1311133_processed.cif
input_cifs\mp-1323.cif,Change atom at index 9 to Os in the cif file.,output_cifs\change_atom_action\mp-1323_processed.cif
input_cifs\mp-1329989.cif,Change atom at index 56 to Bk in the cif file.,output_cifs\change_atom_action\mp-1329989_processed.cif
input_cifs\mp-1330925.cif,Change atom at index 50 to Tl in the cif file.,output_cifs\change_atom_action\mp-1330925_processed.cif
input_cifs\mp-1337025.cif,Change atom at index 0 to Db in the cif file.,output_cifs\change_atom_action\mp-1337025_processed.cif
input_cifs\mp-1337931.cif,Change atom at index 44 to Fl in the cif file.,output_cifs\change_atom_action\mp-1337931_processed.cif
input_cifs\mp-1344766.cif,Change atom at index 4 to F in the cif file.,output_cifs\change_atom_action\mp-1344766_processed.cif
input_cifs\mp-1347018.cif,Change atom at index 12 to Li in the cif file.,output_cifs\change_atom_action\mp-1347018_processed.cif
input_cifs\mp-1348043.cif,Change atom at index 13 to Nd in the cif file.,output_cifs\change_atom_action\mp-1348043_processed.cif
input_cifs\mp-1350284.cif,Change atom at index 28 to Cm in the cif file.,output_cifs\change_atom_action\mp-1350284_processed.cif
input_cifs\mp-1354141.cif,Change atom at index 34 to Gd in the cif file.,output_cifs\change_atom_action\mp-1354141_processed.cif
input_cifs\mp-13560.cif,Change atom at index 6 to Tb in the cif file.,output_cifs\change_atom_action\mp-13560_processed.cif
input_cifs\mp-1368020.cif,Change atom at index 4 to P in the cif file.,output_cifs\change_atom_action\mp-1368020_processed.cif
input_cifs\mp-1370295.cif,Change atom at index 7 to Br in the cif file.,output_cifs\change_atom_action\mp-1370295_processed.cif
input_cifs\mp-1373337.cif,Change atom at index 13 to Bi in the cif file.,output_cifs\change_atom_action\mp-1373337_processed.cif
input_cifs\mp-1376405.cif,Change atom at index 7 to Pm in the cif file.,output_cifs\change_atom_action\mp-1376405_processed.cif
input_cifs\mp-1377393.cif,Change atom at index 2 to Lr in the cif file.,output_cifs\change_atom_action\mp-1377393_processed.cif
input_cifs\mp-1377991.cif,Change atom at index 11 to In in the cif file.,output_cifs\change_atom_action\mp-1377991_processed.cif
input_cifs\mp-1385417.cif,Change atom at index 5 to As in the cif file.,output_cifs\change_atom_action\mp-1385417_processed.cif
input_cifs\mp-1388114.cif,Change atom at index 4 to Tc in the cif file.,output_cifs\change_atom_action\mp-1388114_processed.cif
input_cifs\mp-1388425.cif,Change atom at index 2 to Re in the cif file.,output_cifs\change_atom_action\mp-1388425_processed.cif
input_cifs\mp-1391777.cif,Change atom at index 9 to Xe in the cif file.,output_cifs\change_atom_action\mp-1391777_processed.cif
input_cifs\mp-14005.cif,Change atom at index 4 to Ts in the cif file.,output_cifs\change_atom_action\mp-14005_processed.cif
input_cifs\mp-1401385.cif,Change atom at index 2 to Yb in the cif file.,output_cifs\change_atom_action\mp-1401385_processed.cif
input_cifs\mp-1405211.cif,Change atom at index 5 to Fr in the cif file.,output_cifs\change_atom_action\mp-1405211_processed.cif
input_cifs\mp-1412002.cif,Change atom at index 0 to I in the cif file.,output_cifs\change_atom_action\mp-1412002_processed.cif
input_cifs\mp-1419122.cif,Change atom at index 9 to Nh in the cif file.,output_cifs\change_atom_action\mp-1419122_processed.cif
input_cifs\mp-1439.cif,Change atom at index 9 to Mt in the cif file.,output_cifs\change_atom_action\mp-1439_processed.cif
input_cifs\mp-14555.cif,Change atom at index 45 to Be in the cif file.,output_cifs\change_atom_action\mp-14555_processed.cif
input_cifs\mp-14556.cif,Change atom at index 58 to Pr in the cif file.,output_cifs\change_atom_action\mp-14556_processed.cif
input_cifs\mp-1516666.cif,Change atom at index 0 to Bk in the cif file.,output_cifs\change_atom_action\mp-1516666_processed.cif
input_cifs\mp-1517169.cif,Change atom at index 9 to Fe in the cif file.,output_cifs\change_atom_action\mp-1517169_processed.cif
input_cifs\mp-1517627.cif,Change atom at index 1 to Og in the cif file.,output_cifs\change_atom_action\mp-1517627_processed.cif
input_cifs\mp-1518007.cif,Change atom at index 32 to Cm in the cif file.,output_cifs\change_atom_action\mp-1518007_processed.cif
input_cifs\mp-1518014.cif,Change atom at index 4 to Ne in the cif file.,output_cifs\change_atom_action\mp-1518014_processed.cif
input_cifs\mp-1518246.cif,Change atom at index 4 to Fr in the cif file.,output_cifs\change_atom_action\mp-1518246_processed.cif
input_cifs\mp-1518458.cif,Change atom at index 9 to Au in the cif file.,output_cifs\change_atom_action\mp-1518458_processed.cif
input_cifs\mp-1518757.cif,Change atom at index 0 to Zr in the cif file.,output_cifs\change_atom_action\mp-1518757_processed.cif
input_cifs\mp-1519002.cif,Change atom at index 9 to Cr in the cif file.,output_cifs\change_atom_action\mp-1519002_processed.cif
input_cifs\mp-1519698.cif,Change atom at index 0 to Tb in the cif file.,output_cifs\change_atom_action\mp-1519698_processed.cif
input_cifs\mp-1519736.cif,Change atom at index 1 to Na in the cif file.,output_cifs\change_atom_action\mp-1519736_processed.cif
input_cifs\mp-1519860.cif,Change atom at index 2 to Y in the cif file.,output_cifs\change_atom_action\mp-1519860_processed.cif
input_cifs\mp-1519983.cif,Change atom at index 5 to In in the cif file.,output_cifs\change_atom_action\mp-1519983_processed.cif
input_cifs\mp-1519998.cif,Change atom at index 7 to Tl in the cif file.,output_cifs\change_atom_action\mp-1519998_processed.cif
input_cifs\mp-1520500.cif,Change atom at index 18 to Am in the cif file.,output_cifs\change_atom_action\mp-1520500_processed.cif
input_cifs\mp-1521011.cif,Change atom at index 5 to Nd in the cif file.,output_cifs\change_atom_action\mp-1521011_processed.cif
input_cifs\mp-1521056.cif,Change atom at index 0 to Pd in the cif file.,output_cifs\change_atom_action\mp-1521056_processed.cif
input_cifs\mp-1521082.cif,Change atom at index 5 to Og in the cif file.,output_cifs\change_atom_action\mp-1521082_processed.cif
input_cifs\mp-1521221.cif,Change atom at index 7 to K in the cif file.,output_cifs\change_atom_action\mp-1521221_processed.cif
input_cifs\mp-1521309.cif,Change atom at index 1 to Fm in the cif file.,output_cifs\change_atom_action\mp-1521309_processed.cif
input_cifs\mp-1521702.cif,Change atom at index 10 to Fr in the cif file.,output_cifs\change_atom_action\mp-1521702_processed.cif
input_cifs\mp-1522205.cif,Change atom at index 10 to O in the cif file.,output_cifs\change_atom_action\mp-1522205_processed.cif
input_cifs\mp-1522629.cif,Change atom at index 13 to Hs in the cif file.,output_cifs\change_atom_action\mp-1522629_processed.cif
input_cifs\mp-1522792.cif,Change atom at index 4 to Bh in the cif file.,output_cifs\change_atom_action\mp-1522792_processed.cif
input_cifs\mp-1523004.cif,Change atom at index 9 to Os in the cif file.,output_cifs\change_atom_action\mp-1523004_processed.cif
input_cifs\mp-1523044.cif,Change atom at index 0 to Sb in the cif file.,output_cifs\change_atom_action\mp-1523044_processed.cif
input_cifs\mp-1523067.cif,Change atom at index 7 to Fr in the cif file.,output_cifs\change_atom_action\mp-1523067_processed.cif
input_cifs\mp-1523239.cif,Change atom at index 5 to Br in the cif file.,output_cifs\change_atom_action\mp-1523239_processed.cif
input_cifs\mp-15896.cif,Change atom at index 7 to La in the cif file.,output_cifs\change_atom_action\mp-15896_processed.cif
input_cifs\mp-1643677.cif,Change atom at index 25 to Yb in the cif file.,output_cifs\change_atom_action\mp-1643677_processed.cif
input_cifs\mp-1645697.cif,Change atom at index 22 to Co in the cif file.,output_cifs\change_atom_action\mp-1645697_processed.cif
input_cifs\mp-1661789.cif,Change atom at index 8 to Th in the cif file.,output_cifs\change_atom_action\mp-1661789_processed.cif
input_cifs\mp-1661936.cif,Change atom at index 15 to S in the cif file.,output_cifs\change_atom_action\mp-1661936_processed.cif
input_cifs\mp-1662795.cif,Change atom at index 50 to Br in the cif file.,output_cifs\change_atom_action\mp-1662795_processed.cif
input_cifs\mp-1666930.cif,Change atom at index 29 to Gd in the cif file.,output_cifs\change_atom_action\mp-1666930_processed.cif
input_cifs\mp-17024.cif,Change atom at index 16 to Zr in the cif file.,output_cifs\change_atom_action\mp-17024_processed.cif
input_cifs\mp-17282.cif,Change atom at index 26 to Ga in the cif file.,output_cifs\change_atom_action\mp-17282_processed.cif
input_cifs\mp-17344.cif,Change atom at index 9 to Te in the cif file.,output_cifs\change_atom_action\mp-17344_processed.cif
input_cifs\mp-17676.cif,Change atom at index 9 to Hg in the cif file.,output_cifs\change_atom_action\mp-17676_processed.cif
input_cifs\mp-17770.cif,Change atom at index 3 to Ne in the cif file.,output_cifs\change_atom_action\mp-17770_processed.cif
input_cifs\mp-17838.cif,Change atom at index 24 to Os in the cif file.,output_cifs\change_atom_action\mp-17838_processed.cif
input_cifs\mp-17861.cif,Change atom at index 7 to Li in the cif file.,output_cifs\change_atom_action\mp-17861_processed.cif
input_cifs\mp-18469.cif,Change atom at index 5 to Cu in the cif file.,output_cifs\change_atom_action\mp-18469_processed.cif
input_cifs\mp-18525.cif,Change atom at index 22 to Cm in the cif file.,output_cifs\change_atom_action\mp-18525_processed.cif
input_cifs\mp-18612.cif,Change atom at index 4 to Hs in the cif file.,output_cifs\change_atom_action\mp-18612_processed.cif
input_cifs\mp-18701.cif,Change atom at index 5 to Lr in the cif file.,output_cifs\change_atom_action\mp-18701_processed.cif
input_cifs\mp-18713.cif,Change atom at index 19 to Cr in the cif file.,output_cifs\change_atom_action\mp-18713_processed.cif
input_cifs\mp-18817.cif,Change atom at index 2 to Pm in the cif file.,output_cifs\change_atom_action\mp-18817_processed.cif
input_cifs\mp-18833.cif,Change atom at index 12 to Sg in the cif file.,output_cifs\change_atom_action\mp-18833_processed.cif
input_cifs\mp-18848.cif,Change atom at index 7 to Cd in the cif file.,output_cifs\change_atom_action\mp-18848_processed.cif
input_cifs\mp-18996.cif,Change atom at index 22 to Th in the cif file.,output_cifs\change_atom_action\mp-18996_processed.cif
input_cifs\mp-19070.cif,Change atom at index 0 to F in the cif file.,output_cifs\change_atom_action\mp-19070_processed.cif
input_cifs\mp-19087.cif,Change atom at index 4 to Sn in the cif file.,output_cifs\change_atom_action\mp-19087_processed.cif
input_cifs\mp-19123.cif,Change atom at index 0 to Fr in the cif file.,output_cifs\change_atom_action\mp-19123_processed.cif
input_cifs\mp-19162.cif,Change atom at index 3 to Cl in the cif file.,output_cifs\change_atom_action\mp-19162_processed.cif
input_cifs\mp-19426.cif,Change atom at index 0 to As in the cif file.,output_cifs\change_atom_action\mp-19426_processed.cif
input_cifs\mp-19785.cif,Change atom at index 16 to Mt in the cif file.,output_cifs\change_atom_action\mp-19785_processed.cif
input_cifs\mp-1987603.cif,Change atom at index 6 to Po in the cif file.,output_cifs\change_atom_action\mp-1987603_processed.cif
input_cifs\mp-19903.cif,Change atom at index 4 to Ca in the cif file.,output_cifs\change_atom_action\mp-19903_processed.cif
input_cifs\mp-19931.cif,Change atom at index 14 to F in the cif file.,output_cifs\change_atom_action\mp-19931_processed.cif
input_cifs\mp-20276.cif,Change atom at index 5 to Lv in the cif file.,output_cifs\change_atom_action\mp-20276_processed.cif
input_cifs\mp-2030372.cif,Change atom at index 1 to U in the cif file.,output_cifs\change_atom_action\mp-2030372_processed.cif
input_cifs\mp-20460.cif,Change atom at index 9 to Am in the cif file.,output_cifs\change_atom_action\mp-20460_processed.cif
input_cifs\mp-20499.cif,Change atom at index 3 to Mc in the cif file.,output_cifs\change_atom_action\mp-20499_processed.cif
input_cifs\mp-2053129.cif,Change atom at index 10 to Br in the cif file.,output_cifs\change_atom_action\mp-2053129_processed.cif
input_cifs\mp-20633.cif,Change atom at index 9 to Sm in the cif file.,output_cifs\change_atom_action\mp-20633_processed.cif
input_cifs\mp-21208.cif,Change atom at index 10 to Lr in the cif file.,output_cifs\change_atom_action\mp-21208_processed.cif
input_cifs\mp-21493.cif,Change atom at index 9 to Rh in the cif file.,output_cifs\change_atom_action\mp-21493_processed.cif
input_cifs\mp-21658.cif,Change atom at index 1 to Ag in the cif file.,output_cifs\change_atom_action\mp-21658_processed.cif
input_cifs\mp-21799.cif,Change atom at index 2 to Rn in the cif file.,output_cifs\change_atom_action\mp-21799_processed.cif
input_cifs\mp-22042.cif,Change atom at index 10 to Ca in the cif file.,output_cifs\change_atom_action\mp-22042_processed.cif
input_cifs\mp-2206289.cif,Change atom at index 55 to Bk in the cif file.,output_cifs\change_atom_action\mp-2206289_processed.cif
input_cifs\mp-22076.cif,Change atom at index 4 to W in the cif file.,output_cifs\change_atom_action\mp-22076_processed.cif
input_cifs\mp-2215910.cif,Change atom at index 13 to Rb in the cif file.,output_cifs\change_atom_action\mp-2215910_processed.cif
input_cifs\mp-2217621.cif,Change atom at index 0 to No in the cif file.,output_cifs\change_atom_action\mp-2217621_processed.cif
input_cifs\mp-2217707.cif,Change atom at index 1 to Te in the cif file.,output_cifs\change_atom_action\mp-2217707_processed.cif
input_cifs\mp-2217878.cif,Change atom at index 6 to O in the cif file.,output_cifs\change_atom_action\mp-2217878_processed.cif
input_cifs\mp-2218067.cif,Change atom at index 8 to Ar in the cif file.,output_cifs\change_atom_action\mp-2218067_processed.cif
input_cifs\mp-2218172.cif,Change atom at index 8 to Fl in the cif file.,output_cifs\change_atom_action\mp-2218172_processed.cif
input_cifs\mp-2218202.cif,Change atom at index 0 to Hg in the cif file.,output_cifs\change_atom_action\mp-2218202_processed.cif
input_cifs\mp-2218885.cif,Change atom at index 4 to Nh in the cif file.,output_cifs\change_atom_action\mp-2218885_processed.cif
input_cifs\mp-2218969.cif,Change atom at index 8 to Mc in the cif file.,output_cifs\change_atom_action\mp-2218969_processed.cif
input_cifs\mp-2219052.cif,Change atom at index 7 to Ts in the cif file.,output_cifs\change_atom_action\mp-2219052_processed.cif
input_cifs\mp-2219166.cif,Change atom at index 12 to Co in the cif file.,output_cifs\change_atom_action\mp-2219166_processed.cif
input_cifs\mp-2219262.cif,Change atom at index 6 to Na in the cif file.,output_cifs\change_atom_action\mp-2219262_processed.cif
input_cifs\mp-2219466.cif,Change atom at index 0 to Nd in the cif file.,output_cifs\change_atom_action\mp-2219466_processed.cif
input_cifs\mp-2222780.cif,Change atom at index 8 to Mg in the cif file.,output_cifs\change_atom_action\mp-2222780_processed.cif
input_cifs\mp-2223884.cif,Change atom at index 3 to Rg in the cif file.,output_cifs\change_atom_action\mp-2223884_processed.cif
input_cifs\mp-2224443.cif,Change atom at index 1 to Fl in the cif file.,output_cifs\change_atom_action\mp-2224443_processed.cif
input_cifs\mp-2224447.cif,Change atom at index 1 to K in the cif file.,output_cifs\change_atom_action\mp-2224447_processed.cif
input_cifs\mp-22248.cif,Change atom at index 14 to Se in the cif file.,output_cifs\change_atom_action\mp-22248_processed.cif
input_cifs\mp-2224811.cif,Change atom at index 6 to Se in the cif file.,output_cifs\change_atom_action\mp-2224811_processed.cif
input_cifs\mp-2224860.cif,Change atom at index 11 to Kr in the cif file.,output_cifs\change_atom_action\mp-2224860_processed.cif
input_cifs\mp-2225000.cif,Change atom at index 3 to He in the cif file.,output_cifs\change_atom_action\mp-2225000_processed.cif
input_cifs\mp-2228328.cif,Change atom at index 18 to Zr in the cif file.,output_cifs\change_atom_action\mp-2228328_processed.cif
input_cifs\mp-2228374.cif,Change atom at index 11 to Ar in the cif file.,output_cifs\change_atom_action\mp-2228374_processed.cif
input_cifs\mp-2228437.cif,Change atom at index 9 to Rf in the cif file.,output_cifs\change_atom_action\mp-2228437_processed.cif
input_cifs\mp-2228500.cif,Change atom at index 10 to Te in the cif file.,output_cifs\change_atom_action\mp-2228500_processed.cif
input_cifs\mp-2228706.cif,Change atom at index 9 to Se in the cif file.,output_cifs\change_atom_action\mp-2228706_processed.cif
input_cifs\mp-2228915.cif,Change atom at index 5 to Lv in the cif file.,output_cifs\change_atom_action\mp-2228915_processed.cif
input_cifs\mp-2228929.cif,Change atom at index 17 to Cu in the cif file.,output_cifs\change_atom_action\mp-2228929_processed.cif
input_cifs\mp-2229660.cif,Change atom at index 0 to Bk in the cif file.,output_cifs\change_atom_action\mp-2229660_processed.cif
input_cifs\mp-2230032.cif,Change atom at index 18 to Np in the cif file.,output_cifs\change_atom_action\mp-2230032_processed.cif
input_cifs\mp-2230094.cif,Change atom at index 19 to Rh in the cif file.,output_cifs\change_atom_action\mp-2230094_processed.cif
input_cifs\mp-2230252.cif,Change atom at index 9 to Os in the cif file.,output_cifs\change_atom_action\mp-2230252_processed.cif
input_cifs\mp-2230521.cif,Change atom at index 2 to Ca in the cif file.,output_cifs\change_atom_action\mp-2230521_processed.cif
input_cifs\mp-2230812.cif,Change atom at index 0 to Pa in the cif file.,output_cifs\change_atom_action\mp-2230812_processed.cif
input_cifs\mp-2231004.cif,Change atom at index 16 to Cl in the cif file.,output_cifs\change_atom_action\mp-2231004_processed.cif
input_cifs\mp-2231286.cif,Change atom at index 12 to Er in the cif file.,output_cifs\change_atom_action\mp-2231286_processed.cif
input_cifs\mp-2232282.cif,Change atom at index 7 to Bh in the cif file.,output_cifs\change_atom_action\mp-2232282_processed.cif
input_cifs\mp-2239868.cif,Change atom at index 9 to Pd in the cif file.,output_cifs\change_atom_action\mp-2239868_processed.cif
input_cifs\mp-2240173.cif,Change atom at index 2 to Pa in the cif file.,output_cifs\change_atom_action\mp-2240173_processed.cif
input_cifs\mp-2241358.cif,Change atom at index 9 to V in the cif file.,output_cifs\change_atom_action\mp-2241358_processed.cif
input_cifs\mp-2254.cif,Change atom at index 4 to Rn in the cif file.,output_cifs\change_atom_action\mp-2254_processed.cif
input_cifs\mp-23418.cif,Change atom at index 8 to At in the cif file.,output_cifs\change_atom_action\mp-23418_processed.cif
input_cifs\mp-23498.cif,Change atom at index 0 to Sr in the cif file.,output_cifs\change_atom_action\mp-23498_processed.cif
input_cifs\mp-23586.cif,Change atom at index 17 to Fm in the cif file.,output_cifs\change_atom_action\mp-23586_processed.cif
input_cifs\mp-23979.cif,Change atom at index 20 to Sm in the cif file.,output_cifs\change_atom_action\mp-23979_processed.cif
input_cifs\mp-24037.cif,Change atom at index 22 to Er in the cif file.,output_cifs\change_atom_action\mp-24037_processed.cif
input_cifs\mp-24044.cif,Change atom at index 5 to No in the cif file.,output_cifs\change_atom_action\mp-24044_processed.cif
input_cifs\mp-24515.cif,Change atom at index 17 to Kr in the cif file.,output_cifs\change_atom_action\mp-24515_processed.cif
input_cifs\mp-2480.cif,Change atom at index 11 to Te in the cif file.,output_cifs\change_atom_action\mp-2480_processed.cif
input_cifs\mp-25405.cif,Change atom at index 11 to S in the cif file.,output_cifs\change_atom_action\mp-25405_processed.cif
input_cifs\mp-25457.cif,Change atom at index 34 to Tm in the cif file.,output_cifs\change_atom_action\mp-25457_processed.cif
input_cifs\mp-26179.cif,Change atom at index 7 to S in the cif file.,output_cifs\change_atom_action\mp-26179_processed.cif
input_cifs\mp-26270.cif,Change atom at index 9 to Og in the cif file.,output_cifs\change_atom_action\mp-26270_processed.cif
input_cifs\mp-2646946.cif,Change atom at index 10 to As in the cif file.,output_cifs\change_atom_action\mp-2646946_processed.cif
input_cifs\mp-26612.cif,Change atom at index 22 to Xe in the cif file.,output_cifs\change_atom_action\mp-26612_processed.cif
input_cifs\mp-2715259.cif,Change atom at index 19 to Li in the cif file.,output_cifs\change_atom_action\mp-2715259_processed.cif
input_cifs\mp-2715379.cif,Change atom at index 37 to Rf in the cif file.,output_cifs\change_atom_action\mp-2715379_processed.cif
input_cifs\mp-27286.cif,Change atom at index 33 to F in the cif file.,output_cifs\change_atom_action\mp-27286_processed.cif
input_cifs\mp-27341.cif,Change atom at index 46 to Th in the cif file.,output_cifs\change_atom_action\mp-27341_processed.cif
input_cifs\mp-27383.cif,Change atom at index 47 to Th in the cif file.,output_cifs\change_atom_action\mp-27383_processed.cif
input_cifs\mp-2751271.cif,Change atom at index 13 to Xe in the cif file.,output_cifs\change_atom_action\mp-2751271_processed.cif
input_cifs\mp-28393.cif,Change atom at index 26 to Rg in the cif file.,output_cifs\change_atom_action\mp-28393_processed.cif
input_cifs\mp-28394.cif,Change atom at index 13 to N in the cif file.,output_cifs\change_atom_action\mp-28394_processed.cif
input_cifs\mp-28430.cif,Change atom at index 5 to W in the cif file.,output_cifs\change_atom_action\mp-28430_processed.cif
input_cifs\mp-28450.cif,Change atom at index 13 to Mg in the cif file.,output_cifs\change_atom_action\mp-28450_processed.cif
input_cifs\mp-28544.cif,Change atom at index 0 to Kr in the cif file.,output_cifs\change_atom_action\mp-28544_processed.cif
input_cifs\mp-28580.cif,Change atom at index 8 to Am in the cif file.,output_cifs\change_atom_action\mp-28580_processed.cif
input_cifs\mp-28824.cif,Change atom at index 16 to Lr in the cif file.,output_cifs\change_atom_action\mp-28824_processed.cif
input_cifs\mp-2901870.cif,Change atom at index 9 to S in the cif file.,output_cifs\change_atom_action\mp-2901870_processed.cif
input_cifs\mp-2911.cif,Change atom at index 21 to Nd in the cif file.,output_cifs\change_atom_action\mp-2911_processed.cif
input_cifs\mp-29144.cif,Change atom at index 12 to Al in the cif file.,output_cifs\change_atom_action\mp-29144_processed.cif
input_cifs\mp-29412.cif,Change atom at index 0 to Kr in the cif file.,output_cifs\change_atom_action\mp-29412_processed.cif
input_cifs\mp-29415.cif,Change atom at index 0 to Lv in the cif file.,output_cifs\change_atom_action\mp-29415_processed.cif
input_cifs\mp-29755.cif,Change atom at index 21 to Pu in the cif file.,output_cifs\change_atom_action\mp-29755_processed.cif
input_cifs\mp-29770.cif,Change atom at index 5 to Yb in the cif file.,output_cifs\change_atom_action\mp-29770_processed.cif
input_cifs\mp-30305.cif,Change atom at index 2 to Pb in the cif file.,output_cifs\change_atom_action\mp-30305_processed.cif
input_cifs\mp-30320.cif,Change atom at index 2 to Rb in the cif file.,output_cifs\change_atom_action\mp-30320_processed.cif
input_cifs\mp-30859.cif,Change atom at index 18 to H in the cif file.,output_cifs\change_atom_action\mp-30859_processed.cif
input_cifs\mp-30908.cif,Change atom at index 6 to Xe in the cif file.,output_cifs\change_atom_action\mp-30908_processed.cif
input_cifs\mp-31251.cif,Change atom at index 35 to K in the cif file.,output_cifs\change_atom_action\mp-31251_processed.cif
input_cifs\mp-31314.cif,Change atom at index 8 to Cn in the cif file.,output_cifs\change_atom_action\mp-31314_processed.cif
input_cifs\mp-3138.cif,Change atom at index 1 to Ce in the cif file.,output_cifs\change_atom_action\mp-3138_processed.cif
input_cifs\mp-31394.cif,Change atom at index 25 to Ce in the cif file.,output_cifs\change_atom_action\mp-31394_processed.cif
input_cifs\mp-3205.cif,Change atom at index 4 to Es in the cif file.,output_cifs\change_atom_action\mp-3205_processed.cif
input_cifs\mp-3216726.cif,Change atom at index 5 to Bk in the cif file.,output_cifs\change_atom_action\mp-3216726_processed.cif
input_cifs\mp-32528.cif,Change atom at index 0 to K in the cif file.,output_cifs\change_atom_action\mp-32528_processed.cif
input_cifs\mp-3316.cif,Change atom at index 5 to Os in the cif file.,output_cifs\change_atom_action\mp-3316_processed.cif
input_cifs\mp-33325.cif,Change atom at index 46 to Hs in the cif file.,output_cifs\change_atom_action\mp-33325_processed.cif
input_cifs\mp-34185.cif,Change atom at index 0 to Zr in the cif file.,output_cifs\change_atom_action\mp-34185_processed.cif
input_cifs\mp-3538.cif,Change atom at index 74 to Fm in the cif file.,output_cifs\change_atom_action\mp-3538_processed.cif
input_cifs\mp-36310.cif,Change atom at index 1 to In in the cif file.,output_cifs\change_atom_action\mp-36310_processed.cif
input_cifs\mp-36484.cif,Change atom at index 11 to Yb in the cif file.,output_cifs\change_atom_action\mp-36484_processed.cif
input_cifs\mp-4419.cif,Change atom at index 3 to Np in the cif file.,output_cifs\change_atom_action\mp-4419_processed.cif
input_cifs\mp-4421.cif,Change atom at index 12 to Zr in the cif file.,output_cifs\change_atom_action\mp-4421_processed.cif
input_cifs\mp-504149.cif,Change atom at index 67 to Ru in the cif file.,output_cifs\change_atom_action\mp-504149_processed.cif
input_cifs\mp-504509.cif,Change atom at index 19 to Cn in the cif file.,output_cifs\change_atom_action\mp-504509_processed.cif
input_cifs\mp-505074.cif,Change atom at index 61 to Ag in the cif file.,output_cifs\change_atom_action\mp-505074_processed.cif
input_cifs\mp-505217.cif,Change atom at index 1 to Rh in the cif file.,output_cifs\change_atom_action\mp-505217_processed.cif
input_cifs\mp-505540.cif,Change atom at index 0 to C in the cif file.,output_cifs\change_atom_action\mp-505540_processed.cif
input_cifs\mp-505573.cif,Change atom at index 16 to Mg in the cif file.,output_cifs\change_atom_action\mp-505573_processed.cif
input_cifs\mp-505766.cif,Change atom at index 7 to C in the cif file.,output_cifs\change_atom_action\mp-505766_processed.cif
input_cifs\mp-510544.cif,Change atom at index 11 to Ra in the cif file.,output_cifs\change_atom_action\mp-510544_processed.cif
input_cifs\mp-510717.cif,Change atom at index 2 to Mc in the cif file.,output_cifs\change_atom_action\mp-510717_processed.cif
input_cifs\mp-5151.cif,Change atom at index 3 to Al in the cif file.,output_cifs\change_atom_action\mp-5151_processed.cif
input_cifs\mp-530379.cif,Change atom at index 37 to Br in the cif file.,output_cifs\change_atom_action\mp-530379_processed.cif
input_cifs\mp-530850.cif,Change atom at index 27 to Se in the cif file.,output_cifs\change_atom_action\mp-530850_processed.cif
input_cifs\mp-540740.cif,Change atom at index 26 to Co in the cif file.,output_cifs\change_atom_action\mp-540740_processed.cif
input_cifs\mp-540798.cif,Change atom at index 23 to La in the cif file.,output_cifs\change_atom_action\mp-540798_processed.cif
input_cifs\mp-540938.cif,Change atom at index 10 to Mg in the cif file.,output_cifs\change_atom_action\mp-540938_processed.cif
input_cifs\mp-540977.cif,Change atom at index 22 to Sc in the cif file.,output_cifs\change_atom_action\mp-540977_processed.cif
input_cifs\mp-541595.cif,Change atom at index 0 to Os in the cif file.,output_cifs\change_atom_action\mp-541595_processed.cif
input_cifs\mp-541619.cif,Change atom at index 11 to Gd in the cif file.,output_cifs\change_atom_action\mp-541619_processed.cif
input_cifs\mp-541894.cif,Change atom at index 3 to Nh in the cif file.,output_cifs\change_atom_action\mp-541894_processed.cif
input_cifs\mp-541991.cif,Change atom at index 17 to Pr in the cif file.,output_cifs\change_atom_action\mp-541991_processed.cif
input_cifs\mp-542024.cif,Change atom at index 6 to Gd in the cif file.,output_cifs\change_atom_action\mp-542024_processed.cif
input_cifs\mp-542151.cif,Change atom at index 6 to Lu in the cif file.,output_cifs\change_atom_action\mp-542151_processed.cif
input_cifs\mp-542342.cif,Change atom at index 11 to Fr in the cif file.,output_cifs\change_atom_action\mp-542342_processed.cif
input_cifs\mp-542435.cif,Change atom at index 36 to Pb in the cif file.,output_cifs\change_atom_action\mp-542435_processed.cif
input_cifs\mp-542448.cif,Change atom at index 26 to Db in the cif file.,output_cifs\change_atom_action\mp-542448_processed.cif
input_cifs\mp-542812.cif,Change atom at index 8 to P in the cif file.,output_cifs\change_atom_action\mp-542812_processed.cif
input_cifs\mp-543036.cif,Change atom at index 40 to La in the cif file.,output_cifs\change_atom_action\mp-543036_processed.cif
input_cifs\mp-543042.cif,Change atom at index 18 to Ni in the cif file.,output_cifs\change_atom_action\mp-543042_processed.cif
input_cifs\mp-554174.cif,Change atom at index 4 to Bh in the cif file.,output_cifs\change_atom_action\mp-554174_processed.cif
input_cifs\mp-554264.cif,Change atom at index 31 to As in the cif file.,output_cifs\change_atom_action\mp-554264_processed.cif
input_cifs\mp-554383.cif,Change atom at index 12 to Pa in the cif file.,output_cifs\change_atom_action\mp-554383_processed.cif
input_cifs\mp-554799.cif,Change atom at index 8 to Sg in the cif file.,output_cifs\change_atom_action\mp-554799_processed.cif
input_cifs\mp-554818.cif,Change atom at index 20 to Cs in the cif file.,output_cifs\change_atom_action\mp-554818_processed.cif
input_cifs\mp-555198.cif,Change atom at index 30 to La in the cif file.,output_cifs\change_atom_action\mp-555198_processed.cif
input_cifs\mp-555534.cif,Change atom at index 11 to Tl in the cif file.,output_cifs\change_atom_action\mp-555534_processed.cif
input_cifs\mp-555790.cif,Change atom at index 12 to Mo in the cif file.,output_cifs\change_atom_action\mp-555790_processed.cif
input_cifs\mp-556185.cif,Change atom at index 1 to Fr in the cif file.,output_cifs\change_atom_action\mp-556185_processed.cif
input_cifs\mp-556236.cif,Change atom at index 5 to Li in the cif file.,output_cifs\change_atom_action\mp-556236_processed.cif
input_cifs\mp-556319.cif,Change atom at index 11 to Co in the cif file.,output_cifs\change_atom_action\mp-556319_processed.cif
input_cifs\mp-556404.cif,Change atom at index 27 to Pb in the cif file.,output_cifs\change_atom_action\mp-556404_processed.cif
input_cifs\mp-557059.cif,Change atom at index 32 to Tm in the cif file.,output_cifs\change_atom_action\mp-557059_processed.cif
input_cifs\mp-557180.cif,Change atom at index 50 to At in the cif file.,output_cifs\change_atom_action\mp-557180_processed.cif
input_cifs\mp-557215.cif,Change atom at index 8 to Fl in the cif file.,output_cifs\change_atom_action\mp-557215_processed.cif
input_cifs\mp-557266.cif,Change atom at index 9 to Te in the cif file.,output_cifs\change_atom_action\mp-557266_processed.cif
input_cifs\mp-557389.cif,Change atom at index 39 to Md in the cif file.,output_cifs\change_atom_action\mp-557389_processed.cif
input_cifs\mp-557574.cif,Change atom at index 0 to Ag in the cif file.,output_cifs\change_atom_action\mp-557574_processed.cif
input_cifs\mp-557589.cif,Change atom at index 49 to Au in the cif file.,output_cifs\change_atom_action\mp-557589_processed.cif
input_cifs\mp-557752.cif,Change atom at index 7 to Ru in the cif file.,output_cifs\change_atom_action\mp-557752_processed.cif
input_cifs\mp-557824.cif,Change atom at index 22 to Xe in the cif file.,output_cifs\change_atom_action\mp-557824_processed.cif
input_cifs\mp-557864.cif,Change atom at index 38 to U in the cif file.,output_cifs\change_atom_action\mp-557864_processed.cif
input_cifs\mp-557961.cif,Change atom at index 12 to Sr in the cif file.,output_cifs\change_atom_action\mp-557961_processed.cif
input_cifs\mp-558023.cif,Change atom at index 6 to Th in the cif file.,output_cifs\change_atom_action\mp-558023_processed.cif
input_cifs\mp-558368.cif,Change atom at index 9 to Am in the cif file.,output_cifs\change_atom_action\mp-558368_processed.cif
input_cifs\mp-558382.cif,Change atom at index 9 to Y in the cif file.,output_cifs\change_atom_action\mp-558382_processed.cif
input_cifs\mp-559140.cif,Change atom at index 11 to Pd in the cif file.,output_cifs\change_atom_action\mp-559140_processed.cif
input_cifs\mp-559223.cif,Change atom at index 40 to In in the cif file.,output_cifs\change_atom_action\mp-559223_processed.cif
input_cifs\mp-559929.cif,Change atom at index 35 to Cr in the cif file.,output_cifs\change_atom_action\mp-559929_processed.cif
input_cifs\mp-560091.cif,Change atom at index 19 to Be in the cif file.,output_cifs\change_atom_action\mp-560091_processed.cif
input_cifs\mp-560380.cif,Change atom at index 16 to Se in the cif file.,output_cifs\change_atom_action\mp-560380_processed.cif
input_cifs\mp-560535.cif,Change atom at index 14 to Th in the cif file.,output_cifs\change_atom_action\mp-560535_processed.cif
input_cifs\mp-560605.cif,Change atom at index 11 to Mc in the cif file.,output_cifs\change_atom_action\mp-560605_processed.cif
input_cifs\mp-560751.cif,Change atom at index 9 to Re in the cif file.,output_cifs\change_atom_action\mp-560751_processed.cif
input_cifs\mp-560754.cif,Change atom at index 38 to Tc in the cif file.,output_cifs\change_atom_action\mp-560754_processed.cif
input_cifs\mp-561641.cif,Change atom at index 8 to Ce in the cif file.,output_cifs\change_atom_action\mp-561641_processed.cif
input_cifs\mp-567492.cif,Change atom at index 5 to Cm in the cif file.,output_cifs\change_atom_action\mp-567492_processed.cif
input_cifs\mp-567540.cif,Change atom at index 16 to Ts in the cif file.,output_cifs\change_atom_action\mp-567540_processed.cif
input_cifs\mp-568306.cif,Change atom at index 9 to Re in the cif file.,output_cifs\change_atom_action\mp-568306_processed.cif
input_cifs\mp-568716.cif,Change atom at index 19 to Mc in the cif file.,output_cifs\change_atom_action\mp-568716_processed.cif
input_cifs\mp-568757.cif,Change atom at index 37 to H in the cif file.,output_cifs\change_atom_action\mp-568757_processed.cif
input_cifs\mp-570044.cif,Change atom at index 13 to Cs in the cif file.,output_cifs\change_atom_action\mp-570044_processed.cif
input_cifs\mp-571428.cif,Change atom at index 17 to Mg in the cif file.,output_cifs\change_atom_action\mp-571428_processed.cif
input_cifs\mp-571566.cif,Change atom at index 11 to Rh in the cif file.,output_cifs\change_atom_action\mp-571566_processed.cif
input_cifs\mp-5730.cif,Change atom at index 31 to Rf in the cif file.,output_cifs\change_atom_action\mp-5730_processed.cif
input_cifs\mp-574339.cif,Change atom at index 12 to Zr in the cif file.,output_cifs\change_atom_action\mp-574339_processed.cif
input_cifs\mp-581471.cif,Change atom at index 6 to Pd in the cif file.,output_cifs\change_atom_action\mp-581471_processed.cif
input_cifs\mp-582081.cif,Change atom at index 69 to Ta in the cif file.,output_cifs\change_atom_action\mp-582081_processed.cif
input_cifs\mp-582587.cif,Change atom at index 52 to Nb in the cif file.,output_cifs\change_atom_action\mp-582587_processed.cif
input_cifs\mp-603694.cif,Change atom at index 5 to In in the cif file.,output_cifs\change_atom_action\mp-603694_processed.cif
input_cifs\mp-607525.cif,Change atom at index 16 to Er in the cif file.,output_cifs\change_atom_action\mp-607525_processed.cif
input_cifs\mp-608206.cif,Change atom at index 0 to Ho in the cif file.,output_cifs\change_atom_action\mp-608206_processed.cif
input_cifs\mp-6112.cif,Change atom at index 20 to Fl in the cif file.,output_cifs\change_atom_action\mp-6112_processed.cif
input_cifs\mp-613327.cif,Change atom at index 3 to Mg in the cif file.,output_cifs\change_atom_action\mp-613327_processed.cif
input_cifs\mp-616210.cif,Change atom at index 10 to Ir in the cif file.,output_cifs\change_atom_action\mp-616210_processed.cif
input_cifs\mp-616407.cif,Change atom at index 18 to Po in the cif file.,output_cifs\change_atom_action\mp-616407_processed.cif
input_cifs\mp-621964.cif,Change atom at index 17 to Ds in the cif file.,output_cifs\change_atom_action\mp-621964_processed.cif
input_cifs\mp-6257.cif,Change atom at index 7 to Au in the cif file.,output_cifs\change_atom_action\mp-6257_processed.cif
input_cifs\mp-625744.cif,Change atom at index 16 to Tc in the cif file.,output_cifs\change_atom_action\mp-625744_processed.cif
input_cifs\mp-626565.cif,Change atom at index 19 to Kr in the cif file.,output_cifs\change_atom_action\mp-626565_processed.cif
input_cifs\mp-630976.cif,Change atom at index 5 to Lu in the cif file.,output_cifs\change_atom_action\mp-630976_processed.cif
input_cifs\mp-637599.cif,Change atom at index 17 to Pm in the cif file.,output_cifs\change_atom_action\mp-637599_processed.cif
input_cifs\mp-639826.cif,Change atom at index 29 to W in the cif file.,output_cifs\change_atom_action\mp-639826_processed.cif
input_cifs\mp-642315.cif,Change atom at index 1 to Ti in the cif file.,output_cifs\change_atom_action\mp-642315_processed.cif
input_cifs\mp-644221.cif,Change atom at index 19 to U in the cif file.,output_cifs\change_atom_action\mp-644221_processed.cif
input_cifs\mp-644529.cif,Change atom at index 13 to Hf in the cif file.,output_cifs\change_atom_action\mp-644529_processed.cif
input_cifs\mp-644741.cif,Change atom at index 1 to Db in the cif file.,output_cifs\change_atom_action\mp-644741_processed.cif
input_cifs\mp-654225.cif,Change atom at index 15 to Rb in the cif file.,output_cifs\change_atom_action\mp-654225_processed.cif
input_cifs\mp-6653.cif,Change atom at index 5 to P in the cif file.,output_cifs\change_atom_action\mp-6653_processed.cif
input_cifs\mp-667200.cif,Change atom at index 21 to Np in the cif file.,output_cifs\change_atom_action\mp-667200_processed.cif
input_cifs\mp-669359.cif,Change atom at index 7 to Cs in the cif file.,output_cifs\change_atom_action\mp-669359_processed.cif
input_cifs\mp-669377.cif,Change atom at index 27 to Og in the cif file.,output_cifs\change_atom_action\mp-669377_processed.cif
input_cifs\mp-672228.cif,Change atom at index 3 to Ag in the cif file.,output_cifs\change_atom_action\mp-672228_processed.cif
input_cifs\mp-672972.cif,Change atom at index 51 to Al in the cif file.,output_cifs\change_atom_action\mp-672972_processed.cif
input_cifs\mp-6745.cif,Change atom at index 7 to Cn in the cif file.,output_cifs\change_atom_action\mp-6745_processed.cif
input_cifs\mp-675118.cif,Change atom at index 0 to Ir in the cif file.,output_cifs\change_atom_action\mp-675118_processed.cif
input_cifs\mp-675519.cif,Change atom at index 7 to Tb in the cif file.,output_cifs\change_atom_action\mp-675519_processed.cif
input_cifs\mp-675778.cif,Change atom at index 2 to Ac in the cif file.,output_cifs\change_atom_action\mp-675778_processed.cif
input_cifs\mp-676.cif,Change atom at index 13 to F in the cif file.,output_cifs\change_atom_action\mp-676_processed.cif
input_cifs\mp-676275.cif,Change atom at index 22 to Tl in the cif file.,output_cifs\change_atom_action\mp-676275_processed.cif
input_cifs\mp-676816.cif,Change atom at index 2 to Se in the cif file.,output_cifs\change_atom_action\mp-676816_processed.cif
input_cifs\mp-676881.cif,Change atom at index 18 to Ar in the cif file.,output_cifs\change_atom_action\mp-676881_processed.cif
input_cifs\mp-677725.cif,Change atom at index 56 to C in the cif file.,output_cifs\change_atom_action\mp-677725_processed.cif
input_cifs\mp-6800.cif,Change atom at index 5 to Np in the cif file.,output_cifs\change_atom_action\mp-6800_processed.cif
input_cifs\mp-680260.cif,Change atom at index 14 to Mc in the cif file.,output_cifs\change_atom_action\mp-680260_processed.cif
input_cifs\mp-684589.cif,Change atom at index 4 to Pr in the cif file.,output_cifs\change_atom_action\mp-684589_processed.cif
input_cifs\mp-684710.cif,Change atom at index 19 to Cs in the cif file.,output_cifs\change_atom_action\mp-684710_processed.cif
input_cifs\mp-685224.cif,Change atom at index 3 to At in the cif file.,output_cifs\change_atom_action\mp-685224_processed.cif
input_cifs\mp-685418.cif,Change atom at index 7 to Bi in the cif file.,output_cifs\change_atom_action\mp-685418_processed.cif
input_cifs\mp-690493.cif,Change atom at index 11 to La in the cif file.,output_cifs\change_atom_action\mp-690493_processed.cif
input_cifs\mp-690517.cif,Change atom at index 1 to Ce in the cif file.,output_cifs\change_atom_action\mp-690517_processed.cif
input_cifs\mp-690674.cif,Change atom at index 8 to Rn in the cif file.,output_cifs\change_atom_action\mp-690674_processed.cif
input_cifs\mp-694979.cif,Change atom at index 35 to Np in the cif file.,output_cifs\change_atom_action\mp-694979_processed.cif
input_cifs\mp-695946.cif,Change atom at index 34 to Sb in the cif file.,output_cifs\change_atom_action\mp-695946_processed.cif
input_cifs\mp-696298.cif,Change atom at index 15 to Ni in the cif file.,output_cifs\change_atom_action\mp-696298_processed.cif
input_cifs\mp-696990.cif,Change atom at index 14 to Ti in the cif file.,output_cifs\change_atom_action\mp-696990_processed.cif
input_cifs\mp-697075.cif,Change atom at index 11 to Ga in the cif file.,output_cifs\change_atom_action\mp-697075_processed.cif
input_cifs\mp-697458.cif,Change atom at index 25 to Ac in the cif file.,output_cifs\change_atom_action\mp-697458_processed.cif
input_cifs\mp-697721.cif,Change atom at index 29 to La in the cif file.,output_cifs\change_atom_action\mp-697721_processed.cif
input_cifs\mp-698312.cif,Change atom at index 2 to Hg in the cif file.,output_cifs\change_atom_action\mp-698312_processed.cif
input_cifs\mp-7022.cif,Change atom at index 12 to Md in the cif file.,output_cifs\change_atom_action\mp-7022_processed.cif
input_cifs\mp-703291.cif,Change atom at index 2 to Zr in the cif file.,output_cifs\change_atom_action\mp-703291_processed.cif
input_cifs\mp-704116.cif,Change atom at index 87 to La in the cif file.,output_cifs\change_atom_action\mp-704116_processed.cif
input_cifs\mp-704848.cif,Change atom at index 2 to Ru in the cif file.,output_cifs\change_atom_action\mp-704848_processed.cif
input_cifs\mp-705312.cif,Change atom at index 34 to Co in the cif file.,output_cifs\change_atom_action\mp-705312_processed.cif
input_cifs\mp-706518.cif,Change atom at index 8 to Cf in the cif file.,output_cifs\change_atom_action\mp-706518_processed.cif
input_cifs\mp-706524.cif,Change atom at index 13 to Cd in the cif file.,output_cifs\change_atom_action\mp-706524_processed.cif
input_cifs\mp-707406.cif,Change atom at index 47 to Au in the cif file.,output_cifs\change_atom_action\mp-707406_processed.cif
input_cifs\mp-707744.cif,Change atom at index 55 to Cu in the cif file.,output_cifs\change_atom_action\mp-707744_processed.cif
input_cifs\mp-707840.cif,Change atom at index 27 to Yb in the cif file.,output_cifs\change_atom_action\mp-707840_processed.cif
input_cifs\mp-715457.cif,Change atom at index 2 to No in the cif file.,output_cifs\change_atom_action\mp-715457_processed.cif
input_cifs\mp-715553.cif,Change atom at index 8 to Lr in the cif file.,output_cifs\change_atom_action\mp-715553_processed.cif
input_cifs\mp-720104.cif,Change atom at index 17 to K in the cif file.,output_cifs\change_atom_action\mp-720104_processed.cif
input_cifs\mp-720572.cif,Change atom at index 46 to Sr in the cif file.,output_cifs\change_atom_action\mp-720572_processed.cif
input_cifs\mp-722790.cif,Change atom at index 27 to F in the cif file.,output_cifs\change_atom_action\mp-722790_processed.cif
input_cifs\mp-722980.cif,Change atom at index 60 to Zr in the cif file.,output_cifs\change_atom_action\mp-722980_processed.cif
input_cifs\mp-726672.cif,Change atom at index 30 to Rn in the cif file.,output_cifs\change_atom_action\mp-726672_processed.cif
input_cifs\mp-7281.cif,Change atom at index 4 to Po in the cif file.,output_cifs\change_atom_action\mp-7281_processed.cif
input_cifs\mp-728374.cif,Change atom at index 40 to Fr in the cif file.,output_cifs\change_atom_action\mp-728374_processed.cif
input_cifs\mp-731813.cif,Change atom at index 14 to Co in the cif file.,output_cifs\change_atom_action\mp-731813_processed.cif
input_cifs\mp-732021.cif,Change atom at index 9 to Pu in the cif file.,output_cifs\change_atom_action\mp-732021_processed.cif
input_cifs\mp-734013.cif,Change atom at index 9 to Ds in the cif file.,output_cifs\change_atom_action\mp-734013_processed.cif
input_cifs\mp-738609.cif,Change atom at index 31 to Tm in the cif file.,output_cifs\change_atom_action\mp-738609_processed.cif
input_cifs\mp-752590.cif,Change atom at index 6 to Fl in the cif file.,output_cifs\change_atom_action\mp-752590_processed.cif
input_cifs\mp-752623.cif,Change atom at index 26 to In in the cif file.,output_cifs\change_atom_action\mp-752623_processed.cif
input_cifs\mp-752859.cif,Change atom at index 7 to Bh in the cif file.,output_cifs\change_atom_action\mp-752859_processed.cif
input_cifs\mp-752896.cif,Change atom at index 12 to Zn in the cif file.,output_cifs\change_atom_action\mp-752896_processed.cif
input_cifs\mp-752915.cif,Change atom at index 10 to Nh in the cif file.,output_cifs\change_atom_action\mp-752915_processed.cif
input_cifs\mp-752916.cif,Change atom at index 10 to H in the cif file.,output_cifs\change_atom_action\mp-752916_processed.cif
input_cifs\mp-752972.cif,Change atom at index 18 to Cd in the cif file.,output_cifs\change_atom_action\mp-752972_processed.cif
input_cifs\mp-753000.cif,Change atom at index 10 to Sb in the cif file.,output_cifs\change_atom_action\mp-753000_processed.cif
input_cifs\mp-753018.cif,Change atom at index 8 to Ce in the cif file.,output_cifs\change_atom_action\mp-753018_processed.cif
input_cifs\mp-753047.cif,Change atom at index 3 to Rb in the cif file.,output_cifs\change_atom_action\mp-753047_processed.cif
input_cifs\mp-753220.cif,Change atom at index 0 to Pr in the cif file.,output_cifs\change_atom_action\mp-753220_processed.cif
input_cifs\mp-753282.cif,Change atom at index 19 to Dy in the cif file.,output_cifs\change_atom_action\mp-753282_processed.cif
input_cifs\mp-753309.cif,Change atom at index 9 to Pb in the cif file.,output_cifs\change_atom_action\mp-753309_processed.cif
input_cifs\mp-753322.cif,Change atom at index 27 to Pr in the cif file.,output_cifs\change_atom_action\mp-753322_processed.cif
input_cifs\mp-753612.cif,Change atom at index 7 to Tb in the cif file.,output_cifs\change_atom_action\mp-753612_processed.cif
input_cifs\mp-753724.cif,Change atom at index 8 to Og in the cif file.,output_cifs\change_atom_action\mp-753724_processed.cif
input_cifs\mp-753992.cif,Change atom at index 5 to Cr in the cif file.,output_cifs\change_atom_action\mp-753992_processed.cif
input_cifs\mp-754070.cif,Change atom at index 19 to Cl in the cif file.,output_cifs\change_atom_action\mp-754070_processed.cif
input_cifs\mp-754274.cif,Change atom at index 3 to Si in the cif file.,output_cifs\change_atom_action\mp-754274_processed.cif
input_cifs\mp-754345.cif,Change atom at index 8 to Au in the cif file.,output_cifs\change_atom_action\mp-754345_processed.cif
input_cifs\mp-754644.cif,Change atom at index 20 to Bh in the cif file.,output_cifs\change_atom_action\mp-754644_processed.cif
input_cifs\mp-754745.cif,Change atom at index 9 to Tc in the cif file.,output_cifs\change_atom_action\mp-754745_processed.cif
input_cifs\mp-754794.cif,Change atom at index 0 to Bi in the cif file.,output_cifs\change_atom_action\mp-754794_processed.cif
input_cifs\mp-754886.cif,Change atom at index 20 to Pb in the cif file.,output_cifs\change_atom_action\mp-754886_processed.cif
input_cifs\mp-755114.cif,Change atom at index 17 to Sc in the cif file.,output_cifs\change_atom_action\mp-755114_processed.cif
input_cifs\mp-755229.cif,Change atom at index 0 to H in the cif file.,output_cifs\change_atom_action\mp-755229_processed.cif
input_cifs\mp-755317.cif,Change atom at index 3 to Cs in the cif file.,output_cifs\change_atom_action\mp-755317_processed.cif
input_cifs\mp-755498.cif,Change atom at index 9 to Li in the cif file.,output_cifs\change_atom_action\mp-755498_processed.cif
input_cifs\mp-755582.cif,Change atom at index 12 to Eu in the cif file.,output_cifs\change_atom_action\mp-755582_processed.cif
input_cifs\mp-755926.cif,Change atom at index 11 to Th in the cif file.,output_cifs\change_atom_action\mp-755926_processed.cif
input_cifs\mp-755997.cif,Change atom at index 0 to Pr in the cif file.,output_cifs\change_atom_action\mp-755997_processed.cif
input_cifs\mp-756062.cif,Change atom at index 12 to Si in the cif file.,output_cifs\change_atom_action\mp-756062_processed.cif
input_cifs\mp-756382.cif,Change atom at index 16 to He in the cif file.,output_cifs\change_atom_action\mp-756382_processed.cif
input_cifs\mp-756670.cif,Change atom at index 15 to Nh in the cif file.,output_cifs\change_atom_action\mp-756670_processed.cif
input_cifs\mp-756859.cif,Change atom at index 8 to Nb in the cif file.,output_cifs\change_atom_action\mp-756859_processed.cif
input_cifs\mp-756990.cif,Change atom at index 11 to Tl in the cif file.,output_cifs\change_atom_action\mp-756990_processed.cif
input_cifs\mp-757189.cif,Change atom at index 40 to Cs in the cif file.,output_cifs\change_atom_action\mp-757189_processed.cif
input_cifs\mp-757311.cif,Change atom at index 8 to Ti in the cif file.,output_cifs\change_atom_action\mp-757311_processed.cif
input_cifs\mp-757314.cif,Change atom at index 14 to Zn in the cif file.,output_cifs\change_atom_action\mp-757314_processed.cif
input_cifs\mp-757440.cif,Change atom at index 10 to N in the cif file.,output_cifs\change_atom_action\mp-757440_processed.cif
input_cifs\mp-757579.cif,Change atom at index 3 to Ru in the cif file.,output_cifs\change_atom_action\mp-757579_processed.cif
input_cifs\mp-757665.cif,Change atom at index 13 to O in the cif file.,output_cifs\change_atom_action\mp-757665_processed.cif
input_cifs\mp-757787.cif,Change atom at index 12 to Hf in the cif file.,output_cifs\change_atom_action\mp-757787_processed.cif
input_cifs\mp-758534.cif,Change atom at index 7 to Rg in the cif file.,output_cifs\change_atom_action\mp-758534_processed.cif
input_cifs\mp-758565.cif,Change atom at index 18 to Nh in the cif file.,output_cifs\change_atom_action\mp-758565_processed.cif
input_cifs\mp-758722.cif,Change atom at index 27 to Pu in the cif file.,output_cifs\change_atom_action\mp-758722_processed.cif
input_cifs\mp-758858.cif,Change atom at index 11 to Bh in the cif file.,output_cifs\change_atom_action\mp-758858_processed.cif
input_cifs\mp-759080.cif,Change atom at index 20 to Sn in the cif file.,output_cifs\change_atom_action\mp-759080_processed.cif
input_cifs\mp-759482.cif,Change atom at index 9 to Ti in the cif file.,output_cifs\change_atom_action\mp-759482_processed.cif
input_cifs\mp-759507.cif,Change atom at index 4 to Np in the cif file.,output_cifs\change_atom_action\mp-759507_processed.cif
input_cifs\mp-759524.cif,Change atom at index 3 to Mt in the cif file.,output_cifs\change_atom_action\mp-759524_processed.cif
input_cifs\mp-759607.cif,Change atom at index 67 to Tm in the cif file.,output_cifs\change_atom_action\mp-759607_processed.cif
input_cifs\mp-759656.cif,Change atom at index 1 to Md in the cif file.,output_cifs\change_atom_action\mp-759656_processed.cif
input_cifs\mp-759790.cif,Change atom at index 4 to Xe in the cif file.,output_cifs\change_atom_action\mp-759790_processed.cif
input_cifs\mp-759809.cif,Change atom at index 12 to As in the cif file.,output_cifs\change_atom_action\mp-759809_processed.cif
input_cifs\mp-760193.cif,Change atom at index 5 to Hf in the cif file.,output_cifs\change_atom_action\mp-760193_processed.cif
input_cifs\mp-760300.cif,Change atom at index 5 to Nh in the cif file.,output_cifs\change_atom_action\mp-760300_processed.cif
input_cifs\mp-761082.cif,Change atom at index 37 to C in the cif file.,output_cifs\change_atom_action\mp-761082_processed.cif
input_cifs\mp-761112.cif,Change atom at index 21 to Am in the cif file.,output_cifs\change_atom_action\mp-761112_processed.cif
input_cifs\mp-7614.cif,Change atom at index 15 to Zn in the cif file.,output_cifs\change_atom_action\mp-7614_processed.cif
input_cifs\mp-762304.cif,Change atom at index 1 to B in the cif file.,output_cifs\change_atom_action\mp-762304_processed.cif
input_cifs\mp-7625.cif,Change atom at index 7 to Db in the cif file.,output_cifs\change_atom_action\mp-7625_processed.cif
input_cifs\mp-762521.cif,Change atom at index 44 to Rf in the cif file.,output_cifs\change_atom_action\mp-762521_processed.cif
input_cifs\mp-763259.cif,Change atom at index 18 to Li in the cif file.,output_cifs\change_atom_action\mp-763259_processed.cif
input_cifs\mp-763484.cif,Change atom at index 8 to Co in the cif file.,output_cifs\change_atom_action\mp-763484_processed.cif
input_cifs\mp-763920.cif,Change atom at index 13 to He in the cif file.,output_cifs\change_atom_action\mp-763920_processed.cif
input_cifs\mp-765709.cif,Change atom at index 8 to Mg in the cif file.,output_cifs\change_atom_action\mp-765709_processed.cif
input_cifs\mp-766040.cif,Change atom at index 0 to Ar in the cif file.,output_cifs\change_atom_action\mp-766040_processed.cif
input_cifs\mp-766051.cif,Change atom at index 10 to Lr in the cif file.,output_cifs\change_atom_action\mp-766051_processed.cif
input_cifs\mp-766137.cif,Change atom at index 9 to Pb in the cif file.,output_cifs\change_atom_action\mp-766137_processed.cif
input_cifs\mp-766408.cif,Change atom at index 22 to Ds in the cif file.,output_cifs\change_atom_action\mp-766408_processed.cif
input_cifs\mp-766447.cif,Change atom at index 1 to Hg in the cif file.,output_cifs\change_atom_action\mp-766447_processed.cif
input_cifs\mp-766539.cif,Change atom at index 23 to Gd in the cif file.,output_cifs\change_atom_action\mp-766539_processed.cif
input_cifs\mp-768276.cif,Change atom at index 13 to Fl in the cif file.,output_cifs\change_atom_action\mp-768276_processed.cif
input_cifs\mp-768373.cif,Change atom at index 3 to O in the cif file.,output_cifs\change_atom_action\mp-768373_processed.cif
input_cifs\mp-768854.cif,Change atom at index 31 to Mo in the cif file.,output_cifs\change_atom_action\mp-768854_processed.cif
input_cifs\mp-768859.cif,Change atom at index 18 to Pd in the cif file.,output_cifs\change_atom_action\mp-768859_processed.cif
input_cifs\mp-769049.cif,Change atom at index 23 to H in the cif file.,output_cifs\change_atom_action\mp-769049_processed.cif
input_cifs\mp-769346.cif,Change atom at index 24 to In in the cif file.,output_cifs\change_atom_action\mp-769346_processed.cif
input_cifs\mp-769383.cif,Change atom at index 26 to Sc in the cif file.,output_cifs\change_atom_action\mp-769383_processed.cif
input_cifs\mp-770406.cif,Change atom at index 3 to Pu in the cif file.,output_cifs\change_atom_action\mp-770406_processed.cif
input_cifs\mp-770508.cif,Change atom at index 27 to Ra in the cif file.,output_cifs\change_atom_action\mp-770508_processed.cif
input_cifs\mp-770714.cif,Change atom at index 3 to Pu in the cif file.,output_cifs\change_atom_action\mp-770714_processed.cif
input_cifs\mp-770847.cif,Change atom at index 0 to Pd in the cif file.,output_cifs\change_atom_action\mp-770847_processed.cif
input_cifs\mp-770865.cif,Change atom at index 32 to Ar in the cif file.,output_cifs\change_atom_action\mp-770865_processed.cif
input_cifs\mp-770898.cif,Change atom at index 21 to Rh in the cif file.,output_cifs\change_atom_action\mp-770898_processed.cif
input_cifs\mp-770995.cif,Change atom at index 14 to Sb in the cif file.,output_cifs\change_atom_action\mp-770995_processed.cif
input_cifs\mp-771674.cif,Change atom at index 29 to Nb in the cif file.,output_cifs\change_atom_action\mp-771674_processed.cif
input_cifs\mp-772172.cif,Change atom at index 1 to Gd in the cif file.,output_cifs\change_atom_action\mp-772172_processed.cif
input_cifs\mp-772550.cif,Change atom at index 10 to I in the cif file.,output_cifs\change_atom_action\mp-772550_processed.cif
input_cifs\mp-772610.cif,Change atom at index 11 to Ni in the cif file.,output_cifs\change_atom_action\mp-772610_processed.cif
input_cifs\mp-772749.cif,Change atom at index 1 to Pt in the cif file.,output_cifs\change_atom_action\mp-772749_processed.cif
input_cifs\mp-772763.cif,Change atom at index 18 to Cu in the cif file.,output_cifs\change_atom_action\mp-772763_processed.cif
input_cifs\mp-772999.cif,Change atom at index 19 to At in the cif file.,output_cifs\change_atom_action\mp-772999_processed.cif
input_cifs\mp-773070.cif,Change atom at index 31 to B in the cif file.,output_cifs\change_atom_action\mp-773070_processed.cif
input_cifs\mp-774146.cif,Change atom at index 6 to Nh in the cif file.,output_cifs\change_atom_action\mp-774146_processed.cif
input_cifs\mp-774370.cif,Change atom at index 30 to Pa in the cif file.,output_cifs\change_atom_action\mp-774370_processed.cif
input_cifs\mp-774459.cif,Change atom at index 27 to Bk in the cif file.,output_cifs\change_atom_action\mp-774459_processed.cif
input_cifs\mp-774822.cif,Change atom at index 2 to Lu in the cif file.,output_cifs\change_atom_action\mp-774822_processed.cif
input_cifs\mp-774929.cif,Change atom at index 34 to Nb in the cif file.,output_cifs\change_atom_action\mp-774929_processed.cif
input_cifs\mp-774940.cif,Change atom at index 27 to Ga in the cif file.,output_cifs\change_atom_action\mp-774940_processed.cif
input_cifs\mp-775126.cif,Change atom at index 14 to Re in the cif file.,output_cifs\change_atom_action\mp-775126_processed.cif
input_cifs\mp-775216.cif,Change atom at index 2 to S in the cif file.,output_cifs\change_atom_action\mp-775216_processed.cif
input_cifs\mp-775224.cif,Change atom at index 25 to Zn in the cif file.,output_cifs\change_atom_action\mp-775224_processed.cif
input_cifs\mp-775268.cif,Change atom at index 2 to Tb in the cif file.,output_cifs\change_atom_action\mp-775268_processed.cif
input_cifs\mp-775340.cif,Change atom at index 23 to H in the cif file.,output_cifs\change_atom_action\mp-775340_processed.cif
input_cifs\mp-775989.cif,Change atom at index 23 to V in the cif file.,output_cifs\change_atom_action\mp-775989_processed.cif
input_cifs\mp-776097.cif,Change atom at index 22 to Hs in the cif file.,output_cifs\change_atom_action\mp-776097_processed.cif
input_cifs\mp-776529.cif,Change atom at index 26 to Rh in the cif file.,output_cifs\change_atom_action\mp-776529_processed.cif
input_cifs\mp-7767.cif,Change atom at index 5 to Fe in the cif file.,output_cifs\change_atom_action\mp-7767_processed.cif
input_cifs\mp-776873.cif,Change atom at index 15 to Mo in the cif file.,output_cifs\change_atom_action\mp-776873_processed.cif
input_cifs\mp-777288.cif,Change atom at index 1 to Na in the cif file.,output_cifs\change_atom_action\mp-777288_processed.cif
input_cifs\mp-777458.cif,Change atom at index 15 to Po in the cif file.,output_cifs\change_atom_action\mp-777458_processed.cif
input_cifs\mp-777764.cif,Change atom at index 31 to B in the cif file.,output_cifs\change_atom_action\mp-777764_processed.cif
input_cifs\mp-778141.cif,Change atom at index 15 to Y in the cif file.,output_cifs\change_atom_action\mp-778141_processed.cif
input_cifs\mp-778158.cif,Change atom at index 36 to Rf in the cif file.,output_cifs\change_atom_action\mp-778158_processed.cif
input_cifs\mp-778252.cif,Change atom at index 64 to Mc in the cif file.,output_cifs\change_atom_action\mp-778252_processed.cif
input_cifs\mp-778260.cif,Change atom at index 28 to Rh in the cif file.,output_cifs\change_atom_action\mp-778260_processed.cif
input_cifs\mp-779095.cif,Change atom at index 1 to Bh in the cif file.,output_cifs\change_atom_action\mp-779095_processed.cif
input_cifs\mp-779789.cif,Change atom at index 14 to Tl in the cif file.,output_cifs\change_atom_action\mp-779789_processed.cif
input_cifs\mp-780121.cif,Change atom at index 23 to Nh in the cif file.,output_cifs\change_atom_action\mp-780121_processed.cif
input_cifs\mp-780175.cif,Change atom at index 53 to Ar in the cif file.,output_cifs\change_atom_action\mp-780175_processed.cif
input_cifs\mp-780392.cif,Change atom at index 5 to Sm in the cif file.,output_cifs\change_atom_action\mp-780392_processed.cif
input_cifs\mp-780797.cif,Change atom at index 12 to Br in the cif file.,output_cifs\change_atom_action\mp-780797_processed.cif
input_cifs\mp-782009.cif,Change atom at index 43 to Ra in the cif file.,output_cifs\change_atom_action\mp-782009_processed.cif
input_cifs\mp-7926.cif,Change atom at index 6 to Cd in the cif file.,output_cifs\change_atom_action\mp-7926_processed.cif
input_cifs\mp-803628.cif,Change atom at index 23 to Nb in the cif file.,output_cifs\change_atom_action\mp-803628_processed.cif
input_cifs\mp-8058.cif,Change atom at index 11 to Fm in the cif file.,output_cifs\change_atom_action\mp-8058_processed.cif
input_cifs\mp-807001.cif,Change atom at index 24 to Ba in the cif file.,output_cifs\change_atom_action\mp-807001_processed.cif
input_cifs\mp-818638.cif,Change atom at index 35 to Rf in the cif file.,output_cifs\change_atom_action\mp-818638_processed.cif
input_cifs\mp-850260.cif,Change atom at index 10 to S in the cif file.,output_cifs\change_atom_action\mp-850260_processed.cif
input_cifs\mp-850784.cif,Change atom at index 31 to Ar in the cif file.,output_cifs\change_atom_action\mp-850784_processed.cif
input_cifs\mp-850942.cif,Change atom at index 34 to Se in the cif file.,output_cifs\change_atom_action\mp-850942_processed.cif
input_cifs\mp-861324.cif,Change atom at index 23 to Rh in the cif file.,output_cifs\change_atom_action\mp-861324_processed.cif
input_cifs\mp-861689.cif,Change atom at index 59 to Re in the cif file.,output_cifs\change_atom_action\mp-861689_processed.cif
input_cifs\mp-863022.cif,Change atom at index 8 to Ca in the cif file.,output_cifs\change_atom_action\mp-863022_processed.cif
input_cifs\mp-863365.cif,Change atom at index 14 to Na in the cif file.,output_cifs\change_atom_action\mp-863365_processed.cif
input_cifs\mp-863428.cif,Change atom at index 45 to He in the cif file.,output_cifs\change_atom_action\mp-863428_processed.cif
input_cifs\mp-863754.cif,Change atom at index 10 to W in the cif file.,output_cifs\change_atom_action\mp-863754_processed.cif
input_cifs\mp-865205.cif,Change atom at index 17 to Y in the cif file.,output_cifs\change_atom_action\mp-865205_processed.cif
input_cifs\mp-866298.cif,Change atom at index 9 to Fe in the cif file.,output_cifs\change_atom_action\mp-866298_processed.cif
input_cifs\mp-866520.cif,Change atom at index 10 to Fl in the cif file.,output_cifs\change_atom_action\mp-866520_processed.cif
input_cifs\mp-867606.cif,Change atom at index 22 to Se in the cif file.,output_cifs\change_atom_action\mp-867606_processed.cif
input_cifs\mp-881189.cif,Change atom at index 5 to Rb in the cif file.,output_cifs\change_atom_action\mp-881189_processed.cif
input_cifs\mp-9275.cif,Change atom at index 34 to Cl in the cif file.,output_cifs\change_atom_action\mp-9275_processed.cif
input_cifs\mp-9324.cif,Change atom at index 5 to Pr in the cif file.,output_cifs\change_atom_action\mp-9324_processed.cif
input_cifs\mp-935710.cif,Change atom at index 6 to Li in the cif file.,output_cifs\change_atom_action\mp-935710_processed.cif
input_cifs\mp-9403.cif,Change atom at index 35 to Lr in the cif file.,output_cifs\change_atom_action\mp-9403_processed.cif
input_cifs\mp-9417.cif,Change atom at index 11 to Am in the cif file.,output_cifs\change_atom_action\mp-9417_processed.cif
input_cifs\mp-978989.cif,Change atom at index 4 to I in the cif file.,output_cifs\change_atom_action\mp-978989_processed.cif
input_cifs\mp-979264.cif,Change atom at index 13 to At in the cif file.,output_cifs\change_atom_action\mp-979264_processed.cif
input_cifs\mp-982385.cif,Change atom at index 19 to Ar in the cif file.,output_cifs\change_atom_action\mp-982385_processed.cif
input_cifs\mp-985468.cif,Change atom at index 0 to Te in the cif file.,output_cifs\change_atom_action\mp-985468_processed.cif
input_cifs\mp-991772.cif,Change atom at index 18 to Ni in the cif file.,output_cifs\change_atom_action\mp-991772_processed.cif
input_cifs\mp-997585.cif,Change atom at index 25 to I in the cif file.,output_cifs\change_atom_action\mp-997585_processed.cif
input_cifs\mp-998746.cif,Change atom at index 13 to Os in the cif file.,output_cifs\change_atom_action\mp-998746_processed.cif
