sg,mpid,formula,structure,ehull,bandgap,bulkmodulus_vrh,magdensity
2,mp-28376,CuAuF5,"{""@module"": ""pymatgen.core.structure"", ""@class"": ""Structure"", ""charge"": 0, ""lattice"": {""matrix"": [[3.70208466, 0.04175588, 0.54130543], [1.60034259, 4.69150771, 0.02872615], [-0.01131716, 0.01757386, 5.4982042700000004]], ""pbc"": [true, true, true], ""a"": 3.741682235555202, ""b"": 4.957031994051599, ""c"": 5.498244002707774, ""alpha"": 89.53271722409386, ""beta"": 81.79779152018789, ""gamma"": 70.68104818077535, ""volume"": 95.16945533154096}, ""properties"": {}, ""sites"": [{""species"": [{""element"": ""Cu"", ""occu"": 1.0}], ""abc"": [-0.0, 0.5, 0.5], ""properties"": {""magmom"": 0.841}, ""label"": ""Cu"", ""xyz"": [0.794512715, 2.3545407849999997, 2.76346521]}, {""species"": [{""element"": ""Au"", ""occu"": 1.0}], ""abc"": [-0.0, 0.0, -0.0], ""properties"": {""magmom"": -0.005}, ""label"": ""Au"", ""xyz"": [0.0, 0.0, 0.0]}, {""species"": [{""element"": ""F"", ""occu"": 1.0}], ""abc"": [0.5, 0.5, 0.5], ""properties"": {""magmom"": 0.092}, ""label"": ""F"", ""xyz"": [2.645555045, 2.375418725, 3.0341179250000003]}, {""species"": [{""element"": ""F"", ""occu"": 1.0}], ""abc"": [0.86084084, 0.86484111, 0.32205408], ""properties"": {""magmom"": 0.03}, ""label"": ""F"", ""xyz"": [4.567302992829377, 4.099013635618445, 2.2615404943367095]}, {""species"": [{""element"": ""F"", ""occu"": 1.0}], ""abc"": [0.18774376, 0.26933188, 0.15525301], ""properties"": {""magmom"": 0.009000000000000001}, ""label"": ""F"", ""xyz"": [1.1243095491608392, 1.2741403921444223, 0.9629763472336316]}, {""species"": [{""element"": ""F"", ""occu"": 1.0}], ""abc"": [0.81225624, 0.73066812, 0.84474699], ""properties"": {""magmom"": 0.009000000000000001}, ""label"": ""F"", ""xyz"": [4.16680054083916, 3.476697057855578, 5.105259502766369]}, {""species"": [{""element"": ""F"", ""occu"": 1.0}], ""abc"": [0.13915916, 0.13515889, 0.67794592], ""properties"": {""magmom"": 0.03}, ""label"": ""F"", ""xyz"": [0.7238070971706236, 0.6518238143815539, 3.806695355663291]}]}",0.0,0.0,30.801,0.010507493150153
10,mp-12743,CrTe4Au,"{""@module"": ""pymatgen.core.structure"", ""@class"": ""Structure"", ""charge"": 0, ""lattice"": {""matrix"": [[4.04164281, 0.0, 0.0], [0.0, 5.60730684, -0.08150547], [0.0, -0.03481535, 7.57298926]], ""pbc"": [true, true, true], ""a"": 4.04164281, ""b"": 5.607899173447281, ""c"": 7.5730692879882575, ""alpha"": 91.09617325437814, ""beta"": 90.0, ""gamma"": 90.0, ""volume"": 171.61315255941898}, ""properties"": {}, ""sites"": [{""species"": [{""element"": ""Cr"", ""occu"": 1.0}], ""abc"": [0.5, -0.0, 0.5], ""properties"": {""magmom"": 3.196}, ""label"": ""Cr"", ""xyz"": [2.020821405, -0.017407675, 3.78649463]}, {""species"": [{""element"": ""Te"", ""occu"": 1.0}], ""abc"": [0.5, 0.78514469, 0.16999537], ""properties"": {""magmom"": -0.052000000000000005}, ""label"": ""Te"", ""xyz"": [2.020821405, 4.39662874232175, 1.223379524283272]}, {""species"": [{""element"": ""Te"", ""occu"": 1.0}], ""abc"": [0.0, 0.70268527, 0.61605974], ""properties"": {""magmom"": -0.109}, ""label"": ""Te"", ""xyz"": [0.0, 3.918723585369238, 4.608141101344965]}, {""species"": [{""element"": ""Te"", ""occu"": 1.0}], ""abc"": [0.5, 0.21485531, 0.83000463], ""properties"": {""magmom"": -0.052000000000000005}, ""label"": ""Te"", ""xyz"": [2.020821405, 1.17586274767825, 6.268104265716728]}, {""species"": [{""element"": ""Te"", ""occu"": 1.0}], ""abc"": [0.0, 0.29731473, 0.38394026000000003], ""properties"": {""magmom"": -0.109}, ""label"": ""Te"", ""xyz"": [0.0, 1.6537679046307623, 2.8833426886550346]}, {""species"": [{""element"": ""Au"", ""occu"": 1.0}], ""abc"": [0.0, -0.0, 0.0], ""properties"": {""magmom"": 0.015}, ""label"": ""Au"", ""xyz"": [0.0, 0.0, 0.0]}]}",0.0,0.0,26.69,0.017466104172651
11,mp-1399,AlAu,"{""@module"": ""pymatgen.core.structure"", ""@class"": ""Structure"", ""charge"": 0, ""lattice"": {""matrix"": [[3.50319356, 0.0, 0.0], [0.0, 6.26429281, -0.25320959], [0.0, 0.08716368000000001, 6.26923607]], ""pbc"": [true, true, true], ""a"": 3.50319356, ""b"": 6.269408226131527, ""c"": 6.269841976357951, ""alpha"": 91.51814353554566, ""beta"": 90.0, ""gamma"": 90.0, ""volume"": 137.65589293772445}, ""properties"": {}, ""sites"": [{""species"": [{""element"": ""Al"", ""occu"": 1.0}], ""abc"": [0.25, 0.56215558, 0.8235219500000001], ""properties"": {""magmom"": -0.0}, ""label"": ""Al"", ""xyz"": [0.87579839, 3.5932883616181557, 5.020510329448725]}, {""species"": [{""element"": ""Al"", ""occu"": 1.0}], ""abc"": [0.75, 0.43784442, 0.17647805], ""properties"": {""magmom"": -0.0}, ""label"": ""Al"", ""xyz"": [2.6273951700000002, 2.758168128381844, 0.9955161505512756]}, {""species"": [{""element"": ""Al"", ""occu"": 1.0}], ""abc"": [0.25, 0.92165436, 0.32204925], ""properties"": {""magmom"": 0.0}, ""label"": ""Al"", ""xyz"": [0.87579839, 5.8015837784243915, 1.785631051799135]}, {""species"": [{""element"": ""Al"", ""occu"": 1.0}], ""abc"": [0.75, 0.07834564000000001, 0.67795075], ""properties"": {""magmom"": 0.0}, ""label"": ""Al"", ""xyz"": [2.6273951700000002, 0.5498727115756085, 4.230395428200866]}, {""species"": [{""element"": ""Au"", ""occu"": 1.0}], ""abc"": [0.25, 0.31108381, 0.4852491], ""properties"": {""magmom"": -0.0}, ""label"": ""Au"", ""xyz"": [0.87579839, 1.991016171563094, 2.9633717566692988]}, {""species"": [{""element"": ""Au"", ""occu"": 1.0}], ""abc"": [0.75, 0.68891619, 0.5147509], ""properties"": {""magmom"": -0.0}, ""label"": ""Au"", ""xyz"": [2.6273951700000002, 4.360440318436906, 3.052654723330701]}, {""species"": [{""element"": ""Au"", ""occu"": 1.0}], ""abc"": [0.25, 0.18680419, -9.595000000000001e-05], ""properties"": {""magmom"": 0.0}, ""label"": ""Au"", ""xyz"": [0.87579839, 1.1701877809397778, -0.0479021455610986]}, {""species"": [{""element"": ""Au"", ""occu"": 1.0}], ""abc"": [0.75, 0.81319581, 9.595000000000001e-05], ""properties"": {""magmom"": 0.0}, ""label"": ""Au"", ""xyz"": [2.6273951700000002, 5.094105029060221, -0.2053074444389014]}]}",0.0,0.0,92.438,0.0
12,mp-567929,Al13Os4,"{""@module"": ""pymatgen.core.structure"", ""@class"": ""Structure"", ""charge"": 0, ""lattice"": {""matrix"": [[4.09132721, -0.0005834600000000001, -0.9811725], [-0.7797726700000001, 7.04223529, -3.2535062200000002], [0.00072059, -0.09309254, 9.03244433]], ""pbc"": [true, true, true], ""a"": 4.207333853459719, ""b"": 7.796565014169959, ""c"": 9.032924073344288, ""alpha"": 115.25163632698492, ""beta"": 103.48046957037486, ""gamma"": 90.00377836296725, ""volume"": 258.9340657355407}, ""properties"": {}, ""sites"": [{""species"": [{""element"": ""Al"", ""occu"": 1.0}], ""abc"": [0.87009744, 0.8415708900000001, 0.740254099999999], ""properties"": {""magmom"": -0.0}, ""label"": ""Al"", ""xyz"": [2.904152771435685, 5.857120419127953, 3.0945321426699084]}, {""species"": [{""element"": ""Al"", ""occu"": 1.0}], ""abc"": [0.7950215700000001, 0.08292041, 0.58991019], ""properties"": {""magmom"": -0.0}, ""label"": ""Al"", ""xyz"": [3.188459395758538, 0.5285649363190541, 4.278495579783948]}, {""species"": [{""element"": ""Al"", ""occu"": 1.0}], ""abc"": [0.5867308999999991, 0.79523183, 0.17358602], ""properties"": {""magmom"": -0.0}, ""label"": ""Al"", ""xyz"": [1.7805331331198508, 5.583707759436075, -1.5950698671109647]}, {""species"": [{""element"": ""Al"", ""occu"": 1.0}], ""abc"": [0.58821335, 0.36548683, 0.17700669], ""properties"": {""magmom"": 0.0}, ""label"": ""Al"", ""xyz"": [2.1217041921120643, 2.5570230509259466, -0.16744936442338965]}, {""species"": [{""element"": ""Al"", ""occu"": 1.0}], ""abc"": [0.12990256, 0.15842911, 0.2597459], ""properties"": {""magmom"": -0.0}, ""label"": ""Al"", ""xyz"": [0.4081223585643149, 1.0914388708720484, 1.7032334673300829]}, {""species"": [{""element"": ""Al"", ""occu"": 1.0}], ""abc"": [0.74100696, 0.38269548000000003, 0.48212246000000003], ""properties"": {""magmom"": 0.0}, ""label"": ""Al"", ""xyz"": [2.733633874634301, 2.6497172622661593, 2.3825865041861665]}, {""species"": [{""element"": ""Al"", ""occu"": 1.0}], ""abc"": [0.08519265000000001, 0.567854899999999, 0.17142164000000001], ""properties"": {""magmom"": -0.0}, ""label"": ""Al"", ""xyz"": [-0.09412319978900814, 3.9829600339972795, -0.3827517143322987]}, {""species"": [{""element"": ""Al"", ""occu"": 1.0}], ""abc"": [0.41178665000000003, 0.63451317, 0.82299331], ""properties"": {""magmom"": 0.0}, ""label"": ""Al"", ""xyz"": [1.1905709378879359, 4.391536239074052, 4.9652149744233895]}, {""species"": [{""element"": ""Al"", ""occu"": 1.0}], ""abc"": [0.5, -0.0, 0.0], ""properties"": {""magmom"": -0.0}, ""label"": ""Al"", ""xyz"": [2.045663605, -0.00029173000000000003, -0.49058625]}, {""species"": [{""element"": ""Al"", ""occu"": 1.0}], ""abc"": [0.4132691, 0.20476817, 0.82641398], ""properties"": {""magmom"": -0.0}, ""label"": ""Al"", ""xyz"": [1.5317419968801453, 1.3648515305639242, 6.392835477110967]}, {""species"": [{""element"": ""Al"", ""occu"": 1.0}], ""abc"": [0.25899304, 0.61730452, 0.51787754], ""properties"": {""magmom"": 0.0}, ""label"": ""Al"", ""xyz"": [0.5786412553656987, 4.2988420277338415, 2.415179105813834]}, {""species"": [{""element"": ""Al"", ""occu"": 1.0}], ""abc"": [0.20497843000000002, 0.9170795900000001, 0.41008981], ""properties"": {""magmom"": -0.0}, ""label"": ""Al"", ""xyz"": [0.12381573424146293, 6.419994353680946, 0.519270030216052]}, {""species"": [{""element"": ""Al"", ""occu"": 1.0}], ""abc"": [0.91480735, 0.4321451, 0.8285783600000001], ""properties"": {""magmom"": -0.0}, ""label"": ""Al"", ""xyz"": [3.4063983297890092, 2.965599256002714, 5.180517324332302]}, {""species"": [{""element"": ""Os"", ""occu"": 1.0}], ""abc"": [0.00949298, 0.80499762, 0.01891313], ""properties"": {""magmom"": -0.0}, ""label"": ""Os"", ""xyz"": [-0.5888626275007129, 5.667216437844849, -2.4575472208431934]}, {""species"": [{""element"": ""Os"", ""occu"": 1.0}], ""abc"": [0.29458932, 0.29220697, 0.58903752], ""properties"": {""magmom"": -0.0}, ""label"": ""Os"", ""xyz"": [0.9778307460484241, 2.002783356141223, 4.080708473681208]}, {""species"": [{""element"": ""Os"", ""occu"": 1.0}], ""abc"": [0.99050702, 0.19500238, 0.98108687], ""properties"": {""magmom"": -0.0}, ""label"": ""Os"", ""xyz"": [3.901137757500713, 1.2813428521551513, 7.255312830843195]}, {""species"": [{""element"": ""Os"", ""occu"": 1.0}], ""abc"": [0.7054106800000001, 0.70779303, 0.41096248], ""properties"": {""magmom"": -0.0}, ""label"": ""Os"", ""xyz"": [2.3344443839515763, 4.945775933858776, 0.7170571363187919]}]}",0.0,0.0,147.4,3.861987016499167e-10
14,mp-1592,Ag2Te,"{""@module"": ""pymatgen.core.structure"", ""@class"": ""Structure"", ""charge"": 0, ""lattice"": {""matrix"": [[4.5053505099999995, 0.0, 0.0], [0.0, 7.73839384, -3.1451828], [0.0, -0.0613228, 7.95678242]], ""pbc"": [true, true, true], ""a"": 4.5053505099999995, ""b"": 8.353137977333175, ""c"": 7.957018723430333, ""alpha"": 112.56029724304172, ""beta"": 90.0, ""gamma"": 90.0, ""volume"": 276.5377143946267}, ""properties"": {}, ""sites"": [{""species"": [{""element"": ""Ag"", ""occu"": 1.0}], ""abc"": [0.11261704, 0.34009418, 0.374848299999999], ""properties"": {""magmom"": 0.0}, ""label"": ""Ag"", ""xyz"": [0.5073792385986904, 2.608795960200611, 1.9129279982907739]}, {""species"": [{""element"": ""Ag"", ""occu"": 1.0}], ""abc"": [0.6126170400000001, 0.15990582, 0.1251517], ""properties"": {""magmom"": 0.0}, ""label"": ""Ag"", ""xyz"": [2.76005449359869, 1.2297395597993888, 0.4928718117092179]}, {""species"": [{""element"": ""Ag"", ""occu"": 1.0}], ""abc"": [0.88738296, 0.65990582, 0.6251517], ""properties"": {""magmom"": 0.0}, ""label"": ""Ag"", ""xyz"": [3.9979712714013096, 5.068275079799388, 2.898671621709217]}, {""species"": [{""element"": ""Ag"", ""occu"": 1.0}], ""abc"": [0.38738296, 0.84009418, 0.874848299999999], ""properties"": {""magmom"": 0.0}, ""label"": ""Ag"", ""xyz"": [1.7452960164013094, 6.447331480200612, 4.318727808290774]}, {""species"": [{""element"": ""Ag"", ""occu"": 1.0}], ""abc"": [0.86077432, 0.65305538, 0.98830639], ""properties"": {""magmom"": 0.0}, ""label"": ""Ag"", ""xyz"": [3.8780900216069027, 4.992994014678167, 5.8097603609021995]}, {""species"": [{""element"": ""Ag"", ""occu"": 1.0}], ""abc"": [0.36077432, 0.84694462, 0.51169361], ""properties"": {""magmom"": 0.0}, ""label"": ""Ag"", ""xyz"": [1.625414766606903, 6.522612545321833, 1.4076390690978]}, {""species"": [{""element"": ""Ag"", ""occu"": 1.0}], ""abc"": [0.13922568, 0.34694462, 0.01169361], ""properties"": {""magmom"": 0.0}, ""label"": ""Ag"", ""xyz"": [0.6272604883930967, 2.6840770253218325, -0.9981607409021999]}, {""species"": [{""element"": ""Ag"", ""occu"": 1.0}], ""abc"": [0.63922568, 0.15305538, 0.48830639000000003], ""properties"": {""magmom"": 0.0}, ""label"": ""Ag"", ""xyz"": [2.8799357433930965, 1.154458494678167, 3.4039605509022]}, {""species"": [{""element"": ""Te"", ""occu"": 1.0}], ""abc"": [0.14522795, 0.96955575, 0.24156334000000002], ""properties"": {""magmom"": -0.0}, ""label"": ""Te"", ""xyz"": [0.6543028185987544, 7.487990902950428, -1.1273631315126176]}, {""species"": [{""element"": ""Te"", ""occu"": 1.0}], ""abc"": [0.64522795, 0.5304442500000001, 0.25843666], ""properties"": {""magmom"": -0.0}, ""label"": ""Te"", ""xyz"": [2.9069780735987543, 4.088938457049572, 0.3879801415126167]}, {""species"": [{""element"": ""Te"", ""occu"": 1.0}], ""abc"": [0.85477205, 0.03044425, 0.75843666], ""properties"": {""magmom"": -0.0}, ""label"": ""Te"", ""xyz"": [3.851047691401245, 0.18908013704957197, 5.9389627515126175]}, {""species"": [{""element"": ""Te"", ""occu"": 1.0}], ""abc"": [0.35477205, 0.46955575, 0.74156334], ""properties"": {""magmom"": -0.0}, ""label"": ""Te"", ""xyz"": [1.5983724364012453, 3.588132582950428, 4.423619478487382]}]}",0.0,0.0,52.909,0.0
15,mp-30312,Ca2SiIr2,"{""@module"": ""pymatgen.core.structure"", ""@class"": ""Structure"", ""charge"": 0, ""lattice"": {""matrix"": [[5.5842784, 0.0115555, 0.8709518700000001], [2.54451064, 4.97089419, 0.8709518700000001], [0.02007696, 0.01230703, 7.31222809]], ""pbc"": [true, true, true], ""a"": 5.651801123371496, ""b"": 5.651803305592425, ""c"": 7.312266009076483, ""alpha"": 80.97779606897853, ""beta"": 80.97780018475562, ""gamma"": 61.94109955732176, ""volume"": 202.64479009625933}, ""properties"": {}, ""sites"": [{""species"": [{""element"": ""Ca"", ""occu"": 1.0}], ""abc"": [0.72306075, 0.98494381, 0.13881164000000001], ""properties"": {""magmom"": -0.0}, ""label"": ""Ca"", ""xyz"": [6.546759448203753, 4.906115150119919, 2.502612138727495]}, {""species"": [{""element"": ""Ca"", ""occu"": 1.0}], ""abc"": [0.01505619, 0.27693925, 0.36118836], ""properties"": {""magmom"": -0.0}, ""label"": ""Ca"", ""xyz"": [0.7960043891181016, 1.3812548465936736, 2.895405646272505]}, {""species"": [{""element"": ""Ca"", ""occu"": 1.0}], ""abc"": [0.27693925, 0.01505619, 0.86118836], ""properties"": {""magmom"": -0.0}, ""label"": ""Ca"", ""xyz"": [1.6021065517962472, 0.0886415698800819, 6.551519691272505]}, {""species"": [{""element"": ""Ca"", ""occu"": 1.0}], ""abc"": [0.98494381, 0.72306075, 0.63881164], ""properties"": {""magmom"": -0.0}, ""label"": ""Ca"", ""xyz"": [7.352861610881898, 3.613501873406327, 6.158726183727495]}, {""species"": [{""element"": ""Si"", ""occu"": 1.0}], ""abc"": [0.56503162, 0.43496838, 0.75], ""properties"": {""magmom"": -0.0}, ""label"": ""Si"", ""xyz"": [4.27713326185657, 2.177941288360622, 6.3551229375]}, {""species"": [{""element"": ""Si"", ""occu"": 1.0}], ""abc"": [0.43496838, 0.56503162, 0.25], ""properties"": {""magmom"": -0.0}, ""label"": ""Si"", ""xyz"": [3.8717327381434288, 2.8168154316393776, 2.6990088925]}, {""species"": [{""element"": ""Ir"", ""occu"": 1.0}], ""abc"": [0.77550074, 0.48972972000000004, 0.98968859], ""properties"": {""magmom"": 0.0}, ""label"": ""Ir"", ""xyz"": [5.596604453064123, 2.4555360457871847, 8.338783543268454]}, {""species"": [{""element"": ""Ir"", ""occu"": 1.0}], ""abc"": [0.51027028, 0.22449926, 0.51031141], ""properties"": {""magmom"": 0.0}, ""label"": ""Ir"", ""xyz"": [3.430977560274191, 1.1281389132460518, 4.371462331731546]}, {""species"": [{""element"": ""Ir"", ""occu"": 1.0}], ""abc"": [0.22449926, 0.51027028, 0.01031141], ""properties"": {""magmom"": 0.0}, ""label"": ""Ir"", ""xyz"": [2.5522615469358763, 2.5392206742128156, 0.7153482867315467]}, {""species"": [{""element"": ""Ir"", ""occu"": 1.0}], ""abc"": [0.48972972000000004, 0.77550074, 0.48968859000000003], ""properties"": {""magmom"": 0.0}, ""label"": ""Ir"", ""xyz"": [4.717888439725808, 3.8666178067539483, 4.682669498268454]}]}",0.0,0.0,96.593,4.934743200281564e-10
21,mp-24082,Ta2H,"{""@module"": ""pymatgen.core.structure"", ""@class"": ""Structure"", ""charge"": 0, ""lattice"": {""matrix"": [[2.92979709, 0.01602895, 0.0], [-0.9244071700000001, 2.78018723, 0.0], [0.0, 0.0, 4.75856939]], ""pbc"": [true, true, true], ""a"": 2.9298409369470164, ""b"": 2.929841232866123, ""c"": 4.75856939, ""alpha"": 90.0, ""beta"": 90.0, ""gamma"": 108.07840923600338, ""volume"": 38.830886180103235}, ""properties"": {}, ""sites"": [{""species"": [{""element"": ""Ta"", ""occu"": 1.0}], ""abc"": [-0.0, 0.5, 0.26456977], ""properties"": {""magmom"": -0.0}, ""label"": ""Ta"", ""xyz"": [-0.46220358500000003, 1.390093615, 1.2589736090413401]}, {""species"": [{""element"": ""Ta"", ""occu"": 1.0}], ""abc"": [0.5, 0.0, 0.73543023], ""properties"": {""magmom"": -0.0}, ""label"": ""Ta"", ""xyz"": [1.464898545, 0.008014475, 3.4995957809586593]}, {""species"": [{""element"": ""H"", ""occu"": 1.0}], ""abc"": [0.0, 0.0, 0.0], ""properties"": {""magmom"": -0.0}, ""label"": ""H"", ""xyz"": [0.0, 0.0, 0.0]}]}",0.0,0.0,203.084,7.725808744321645e-09
26,mp-28339,CaPPt,"{""@module"": ""pymatgen.core.structure"", ""@class"": ""Structure"", ""charge"": 0, ""lattice"": {""matrix"": [[4.36969545, 0.0, 0.0], [0.0, 6.53143321, 0.0], [0.0, 0.0, 8.32204141]], ""pbc"": [true, true, true], ""a"": 4.36969545, ""b"": 6.53143321, ""c"": 8.32204141, ""alpha"": 90.0, ""beta"": 90.0, ""gamma"": 90.0, ""volume"": 237.5141741160822}, ""properties"": {}, ""sites"": [{""species"": [{""element"": ""Ca"", ""occu"": 1.0}], ""abc"": [-0.0, 0.8661834700000001, 0.12741771], ""properties"": {""magmom"": -0.0}, ""label"": ""Ca"", ""xyz"": [0.0, 5.657419481911039, 1.060375458987371]}, {""species"": [{""element"": ""Ca"", ""occu"": 1.0}], ""abc"": [0.0, 0.92936558, 0.58792351], ""properties"": {""magmom"": -0.0}, ""label"": ""Ca"", ""xyz"": [0.0, 6.0700892134429125, 4.892723796132549]}, {""species"": [{""element"": ""Ca"", ""occu"": 1.0}], ""abc"": [0.0, 0.42936558, 0.41207649], ""properties"": {""magmom"": -0.0}, ""label"": ""Ca"", ""xyz"": [0.0, 2.804372608442912, 3.4293176138674513]}, {""species"": [{""element"": ""Ca"", ""occu"": 1.0}], ""abc"": [0.0, 0.36618347, 0.87258229], ""properties"": {""magmom"": -0.0}, ""label"": ""Ca"", ""xyz"": [0.0, 2.391702876911039, 7.261665951012629]}, {""species"": [{""element"": ""P"", ""occu"": 1.0}], ""abc"": [0.5, 0.17038297, 0.07155571], ""properties"": {""magmom"": 0.0}, ""label"": ""P"", ""xyz"": [2.184847725, 1.1128449886764338, 0.5954895817419511]}, {""species"": [{""element"": ""P"", ""occu"": 1.0}], ""abc"": [0.5, 0.74707701, 0.38396717], ""properties"": {""magmom"": 0.0}, ""label"": ""P"", ""xyz"": [2.184847725, 4.879483593541503, 3.19539068882051]}, {""species"": [{""element"": ""P"", ""occu"": 1.0}], ""abc"": [0.5, 0.67038297, 0.9284442900000001], ""properties"": {""magmom"": 0.0}, ""label"": ""P"", ""xyz"": [2.184847725, 4.378561593676434, 7.72655182825805]}, {""species"": [{""element"": ""P"", ""occu"": 1.0}], ""abc"": [0.5, 0.24707701, 0.61603283], ""properties"": {""magmom"": 0.0}, ""label"": ""P"", ""xyz"": [2.184847725, 1.6137669885415022, 5.12665072117949]}, {""species"": [{""element"": ""Pt"", ""occu"": 1.0}], ""abc"": [0.5, 0.11548603, 0.34219299000000003], ""properties"": {""magmom"": -0.0}, ""label"": ""Pt"", ""xyz"": [2.184847725, 0.7542892916330564, 2.847744232991716]}, {""species"": [{""element"": ""Pt"", ""occu"": 1.0}], ""abc"": [0.5, 0.49730494000000003, 0.16803486], ""properties"": {""magmom"": 0.0}, ""label"": ""Pt"", ""xyz"": [2.184847725, 3.2481140006130578, 1.3983930632435528]}, {""species"": [{""element"": ""Pt"", ""occu"": 1.0}], ""abc"": [0.5, 0.99730494, 0.83196514], ""properties"": {""magmom"": 0.0}, ""label"": ""Pt"", ""xyz"": [2.184847725, 6.513830605613058, 6.923648346756448]}, {""species"": [{""element"": ""Pt"", ""occu"": 1.0}], ""abc"": [0.5, 0.61548603, 0.65780701], ""properties"": {""magmom"": -0.0}, ""label"": ""Pt"", ""xyz"": [2.184847725, 4.020005896633057, 5.474297177008284]}]}",0.0,0.0,95.286,0.0
31,mp-553946,CoAsS,"{""@module"": ""pymatgen.core.structure"", ""@class"": ""Structure"", ""charge"": 0, ""lattice"": {""matrix"": [[3.46736293, 0.00104804, 0.0], [-0.00138707, 4.57897871, 0.0], [0.0, 0.0, 5.5454671399999995]], ""pbc"": [true, true, true], ""a"": 3.4673630883895084, ""b"": 4.578978920086492, ""c"": 5.5454671399999995, ""alpha"": 90.0, ""beta"": 90.0, ""gamma"": 90.00003797199098, ""volume"": 88.04528468075056}, ""properties"": {}, ""sites"": [{""species"": [{""element"": ""Co"", ""occu"": 1.0}], ""abc"": [0.75000241, 0.73870532, 0.49741142], ""properties"": {""magmom"": -0.0}, ""label"": ""Co"", ""xyz"": [2.599505917856449, 3.383301965769514, 2.7583786846707383]}, {""species"": [{""element"": ""Co"", ""occu"": 1.0}], ""abc"": [0.24999759, 0.26129468, 0.99741142], ""properties"": {""magmom"": -0.0}, ""label"": ""Co"", ""xyz"": [0.8664699421435511, 1.1967247842304867, 5.531112254670739]}, {""species"": [{""element"": ""As"", ""occu"": 1.0}], ""abc"": [0.25000367, 0.04101635, 0.37309786], ""properties"": {""magmom"": 0.0}, ""label"": ""As"", ""xyz"": [0.8667965651733587, 0.18807500725821533, 2.06900192263432]}, {""species"": [{""element"": ""As"", ""occu"": 1.0}], ""abc"": [0.74999633, 0.95898365, 0.87309886], ""properties"": {""magmom"": 0.0}, ""label"": ""As"", ""xyz"": [2.5991792948266417, 4.391951742741785, 4.8417410381014605]}, {""species"": [{""element"": ""S"", ""occu"": 1.0}], ""abc"": [0.74999929, 0.55121697, 0.12333973000000001], ""properties"": {""magmom"": -0.0}, ""label"": ""S"", ""xyz"": [2.599755159149742, 2.5247967994766007, 0.6839764197714722]}, {""species"": [{""element"": ""S"", ""occu"": 1.0}], ""abc"": [0.25000071, 0.44878303, 0.62333973], ""properties"": {""magmom"": -0.0}, ""label"": ""S"", ""xyz"": [0.8662207008502584, 2.0552299505234, 3.456709989771472]}]}",0.0,0.0,142.377,0.0
36,mp-8073,AsPd2,"{""@module"": ""pymatgen.core.structure"", ""@class"": ""Structure"", ""charge"": 0, ""lattice"": {""matrix"": [[3.3398388, 0.0, -0.64342014], [-0.0, 6.56825071, 0.0], [-0.07387914, -0.0, 8.60636424]], ""pbc"": [true, true, true], ""a"": 3.401251635287083, ""b"": 6.56825071, ""c"": 8.606681332481058, ""alpha"": 90.0, ""beta"": 101.39627134416087, ""gamma"": 90.0, ""volume"": 188.48471544136405}, ""properties"": {}, ""sites"": [{""species"": [{""element"": ""As"", ""occu"": 1.0}], ""abc"": [0.2005344, 0.23129032, 0.4010698], ""properties"": {""magmom"": 0.0}, ""label"": ""As"", ""xyz"": [0.640121877950748, 1.5191728085561271, 3.3227249127411356]}, {""species"": [{""element"": ""As"", ""occu"": 1.0}], ""abc"": [0.7994656, 0.73129032, 0.5989302], ""properties"": {""magmom"": 0.0}, ""label"": ""As"", ""xyz"": [2.625837782049252, 4.803298163556128, 4.640219187258863]}, {""species"": [{""element"": ""As"", ""occu"": 1.0}], ""abc"": [0.55859241, 0.69823094, 0.11718282000000001], ""properties"": {""magmom"": -0.0}, ""label"": ""As"", ""xyz"": [1.8569512383391333, 4.5861558673989675, 0.6491084249452194]}, {""species"": [{""element"": ""As"", ""occu"": 1.0}], ""abc"": [0.44140759, 0.19823094, 0.88281718], ""properties"": {""magmom"": -0.0}, ""label"": ""As"", ""xyz"": [1.409008421660867, 1.3020305123989673, 7.31383567505478]}, {""species"": [{""element"": ""Pd"", ""occu"": 1.0}], ""abc"": [0.67751754, 0.9627574, 0.35503507], ""properties"": {""magmom"": -0.0}, ""label"": ""Pd"", ""xyz"": [2.236569682131112, 6.3236319761077535, 2.619632699954641]}, {""species"": [{""element"": ""Pd"", ""occu"": 1.0}], ""abc"": [0.32248246, 0.4627574, 0.64496493], ""properties"": {""magmom"": -0.0}, ""label"": ""Pd"", ""xyz"": [1.029389977868888, 3.039506621107754, 5.3433114000453585]}, {""species"": [{""element"": ""Pd"", ""occu"": 1.0}], ""abc"": [0.41659887, 0.82565902, 0.83319575], ""properties"": {""magmom"": 0.0}, ""label"": ""Pd"", ""xyz"": [1.329817284600501, 5.423135444332904, 6.902738004460739]}, {""species"": [{""element"": ""Pd"", ""occu"": 1.0}], ""abc"": [0.58340113, 0.32565902, 0.16680425000000002], ""properties"": {""magmom"": 0.0}, ""label"": ""Pd"", ""xyz"": [1.936142375399499, 2.1390100893329045, 1.0602060955392618]}, {""species"": [{""element"": ""Pd"", ""occu"": 1.0}], ""abc"": [0.16663725000000001, 0.6124691600000001, 0.3332755], ""properties"": {""magmom"": -0.0}, ""label"": ""Pd"", ""xyz"": [0.53191944575223, 4.022850995023104, 2.761072582543905]}, {""species"": [{""element"": ""Pd"", ""occu"": 1.0}], ""abc"": [0.83336275, 0.11246916, 0.666724499999999], ""properties"": {""magmom"": -0.0}, ""label"": ""Pd"", ""xyz"": [2.73404021424777, 0.7387256400231036, 5.201871517456087]}, {""species"": [{""element"": ""Pd"", ""occu"": 1.0}], ""abc"": [0.95930479, 0.48389518000000004, 0.9186085900000001], ""properties"": {""magmom"": -0.0}, ""label"": ""Pd"", ""xyz"": [3.1360573460420396, 3.178344859600578, 7.288644097248351]}, {""species"": [{""element"": ""Pd"", ""occu"": 1.0}], ""abc"": [0.04069521, 0.98389518, 0.08139241], ""properties"": {""magmom"": -0.0}, ""label"": ""Pd"", ""xyz"": [0.1299022400788206, 6.462470214600578, 0.674308609115889]}]}",0.0,0.0,124.288,0.0
43,mp-28897,BIrPd,"{""@module"": ""pymatgen.core.structure"", ""@class"": ""Structure"", ""charge"": 0, ""lattice"": {""matrix"": [[5.21058607, 0.00186216, -1.82009644], [-2.23519316, 4.70681641, -1.82009644], [0.00264461, 0.00418525, 6.08907022]], ""pbc"": [true, true, true], ""a"": 5.519326200852653, ""b"": 5.519326066727418, ""c"": 6.089072232645172, ""alpha"": 109.22978323452129, ""beta"": 109.22978315973317, ""gamma"": 105.85999412954844, ""volume"": 149.44081365342043}, ""properties"": {}, ""sites"": [{""species"": [{""element"": ""B"", ""occu"": 1.0}], ""abc"": [0.05450709, 0.9350666400000001, 0.52931618], ""properties"": {""magmom"": 0.0}, ""label"": ""B"", ""xyz"": [-1.8046408391391564, 4.403503827060622, 1.4219237655116386]}, {""species"": [{""element"": ""B"", ""occu"": 1.0}], ""abc"": [0.6850666400000001, 0.30450709, 0.02931618], ""properties"": {""magmom"": 0.0}, ""label"": ""B"", ""xyz"": [2.88904405652899, 1.4346573674100342, -1.6226113444883616]}, {""species"": [{""element"": ""B"", ""occu"": 1.0}], ""abc"": [0.40575046000000003, 0.52519191, 0.47068382000000003], ""properties"": {""magmom"": 0.0}, ""label"": ""B"", ""xyz"": [0.9415371049899668, 2.4747074021214917, 1.1716219379156776]}, {""species"": [{""element"": ""B"", ""occu"": 1.0}], ""abc"": [0.27519191, 0.65575046, 0.97068382], ""properties"": {""magmom"": 0.0}, ""label"": ""B"", ""xyz"": [-0.029250729898950154, 3.0910720318178293, 4.216157047915678]}, {""species"": [{""element"": ""Ir"", ""occu"": 1.0}], ""abc"": [0.10379499, 0.62907159, 0.23458163], ""properties"": {""magmom"": -0.0}, ""label"": ""Ir"", ""xyz"": [-0.8646434091640208, 2.962099548522328, 0.09449616413908357]}, {""species"": [{""element"": ""Ir"", ""occu"": 1.0}], ""abc"": [0.37907159, 0.35379499000000003, 0.73458163], ""properties"": {""magmom"": -0.0}, ""label"": ""Ir"", ""xyz"": [1.1863276866209973, 1.669028364426778, 3.1390312741390836]}, {""species"": [{""element"": ""Ir"", ""occu"": 1.0}], ""abc"": [0.61921236, 0.64448896, 0.26541837], ""properties"": {""magmom"": -0.0}, ""label"": ""Ir"", ""xyz"": [1.7866039103757971, 3.035755127713174, -0.6839071811473592]}, {""species"": [{""element"": ""Ir"", ""occu"": 1.0}], ""abc"": [0.39448896, 0.86921236, 0.76541837], ""properties"": {""magmom"": -0.0}, ""label"": ""Ir"", ""xyz"": [0.11468539116081532, 4.095161068617624, 2.36062792885264]}, {""species"": [{""element"": ""Pd"", ""occu"": 1.0}], ""abc"": [0.9380904600000001, 0.11079072000000001, 0.22982169], ""properties"": {""magmom"": -0.0}, ""label"": ""Pd"", ""xyz"": [4.640970212480007, 0.5241803147307814, -0.5096644932119276]}, {""species"": [{""element"": ""Pd"", ""occu"": 1.0}], ""abc"": [0.45826877, 0.13096703, 0.27017831000000003], ""properties"": {""magmom"": -0.0}, ""label"": ""Pd"", ""xyz"": [2.095826775896928, 0.618421899517633, 0.5726687196103764]}, {""species"": [{""element"": ""Pd"", ""occu"": 1.0}], ""abc"": [0.86079072, 0.18809046000000001, 0.72982269], ""properties"": {""magmom"": -0.0}, ""label"": ""Pd"", ""xyz"": [4.066735721548217, 0.8899646841529264, 2.5348767058582924]}, {""species"": [{""element"": ""Pd"", ""occu"": 1.0}], ""abc"": [0.88096703, 0.70826877, 0.77017731], ""properties"": {""magmom"": -0.0}, ""label"": ""Pd"", ""xyz"": [3.0092738431174575, 3.3385549554777776, 1.7971013005401568]}]}",0.0,0.0,236.227,6.691612388561909e-10
44,mp-4728,Cu2GeSe3,"{""@module"": ""pymatgen.core.structure"", ""@class"": ""Structure"", ""charge"": 0, ""lattice"": {""matrix"": [[3.81494617, 0.0, -1.1547185500000001], [-0.67393414, 5.02385192, -2.22653621], [-0.029340750000000002, -0.048585199999999, 6.78230885]], ""pbc"": [true, true, true], ""a"": 3.985873707195421, ""b"": 5.536310940832929, ""c"": 6.782546331434672, ""alpha"": 114.0873671178742, ""beta"": 107.08757274575463, ""gamma"": 89.99999948666148, ""volume"": 129.36715667283516}, ""properties"": {}, ""sites"": [{""species"": [{""element"": ""Cu"", ""occu"": 1.0}], ""abc"": [0.8330958700000001, 0.57150426, 0.66619074], ""properties"": {""magmom"": 0.0}, ""label"": ""Cu"", ""xyz"": [2.7735131305752265, 2.838785763548132, 2.283845167613406]}, {""species"": [{""element"": ""Cu"", ""occu"": 1.0}], ""abc"": [0.16690413, 0.90531353, 0.33380926], ""properties"": {""magmom"": 0.0}, ""label"": ""Cu"", ""xyz"": [0.016814362184422865, 4.531942926233526, 0.055556847379417906]}, {""species"": [{""element"": ""Ge"", ""occu"": 1.0}], ""abc"": [0.5, 0.26676799, -0.0], ""properties"": {""magmom"": 0.0}, ""label"": ""Ge"", ""xyz"": [1.7276890290798212, 1.340202878756041, -1.171327864403918]}, {""species"": [{""element"": ""Se"", ""occu"": 1.0}], ""abc"": [0.66999489, 0.67071366, 0.33999177], ""properties"": {""magmom"": 0.0}, ""label"": ""Se"", ""xyz"": [2.094001992361091, 3.353047540417424, 0.03890541217832677]}, {""species"": [{""element"": ""Se"", ""occu"": 1.0}], ""abc"": [0.33000511, 0.33072389, 0.66000823], ""properties"": {""magmom"": 0.0}, ""label"": ""Se"", ""xyz"": [1.0167004736159515, 1.6294412179101736, 3.3589479206929873]}, {""species"": [{""element"": ""Se"", ""occu"": 1.0}], ""abc"": [0.0, 0.99297466, -0.0], ""properties"": {""magmom"": 0.0}, ""label"": ""Se"", ""xyz"": [-0.6691995235288923, 4.988557652152347, -2.2108940361024385]}]}",0.0,0.0,59.424,0.0
46,mp-8648,TiFeSi,"{""@module"": ""pymatgen.core.structure"", ""@class"": ""Structure"", ""charge"": 0, ""lattice"": {""matrix"": [[-3.129661, 3.470422, 5.37347], [3.129661, -3.470422, 5.37347], [3.129661, 3.470422, -5.37347]], ""pbc"": [true, true, true], ""a"": 7.121291081953117, ""b"": 7.121291081953117, ""c"": 7.121291081953117, ""alpha"": 127.85865613718492, ""beta"": 121.66945915927491, ""gamma"": 82.02542190364883, ""volume"": 233.45028350360494}, ""properties"": {}, ""sites"": [{""species"": [{""element"": ""Ti"", ""occu"": 1.0}], ""abc"": [0.7466400000000001, 0.080563, 0.833924], ""properties"": {""magmom"": -0.022}, ""label"": ""Ti"", ""xyz"": [0.5253042098669995, 5.205636470422, -0.03611509187000017]}, {""species"": [{""element"": ""Ti"", ""occu"": 1.0}], ""abc"": [0.476443, 0.961545, 0.985101], ""properties"": {""magmom"": -0.018000000000000002}, ""label"": ""Ti"", ""xyz"": [4.601236991183001, 1.7352075295779998, 2.43357470789]}, {""species"": [{""element"": ""Ti"", ""occu"": 1.0}], ""abc"": [0.523556999999999, 0.508657999999999, 0.485101], ""properties"": {""magmom"": -0.017}, ""label"": ""Ti"", ""xyz"": [1.4715728615219998, 1.735211, 2.9399006655799895]}, {""species"": [{""element"": ""Ti"", ""occu"": 1.0}], ""abc"": [0.945847, 0.896467999999999, 0.450621], ""properties"": {""magmom"": -0.01}, ""label"": ""Ti"", ""xyz"": [1.2557514389619968, 1.7352110000000034, 7.478225958179994]}, {""species"": [{""element"": ""Ti"", ""occu"": 1.0}], ""abc"": [0.25336000000000003, 0.087284, 0.333924], ""properties"": {""magmom"": -0.022}, ""label"": ""Ti"", ""xyz"": [0.5253073395279999, 1.735211, 0.0361097184000001]}, {""species"": [{""element"": ""Ti"", ""occu"": 1.0}], ""abc"": [0.054153, 0.504775, 0.950620999999999], ""properties"": {""magmom"": -0.01}, ""label"": ""Ti"", ""xyz"": [4.385415568622997, 1.735207529577997, -2.1047505847099948]}, {""species"": [{""element"": ""Fe"", ""occu"": 1.0}], ""abc"": [0.5, 0.74868, 0.24868], ""properties"": {""magmom"": 0.963}, ""label"": ""Fe"", ""xyz"": [1.55656819496, 2.220446049250313e-16, 5.373470000000001]}, {""species"": [{""element"": ""Fe"", ""occu"": 1.0}], ""abc"": [0.0, 0.74868, 0.74868], ""properties"": {""magmom"": 0.965}, ""label"": ""Fe"", ""xyz"": [4.68622919496, 0.0, 0.0]}, {""species"": [{""element"": ""Fe"", ""occu"": 1.0}], ""abc"": [0.910327999999999, 0.255557, 0.412584], ""properties"": {""magmom"": -0.261}, ""label"": ""Fe"", ""xyz"": [-0.757963208606997, 3.7041722738099967, 4.047840324469995]}, {""species"": [{""element"": ""Fe"", ""occu"": 1.0}], ""abc"": [0.657026999999999, 0.502255999999999, 0.912584], ""properties"": {""magmom"": -0.265}, ""label"": ""Fe"", ""xyz"": [2.371697791393, 3.7041722738100002, 1.3256296755299894]}, {""species"": [{""element"": ""Fe"", ""occu"": 1.0}], ""abc"": [0.342973, 0.255557, 0.84523], ""properties"": {""magmom"": -0.263}, ""label"": ""Fe"", ""xyz"": [2.3717009210540003, 3.2366751966120004, -1.3256350490000006]}, {""species"": [{""element"": ""Fe"", ""occu"": 1.0}], ""abc"": [0.089672, 0.502255999999999, 0.34523000000000004], ""properties"": {""magmom"": -0.265}, ""label"": ""Fe"", ""xyz"": [2.371700921053997, -0.23374680338799636, 1.325624302059995]}, {""species"": [{""element"": ""Si"", ""occu"": 1.0}], ""abc"": [0.280213, 0.523129, 0.742916], ""properties"": {""magmom"": -0.001}, ""label"": ""Si"", ""xyz"": [3.085319962952, 1.7352110000000005, 0.32469729821999893]}, {""species"": [{""element"": ""Si"", ""occu"": 1.0}], ""abc"": [0.159048, 0.172391, 0.996501], ""properties"": {""magmom"": -0.002}, ""label"": ""Si"", ""xyz"": [3.160469382884, 3.4119731526760004, -3.5736907051400006]}, {""species"": [{""element"": ""Si"", ""occu"": 1.0}], ""abc"": [0.675889, 0.172391, 0.513342], ""properties"": {""magmom"": -0.002}, ""label"": ""Si"", ""xyz"": [0.03080838288400023, 3.52886390648, 1.79977929486]}, {""species"": [{""element"": ""Si"", ""occu"": 1.0}], ""abc"": [0.324111, 0.837453, 0.496500999999999], ""properties"": {""magmom"": -0.002}, ""label"": ""Si"", ""xyz"": [3.160466253222997, -0.058445376902003465, 3.573696078610005]}, {""species"": [{""element"": ""Si"", ""occu"": 1.0}], ""abc"": [0.719787, 0.462704, 0.242916], ""properties"": {""magmom"": -0.001}, ""label"": ""Si"", ""xyz"": [-0.04433790738699994, 1.735207529578, 5.0487780752499996]}, {""species"": [{""element"": ""Si"", ""occu"": 1.0}], ""abc"": [0.840951999999999, 0.837453, 0.013342], ""properties"": {""magmom"": -0.002}, ""label"": ""Si"", ""xyz"": [0.03080525322300278, 0.05844537690199639, 8.947166078609994]}]}",0.0,0.0,187.835,0.003123767892056
47,mp-637575,AlCr3B4,"{""@module"": ""pymatgen.core.structure"", ""@class"": ""Structure"", ""charge"": 0, ""lattice"": {""matrix"": [[2.92092274, -0.0, 0.0], [0.0, 2.91841184, 0.0], [0.0, 0.0, 8.05827478]], ""pbc"": [true, true, true], ""a"": 2.92092274, ""b"": 2.91841184, ""c"": 8.05827478, ""alpha"": 90.0, ""beta"": 90.0, ""gamma"": 90.0, ""volume"": 68.69240483448665}, ""properties"": {}, ""sites"": [{""species"": [{""element"": ""Al"", ""occu"": 1.0}], ""abc"": [0.5, 0.5, 0.5], ""properties"": {""magmom"": -0.009000000000000001}, ""label"": ""Al"", ""xyz"": [1.46046137, 1.45920592, 4.02913739]}, {""species"": [{""element"": ""Cr"", ""occu"": 1.0}], ""abc"": [0.0, -0.0, 0.7020079300000001], ""properties"": {""magmom"": 0.404}, ""label"": ""Cr"", ""xyz"": [0.0, 0.0, 5.656972797679005]}, {""species"": [{""element"": ""Cr"", ""occu"": 1.0}], ""abc"": [-0.0, 0.0, 0.29799207], ""properties"": {""magmom"": 0.404}, ""label"": ""Cr"", ""xyz"": [0.0, 0.0, 2.4013019823209945]}, {""species"": [{""element"": ""Cr"", ""occu"": 1.0}], ""abc"": [0.0, 0.5, -0.0], ""properties"": {""magmom"": -0.203}, ""label"": ""Cr"", ""xyz"": [0.0, 1.45920592, 0.0]}, {""species"": [{""element"": ""B"", ""occu"": 1.0}], ""abc"": [0.5, 0.0, 0.10800941], ""properties"": {""magmom"": 0.002}, ""label"": ""B"", ""xyz"": [1.46046137, 0.0, 0.8703695046056797]}, {""species"": [{""element"": ""B"", ""occu"": 1.0}], ""abc"": [0.5, 0.5, 0.22379044], ""properties"": {""magmom"": -0.02}, ""label"": ""B"", ""xyz"": [1.46046137, 1.45920592, 1.8033648586571032]}, {""species"": [{""element"": ""B"", ""occu"": 1.0}], ""abc"": [0.5, 0.0, 0.89199059], ""properties"": {""magmom"": 0.002}, ""label"": ""B"", ""xyz"": [1.46046137, 0.0, 7.1879052753943204]}, {""species"": [{""element"": ""B"", ""occu"": 1.0}], ""abc"": [0.5, 0.5, 0.77620956], ""properties"": {""magmom"": -0.02}, ""label"": ""B"", ""xyz"": [1.46046137, 1.45920592, 6.254909921342896]}]}",0.0,0.0,248.749,0.008350172066068001
51,mp-19955,Co2CuGe2,"{""@module"": ""pymatgen.core.structure"", ""@class"": ""Structure"", ""charge"": 0, ""lattice"": {""matrix"": [[3.82672984, 0.0, 0.0], [0.0, 4.95893502, 1.41e-06], [0.0, 1.559999999999999e-06, 6.62213815]], ""pbc"": [true, true, true], ""a"": 3.82672984, ""b"": 4.958935020000201, ""c"": 6.622138150000183, ""alpha"": 89.99997021142549, ""beta"": 90.0, ""gamma"": 90.0, ""volume"": 125.66503516897164}, ""properties"": {}, ""sites"": [{""species"": [{""element"": ""Co"", ""occu"": 1.0}], ""abc"": [0.5, 0.25000464, 0.15881545], ""properties"": {""magmom"": 0.705}, ""label"": ""Co"", ""xyz"": [1.91336492, 1.2397570122105948, 1.0516982027609598]}, {""species"": [{""element"": ""Co"", ""occu"": 1.0}], ""abc"": [0.5, 0.74999536, 0.84118455], ""properties"": {""magmom"": 0.705}, ""label"": ""Co"", ""xyz"": [1.91336492, 3.7191795677894053, 5.57044135723904]}, {""species"": [{""element"": ""Co"", ""occu"": 1.0}], ""abc"": [0.5, 0.5, 0.5], ""properties"": {""magmom"": 0.162}, ""label"": ""Co"", ""xyz"": [1.91336492, 2.4794682900000002, 3.31106978]}, {""species"": [{""element"": ""Co"", ""occu"": 1.0}], ""abc"": [0.5, 0.0, 0.5], ""properties"": {""magmom"": 0.162}, ""label"": ""Co"", ""xyz"": [1.91336492, 7.799999999999995e-07, 3.311069075]}, {""species"": [{""element"": ""Cu"", ""occu"": 1.0}], ""abc"": [-0.0, 0.0, -0.0], ""properties"": {""magmom"": -0.011}, ""label"": ""Cu"", ""xyz"": [0.0, 0.0, 0.0]}, {""species"": [{""element"": ""Cu"", ""occu"": 1.0}], ""abc"": [-0.0, 0.5, -0.0], ""properties"": {""magmom"": -0.011}, ""label"": ""Cu"", ""xyz"": [0.0, 2.47946751, 7.05e-07]}, {""species"": [{""element"": ""Ge"", ""occu"": 1.0}], ""abc"": [-0.0, 0.25000028, 0.37880081], ""properties"": {""magmom"": -0.03}, ""label"": ""Ge"", ""xyz"": [0.0, 1.2397357344310693, 2.508471647652296]}, {""species"": [{""element"": ""Ge"", ""occu"": 1.0}], ""abc"": [-0.0, 0.74999972, 0.62119919], ""properties"": {""magmom"": -0.03}, ""label"": ""Ge"", ""xyz"": [0.0, 3.719200845568931, 4.113667912347704]}, {""species"": [{""element"": ""Ge"", ""occu"": 1.0}], ""abc"": [0.5, 0.25000683, 0.80309736], ""properties"": {""magmom"": -0.006}, ""label"": ""Ge"", ""xyz"": [1.91336492, 1.2397688773580682, 5.318222018329914]}, {""species"": [{""element"": ""Ge"", ""occu"": 1.0}], ""abc"": [0.5, 0.74999317, 0.19690264000000002], ""properties"": {""magmom"": -0.006}, ""label"": ""Ge"", ""xyz"": [1.91336492, 3.719167702641932, 1.3039175416700857]}]}",0.0,0.0,157.602,0.012508340907130001
55,mp-16523,Al3Pd5,"{""@module"": ""pymatgen.core.structure"", ""@class"": ""Structure"", ""charge"": 0, ""lattice"": {""matrix"": [[4.0435376, 0.0, 0.0], [0.0, 5.37832577, 0.0], [0.0, 0.0, 10.51932544]], ""pbc"": [true, true, true], ""a"": 4.0435376, ""b"": 5.37832577, ""c"": 10.51932544, ""alpha"": 90.0, ""beta"": 90.0, ""gamma"": 90.0, ""volume"": 228.7686352796945}, ""properties"": {}, ""sites"": [{""species"": [{""element"": ""Al"", ""occu"": 1.0}], ""abc"": [-0.0, -0.0, 0.0], ""properties"": {""magmom"": 0.0}, ""label"": ""Al"", ""xyz"": [0.0, 0.0, 0.0]}, {""species"": [{""element"": ""Al"", ""occu"": 1.0}], ""abc"": [-0.0, 0.5, 0.5], ""properties"": {""magmom"": 0.0}, ""label"": ""Al"", ""xyz"": [0.0, 2.689162885, 5.25966272]}, {""species"": [{""element"": ""Al"", ""occu"": 1.0}], ""abc"": [0.5, 0.16398209, 0.35812401], ""properties"": {""magmom"": -0.0}, ""label"": ""Al"", ""xyz"": [2.0217688, 0.8819491004654593, 3.767223009067814]}, {""species"": [{""element"": ""Al"", ""occu"": 1.0}], ""abc"": [0.5, 0.83601791, 0.6418759900000001], ""properties"": {""magmom"": -0.0}, ""label"": ""Al"", ""xyz"": [2.0217688, 4.496376669534541, 6.752102430932186]}, {""species"": [{""element"": ""Al"", ""occu"": 1.0}], ""abc"": [0.5, 0.66398209, 0.14187599], ""properties"": {""magmom"": -0.0}, ""label"": ""Al"", ""xyz"": [2.0217688, 3.571111985465459, 1.4924397109321856]}, {""species"": [{""element"": ""Al"", ""occu"": 1.0}], ""abc"": [0.5, 0.33601791000000003, 0.85812401], ""properties"": {""magmom"": -0.0}, ""label"": ""Al"", ""xyz"": [2.0217688, 1.8072137845345408, 9.026885729067814]}, {""species"": [{""element"": ""Pd"", ""occu"": 1.0}], ""abc"": [0.5, 0.18720419, 0.10601385], ""properties"": {""magmom"": 0.0}, ""label"": ""Pd"", ""xyz"": [2.0217688, 1.0068451193289762, 1.115194189297344]}, {""species"": [{""element"": ""Pd"", ""occu"": 1.0}], ""abc"": [0.5, 0.81279581, 0.89398615], ""properties"": {""magmom"": 0.0}, ""label"": ""Pd"", ""xyz"": [2.0217688, 4.371480650671024, 9.404131250702656]}, {""species"": [{""element"": ""Pd"", ""occu"": 1.0}], ""abc"": [0.5, 0.68720419, 0.39398615000000003], ""properties"": {""magmom"": 0.0}, ""label"": ""Pd"", ""xyz"": [2.0217688, 3.6960080043289762, 4.144468530702656]}, {""species"": [{""element"": ""Pd"", ""occu"": 1.0}], ""abc"": [0.5, 0.31279581, 0.60601385], ""properties"": {""magmom"": 0.0}, ""label"": ""Pd"", ""xyz"": [2.0217688, 1.6823177656710238, 6.3748569092973435]}, {""species"": [{""element"": ""Pd"", ""occu"": 1.0}], ""abc"": [-0.0, -0.0, 0.5], ""properties"": {""magmom"": 0.0}, ""label"": ""Pd"", ""xyz"": [0.0, 0.0, 5.25966272]}, {""species"": [{""element"": ""Pd"", ""occu"": 1.0}], ""abc"": [-0.0, 0.5, 0.0], ""properties"": {""magmom"": 0.0}, ""label"": ""Pd"", ""xyz"": [0.0, 2.689162885, 0.0]}, {""species"": [{""element"": ""Pd"", ""occu"": 1.0}], ""abc"": [-0.0, 0.90541832, 0.23262623000000002], ""properties"": {""magmom"": -0.0}, ""label"": ""Pd"", ""xyz"": [0.0, 4.869634683086106, 2.4470710192502914]}, {""species"": [{""element"": ""Pd"", ""occu"": 1.0}], ""abc"": [-0.0, 0.09458168, 0.7673737700000001], ""properties"": {""magmom"": -0.0}, ""label"": ""Pd"", ""xyz"": [0.0, 0.5086910869138936, 8.07225442074971]}, {""species"": [{""element"": ""Pd"", ""occu"": 1.0}], ""abc"": [0.0, 0.40541832, 0.26737377], ""properties"": {""magmom"": -0.0}, ""label"": ""Pd"", ""xyz"": [0.0, 2.1804717980861064, 2.8125917007497088]}, {""species"": [{""element"": ""Pd"", ""occu"": 1.0}], ""abc"": [0.0, 0.59458168, 0.73262623], ""properties"": {""magmom"": -0.0}, ""label"": ""Pd"", ""xyz"": [0.0, 3.1978539719138936, 7.706733739250291]}]}",0.0,0.0,157.304,0.0
57,mp-571039,CaAlPd,"{""@module"": ""pymatgen.core.structure"", ""@class"": ""Structure"", ""charge"": 0, ""lattice"": {""matrix"": [[5.57797657, 0.0, 0.0], [0.0, 5.71036463, 7.168e-05], [0.0, 9.933000000000004e-05, 7.87087614]], ""pbc"": [true, true, true], ""a"": 5.57797657, ""b"": 5.710364630449885, ""c"": 7.870876140626769, ""alpha"": 89.99855771881455, ""beta"": 90.0, ""gamma"": 90.0, ""volume"": 250.7053515007577}, ""properties"": {}, ""sites"": [{""species"": [{""element"": ""Ca"", ""occu"": 1.0}], ""abc"": [0.25, 0.36331977, 0.59973483], ""properties"": {""magmom"": 0.0}, ""label"": ""Ca"", ""xyz"": [1.3944941425, 2.074747935648399, 4.720464606535071]}, {""species"": [{""element"": ""Ca"", ""occu"": 1.0}], ""abc"": [0.75, 0.63668023, 0.40026517], ""properties"": {""magmom"": 0.0}, ""label"": ""Ca"", ""xyz"": [4.1834824274999995, 3.6357160243516007, 3.1504832134649305]}, {""species"": [{""element"": ""Ca"", ""occu"": 1.0}], ""abc"": [0.75, 0.36332042000000003, 0.90027164], ""properties"": {""magmom"": 0.0}, ""label"": ""Ca"", ""xyz"": [4.1834824274999995, 2.074781499706746, 7.085952613602376]}, {""species"": [{""element"": ""Ca"", ""occu"": 1.0}], ""abc"": [0.25, 0.63667958, 0.09972836], ""properties"": {""magmom"": 0.0}, ""label"": ""Ca"", ""xyz"": [1.3944941425, 3.6356824602932543, 0.7849952063976249]}, {""species"": [{""element"": ""Al"", ""occu"": 1.0}], ""abc"": [0.9999949300000001, 0.10411576, 0.25000022], ""properties"": {""magmom"": -0.0}, ""label"": ""Al"", ""xyz"": [5.57794828965879, 0.5945637858514214, 1.9677282296104275]}, {""species"": [{""element"": ""Al"", ""occu"": 1.0}], ""abc"": [0.50000507, 0.10411576, 0.25000022], ""properties"": {""magmom"": -0.0}, ""label"": ""Al"", ""xyz"": [2.78901656534121, 0.5945637858514214, 1.9677282296104275]}, {""species"": [{""element"": ""Al"", ""occu"": 1.0}], ""abc"": [0.49999493, 0.89588424, 0.74999978], ""properties"": {""magmom"": -0.0}, ""label"": ""Al"", ""xyz"": [2.78896000465879, 5.115900174148578, 5.903219590389572]}, {""species"": [{""element"": ""Al"", ""occu"": 1.0}], ""abc"": [5.07e-06, 0.89588424, 0.74999978], ""properties"": {""magmom"": -0.0}, ""label"": ""Al"", ""xyz"": [2.8280341209899995e-05, 5.115900174148578, 5.903219590389572]}, {""species"": [{""element"": ""Pd"", ""occu"": 1.0}], ""abc"": [0.25, 0.12694758, 0.97610851], ""properties"": {""magmom"": 0.0}, ""label"": ""Pd"", ""xyz"": [1.3944941425, 0.7250139275543936, 7.682838281012486]}, {""species"": [{""element"": ""Pd"", ""occu"": 1.0}], ""abc"": [0.25, 0.87305032, 0.476128799999999], ""properties"": {""magmom"": 0.0}, ""label"": ""Pd"", ""xyz"": [1.3944941425, 4.985482961411886, 3.7476133917337617]}, {""species"": [{""element"": ""Pd"", ""occu"": 1.0}], ""abc"": [0.75, 0.12694968, 0.5238712], ""properties"": {""magmom"": 0.0}, ""label"": ""Pd"", ""xyz"": [4.1834824274999995, 0.7249809985881145, 4.12333442826623]}, {""species"": [{""element"": ""Pd"", ""occu"": 1.0}], ""abc"": [0.75, 0.87305242, 0.02389149], ""properties"": {""magmom"": 0.0}, ""label"": ""Pd"", ""xyz"": [4.1834824274999995, 4.985450032445606, 0.1881095389875142]}]}",0.0,0.0,62.104,2.792122289411458e-08
58,mp-7424,BPd2,"{""@module"": ""pymatgen.core.structure"", ""@class"": ""Structure"", ""charge"": 0, ""lattice"": {""matrix"": [[3.15134992, 0.0, 0.0], [0.0, 4.71785566, 0.0], [0.0, -0.0, 5.14027676]], ""pbc"": [true, true, true], ""a"": 3.15134992, ""b"": 4.71785566, ""c"": 5.14027676, ""alpha"": 90.0, ""beta"": 90.0, ""gamma"": 90.0, ""volume"": 76.42365101236882}, ""properties"": {}, ""sites"": [{""species"": [{""element"": ""B"", ""occu"": 1.0}], ""abc"": [0.5, 0.5, 0.5], ""properties"": {""magmom"": -0.0}, ""label"": ""B"", ""xyz"": [1.57567496, 2.35892783, 2.57013838]}, {""species"": [{""element"": ""B"", ""occu"": 1.0}], ""abc"": [-0.0, 0.0, -0.0], ""properties"": {""magmom"": -0.0}, ""label"": ""B"", ""xyz"": [0.0, 0.0, 0.0]}, {""species"": [{""element"": ""Pd"", ""occu"": 1.0}], ""abc"": [0.5, 0.75476279, 0.15577763], ""properties"": {""magmom"": -0.0}, ""label"": ""Pd"", ""xyz"": [1.57567496, 3.560861900758891, 0.8007401312168788]}, {""species"": [{""element"": ""Pd"", ""occu"": 1.0}], ""abc"": [0.5, 0.24523721, 0.84422237], ""properties"": {""magmom"": -0.0}, ""label"": ""Pd"", ""xyz"": [1.57567496, 1.1569937592411086, 4.339536628783121]}, {""species"": [{""element"": ""Pd"", ""occu"": 1.0}], ""abc"": [0.0, 0.74523721, 0.65577763], ""properties"": {""magmom"": -0.0}, ""label"": ""Pd"", ""xyz"": [0.0, 3.5159215892411084, 3.370878511216879]}, {""species"": [{""element"": ""Pd"", ""occu"": 1.0}], ""abc"": [-0.0, 0.25476279, 0.34422237], ""properties"": {""magmom"": -0.0}, ""label"": ""Pd"", ""xyz"": [0.0, 1.2019340707588915, 1.7693982487831212]}]}",0.0,0.0,173.199,0.0
59,mp-12802,AlCu3,"{""@module"": ""pymatgen.core.structure"", ""@class"": ""Structure"", ""charge"": 0, ""lattice"": {""matrix"": [[4.1725144, 0.0, 0.0], [0.0, 4.51171531, 0.0], [0.0, 0.0, 5.10701746]], ""pbc"": [true, true, true], ""a"": 4.1725144, ""b"": 4.51171531, ""c"": 5.10701746, ""alpha"": 90.0, ""beta"": 90.0, ""gamma"": 90.0, ""volume"": 96.14061027598393}, ""properties"": {}, ""sites"": [{""species"": [{""element"": ""Al"", ""occu"": 1.0}], ""abc"": [0.0, 0.005390000000000001, 0.0], ""properties"": {""magmom"": 0.0}, ""label"": ""Al"", ""xyz"": [0.0, 0.0243181455209, 0.0]}, {""species"": [{""element"": ""Al"", ""occu"": 1.0}], ""abc"": [0.5, 0.32761, 0.5], ""properties"": {""magmom"": 0.0}, ""label"": ""Al"", ""xyz"": [2.0862572, 1.4780830527091, 2.55350873]}, {""species"": [{""element"": ""Cu"", ""occu"": 1.0}], ""abc"": [-0.0, 0.00382505, 0.5], ""properties"": {""magmom"": -0.0}, ""label"": ""Cu"", ""xyz"": [0.0, 0.017257536646515498, 2.55350873]}, {""species"": [{""element"": ""Cu"", ""occu"": 1.0}], ""abc"": [0.5, 0.32917495, 0.0], ""properties"": {""magmom"": -0.0}, ""label"": ""Cu"", ""xyz"": [2.0862572, 1.4851436615834845, 0.0]}, {""species"": [{""element"": ""Cu"", ""occu"": 1.0}], ""abc"": [0.0, 0.50643532, 0.25094031], ""properties"": {""magmom"": 0.0}, ""label"": ""Cu"", ""xyz"": [0.0, 2.284891986768749, 1.2815565445878125]}, {""species"": [{""element"": ""Cu"", ""occu"": 1.0}], ""abc"": [0.0, 0.50643532, 0.7490596900000001], ""properties"": {""magmom"": 0.0}, ""label"": ""Cu"", ""xyz"": [0.0, 2.284891986768749, 3.8254609154121875]}, {""species"": [{""element"": ""Cu"", ""occu"": 1.0}], ""abc"": [0.5, 0.82656468, 0.24905969], ""properties"": {""magmom"": 0.0}, ""label"": ""Cu"", ""xyz"": [2.0862572, 3.7292245214612505, 1.2719521854121874]}, {""species"": [{""element"": ""Cu"", ""occu"": 1.0}], ""abc"": [0.5, 0.82656468, 0.75094031], ""properties"": {""magmom"": 0.0}, ""label"": ""Cu"", ""xyz"": [2.0862572, 3.7292245214612505, 3.8350652745878127]}]}",0.0,0.0,131.586,0.0
60,mp-9981,Mn2N,"{""@module"": ""pymatgen.core.structure"", ""@class"": ""Structure"", ""charge"": 0, ""lattice"": {""matrix"": [[4.39070804, 1.018e-05, 3.753e-05], [8.54e-06, 4.87246924, 2.271e-05], [4.9900000000000014e-05, 2.6230000000000005e-05, 5.62292109]], ""pbc"": [true, true, true], ""a"": 4.390708040172197, ""b"": 4.872469240060409, ""c"": 5.6229210902825955, ""alpha"": 89.99946567492378, ""beta"": 89.9990017930379, ""gamma"": 89.99976673299608, ""volume"": 120.29446764016485}, ""properties"": {}, ""sites"": [{""species"": [{""element"": ""Mn"", ""occu"": 1.0}], ""abc"": [0.24543781, 0.08236807, 0.12347293000000001], ""properties"": {""magmom"": 2.68}, ""label"": ""Mn"", ""xyz"": [1.0776526304095173, 0.40134162468502654, 0.6942896240009727]}, {""species"": [{""element"": ""Mn"", ""occu"": 1.0}], ""abc"": [0.74545478, 0.91763154, 0.37657058], ""properties"": {""magmom"": 2.68}, ""label"": ""Mn"", ""xyz"": [3.2731009234477244, 4.471148918479804, 2.117475472485699]}, {""species"": [{""element"": ""Mn"", ""occu"": 1.0}], ""abc"": [0.25456299, 0.58218253, 0.37656341], ""properties"": {""magmom"": 2.6790000000000003}, ""label"": ""Mn"", ""xyz"": [1.1177355292324047, 2.836678938199859, 2.117409114925588]}, {""species"": [{""element"": ""Mn"", ""occu"": 1.0}], ""abc"": [0.7545511300000001, 0.41783106000000003, 0.12347555], ""properties"": {""magmom"": 2.6790000000000003}, ""label"": ""Mn"", ""xyz"": [3.3130234427892824, 2.035879907460774, 0.694331081441631]}, {""species"": [{""element"": ""Mn"", ""occu"": 1.0}], ""abc"": [0.24544887, 0.58216894, 0.87652445], ""properties"": {""magmom"": 2.6790000000000003}, ""label"": ""Mn"", ""xyz"": [1.0777430372107173, 2.836625742539226, 4.92865024855837]}, {""species"": [{""element"": ""Mn"", ""occu"": 1.0}], ""abc"": [0.7454370100000001, 0.41781747, 0.6234365900000001], ""properties"": {""magmom"": 2.6790000000000003}, ""label"": ""Mn"", ""xyz"": [3.273030950767595, 2.0358267118001407, 3.5055722150744124]}, {""species"": [{""element"": ""Mn"", ""occu"": 1.0}], ""abc"": [0.25454522, 0.08236846, 0.62342942], ""properties"": {""magmom"": 2.68}, ""label"": ""Mn"", ""xyz"": [1.1176655565522753, 0.4013567315201966, 3.505505857514301]}, {""species"": [{""element"": ""Mn"", ""occu"": 1.0}], ""abc"": [0.75456219, 0.91763193, 0.87652707], ""properties"": {""magmom"": 2.68}, ""label"": ""Mn"", ""xyz"": [3.313113849590483, 4.471164025314974, 4.928691705999028]}, {""species"": [{""element"": ""N"", ""occu"": 1.0}], ""abc"": [0.49996913, 0.74998772, 0.12783373], ""properties"": {""magmom"": -0.188}, ""label"": ""N"", ""xyz"": [2.195231262641061, 3.654300538842214, 0.7188347724929358]}, {""species"": [{""element"": ""N"", ""occu"": 1.0}], ""abc"": [-2.2210000000000002e-05, 0.25001559, 0.37217333], ""properties"": {""magmom"": -0.188}, ""label"": ""N"", ""xyz"": [-7.681104326279999e-05, 1.2182030336757996, 2.092706943413037]}, {""species"": [{""element"": ""N"", ""occu"": 1.0}], ""abc"": [0.50003087, 0.25001228000000003, 0.87216627], ""properties"": {""magmom"": -0.188}, ""label"": ""N"", ""xyz"": [2.195535217358939, 1.2182051111577858, 4.904146557507064]}, {""species"": [{""element"": ""N"", ""occu"": 1.0}], ""abc"": [2.2210000000000002e-05, 0.74998441, 0.62782667], ""properties"": {""magmom"": -0.188}, ""label"": ""N"", ""xyz"": [0.00013525104326280002, 3.6542924363242006, 3.5302368565869626]}]}",0.0,0.0,198.001,0.168918294403885
61,mp-2284,AgF2,"{""@module"": ""pymatgen.core.structure"", ""@class"": ""Structure"", ""charge"": 0, ""lattice"": {""matrix"": [[5.15029714, 1.79e-06, -6.347000000000001e-05], [1.04e-06, 5.61804978, 1.14e-06], [-0.00010968000000000001, 1.399999999999999e-07, 5.73745983]], ""pbc"": [true, true, true], ""a"": 5.150297140391399, ""b"": 5.618049780000211, ""c"": 5.737459831048349, ""alpha"": 89.99998697581596, ""beta"": 90.00180138128513, ""gamma"": 89.99996948037852, ""volume"": 166.01125269282707}, ""properties"": {}, ""sites"": [{""species"": [{""element"": ""Ag"", ""occu"": 1.0}], ""abc"": [0.5, 0.0, 0.5], ""properties"": {""magmom"": -0.49}, ""label"": ""Ag"", ""xyz"": [2.5750937300000003, 9.649999999999999e-07, 2.86869818]}, {""species"": [{""element"": ""Ag"", ""occu"": 1.0}], ""abc"": [0.0, 0.5, 0.5], ""properties"": {""magmom"": 0.49}, ""label"": ""Ag"", ""xyz"": [-5.432e-05, 2.80902496, 2.868730485]}, {""species"": [{""element"": ""Ag"", ""occu"": 1.0}], ""abc"": [0.5, 0.5, 0.0], ""properties"": {""magmom"": -0.49}, ""label"": ""Ag"", ""xyz"": [2.57514909, 2.8090257849999998, -3.1165000000000004e-05]}, {""species"": [{""element"": ""Ag"", ""occu"": 1.0}], ""abc"": [0.0, 0.0, 0.0], ""properties"": {""magmom"": 0.49}, ""label"": ""Ag"", ""xyz"": [0.0, 0.0, 0.0]}, {""species"": [{""element"": ""F"", ""occu"": 1.0}], ""abc"": [0.68411866, 0.30511619, 0.62873397], ""properties"": {""magmom"": 0.001}, ""label"": ""F"", ""xyz"": [3.5233457357976405, 1.7141592566990955, 3.607292823452531]}, {""species"": [{""element"": ""F"", ""occu"": 1.0}], ""abc"": [0.18414518, 0.19484882, 0.37126516], ""properties"": {""magmom"": -0.001}, ""label"": ""F"", ""xyz"": [0.9483618761788092, 1.0946707519312542, 2.130107476211603]}, {""species"": [{""element"": ""F"", ""occu"": 1.0}], ""abc"": [0.31587022, 0.80513515, 0.8712654400000001], ""properties"": {""magmom"": 0.001}, ""label"": ""F"", ""xyz"": [1.6267307676242675, 4.523290039712623, 4.998831332838483]}, {""species"": [{""element"": ""F"", ""occu"": 1.0}], ""abc"": [0.81586525, 0.69486773, 0.12873196], ""properties"": {""magmom"": -0.001}, ""label"": ""F"", ""xyz"": [4.201935067041452, 3.903802976076871, 0.7385434585189615]}, {""species"": [{""element"": ""F"", ""occu"": 1.0}], ""abc"": [0.18413475, 0.30513227, 0.87126804], ""properties"": {""magmom"": -0.001}, ""label"": ""F"", ""xyz"": [0.9482534329585487, 1.7142487339231287, 4.998854041481039]}, {""species"": [{""element"": ""F"", ""occu"": 1.0}], ""abc"": [0.68412978, 0.19486485, 0.12873456], ""properties"": {""magmom"": 0.001}, ""label"": ""F"", ""xyz"": [3.5234577323757326, 1.0947616702873775, 0.7385661671615171]}, {""species"": [{""element"": ""F"", ""occu"": 1.0}], ""abc"": [0.81585482, 0.80515118, 0.62873484], ""properties"": {""magmom"": -0.001}, ""label"": ""F"", ""xyz"": [4.201826623821191, 4.523380958068746, 3.607290023788397]}, {""species"": [{""element"": ""F"", ""occu"": 1.0}], ""abc"": [0.31588134, 0.69488381, 0.37126603], ""properties"": {""magmom"": 0.001}, ""label"": ""F"", ""xyz"": [1.6268427642023595, 3.9038924533009043, 2.1301046765474685]}]}",0.0,0.0,30.338,0.0
62,mp-622209,Al3Ni,"{""@module"": ""pymatgen.core.structure"", ""@class"": ""Structure"", ""charge"": 0, ""lattice"": {""matrix"": [[4.77057136, 1.0900000000000002e-05, 0.0], [1.5830000000000003e-05, 6.55890518, 0.0], [0.0, 0.0, 7.30433827]], ""pbc"": [true, true, true], ""a"": 4.770571360012452, ""b"": 6.558905180019103, ""c"": 7.30433827, ""alpha"": 90.0, ""beta"": 90.0, ""gamma"": 89.99973080413504, ""volume"": 228.55073726894787}, ""properties"": {}, ""sites"": [{""species"": [{""element"": ""Al"", ""occu"": 1.0}], ""abc"": [0.91571276, 0.01038501, 0.25], ""properties"": {""magmom"": 0.0}, ""label"": ""Al"", ""xyz"": [4.368473231237262, 0.0681242771524358, 1.8260845675]}, {""species"": [{""element"": ""Al"", ""occu"": 1.0}], ""abc"": [0.36380402, 0.17132164, 0.44389873], ""properties"": {""magmom"": -0.0}, ""label"": ""Al"", ""xyz"": [1.7355557504864283, 1.123686357505913, 3.242386481543397]}, {""species"": [{""element"": ""Al"", ""occu"": 1.0}], ""abc"": [0.36380402, 0.17132164, 0.05610127], ""properties"": {""magmom"": -0.0}, ""label"": ""Al"", ""xyz"": [1.7355557504864283, 1.123686357505913, 0.4097826534566029]}, {""species"": [{""element"": ""Al"", ""occu"": 1.0}], ""abc"": [0.86379595, 0.32867677, 0.55610415], ""properties"": {""magmom"": 0.0}, ""label"": ""Al"", ""xyz"": [4.120805422907261, 2.1557691846745235, 4.0619728249508205]}, {""species"": [{""element"": ""Al"", ""occu"": 1.0}], ""abc"": [0.13620405, 0.67132323, 0.44389585000000004], ""properties"": {""magmom"": 0.0}, ""label"": ""Al"", ""xyz"": [0.6497817670927389, 4.403146895325477, 3.2423654450491797]}, {""species"": [{""element"": ""Al"", ""occu"": 1.0}], ""abc"": [0.63619598, 0.8286783600000001, 0.94389873], ""properties"": {""magmom"": -0.0}, ""label"": ""Al"", ""xyz"": [3.0350314395135713, 5.435229722494087, 6.894555616543397]}, {""species"": [{""element"": ""Al"", ""occu"": 1.0}], ""abc"": [0.13620405, 0.67132323, 0.05610415], ""properties"": {""magmom"": 0.0}, ""label"": ""Al"", ""xyz"": [0.6497817670927389, 4.403146895325477, 0.40980368995082045]}, {""species"": [{""element"": ""Al"", ""occu"": 1.0}], ""abc"": [0.63619598, 0.8286783600000001, 0.55610127], ""properties"": {""magmom"": -0.0}, ""label"": ""Al"", ""xyz"": [3.0350314395135713, 5.435229722494087, 4.061951788456603]}, {""species"": [{""element"": ""Al"", ""occu"": 1.0}], ""abc"": [0.86379595, 0.32867677, 0.94389585], ""properties"": {""magmom"": 0.0}, ""label"": ""Al"", ""xyz"": [4.120805422907261, 2.1557691846745235, 6.894534580049179]}, {""species"": [{""element"": ""Al"", ""occu"": 1.0}], ""abc"": [0.58428442, 0.51038625, 0.25], ""properties"": {""magmom"": 0.0}, ""label"": ""Al"", ""xyz"": [2.7873785995605487, 3.347581387625953, 1.8260845675]}, {""species"": [{""element"": ""Al"", ""occu"": 1.0}], ""abc"": [0.08428724, 0.98961499, 0.75], ""properties"": {""magmom"": 0.0}, ""label"": ""Al"", ""xyz"": [0.4021139587627381, 6.490791802847564, 5.4782537025]}, {""species"": [{""element"": ""Al"", ""occu"": 1.0}], ""abc"": [0.41571558000000003, 0.48961375, 0.75], ""properties"": {""magmom"": 0.0}, ""label"": ""Al"", ""xyz"": [1.9832085904394514, 3.2113346923740473, 5.4782537025]}, {""species"": [{""element"": ""Ni"", ""occu"": 1.0}], ""abc"": [0.44428432, 0.87107972, 0.25], ""properties"": {""magmom"": 0.0}, ""label"": ""Ni"", ""xyz"": [2.119503841881043, 5.713334130400038, 1.8260845675]}, {""species"": [{""element"": ""Ni"", ""occu"": 1.0}], ""abc"": [0.05571624, 0.37107796, 0.25], ""properties"": {""magmom"": 0.0}, ""label"": ""Ni"", ""xyz"": [0.2658041729949932, 2.4338657613348484, 1.8260845675]}, {""species"": [{""element"": ""Ni"", ""occu"": 1.0}], ""abc"": [0.55571568, 0.12892028, 0.75], ""properties"": {""magmom"": 0.0}, ""label"": ""Ni"", ""xyz"": [2.6510833481189575, 0.8455819495999624, 5.4782537025]}, {""species"": [{""element"": ""Ni"", ""occu"": 1.0}], ""abc"": [0.94428376, 0.62892204, 0.75], ""properties"": {""magmom"": 0.0}, ""label"": ""Ni"", ""xyz"": [4.504783017005007, 4.125050318665151, 5.4782537025]}]}",0.0,0.0,112.917,0.0
63,mp-16529,Al6Ru,"{""@module"": ""pymatgen.core.structure"", ""@class"": ""Structure"", ""charge"": 0, ""lattice"": {""matrix"": [[4.95374724, -0.0039711, 0.0], [-0.65874667, 4.90975452, -0.0], [0.0, 0.0, 8.91300468]], ""pbc"": [true, true, true], ""a"": 4.953748831687253, ""b"": 4.95374975366101, ""c"": 8.91300468, ""alpha"": 90.0, ""beta"": 90.0, ""gamma"": 97.68772489447198, ""volume"": 216.75595757090443}, ""properties"": {}, ""sites"": [{""species"": [{""element"": ""Al"", ""occu"": 1.0}], ""abc"": [0.31901488, 0.68098512, 0.0], ""properties"": {""magmom"": 0.0}, ""label"": ""Al"", ""xyz"": [1.1317224011993807, 3.3422029309827743, 0.0]}, {""species"": [{""element"": ""Al"", ""occu"": 1.0}], ""abc"": [0.68098512, 0.31901488, 0.5], ""properties"": {""magmom"": 0.0}, ""label"": ""Al"", ""xyz"": [3.1632781688006193, 1.5635804890172256, 4.45650234]}, {""species"": [{""element"": ""Al"", ""occu"": 1.0}], ""abc"": [0.68098512, 0.31901488, 0.0], ""properties"": {""magmom"": 0.0}, ""label"": ""Al"", ""xyz"": [3.1632781688006193, 1.5635804890172256, 0.0]}, {""species"": [{""element"": ""Al"", ""occu"": 1.0}], ""abc"": [0.31901488, 0.68098512, 0.5], ""properties"": {""magmom"": 0.0}, ""label"": ""Al"", ""xyz"": [1.1317224011993807, 3.3422029309827743, 4.45650234]}, {""species"": [{""element"": ""Al"", ""occu"": 1.0}], ""abc"": [0.1428006, 0.1428006, 0.09841014000000001], ""properties"": {""magmom"": 0.0}, ""label"": ""Al"", ""xyz"": [0.6133286583963421, 0.700548815846052, 0.8771300383794552]}, {""species"": [{""element"": ""Al"", ""occu"": 1.0}], ""abc"": [0.8571994, 0.8571994, 0.59841014], ""properties"": {""magmom"": 0.0}, ""label"": ""Al"", ""xyz"": [3.681671911603658, 4.205234604153948, 5.3336323783794555]}, {""species"": [{""element"": ""Al"", ""occu"": 1.0}], ""abc"": [0.1428006, 0.1428006, 0.40158986], ""properties"": {""magmom"": 0.0}, ""label"": ""Al"", ""xyz"": [0.6133286583963421, 0.700548815846052, 3.579372301620545]}, {""species"": [{""element"": ""Al"", ""occu"": 1.0}], ""abc"": [0.8571994, 0.8571994, 0.90158986], ""properties"": {""magmom"": 0.0}, ""label"": ""Al"", ""xyz"": [3.681671911603658, 4.205234604153948, 8.035874641620545]}, {""species"": [{""element"": ""Al"", ""occu"": 1.0}], ""abc"": [0.617227, 0.97895442, 0.25], ""properties"": {""magmom"": -0.0}, ""label"": ""Al"", ""xyz"": [2.4127035834466986, 4.803974818329278, 2.22825117]}, {""species"": [{""element"": ""Al"", ""occu"": 1.0}], ""abc"": [0.382773, 0.02104558, 0.75], ""properties"": {""magmom"": -0.0}, ""label"": ""Al"", ""xyz"": [1.8822969865533015, 0.1018086016707216, 6.68475351]}, {""species"": [{""element"": ""Al"", ""occu"": 1.0}], ""abc"": [0.97895442, 0.617227, 0.25], ""properties"": {""magmom"": -0.0}, ""label"": ""Al"", ""xyz"": [4.442896525276711, 3.026545527218778, 2.22825117]}, {""species"": [{""element"": ""Al"", ""occu"": 1.0}], ""abc"": [0.02104558, 0.382773, 0.75], ""properties"": {""magmom"": -0.0}, ""label"": ""Al"", ""xyz"": [-0.14789595527671073, 1.8792378927812217, 6.68475351]}, {""species"": [{""element"": ""Ru"", ""occu"": 1.0}], ""abc"": [0.46497342, 0.46497342, 0.25], ""properties"": {""magmom"": -0.0}, ""label"": ""Ru"", ""xyz"": [1.9970611039348496, 2.2810588945766965, 2.22825117]}, {""species"": [{""element"": ""Ru"", ""occu"": 1.0}], ""abc"": [0.53502658, 0.53502658, 0.75], ""properties"": {""magmom"": -0.0}, ""label"": ""Ru"", ""xyz"": [2.297939466065151, 2.624724525423304, 6.68475351]}]}",0.0,0.0,111.884,9.226966688312441e-10
64,mp-142,Ga,"{""@module"": ""pymatgen.core.structure"", ""@class"": ""Structure"", ""charge"": 0, ""lattice"": {""matrix"": [[4.3980306, -0.02067379, -0.0], [-2.14692093, 3.83846672, 0.0], [0.0, -0.0, 4.55550353]], ""pbc"": [true, true, true], ""a"": 4.39807919029766, ""b"": 4.398078698729665, ""c"": 4.55550353, ""alpha"": 90.0, ""beta"": 90.0, ""gamma"": 119.48836895579784, ""volume"": 76.70242103705301}, ""properties"": {}, ""sites"": [{""species"": [{""element"": ""Ga"", ""occu"": 1.0}], ""abc"": [0.15569572, 0.84430428, 0.91540139], ""properties"": {""magmom"": 0.0}, ""label"": ""Ga"", ""xyz"": [-1.1278999891715482, 3.2376150597143827, 4.170114263511906]}, {""species"": [{""element"": ""Ga"", ""occu"": 1.0}], ""abc"": [0.34430428, 0.65569572, 0.41540139], ""properties"": {""magmom"": 0.0}, ""label"": ""Ga"", ""xyz"": [0.10653389417154879, 2.509748125285617, 1.8923624985119067]}, {""species"": [{""element"": ""Ga"", ""occu"": 1.0}], ""abc"": [0.84430428, 0.15569572, 0.08459861], ""properties"": {""magmom"": 0.0}, ""label"": ""Ga"", ""xyz"": [3.3790096591715484, 0.5801778702856172, 0.38538926648809335]}, {""species"": [{""element"": ""Ga"", ""occu"": 1.0}], ""abc"": [0.65569572, 0.34430428, 0.58459861], ""properties"": {""magmom"": 0.0}, ""label"": ""Ga"", ""xyz"": [2.144575775828452, 1.308044804714383, 2.6631410314880934]}]}",0.0,0.0,50.024,1.3037398122243431e-09
65,mp-7692,Al(CrB)2,"{""@module"": ""pymatgen.core.structure"", ""@class"": ""Structure"", ""charge"": 0, ""lattice"": {""matrix"": [[2.81110037, 0.0, -0.7458172200000001], [0.0, 2.90931293, 0.0], [0.00299679, 0.0, 5.68193634]], ""pbc"": [true, true, true], ""a"": 2.908354967307578, ""b"": 2.90931293, ""c"": 5.681937130289537, ""alpha"": 90.0, ""beta"": 104.82868244501931, ""gamma"": 90.0, ""volume"": 46.475483902711154}, ""properties"": {}, ""sites"": [{""species"": [{""element"": ""Al"", ""occu"": 1.0}], ""abc"": [-5.19e-06, -0.0, -1.039e-05], ""properties"": {""magmom"": -0.0}, ""label"": ""Al"", ""xyz"": [-1.4620747568400001e-05, 0.0, -5.51645272008e-05]}, {""species"": [{""element"": ""Cr"", ""occu"": 1.0}], ""abc"": [0.35185486, 0.5, 0.70370971], ""properties"": {""magmom"": 0.001}, ""label"": ""Cr"", ""xyz"": [0.9912081973541291, 1.454656465, 3.736014360531173]}, {""species"": [{""element"": ""Cr"", ""occu"": 1.0}], ""abc"": [0.64814189, 0.5, 0.29628477000000003], ""properties"": {""magmom"": 0.001}, ""label"": ""Cr"", ""xyz"": [1.8228798100273877, 1.454656465, 1.2000758190861962]}, {""species"": [{""element"": ""B"", ""occu"": 1.0}], ""abc"": [0.20504694, -0.0, 0.41009587000000003], ""properties"": {""magmom"": -0.0}, ""label"": ""B"", ""xyz"": [0.5776365001036251, 0.0, 2.1772110878766093]}, {""species"": [{""element"": ""B"", ""occu"": 1.0}], ""abc"": [0.79496151, -0.0, 0.58992103], ""properties"": {""magmom"": -0.0}, ""label"": ""B"", ""xyz"": [2.236484464340253, 0.0, 2.758997754692028]}]}",0.0,0.0,227.31,2.2932520772265196e-05
69,mp-29752,NiGePt2,"{""@module"": ""pymatgen.core.structure"", ""@class"": ""Structure"", ""charge"": 0, ""lattice"": {""matrix"": [[4.6925497, -0.013620750000000001, -2.51973576], [-1.62672542, 4.40158761, -2.51973576], [0.00504563, 0.00722144, 5.3720040000000004]], ""pbc"": [true, true, true], ""a"": 5.3262816778709166, ""b"": 5.3262817594267835, ""c"": 5.372011223330958, ""alpha"": 118.18053098970918, ""beta"": 118.18053018333032, ""gamma"": 92.71617228700183, ""volume"": 111.00905348830602}, ""properties"": {}, ""sites"": [{""species"": [{""element"": ""Ni"", ""occu"": 1.0}], ""abc"": [0.200678499999999, 0.7993215, -0.0], ""properties"": {""magmom"": -0.0}, ""label"": ""Ni"", ""xyz"": [-0.3585827678310848, 3.5155502191277397, -2.5197357599999974]}, {""species"": [{""element"": ""Ni"", ""occu"": 1.0}], ""abc"": [0.7993215, 0.200678499999999, 0.0], ""properties"": {""magmom"": -0.0}, ""label"": ""Ni"", ""xyz"": [3.4244070478310813, 0.8724166408722557, -2.5197357599999974]}, {""species"": [{""element"": ""Ge"", ""occu"": 1.0}], ""abc"": [0.76789447, 0.76789447, 0.53579194], ""properties"": {""magmom"": 0.0}, ""label"": ""Ge"", ""xyz"": [2.356932918489953, 3.3733646756844573, -0.9915058670827346]}, {""species"": [{""element"": ""Ge"", ""occu"": 1.0}], ""abc"": [0.23210553, 0.23210553, 0.46420806000000003], ""properties"": {""magmom"": 0.0}, ""label"": ""Ge"", ""xyz"": [0.7139369915100463, 1.021823624315542, 1.3240383470827348]}, {""species"": [{""element"": ""Pt"", ""occu"": 1.0}], ""abc"": [0.69724632, 0.69724632, 0.0], ""properties"": {""magmom"": 0.0}, ""label"": ""Pt"", ""xyz"": [2.137634696996649, 3.059493745416955, -3.5137529720648066]}, {""species"": [{""element"": ""Pt"", ""occu"": 1.0}], ""abc"": [0.75, 0.25, 0.5], ""properties"": {""magmom"": -0.0}, ""label"": ""Pt"", ""xyz"": [3.1152537349999996, 1.09379206, 0.16626624000000012]}, {""species"": [{""element"": ""Pt"", ""occu"": 1.0}], ""abc"": [0.30275368, 0.30275368, -0.0], ""properties"": {""magmom"": 0.0}, ""label"": ""Pt"", ""xyz"": [0.9281895830033504, 1.328473114583045, -1.5257185479351938]}, {""species"": [{""element"": ""Pt"", ""occu"": 1.0}], ""abc"": [0.25, 0.75, 0.5], ""properties"": {""magmom"": -0.0}, ""label"": ""Pt"", ""xyz"": [-0.044383825000000224, 3.3013962400000003, 0.16626624000000012]}]}",0.0,0.0,195.587,0.0
70,mp-8431,Ca(BRh)2,"{""@module"": ""pymatgen.core.structure"", ""@class"": ""Structure"", ""charge"": 0, ""lattice"": {""matrix"": [[5.29757014, 0.03077741, -1.424648589999999], [-2.78973946, 4.50361605, -1.424648589999999], [-0.024708499999999002, -0.04467439, 6.04348575]], ""pbc"": [true, true, true], ""a"": 5.485874610504228, ""b"": 5.4858752615683555, ""c"": 6.043701375940674, ""alpha"": 105.2881768127427, ""beta"": 105.28818575054615, ""gamma"": 114.7733062717085, ""volume"": 144.0335562048222}, ""properties"": {}, ""sites"": [{""species"": [{""element"": ""Ca"", ""occu"": 1.0}], ""abc"": [0.875, 0.125, 0.25], ""properties"": {""magmom"": 0.0}, ""label"": ""Ca"", ""xyz"": [4.280479315000001, 0.5787136425, 0.08622284750000109]}, {""species"": [{""element"": ""Ca"", ""occu"": 1.0}], ""abc"": [0.125, 0.875, 0.75], ""properties"": {""magmom"": 0.0}, ""label"": ""Ca"", ""xyz"": [-1.797357134999999, 3.9110054274999997, 3.107965722500001]}, {""species"": [{""element"": ""B"", ""occu"": 1.0}], ""abc"": [0.55068314, 0.44931686, 0.25], ""properties"": {""magmom"": 0.0}, ""label"": ""B"", ""xyz"": [1.657628459680144, 2.02933062551147, 0.08622284750000109]}, {""species"": [{""element"": ""B"", ""occu"": 1.0}], ""abc"": [0.8006831400000001, 0.19931686, 0.75], ""properties"": {""magmom"": 0.0}, ""label"": ""B"", ""xyz"": [3.6671016096801456, 0.8887837705114705, 3.1079657225000004]}, {""species"": [{""element"": ""B"", ""occu"": 1.0}], ""abc"": [0.19931686, 0.8006831400000001, 0.25], ""properties"": {""magmom"": 0.0}, ""label"": ""B"", ""xyz"": [-1.1839794296801438, 3.6009352994885298, 0.08622284750000087]}, {""species"": [{""element"": ""B"", ""occu"": 1.0}], ""abc"": [0.44931686, 0.55068314, 0.75], ""properties"": {""magmom"": 0.0}, ""label"": ""B"", ""xyz"": [0.825493720319857, 2.460388444488529, 3.107965722500001]}, {""species"": [{""element"": ""Rh"", ""occu"": 1.0}], ""abc"": [0.50533615, 0.75533615, 0.5106732900000001], ""properties"": {""magmom"": -0.0}, ""label"": ""Rh"", ""xyz"": [0.5572446646971178, 3.3944829284415357, 1.2902317363735625]}, {""species"": [{""element"": ""Rh"", ""occu"": 1.0}], ""abc"": [0.75533615, 0.50533615, 0.01067329], ""properties"": {""magmom"": -0.0}, ""label"": ""Rh"", ""xyz"": [2.591426314697117, 2.2986104634415354, -1.7315111386264381]}, {""species"": [{""element"": ""Rh"", ""occu"": 1.0}], ""abc"": [0.49466385, 0.24466385000000002, 0.48932671], ""properties"": {""magmom"": -0.0}, ""label"": ""Rh"", ""xyz"": [1.9258775153028838, 1.0952361415584642, 1.9039568336264403]}, {""species"": [{""element"": ""Rh"", ""occu"": 1.0}], ""abc"": [0.24466385000000002, 0.49466385, 0.98932671], ""properties"": {""magmom"": -0.0}, ""label"": ""Rh"", ""xyz"": [-0.10830413469711579, 2.191108606558464, 4.925699708626441]}]}",0.0,0.0,151.502,0.0
71,mp-571420,Ba(NiP2)2,"{""@module"": ""pymatgen.core.structure"", ""@class"": ""Structure"", ""charge"": 0, ""lattice"": {""matrix"": [[5.18788715, 0.02241035, -1.65586534], [-2.91180494, 4.3718714, -1.43690056], [-0.03834799, -0.02241035, 5.44560336]], ""pbc"": [true, true, true], ""a"": 5.445784179448866, ""b"": 5.4457828423537675, ""c"": 5.445784493217433, ""alpha"": 105.27103298053598, ""beta"": 108.10617250281314, ""gamma"": 115.2035832268861, ""volume"": 123.31437222426335}, ""properties"": {}, ""sites"": [{""species"": [{""element"": ""Ba"", ""occu"": 1.0}], ""abc"": [-0.0, -0.0, -0.0], ""properties"": {""magmom"": -0.0}, ""label"": ""Ba"", ""xyz"": [0.0, 0.0, 0.0]}, {""species"": [{""element"": ""Ni"", ""occu"": 1.0}], ""abc"": [0.26981716, 0.76981716, 0.5], ""properties"": {""magmom"": 0.0}, ""label"": ""Ni"", ""xyz"": [-0.8609504271712765, 3.3603831470248298, 1.169870088317156]}, {""species"": [{""element"": ""Ni"", ""occu"": 1.0}], ""abc"": [0.73018284, 0.23018284, 0.5], ""properties"": {""magmom"": 0.0}, ""label"": ""Ni"", ""xyz"": [3.098684647171276, 1.0114882529751699, 1.1829673716828437]}, {""species"": [{""element"": ""P"", ""occu"": 1.0}], ""abc"": [0.24920978, 0.5, 0.74920978], ""properties"": {""magmom"": -0.0}, ""label"": ""P"", ""xyz"": [-0.19176094383501524, 2.1747305249999997, 2.9487911782218355]}, {""species"": [{""element"": ""P"", ""occu"": 1.0}], ""abc"": [0.7507902200000001, 0.5, 0.25079022], ""properties"": {""magmom"": -0.0}, ""label"": ""P"", ""xyz"": [2.4294951638350155, 2.197140875, -0.5959537182218355]}, {""species"": [{""element"": ""P"", ""occu"": 1.0}], ""abc"": [0.5, 0.73866117, 0.23866117], ""properties"": {""magmom"": -0.0}, ""label"": ""P"", ""xyz"": [0.43395415504727175, 3.2351883380624282, -0.589661249569724]}, {""species"": [{""element"": ""P"", ""occu"": 1.0}], ""abc"": [0.5, 0.26133883, 0.76133883], ""properties"": {""magmom"": -0.0}, ""label"": ""P"", ""xyz"": [1.803780064952728, 1.1366830619375716, 2.9424987095697235]}]}",0.0,0.0,93.31,0.0
72,mp-15659,Sb2Pt3,"{""@module"": ""pymatgen.core.structure"", ""@class"": ""Structure"", ""charge"": 0, ""lattice"": {""matrix"": [[4.93340733, -0.0005527700000000001, -2.06807233], [-1.2828862, 5.63523191, -3.06291065], [0.008220410000000001, -0.01921881, 6.94582452]], ""pbc"": [true, true, true], ""a"": 5.349339337840144, ""b"": 6.540875884124091, ""c"": 6.945855973199532, ""alpha"": 118.09182981245849, ""beta"": 112.67539311370678, ""gamma"": 89.99638829479522, ""volume"": 192.849626706266}, ""properties"": {}, ""sites"": [{""species"": [{""element"": ""Sb"", ""occu"": 1.0}], ""abc"": [0.34564768, 0.60639961, 0.69110656], ""properties"": {""magmom"": 0.0}, ""label"": ""Sb"", ""xyz"": [0.932960286032002, 3.4037291231490876, 2.2281326638193106]}, {""species"": [{""element"": ""Sb"", ""occu"": 1.0}], ""abc"": [0.6543520700000001, 0.39359979, 0.30889283], ""properties"": {""magmom"": -0.0}, ""label"": ""Sb"", ""xyz"": [2.7257807853334355, 2.2117278375734326, -0.4132930060077955]}, {""species"": [{""element"": ""Sb"", ""occu"": 1.0}], ""abc"": [0.15449178, 0.91526202, 0.30898769], ""properties"": {""magmom"": 0.0}, ""label"": ""Sb"", ""xyz"": [-0.40946612946862376, 5.151689966987379, -0.9766916904488019]}, {""species"": [{""element"": ""Sb"", ""occu"": 1.0}], ""abc"": [0.8455078500000001, 0.08473783, 0.6910117100000001], ""properties"": {""magmom"": 0.0}, ""label"": ""Sb"", ""xyz"": [4.068206031608596, 0.4637695294636457, 2.7915302875774493]}, {""species"": [{""element"": ""Pt"", ""occu"": 1.0}], ""abc"": [0.88938623, 0.51728028, 0.77873095], ""properties"": {""magmom"": -0.0}, ""label"": ""Pt"", ""xyz"": [3.7304943012276195, 2.8995364320742083, 1.9852301953998959]}, {""species"": [{""element"": ""Pt"", ""occu"": 1.0}], ""abc"": [0.11061327, 0.48271924, 0.22126815], ""properties"": {""magmom"": 0.0}, ""label"": ""Pt"", ""xyz"": [-0.07175461954427753, 2.7159212105877892, -0.17039240240868714]}, {""species"": [{""element"": ""Pt"", ""occu"": 1.0}], ""abc"": [0.38941585, 0.26151509, 0.7788613400000001], ""properties"": {""magmom"": 0.0}, ""label"": ""Pt"", ""xyz"": [1.5920554683033716, 1.4585141346053119, 3.8034966945069186]}, {""species"": [{""element"": ""Pt"", ""occu"": 1.0}], ""abc"": [0.61058583, 0.73848674, 0.22114184], ""properties"": {""magmom"": 0.0}, ""label"": ""Pt"", ""xyz"": [2.0666920382800997, 4.156956445824613, -1.988642146272948]}, {""species"": [{""element"": ""Pt"", ""occu"": 1.0}], ""abc"": [0.7500382, 5.7960000000000014e-05, -2.061e-05], ""properties"": {""magmom"": -0.0}, ""label"": ""Pt"", ""xyz"": [3.7001694281532034, -8.758447463629994e-05, -1.5514539276076371]}, {""species"": [{""element"": ""Pt"", ""occu"": 1.0}], ""abc"": [0.24996126000000002, -5.856e-05, 1.955e-05], ""properties"": {""magmom"": 0.0}, ""label"": ""Pt"", ""xyz"": [1.2332359988249233, -0.00046854599407530006, -0.5166228104609059]}]}",0.0,0.0,135.898,0.0
74,mp-11266,BaCd2,"{""@module"": ""pymatgen.core.structure"", ""@class"": ""Structure"", ""charge"": 0, ""lattice"": {""matrix"": [[4.86577017, -1e-08, 2.08739998], [2.35618202, 6.02110443, 1.22249502], [0.05782879, 0.00017086, 6.58000411]], ""pbc"": [true, true, true], ""a"": 5.294615946767606, ""b"": 6.580257315809292, ""c"": 6.580258223334621, ""alpha"": 79.10874171471004, ""beta"": 66.2772863864079, ""gamma"": 66.27729340603334, ""volume"": 192.04942806602207}, ""properties"": {}, ""sites"": [{""species"": [{""element"": ""Ba"", ""occu"": 1.0}], ""abc"": [0.54867005, 0.70132995, 0.20132995], ""properties"": {""magmom"": 0.0}, ""label"": ""Ba"", ""xyz"": [4.333806048139167, 4.222815262585234, 3.327418121114542]}, {""species"": [{""element"": ""Ba"", ""occu"": 1.0}], ""abc"": [0.45132995000000004, 0.29867005, 0.79867005], ""properties"": {""magmom"": 0.0}, ""label"": ""Ba"", ""xyz"": [2.945974931860832, 1.7984600174147651, 6.562480988885458]}, {""species"": [{""element"": ""Cd"", ""occu"": 1.0}], ""abc"": [0.83593542, 0.7265250400000001, 0.60160613], ""properties"": {""magmom"": 0.0}, ""label"": ""Cd"", ""xyz"": [5.8140850215646855, 4.3745859189139455, 6.591675630295786]}, {""species"": [{""element"": ""Cd"", ""occu"": 1.0}], ""abc"": [0.16406458000000002, 0.27347496, 0.39839387], ""properties"": {""magmom"": 0.0}, ""label"": ""Cd"", ""xyz"": [1.465695958435315, 1.6466893610860551, 3.2982234797042134]}, {""species"": [{""element"": ""Cd"", ""occu"": 1.0}], ""abc"": [0.83593542, 0.10160613, 0.22652504], ""properties"": {""magmom"": 0.0}, ""label"": ""Cd"", ""xyz"": [4.319971836278106, 0.6118198151671361, 3.3596802611336782]}, {""species"": [{""element"": ""Cd"", ""occu"": 1.0}], ""abc"": [0.16406458000000002, 0.89839387, 0.77347496], ""properties"": {""magmom"": 0.0}, ""label"": ""Cd"", ""xyz"": [2.9598091437218947, 5.409455464832864, 6.530218848866322]}]}",0.0,0.0,26.527,8.174978784421431e-08
82,mp-15964,Hf3Sb,"{""@module"": ""pymatgen.core.structure"", ""@class"": ""Structure"", ""charge"": 0, ""lattice"": {""matrix"": [[5.33026901, 6e-07, 1.89845846], [2.66526304, 7.9112781, 0.94887656], [0.01061842, -0.0006171999999990001, 8.4019592]], ""pbc"": [true, true, true], ""a"": 5.658260531586745, ""b"": 8.401923290178688, ""c"": 8.401965932461508, ""alpha"": 83.4963054335562, ""beta"": 70.32343952415206, ""gamma"": 70.32255873080447, ""volume"": 354.1447427944965}, ""properties"": {}, ""sites"": [{""species"": [{""element"": ""Hf"", ""occu"": 1.0}], ""abc"": [0.32934556, 0.66924171, 0.62153524], ""properties"": {""magmom"": -0.0}, ""label"": ""Hf"", ""xyz"": [3.545805348761615, 5.294173869986759, 6.482390364080964]}, {""species"": [{""element"": ""Hf"", ""occu"": 1.0}], ""abc"": [0.049210910000000004, 0.62154389, 0.33082129], ""properties"": {""magmom"": -0.0}, ""label"": ""Hf"", ""xyz"": [1.9223981456838866, 4.917002411772167, 3.4627402777173852]}, {""species"": [{""element"": ""Hf"", ""occu"": 1.0}], ""abc"": [0.00182282, 0.37833226000000003, 0.66912726], ""properties"": {""magmom"": 0.0}, ""label"": ""Hf"", ""xyz"": [1.025176184654608, 2.9926787388103264, 5.9844310995836745]}, {""species"": [{""element"": ""Hf"", ""occu"": 1.0}], ""abc"": [0.61975347, 0.33088232, 0.37845383], ""properties"": {""magmom"": 0.0}, ""label"": ""Hf"", ""xyz"": [4.189359714783966, 2.6174688420413985, 4.670296334546012]}, {""species"": [{""element"": ""Hf"", ""occu"": 1.0}], ""abc"": [0.94740283, 0.0292931, 0.59916242], ""properties"": {""magmom"": -0.0}, ""label"": ""Hf"", ""xyz"": [5.134347919716099, 0.23137662590718458, 6.860538660614441]}, {""species"": [{""element"": ""Hf"", ""occu"": 1.0}], ""abc"": [0.45347564, 0.59931049, 0.97063964], ""properties"": {""magmom"": -0.0}, ""label"": ""Hf"", ""xyz"": [4.024773908529375, 4.740713147936845, 9.584850994467718]}, {""species"": [{""element"": ""Hf"", ""occu"": 1.0}], ""abc"": [0.02331283, 0.40077073, 0.02938655], ""properties"": {""magmom"": 0.0}, ""label"": ""Hf"", ""xyz"": [1.1927351081974686, 3.1705905759790514, 0.6714449850998906]}, {""species"": [{""element"": ""Hf"", ""occu"": 1.0}], ""abc"": [0.57598448, 0.97067483, 0.40075749], ""properties"": {""magmom"": 0.0}, ""label"": ""Hf"", ""xyz"": [5.661511383589215, 7.679031522868083, 5.381681282528094]}, {""species"": [{""element"": ""Hf"", ""occu"": 1.0}], ""abc"": [0.12122954, 0.97645055, 0.18785343000000002], ""properties"": {""magmom"": -0.0}, ""label"": ""Hf"", ""xyz"": [3.2506783280794087, 7.724855981548683, 2.7350171391490727]}, {""species"": [{""element"": ""Hf"", ""occu"": 1.0}], ""abc"": [0.69074672, 0.18792223, 0.02350166], ""properties"": {""magmom"": -0.0}, ""label"": ""Hf"", ""xyz"": [4.182977559885104, 1.486690931925643, 1.6871289419034523]}, {""species"": [{""element"": ""Hf"", ""occu"": 1.0}], ""abc"": [0.90215151, 0.81214167, 0.97650517], ""properties"": {""magmom"": 0.0}, ""label"": ""Hf"", ""xyz"": [6.983650354399813, 6.42447645026841, 10.687875957352595]}, {""species"": [{""element"": ""Hf"", ""occu"": 1.0}], ""abc"": [0.28579036, 0.02344206, 0.8120383600000001], ""properties"": {""magmom"": -0.0}, ""label"": ""Hf"", ""xyz"": [1.5944413197267975, 0.1849556372953108, 7.387517917535472]}, {""species"": [{""element"": ""Sb"", ""occu"": 1.0}], ""abc"": [0.18246528, 0.25662001, 0.32425946], ""properties"": {""magmom"": 0.0}, ""label"": ""Sb"", ""xyz"": [1.6599919784976567, 2.029992241675237, 3.3143182199222663]}, {""species"": [{""element"": ""Sb"", ""occu"": 1.0}], ""abc"": [0.49320721, 0.32428169, 0.7432404300000001], ""properties"": {""magmom"": 0.0}, ""label"": ""Sb"", ""xyz"": [3.5011151489240206, 2.5650242002589194, 7.48871246348614]}, {""species"": [{""element"": ""Sb"", ""occu"": 1.0}], ""abc"": [0.56044564, 0.67588771, 0.25683147], ""properties"": {""magmom"": 0.0}, ""label"": ""Sb"", ""xyz"": [4.791471703752532, 5.3469774580662515, 3.863204304055216]}, {""species"": [{""element"": ""Sb"", ""occu"": 1.0}], ""abc"": [0.76365121, 0.74320676, 0.67588631], ""properties"": {""magmom"": -0.0}, ""label"": ""Sb"", ""xyz"": [6.058484732329983, 5.87929866532015, 7.833740774369835]}]}",0.0,0.0,115.025,0.0
83,mp-30673,Ti2Ga3,"{""@module"": ""pymatgen.core.structure"", ""@class"": ""Structure"", ""charge"": 0, ""lattice"": {""matrix"": [[3.97643212, 0.0, 0.0], [-0.0, 6.24279718, 0.0016978], [0.0, -0.0016978, 6.24279718]], ""pbc"": [true, true, true], ""a"": 3.97643212, ""b"": 6.2427974108680475, ""c"": 6.2427974108680475, ""alpha"": 90.0, ""beta"": 90.0, ""gamma"": 90.0, ""volume"": 154.97157838937983}, ""properties"": {}, ""sites"": [{""species"": [{""element"": ""Ti"", ""occu"": 1.0}], ""abc"": [0.5, 0.69645063, 0.87276787], ""properties"": {""magmom"": 0.0}, ""label"": ""Ti"", ""xyz"": [1.98821606, 4.3463182436835375, 5.449695231510221]}, {""species"": [{""element"": ""Ti"", ""occu"": 1.0}], ""abc"": [0.5, 0.12723213, 0.69645063], ""properties"": {""magmom"": 0.0}, ""label"": ""Ti"", ""xyz"": [1.98821606, 0.7931019484897793, 4.348016043683537]}, {""species"": [{""element"": ""Ti"", ""occu"": 1.0}], ""abc"": [0.5, 0.87276787, 0.30354937], ""properties"": {""magmom"": 0.0}, ""label"": ""Ti"", ""xyz"": [1.98821606, 5.447997431510221, 1.8964789363164625]}, {""species"": [{""element"": ""Ti"", ""occu"": 1.0}], ""abc"": [0.5, 0.30354937, 0.12723213], ""properties"": {""magmom"": 0.0}, ""label"": ""Ti"", ""xyz"": [1.98821606, 1.8947811363164624, 0.7947997484897794]}, {""species"": [{""element"": ""Ga"", ""occu"": 1.0}], ""abc"": [0.0, 0.39580039, 0.81765508], ""properties"": {""magmom"": -0.0}, ""label"": ""Ga"", ""xyz"": [0.0, 2.469513343740076, 5.1051268175388165]}, {""species"": [{""element"": ""Ga"", ""occu"": 1.0}], ""abc"": [-0.0, 0.81765508, 0.60419961], ""properties"": {""magmom"": -0.0}, ""label"": ""Ga"", ""xyz"": [0.0, 5.103429017538816, 3.773283836259924]}, {""species"": [{""element"": ""Ga"", ""occu"": 1.0}], ""abc"": [-0.0, 0.60419961, 0.18234492], ""properties"": {""magmom"": -0.0}, ""label"": ""Ga"", ""xyz"": [0.0, 3.771586036259924, 1.1393681624611836]}, {""species"": [{""element"": ""Ga"", ""occu"": 1.0}], ""abc"": [0.0, 0.18234492, 0.39580039], ""properties"": {""magmom"": -0.0}, ""label"": ""Ga"", ""xyz"": [0.0, 1.1376703624611837, 2.471211143740076]}, {""species"": [{""element"": ""Ga"", ""occu"": 1.0}], ""abc"": [0.5, 0.5, 0.5], ""properties"": {""magmom"": -0.0}, ""label"": ""Ga"", ""xyz"": [1.98821606, 3.1205496900000003, 3.12224749]}, {""species"": [{""element"": ""Ga"", ""occu"": 1.0}], ""abc"": [0.0, 0.0, 0.0], ""properties"": {""magmom"": 0.0}, ""label"": ""Ga"", ""xyz"": [0.0, 0.0, 0.0]}]}",0.0,0.0,107.755,1.935838836500867e-09
87,mp-12565,MnAu4,"{""@module"": ""pymatgen.core.structure"", ""@class"": ""Structure"", ""charge"": 0, ""lattice"": {""matrix"": [[3.66075882, 1e-08, 1.61733986], [1.83130853, 4.6187431, 0.8065694800000001], [-0.03538835, -0.00199986, 5.03173152]], ""pbc"": [true, true, true], ""a"": 4.002117359717555, ""b"": 5.0335904761825665, ""c"": 5.031856359646731, ""alpha"": 80.9492027522735, ""beta"": 66.56689942764822, ""gamma"": 66.57544167293376, ""volume"": 85.34137779623893}, ""properties"": {}, ""sites"": [{""species"": [{""element"": ""Mn"", ""occu"": 1.0}], ""abc"": [0.0, -0.0, -0.0], ""properties"": {""magmom"": 4.225}, ""label"": ""Mn"", ""xyz"": [0.0, 0.0, 0.0]}, {""species"": [{""element"": ""Au"", ""occu"": 1.0}], ""abc"": [0.20461174000000001, 0.1938433, 0.39693323], ""properties"": {""magmom"": 0.009000000000000001}, ""label"": ""Au"", ""xyz"": [1.0899743085840254, 0.8945185955129995, 2.48453625733485]}, {""species"": [{""element"": ""Au"", ""occu"": 1.0}], ""abc"": [0.6014686, 0.6031508, 0.19391000000000003], ""properties"": {""magmom"": 0.009000000000000001}, ""label"": ""Au"", ""xyz"": [3.299524532370876, 2.785410808921566, 2.4349652274791804]}, {""species"": [{""element"": ""Au"", ""occu"": 1.0}], ""abc"": [0.3985314, 0.396849199999999, 0.8060900000000001], ""properties"": {""magmom"": 0.009000000000000001}, ""label"": ""Au"", ""xyz"": [2.157154467629122, 1.8313324410784293, 5.0206756325208195]}, {""species"": [{""element"": ""Au"", ""occu"": 1.0}], ""abc"": [0.7953882600000001, 0.8061567, 0.60306677], ""properties"": {""magmom"": 0.009000000000000001}, ""label"": ""Au"", ""xyz"": [4.366704691415975, 3.7222246544869995, 4.97110460266515]}]}",0.0,0.0,130.268,0.051087506583379
88,mp-9918,LiGe,"{""@module"": ""pymatgen.core.structure"", ""@class"": ""Structure"", ""charge"": 0, ""lattice"": {""matrix"": [[5.29728012, -0.0, 2.2205525], [2.64869347, 6.8814661, 1.11014746], [-0.011703499999999001, 0.00013977, 7.4567032300000005]], ""pbc"": [true, true, true], ""a"": 5.743868911718256, ""b"": 7.456713764548986, ""c"": 7.456712415786218, ""alpha"": 81.46934634539666, ""beta"": 67.34711545796962, ""gamma"": 67.34710862292391, ""volume"": 271.99843956197896}, ""properties"": {}, ""sites"": [{""species"": [{""element"": ""Li"", ""occu"": 1.0}], ""abc"": [0.459812, 0.19363439000000002, 0.53445183], ""properties"": {""magmom"": -0.0}, ""label"": ""Li"", ""xyz"": [2.9423761539054683, 1.3325631909114584, 5.22124809939756]}, {""species"": [{""element"": ""Li"", ""occu"": 1.0}], ""abc"": [0.9942638300000001, 0.96554817, 0.19363439000000002], ""properties"": {""magmom"": -0.0}, ""label"": ""Li"", ""xyz"": [7.822068953460145, 6.644414064050728, 4.7235900631513035]}, {""species"": [{""element"": ""Li"", ""occu"": 1.0}], ""abc"": [0.15344538, 0.53445183, 0.30636561], ""properties"": {""magmom"": -0.0}, ""label"": ""Li"", ""xyz"": [2.224856683213761, 3.6778549709492725, 3.2185312973872224]}, {""species"": [{""element"": ""Li"", ""occu"": 1.0}], ""abc"": [0.18789722, 0.30636561, 0.96554817], ""properties"": {""magmom"": -0.0}, ""label"": ""Li"", ""xyz"": [1.795512505741239, 2.108379514088542, 7.95715280334649]}, {""species"": [{""element"": ""Li"", ""occu"": 1.0}], ""abc"": [0.540188, 0.8063656100000001, 0.46554817], ""properties"": {""magmom"": -0.0}, ""label"": ""Li"", ""xyz"": [4.991893936094532, 5.549042679088542, 5.56615509060244]}, {""species"": [{""element"": ""Li"", ""occu"": 1.0}], ""abc"": [0.0057361700000000005, 0.03445183, 0.8063656100000001], ""properties"": {""magmom"": -0.0}, ""label"": ""Li"", ""xyz"": [0.1122011365398563, 0.23719180594927272, 6.063813126848698]}, {""species"": [{""element"": ""Li"", ""occu"": 1.0}], ""abc"": [0.84655462, 0.46554817, 0.69363439], ""properties"": {""magmom"": -0.0}, ""label"": ""Li"", ""xyz"": [5.70941340678624, 3.203750899050727, 7.568871892612779]}, {""species"": [{""element"": ""Li"", ""occu"": 1.0}], ""abc"": [0.81210278, 0.69363439, 0.03445183], ""properties"": {""magmom"": -0.0}, ""label"": ""Li"", ""xyz"": [6.138757584258762, 4.773226355911458, 2.830250386653511]}, {""species"": [{""element"": ""Ge"", ""occu"": 1.0}], ""abc"": [0.05765561, 0.15914667, 0.44463755], ""properties"": {""magmom"": 0.0}, ""label"": ""Ge"", ""xyz"": [0.7217448466942935, 1.0952245615232503, 3.62023383565677]}, {""species"": [{""element"": ""Ge"", ""occu"": 1.0}], ""abc"": [0.50229417, 0.05536245, 0.15914667], ""properties"": {""magmom"": 0.0}, ""label"": ""Ge"", ""xyz"": [2.8055685078787573, 0.3809970668180109, 2.3635405464085464]}, {""species"": [{""element"": ""Ge"", ""occu"": 1.0}], ""abc"": [0.71680429, 0.44463755, 0.34085333], ""properties"": {""magmom"": 0.0}, ""label"": ""Ge"", ""xyz"": [4.9708325136018585, 3.059805868181989, 4.6269569316906045]}, {""species"": [{""element"": ""Ge"", ""occu"": 1.0}], ""abc"": [0.6614418400000001, 0.34085333, 0.05536245], ""properties"": {""magmom"": 0.0}, ""label"": ""Ge"", ""xyz"": [4.406010764533401, 2.3455783734767497, 2.2599851496843555]}, {""species"": [{""element"": ""Ge"", ""occu"": 1.0}], ""abc"": [0.94234439, 0.8408533300000001, 0.5553624500000001], ""properties"": {""magmom"": 0.0}, ""label"": ""Ge"", ""xyz"": [7.212525243305707, 5.78638130847675, 7.1671693543432315]}, {""species"": [{""element"": ""Ge"", ""occu"": 1.0}], ""abc"": [0.49770583, 0.94463755, 0.8408533300000001], ""properties"": {""magmom"": 0.0}, ""label"": ""Ge"", ""xyz"": [5.128701582121244, 6.500608803181989, 8.423862643591455]}, {""species"": [{""element"": ""Ge"", ""occu"": 1.0}], ""abc"": [0.28319571, 0.5553624500000001, 0.65914667], ""properties"": {""magmom"": 0.0}, ""label"": ""Ge"", ""xyz"": [2.963437576398142, 3.821800001818011, 6.160446258309397]}, {""species"": [{""element"": ""Ge"", ""occu"": 1.0}], ""abc"": [0.33855816, 0.65914667, 0.94463755], ""properties"": {""magmom"": 0.0}, ""label"": ""Ge"", ""xyz"": [3.5282593254666, 4.536027496523251, 8.527418040315645]}]}",0.0,0.0,39.993,0.0
107,mp-22346,BaGe3Pt,"{""@module"": ""pymatgen.core.structure"", ""@class"": ""Structure"", ""charge"": 0, ""lattice"": {""matrix"": [[4.25983314, -0.00194888, -1.735100699999999], [-0.70847575, 4.20050501, -1.735100699999999], [-0.00389716, -0.00460751, 6.08849462]], ""pbc"": [true, true, true], ""a"": 4.599647444958798, ""b"": 4.5996472328335845, ""c"": 6.0884976106403625, ""alpha"": 112.19853074069938, ""beta"": 112.19852843905775, ""gamma"": 90.04224809227341, ""volume"": 108.86763422182199}, ""properties"": {}, ""sites"": [{""species"": [{""element"": ""Ba"", ""occu"": 1.0}], ""abc"": [1.00027676, 1.00027676, 1.00038945], ""properties"": {""magmom"": -0.0}, ""label"": ""Ba"", ""xyz"": [3.5484415859222938, 4.1951088179997695, 2.6197039712902965]}, {""species"": [{""element"": ""Ge"", ""occu"": 1.0}], ""abc"": [0.7535742, 0.25405835, 0.50775173], ""properties"": {""magmom"": 0.0}, ""label"": ""Ge"", ""xyz"": [3.0281273808168883, 1.063365275146945, 1.3430997335529085]}, {""species"": [{""element"": ""Ge"", ""occu"": 1.0}], ""abc"": [0.25405835, 0.7535742, 0.50775173], ""properties"": {""magmom"": 0.0}, ""label"": ""Ge"", ""xyz"": [0.5463783425659821, 3.1625576020961015, 1.3430997335529085]}, {""species"": [{""element"": ""Ge"", ""occu"": 1.0}], ""abc"": [0.39935327, 0.39935327, 0.79838204], ""properties"": {""magmom"": -0.0}, ""label"": ""Ge"", ""xyz"": [1.4151347640841585, 1.6730285665609244, 3.4751084785960478]}, {""species"": [{""element"": ""Pt"", ""occu"": 1.0}], ""abc"": [0.64843843, 0.64843843, 0.29712406], ""properties"": {""magmom"": -0.0}, ""label"": ""Pt"", ""xyz"": [2.301678670338828, 2.721136143126385, -0.44117370681724344]}]}",0.0,0.0,74.417,0.0
109,mp-2059,NbAs,"{""@module"": ""pymatgen.core.structure"", ""@class"": ""Structure"", ""charge"": 0, ""lattice"": {""matrix"": [[3.33515252, 0.0, -0.94535073], [-0.2679602, 3.3243714, -0.94535072], [0.01070182, 0.01160004, 6.39355595]], ""pbc"": [true, true, true], ""a"": 3.466544437097826, ""b"": 3.466545233763223, ""c"": 6.393575429730982, ""alpha"": 105.72946673897383, ""beta"": 105.72947861572739, ""gamma"": 90.00000068196366, ""volume"": 70.96032584400321}, ""properties"": {}, ""sites"": [{""species"": [{""element"": ""Nb"", ""occu"": 1.0}], ""abc"": [0.74972357, 0.24972357, 0.49944715], ""properties"": {""magmom"": 0.0}, ""label"": ""Nb"", ""xyz"": [2.4388714695257954, 0.835967500931784, 2.248415216694866]}, {""species"": [{""element"": ""Nb"", ""occu"": 1.0}], ""abc"": [0.99972357, 0.99972357, 0.9994471500000001], ""properties"": {""magmom"": 0.0}, ""label"": ""Nb"", ""xyz"": [3.0770403595257956, 3.335046070931784, 4.499842469194865]}, {""species"": [{""element"": ""As"", ""occu"": 1.0}], ""abc"": [0.16727643, 0.66727643, 0.33455285], ""properties"": {""magmom"": -0.0}, ""label"": ""As"", ""xyz"": [0.38266920579420455, 2.222155506228216, 1.350037215955134]}, {""species"": [{""element"": ""As"", ""occu"": 1.0}], ""abc"": [0.41727643000000003, 0.41727643000000003, 0.83455285], ""properties"": {""magmom"": -0.0}, ""label"": ""As"", ""xyz"": [1.2887982957942046, 1.3968626762282161, 4.546815188455134]}]}",0.0,0.0,161.259,1.4092381737343851e-09
113,mp-20683,Cu3Se2,"{""@module"": ""pymatgen.core.structure"", ""@class"": ""Structure"", ""charge"": 0, ""lattice"": {""matrix"": [[4.31788968, -1.02e-06, 1.029999999999998e-06], [-1.009999999999998e-06, 6.32503858, -3.89e-06], [2.019999999999999e-06, -6.53e-06, 6.32503962]], ""pbc"": [true, true, true], ""a"": 4.317889680000244, ""b"": 6.325038580001277, ""c"": 6.325039620003693, ""alpha"": 90.00009439025106, ""beta"": 89.99996803420984, ""gamma"": 90.00002268394198, ""volume"": 172.7420110289248}, ""properties"": {}, ""sites"": [{""species"": [{""element"": ""Cu"", ""occu"": 1.0}], ""abc"": [0.999999, 2e-06, -0.0], ""properties"": {""magmom"": 0.123}, ""label"": ""Cu"", ""xyz"": [4.3178853621083, 1.163007818e-05, 1.029991189999998e-06]}, {""species"": [{""element"": ""Cu"", ""occu"": 1.0}], ""abc"": [0.999999, 0.499998, 0.500001], ""properties"": {""magmom"": 0.123}, ""label"": ""Cu"", ""xyz"": [4.317885867114359, 3.16250235491733, 3.16252522004637]}, {""species"": [{""element"": ""Cu"", ""occu"": 1.0}], ""abc"": [0.75998663, 0.14389298, 0.35625852], ""properties"": {""magmom"": 0.10400000000000001}, ""label"": ""Cu"", ""xyz"": [3.2815390009252794, 0.9101255483366704, 2.2533494770050995]}, {""species"": [{""element"": ""Cu"", ""occu"": 1.0}], ""abc"": [0.24001437, 0.35625552, 0.85610502], ""properties"": {""magmom"": 0.10400000000000001}, ""label"": ""Cu"", ""xyz"": [1.036356940788767, 2.2533240731575237, 5.414897031761721]}, {""species"": [{""element"": ""Cu"", ""occu"": 1.0}], ""abc"": [0.24001437, 0.64374248, 0.14389298], ""properties"": {""magmom"": 0.10400000000000001}, ""label"": ""Cu"", ""xyz"": [1.0363552117586166, 4.071694837149062, 0.9101265425964215]}, {""species"": [{""element"": ""Cu"", ""occu"": 1.0}], ""abc"": [0.75998663, 0.85610902, 0.64374248], ""properties"": {""magmom"": 0.10400000000000001}, ""label"": ""Cu"", ""xyz"": [3.281538862304678, 5.414917601361235, 4.071694143599199]}, {""species"": [{""element"": ""Se"", ""occu"": 1.0}], ""abc"": [0.26461303, 0.2688858, 0.23104217], ""properties"": {""magmom"": 0.098}, ""label"": ""Se"", ""xyz"": [1.1425700665610559, 1.7007112800035034, 1.4613501057264344]}, {""species"": [{""element"": ""Se"", ""occu"": 1.0}], ""abc"": [0.73538697, 0.23104317, 0.7311152], ""properties"": {""magmom"": 0.098}, ""label"": ""Se"", ""xyz"": [3.175321052068572, 1.4613514396185332, 4.624332465474872]}, {""species"": [{""element"": ""Se"", ""occu"": 1.0}], ""abc"": [0.73538797, 0.76895683, 0.2688848], ""properties"": {""magmom"": 0.098}, ""label"": ""Se"", ""xyz"": [3.175323892960048, 4.863679110191028, 1.7007047794233163]}, {""species"": [{""element"": ""Se"", ""occu"": 1.0}], ""abc"": [0.26461303, 0.731114199999999, 0.7689578300000001], ""properties"": {""magmom"": 0.098}, ""label"": ""Se"", ""xyz"": [1.1425706863000051, 4.624320230185909, 4.863686169376408]}]}",0.0,0.0,73.545,0.006803637939604001
115,mp-1018709,Hf2GaSb3,"{""@module"": ""pymatgen.core.structure"", ""@class"": ""Structure"", ""charge"": 0, ""lattice"": {""matrix"": [[3.90756442, 0.0, 0.0], [0.0, 3.90756442, 0.0], [-0.0, -0.0, 8.68030201]], ""pbc"": [true, true, true], ""a"": 3.90756442, ""b"": 3.90756442, ""c"": 8.68030201, ""alpha"": 90.0, ""beta"": 90.0, ""gamma"": 90.0, ""volume"": 132.54004957390438}, ""properties"": {}, ""sites"": [{""species"": [{""element"": ""Hf"", ""occu"": 1.0}], ""abc"": [0.5, -0.0, 0.73987491], ""properties"": {""magmom"": -0.0}, ""label"": ""Hf"", ""xyz"": [1.95378221, 0.0, 6.422337668421569]}, {""species"": [{""element"": ""Hf"", ""occu"": 1.0}], ""abc"": [-0.0, 0.5, 0.26012509], ""properties"": {""magmom"": -0.0}, ""label"": ""Hf"", ""xyz"": [0.0, 1.95378221, 2.257964341578431]}, {""species"": [{""element"": ""Ga"", ""occu"": 1.0}], ""abc"": [0.5, 0.5, 0.0], ""properties"": {""magmom"": -0.0}, ""label"": ""Ga"", ""xyz"": [1.95378221, 1.95378221, 0.0]}, {""species"": [{""element"": ""Sb"", ""occu"": 1.0}], ""abc"": [0.5, -0.0, 0.38354135], ""properties"": {""magmom"": 0.0}, ""label"": ""Sb"", ""xyz"": [1.95378221, 0.0, 3.3292547513231137]}, {""species"": [{""element"": ""Sb"", ""occu"": 1.0}], ""abc"": [-0.0, 0.5, 0.61645865], ""properties"": {""magmom"": 0.0}, ""label"": ""Sb"", ""xyz"": [0.0, 1.95378221, 5.3510472586768865]}, {""species"": [{""element"": ""Sb"", ""occu"": 1.0}], ""abc"": [0.0, 0.0, 0.0], ""properties"": {""magmom"": -0.0}, ""label"": ""Sb"", ""xyz"": [0.0, 0.0, 0.0]}]}",0.0,0.0,93.197,0.0
116,mp-680677,Sn3Ru2,"{""@module"": ""pymatgen.core.structure"", ""@class"": ""Structure"", ""charge"": 0, ""lattice"": {""matrix"": [[6.2044697, 0.00013762, 3.5e-07], [0.00013661, 6.20446413, 2.96e-06], [1.428e-05, 5.68e-06, 9.97783319]], ""pbc"": [true, true, true], ""a"": 6.2044697015262695, ""b"": 6.204464131504646, ""c"": 9.977833190011836, ""alpha"": 89.9999400474591, ""beta"": 89.9999147670262, ""gamma"": 89.99746759523225, ""volume"": 384.1007763728203}, ""properties"": {}, ""sites"": [{""species"": [{""element"": ""Sn"", ""occu"": 1.0}], ""abc"": [0.22162383, 0.34191239, 0.08413431], ""properties"": {""magmom"": -0.0}, ""label"": ""Sn"", ""xyz"": [1.3751062481224956, 2.121414137111936, 0.8394792003647639]}, {""species"": [{""element"": ""Sn"", ""occu"": 1.0}], ""abc"": [0.34190383, 0.2216622, 0.41588678], ""properties"": {""magmom"": -0.0}, ""label"": ""Sn"", ""xyz"": [2.1213681736853114, 1.375344583918881, 4.149649692552681]}, {""species"": [{""element"": ""Sn"", ""occu"": 1.0}], ""abc"": [0.34191402, 0.7783206500000001, 0.91590202], ""properties"": {""magmom"": -0.0}, ""label"": ""Sn"", ""xyz"": [2.1215145825600357, 4.829114811094191, 9.138719997443076]}, {""species"": [{""element"": ""Sn"", ""occu"": 1.0}], ""abc"": [0.65809415, 0.22169581, 0.9159111], ""properties"": {""magmom"": -0.0}, ""label"": ""Sn"", ""xyz"": [4.083168578497367, 1.3755994702082663, 9.138809059221959]}, {""species"": [{""element"": ""Sn"", ""occu"": 1.0}], ""abc"": [0.22166538, 0.65810097, 0.58409021], ""properties"": {""magmom"": -0.0}, ""label"": ""Sn"", ""xyz"": [1.3754143777306964, 4.083197685505195, 5.827956708853824]}, {""species"": [{""element"": ""Sn"", ""occu"": 1.0}], ""abc"": [0.82057913, 0.82058271, 0.74999884], ""properties"": {""magmom"": -0.0}, ""label"": ""Sn"", ""xyz"": [5.091381158324809, 5.0913931779864745, 7.483366034341017]}, {""species"": [{""element"": ""Sn"", ""occu"": 1.0}], ""abc"": [0.65809394, 0.77834481, 0.41588], ""properties"": {""magmom"": -0.0}, ""label"": ""Sn"", ""xyz"": [4.083236178934513, 4.829305383503089, 4.149583801290717]}, {""species"": [{""element"": ""Sn"", ""occu"": 1.0}], ""abc"": [0.17943284, 0.8206013600000001, 0.25001022], ""properties"": {""magmom"": 0.0}, ""label"": ""Sn"", ""xyz"": [1.1134012914626792, 5.091417816754707, 2.4945627627367215]}, {""species"": [{""element"": ""Sn"", ""occu"": 1.0}], ""abc"": [0.82057295, 0.17939659, 0.25001126], ""properties"": {""magmom"": 0.0}, ""label"": ""Sn"", ""xyz"": [5.091248082443567, 1.1131740550126525, 2.494571466116158]}, {""species"": [{""element"": ""Sn"", ""occu"": 1.0}], ""abc"": [0.77833562, 0.34189893, 0.58409208], ""properties"": {""magmom"": -0.0}, ""label"": ""Sn"", ""xyz"": [4.829214818368444, 2.1214100794614197, 5.8279746262784355]}, {""species"": [{""element"": ""Sn"", ""occu"": 1.0}], ""abc"": [0.77838428, 0.65808807, 0.08413975], ""properties"": {""magmom"": -0.0}, ""label"": ""Sn"", ""xyz"": [4.829552783143189, 4.0831914238543225, 0.8395346105234877]}, {""species"": [{""element"": ""Sn"", ""occu"": 1.0}], ""abc"": [0.17942161, 0.17941822000000002, 0.74999666], ""properties"": {""magmom"": -0.0}, ""label"": ""Sn"", ""xyz"": [1.1132511630455562, 1.1132228622414457, 7.48334216041264]}, {""species"": [{""element"": ""Ru"", ""occu"": 1.0}], ""abc"": [0.50000146, 0.99999553, 0.12387012], ""properties"": {""magmom"": -0.0}, ""label"": ""Ru"", ""xyz"": [3.1023822867804287, 6.204505909828545, 1.2359585295725626]}, {""species"": [{""element"": ""Ru"", ""occu"": 1.0}], ""abc"": [1.399999999999999e-07, 0.49999986, 0.87614155], ""properties"": {""magmom"": 0.0}, ""label"": ""Ru"", ""xyz"": [8.168490796660002e-05, 3.1022361728782926, 8.74199571672768]}, {""species"": [{""element"": ""Ru"", ""occu"": 1.0}], ""abc"": [-6.39e-06, 1.2e-06, 0.49997202], ""properties"": {""magmom"": -0.0}, ""label"": ""Ru"", ""xyz"": [-3.2506797005399995e-05, 1.0284318637799999e-05, 4.988637415228659]}, {""species"": [{""element"": ""Ru"", ""occu"": 1.0}], ""abc"": [0.9999948200000001, 0.5000013, 0.37612646], ""properties"": {""magmom"": 0.0}, ""label"": ""Ru"", ""xyz"": [6.204511237110396, 3.10237988648879, 3.7529289062272424]}, {""species"": [{""element"": ""Ru"", ""occu"": 1.0}], ""abc"": [0.49999717, 0.99999819, 0.62383923], ""properties"": {""magmom"": 0.0}, ""label"": ""Ru"", ""xyz"": [3.102362809527689, 6.2045252529372865, 6.2245669093116955]}, {""species"": [{""element"": ""Ru"", ""occu"": 1.0}], ""abc"": [-4.7e-06, 0.99999707, 1.43e-05], ""properties"": {""magmom"": 0.0}, ""label"": ""Ru"", ""xyz"": [0.00010744879634670001, 6.204445950354509, 0.0001456430042992]}, {""species"": [{""element"": ""Ru"", ""occu"": 1.0}], ""abc"": [0.49999439, 0.49998831, 0.25000729], ""properties"": {""magmom"": 0.0}, ""label"": ""Ru"", ""xyz"": [3.1022719164321133, 3.1022297640836793, 2.4945326908673895]}, {""species"": [{""element"": ""Ru"", ""occu"": 1.0}], ""abc"": [0.49999955, 0.49999784, 0.749973799999999], ""properties"": {""magmom"": -0.0}, ""label"": ""Ru"", ""xyz"": [3.1023110723194214, 3.102291733146734, 7.4831151282638615]}]}",0.0,0.0,125.829,5.206966824921845e-10
121,mp-675626,Cu3AsSe4,"{""@module"": ""pymatgen.core.structure"", ""@class"": ""Structure"", ""charge"": 0, ""lattice"": {""matrix"": [[-2.77973966, 2.77973966, 5.5250846], [2.77973966, -2.77973966, 5.5250846], [2.77973966, 2.77973966, -5.5250846]], ""pbc"": [true, true, true], ""a"": 6.780889690292196, ""b"": 6.780889690292196, ""c"": 6.780889690292196, ""alpha"": 131.59820680289087, ""beta"": 131.59820680289087, ""gamma"": 70.86436064094498, ""volume"": 170.76826676078204}, ""properties"": {}, ""sites"": [{""species"": [{""element"": ""Cu"", ""occu"": 1.0}], ""abc"": [0.25, 0.75, 0.5], ""properties"": {""magmom"": 0.0}, ""label"": ""Cu"", ""xyz"": [2.7797396599999997, 2.220446049250313e-16, 2.7625423]}, {""species"": [{""element"": ""Cu"", ""occu"": 1.0}], ""abc"": [0.75, 0.25, 0.5], ""properties"": {""magmom"": 0.0}, ""label"": ""Cu"", ""xyz"": [2.220446049250313e-16, 2.7797396599999997, 2.7625423]}, {""species"": [{""element"": ""Cu"", ""occu"": 1.0}], ""abc"": [0.5, 0.5, 0.0], ""properties"": {""magmom"": 0.0}, ""label"": ""Cu"", ""xyz"": [0.0, 0.0, 5.5250846]}, {""species"": [{""element"": ""As"", ""occu"": 1.0}], ""abc"": [0.0, -0.0, 0.0], ""properties"": {""magmom"": 0.0}, ""label"": ""As"", ""xyz"": [0.0, 0.0, 0.0]}, {""species"": [{""element"": ""Se"", ""occu"": 1.0}], ""abc"": [0.8750880400000001, 0.38260277, 0.0], ""properties"": {""magmom"": -0.0}, ""label"": ""Se"", ""xyz"": [-1.3689808369848087, 1.3689808369848087, 6.948848125892525]}, {""species"": [{""element"": ""Se"", ""occu"": 1.0}], ""abc"": [0.12491196, 0.12491196, 0.50751573], ""properties"": {""magmom"": -0.0}, ""label"": ""Se"", ""xyz"": [1.410761602754852, 1.410761602754852, -1.4237690509771261]}, {""species"": [{""element"": ""Se"", ""occu"": 1.0}], ""abc"": [0.38260277, 0.8750880400000001, 0.0], ""properties"": {""magmom"": -0.0}, ""label"": ""Se"", ""xyz"": [1.3689808369848087, -1.3689808369848087, 6.948848125892525]}, {""species"": [{""element"": ""Se"", ""occu"": 1.0}], ""abc"": [0.61739723, 0.61739723, 0.49248427], ""properties"": {""magmom"": -0.0}, ""label"": ""Se"", ""xyz"": [1.3689780572451482, 1.3689780572451482, 4.101326599192074]}]}",0.0,0.0,61.042,1.7567666738706792e-09
122,mp-20554,InAgSe2,"{""@module"": ""pymatgen.core.structure"", ""@class"": ""Structure"", ""charge"": 0, ""lattice"": {""matrix"": [[5.56639428, -0.0, -2.581136019999999], [-1.19687241, 5.43619846, -2.58113601], [0.0375852, 0.046760960000000004, 7.3737763]], ""pbc"": [true, true, true], ""a"": 6.13571580454621, ""b"": 6.13571677674616, ""c"": 7.374020352364161, ""alpha"": 114.58456831749905, ""beta"": 114.58457692906073, ""gamma"": 90.00000092682511, ""volume"": 224.47432910574653}, ""properties"": {}, ""sites"": [{""species"": [{""element"": ""In"", ""occu"": 1.0}], ""abc"": [0.5, 0.5, 0.0], ""properties"": {""magmom"": -0.0}, ""label"": ""In"", ""xyz"": [2.184760935, 2.71809923, -2.5811360149999993]}, {""species"": [{""element"": ""In"", ""occu"": 1.0}], ""abc"": [0.75, 0.25, 0.5], ""properties"": {""magmom"": -0.0}, ""label"": ""In"", ""xyz"": [3.8943702074999993, 1.382430095, 1.105752132500001]}, {""species"": [{""element"": ""Ag"", ""occu"": 1.0}], ""abc"": [0.25, 0.75, 0.5], ""properties"": {""magmom"": 0.0}, ""label"": ""Ag"", ""xyz"": [0.5127368625, 4.100529325, 1.1057521375000006]}, {""species"": [{""element"": ""Ag"", ""occu"": 1.0}], ""abc"": [-0.0, 0.0, 0.0], ""properties"": {""magmom"": 0.0}, ""label"": ""Ag"", ""xyz"": [0.0, 0.0, 0.0]}, {""species"": [{""element"": ""Se"", ""occu"": 1.0}], ""abc"": [0.8688522200000001, 0.875, 0.25], ""properties"": {""magmom"": 0.0}, ""label"": ""Se"", ""xyz"": [3.798506968823302, 4.7683638925, -2.6576756948489635]}, {""species"": [{""element"": ""Se"", ""occu"": 1.0}], ""abc"": [0.625, 0.13114778, 0.75], ""properties"": {""magmom"": 0.0}, ""label"": ""Se"", ""xyz"": [3.3502181654852503, 0.7480160796684188, 3.5786119549104436]}, {""species"": [{""element"": ""Se"", ""occu"": 1.0}], ""abc"": [0.38114778, 0.375, 0.25], ""properties"": {""magmom"": 0.0}, ""label"": ""Se"", ""xyz"": [1.6821879686766985, 2.0502646625, -0.10827619265103494]}, {""species"": [{""element"": ""Se"", ""occu"": 1.0}], ""abc"": [0.125, 0.6188522200000001, 0.75], ""properties"": {""magmom"": 0.0}, ""label"": ""Se"", ""xyz"": [-0.016698962985250383, 3.399274205331581, 3.6103484725895583]}]}",0.0,0.0,42.952,0.0
123,mp-12550,AlCuPt2,"{""@module"": ""pymatgen.core.structure"", ""@class"": ""Structure"", ""charge"": 0, ""lattice"": {""matrix"": [[3.48883356, 0.0, 0.0], [0.0, 3.97089364, 0.0], [0.0, 0.0, 3.97089364]], ""pbc"": [true, true, true], ""a"": 3.48883356, ""b"": 3.97089364, ""c"": 3.97089364, ""alpha"": 90.0, ""beta"": 90.0, ""gamma"": 90.0, ""volume"": 55.01191466606725}, ""properties"": {}, ""sites"": [{""species"": [{""element"": ""Al"", ""occu"": 1.0}], ""abc"": [-0.0, 0.0, 0.0], ""properties"": {""magmom"": -0.0}, ""label"": ""Al"", ""xyz"": [0.0, 0.0, 0.0]}, {""species"": [{""element"": ""Cu"", ""occu"": 1.0}], ""abc"": [0.0, 0.5, 0.5], ""properties"": {""magmom"": -0.0}, ""label"": ""Cu"", ""xyz"": [0.0, 1.98544682, 1.98544682]}, {""species"": [{""element"": ""Pt"", ""occu"": 1.0}], ""abc"": [0.5, -0.0, 0.5], ""properties"": {""magmom"": 0.0}, ""label"": ""Pt"", ""xyz"": [1.74441678, 0.0, 1.98544682]}, {""species"": [{""element"": ""Pt"", ""occu"": 1.0}], ""abc"": [0.5, 0.5, -0.0], ""properties"": {""magmom"": 0.0}, ""label"": ""Pt"", ""xyz"": [1.74441678, 1.98544682, 0.0]}]}",0.0,0.0,194.163,1.8177880302297952e-09
125,mp-21296,PtPb4,"{""@module"": ""pymatgen.core.structure"", ""@class"": ""Structure"", ""charge"": 0, ""lattice"": {""matrix"": [[6.08984512, -0.0, 0.0], [0.0, 6.73755872, 0.0], [-0.0, 0.0, 6.73755872]], ""pbc"": [true, true, true], ""a"": 6.08984512, ""b"": 6.73755872, ""c"": 6.73755872, ""alpha"": 90.0, ""beta"": 90.0, ""gamma"": 90.0, ""volume"": 276.44667707742894}, ""properties"": {}, ""sites"": [{""species"": [{""element"": ""Pt"", ""occu"": 1.0}], ""abc"": [0.0, 0.75, 0.75], ""properties"": {""magmom"": -0.0}, ""label"": ""Pt"", ""xyz"": [0.0, 5.05316904, 5.05316904]}, {""species"": [{""element"": ""Pt"", ""occu"": 1.0}], ""abc"": [0.0, 0.25, 0.25], ""properties"": {""magmom"": -0.0}, ""label"": ""Pt"", ""xyz"": [0.0, 1.68438968, 1.68438968]}, {""species"": [{""element"": ""Pb"", ""occu"": 1.0}], ""abc"": [0.25177775, 0.92385007, 0.07614993], ""properties"": {""magmom"": 0.0}, ""label"": ""Pb"", ""xyz"": [1.53328750216208, 6.22449409510111, 0.5130646248988896]}, {""species"": [{""element"": ""Pb"", ""occu"": 1.0}], ""abc"": [0.25177775, 0.07614993, 0.57614993], ""properties"": {""magmom"": 0.0}, ""label"": ""Pb"", ""xyz"": [1.53328750216208, 0.5130646248988896, 3.88184398489889]}, {""species"": [{""element"": ""Pb"", ""occu"": 1.0}], ""abc"": [0.74822225, 0.42385007, 0.57614993], ""properties"": {""magmom"": 0.0}, ""label"": ""Pb"", ""xyz"": [4.556557617837919, 2.8557147351011105, 3.88184398489889]}, {""species"": [{""element"": ""Pb"", ""occu"": 1.0}], ""abc"": [0.74822225, 0.07614993, 0.92385007], ""properties"": {""magmom"": 0.0}, ""label"": ""Pb"", ""xyz"": [4.556557617837919, 0.5130646248988896, 6.22449409510111]}, {""species"": [{""element"": ""Pb"", ""occu"": 1.0}], ""abc"": [0.74822225, 0.92385007, 0.42385007], ""properties"": {""magmom"": 0.0}, ""label"": ""Pb"", ""xyz"": [4.556557617837919, 6.22449409510111, 2.8557147351011105]}, {""species"": [{""element"": ""Pb"", ""occu"": 1.0}], ""abc"": [0.74822225, 0.57614993, 0.07614993], ""properties"": {""magmom"": 0.0}, ""label"": ""Pb"", ""xyz"": [4.556557617837919, 3.88184398489889, 0.5130646248988896]}, {""species"": [{""element"": ""Pb"", ""occu"": 1.0}], ""abc"": [0.25177775, 0.57614993, 0.42385007], ""properties"": {""magmom"": 0.0}, ""label"": ""Pb"", ""xyz"": [1.53328750216208, 3.88184398489889, 2.8557147351011105]}, {""species"": [{""element"": ""Pb"", ""occu"": 1.0}], ""abc"": [0.25177775, 0.42385007, 0.92385007], ""properties"": {""magmom"": 0.0}, ""label"": ""Pb"", ""xyz"": [1.53328750216208, 2.8557147351011105, 6.22449409510111]}]}",0.0,0.0,12.723,1.4469336518303141e-09
127,mp-607111,AlPt3,"{""@module"": ""pymatgen.core.structure"", ""@class"": ""Structure"", ""charge"": 0, ""lattice"": {""matrix"": [[5.48242533, 2.2820000000000002e-05, 3.2210000000000005e-05], [2.2820000000000002e-05, 5.48238079, 3.0760000000000004e-05], [2.9460000000000003e-05, 2.481e-05, 7.85650693]], ""pbc"": [true, true, true], ""a"": 5.482425330142112, ""b"": 5.482380790133786, ""c"": 7.856506930094408, ""alpha"": 89.99949759573089, ""beta"": 89.99944853338206, ""gamma"": 89.99952302125496, ""volume"": 236.14101210892144}, ""properties"": {}, ""sites"": [{""species"": [{""element"": ""Al"", ""occu"": 1.0}], ""abc"": [0.49999992, 2e-08, 0.23624845], ""properties"": {""magmom"": -0.0}, ""label"": ""Al"", ""xyz"": [2.741219186285767, 1.7380969834700002e-05, 1.856103689624797]}, {""species"": [{""element"": ""Al"", ""occu"": 1.0}], ""abc"": [0.99998948, 0.49998978, 0.763763], ""properties"": {""magmom"": 0.0}, ""label"": ""Al"", ""xyz"": [5.482401565110288, 2.7411761337882896, 6.000556891724373]}, {""species"": [{""element"": ""Al"", ""occu"": 1.0}], ""abc"": [4.89e-06, 0.50000777, 0.23624284], ""properties"": {""magmom"": 0.0}, ""label"": ""Al"", ""xyz"": [4.5178951241500005e-05, 2.7412388543951884, 1.8560588900193935]}, {""species"": [{""element"": ""Al"", ""occu"": 1.0}], ""abc"": [0.50000634, 8.119999999999997e-06, 0.7637579800000001], ""properties"": {""magmom"": 0.0}, ""label"": ""Al"", ""xyz"": [2.741269924071981, 7.487591217739998e-05, 6.000485968166785]}, {""species"": [{""element"": ""Pt"", ""occu"": 1.0}], ""abc"": [0.23710257, 0.73720904, 2.3660000000000004e-05], ""properties"": {""magmom"": -0.0}, ""label"": ""Pt"", ""xyz"": [1.2999139593834146, 4.041666090377993, 0.00021619857781390004]}, {""species"": [{""element"": ""Pt"", ""occu"": 1.0}], ""abc"": [1.811e-05, 1.131e-05, 0.25401915], ""properties"": {""magmom"": -0.0}, ""label"": ""Pt"", ""xyz"": [0.0001067703849795, 6.830835511660001e-05, 1.9957032132589283]}, {""species"": [{""element"": ""Pt"", ""occu"": 1.0}], ""abc"": [0.69017269, 0.19005024, 0.49994664], ""properties"": {""magmom"": -0.0}, ""label"": ""Pt"", ""xyz"": [3.783839303104729, 1.0419559383278139, 3.9278623181979424]}, {""species"": [{""element"": ""Pt"", ""occu"": 1.0}], ""abc"": [0.19004745, 0.30982665, 0.49996057], ""properties"": {""magmom"": -0.0}, ""label"": ""Pt"", ""xyz"": [1.0419427528644538, 1.698604415094604, 3.9279593346278685]}, {""species"": [{""element"": ""Pt"", ""occu"": 1.0}], ""abc"": [0.76289652, 0.2627619, 3.588e-05], ""properties"": {""magmom"": -0.0}, ""label"": ""Pt"", ""xyz"": [4.182529202700434, 1.44057820309267, 0.0003145469216016]}, {""species"": [{""element"": ""Pt"", ""occu"": 1.0}], ""abc"": [0.80995457, 0.69017675, 0.49995873], ""properties"": {""magmom"": 0.0}, ""label"": ""Pt"", ""xyz"": [4.4405459293348795, 3.783842643044011, 3.9279765454325286]}, {""species"": [{""element"": ""Pt"", ""occu"": 1.0}], ""abc"": [0.30983706, 0.8099571600000001, 0.49995053], ""properties"": {""magmom"": -0.0}, ""label"": ""Pt"", ""xyz"": [1.6986917576817349, 4.440513048961315, 3.927899697736117]}, {""species"": [{""element"": ""Pt"", ""occu"": 1.0}], ""abc"": [0.73722632, 0.76290262, 3.096e-05], ""properties"": {""magmom"": -0.0}, ""label"": ""Pt"", ""xyz"": [4.041805661060556, 4.18253949280141, 0.0002904503989112]}, {""species"": [{""element"": ""Pt"", ""occu"": 1.0}], ""abc"": [0.49997894, 0.499994599999999, 0.25396951], ""properties"": {""magmom"": -0.0}, ""label"": ""Pt"", ""xyz"": [2.7411160969410866, 2.741178500646682, 1.9953446994792576]}, {""species"": [{""element"": ""Pt"", ""occu"": 1.0}], ""abc"": [-6.93e-06, 3.5e-07, 0.74600369], ""properties"": {""magmom"": -0.0}, ""label"": ""Pt"", ""xyz"": [-1.60159308425e-05, 2.04270266828e-05, 5.860983160078122]}, {""species"": [{""element"": ""Pt"", ""occu"": 1.0}], ""abc"": [0.26277586, 0.23710854, 3.058e-05], ""properties"": {""magmom"": -0.0}, ""label"": ""Pt"", ""xyz"": [1.4406544426943033, 1.2999253021447614, 0.0002560094510604]}, {""species"": [{""element"": ""Pt"", ""occu"": 1.0}], ""abc"": [0.49999721, 0.49999815000000003, 0.74605984], ""properties"": {""magmom"": -0.0}, ""label"": ""Pt"", ""xyz"": [2.741230757913999, 2.741210172276501, 5.861455788007919]}]}",0.0,0.0,218.746,8.469515659895148e-10
129,mp-20452,Ba(MgPb)2,"{""@module"": ""pymatgen.core.structure"", ""@class"": ""Structure"", ""charge"": 0, ""lattice"": {""matrix"": [[4.97817386, 0.0, -0.0], [0.0, 4.97817386, -0.0], [-0.0, -0.0, 12.31707137]], ""pbc"": [true, true, true], ""a"": 4.97817386, ""b"": 4.97817386, ""c"": 12.31707137, ""alpha"": 90.0, ""beta"": 90.0, ""gamma"": 90.0, ""volume"": 305.24431062011354}, ""properties"": {}, ""sites"": [{""species"": [{""element"": ""Ba"", ""occu"": 1.0}], ""abc"": [0.25, 0.25, 0.2494563], ""properties"": {""magmom"": -0.0}, ""label"": ""Ba"", ""xyz"": [1.244543465, 1.244543465, 3.0725710507961312]}, {""species"": [{""element"": ""Ba"", ""occu"": 1.0}], ""abc"": [0.75, 0.75, 0.750543699999999], ""properties"": {""magmom"": -0.0}, ""label"": ""Ba"", ""xyz"": [3.733630395, 3.733630395, 9.244500319203858]}, {""species"": [{""element"": ""Mg"", ""occu"": 1.0}], ""abc"": [0.75, 0.75, 0.36452166], ""properties"": {""magmom"": 0.0}, ""label"": ""Mg"", ""xyz"": [3.733630395, 3.733630395, 4.489839302130875]}, {""species"": [{""element"": ""Mg"", ""occu"": 1.0}], ""abc"": [0.25, 0.25, 0.63547834], ""properties"": {""magmom"": 0.0}, ""label"": ""Mg"", ""xyz"": [1.244543465, 1.244543465, 7.827232067869127]}, {""species"": [{""element"": ""Mg"", ""occu"": 1.0}], ""abc"": [0.75, 0.25, -0.0], ""properties"": {""magmom"": 0.0}, ""label"": ""Mg"", ""xyz"": [3.733630395, 1.244543465, 0.0]}, {""species"": [{""element"": ""Mg"", ""occu"": 1.0}], ""abc"": [0.25, 0.75, -0.0], ""properties"": {""magmom"": 0.0}, ""label"": ""Mg"", ""xyz"": [1.244543465, 3.733630395, 0.0]}, {""species"": [{""element"": ""Pb"", ""occu"": 1.0}], ""abc"": [0.75, 0.25, 0.5], ""properties"": {""magmom"": 0.0}, ""label"": ""Pb"", ""xyz"": [3.733630395, 1.244543465, 6.158535685]}, {""species"": [{""element"": ""Pb"", ""occu"": 1.0}], ""abc"": [0.25, 0.75, 0.5], ""properties"": {""magmom"": 0.0}, ""label"": ""Pb"", ""xyz"": [1.244543465, 3.733630395, 6.158535685]}, {""species"": [{""element"": ""Pb"", ""occu"": 1.0}], ""abc"": [0.25, 0.25, 0.86635111], ""properties"": {""magmom"": -0.0}, ""label"": ""Pb"", ""xyz"": [1.244543465, 1.244543465, 10.670908453348721]}, {""species"": [{""element"": ""Pb"", ""occu"": 1.0}], ""abc"": [0.75, 0.75, 0.13364889], ""properties"": {""magmom"": -0.0}, ""label"": ""Pb"", ""xyz"": [3.733630395, 3.733630395, 1.6461629166512792]}]}",0.0,0.0,30.681,0.0
131,mp-28645,CaNiN,"{""@module"": ""pymatgen.core.structure"", ""@class"": ""Structure"", ""charge"": 0, ""lattice"": {""matrix"": [[3.53657926, -0.0, 0.0], [-0.0, 3.53657926, 0.0], [0.0, 0.0, 7.04670059]], ""pbc"": [true, true, true], ""a"": 3.53657926, ""b"": 3.53657926, ""c"": 7.04670059, ""alpha"": 90.0, ""beta"": 90.0, ""gamma"": 90.0, ""volume"": 88.13585266186446}, ""properties"": {}, ""sites"": [{""species"": [{""element"": ""Ca"", ""occu"": 1.0}], ""abc"": [-0.0, 0.0, 0.75], ""properties"": {""magmom"": -0.0}, ""label"": ""Ca"", ""xyz"": [0.0, 0.0, 5.2850254425]}, {""species"": [{""element"": ""Ca"", ""occu"": 1.0}], ""abc"": [-0.0, 0.0, 0.25], ""properties"": {""magmom"": -0.0}, ""label"": ""Ca"", ""xyz"": [0.0, 0.0, 1.7616751475]}, {""species"": [{""element"": ""Ni"", ""occu"": 1.0}], ""abc"": [0.5, 0.5, -0.0], ""properties"": {""magmom"": 0.14}, ""label"": ""Ni"", ""xyz"": [1.76828963, 1.76828963, 0.0]}, {""species"": [{""element"": ""Ni"", ""occu"": 1.0}], ""abc"": [0.5, 0.5, 0.5], ""properties"": {""magmom"": 0.14}, ""label"": ""Ni"", ""xyz"": [1.76828963, 1.76828963, 3.523350295]}, {""species"": [{""element"": ""N"", ""occu"": 1.0}], ""abc"": [0.5, 0.0, 0.5], ""properties"": {""magmom"": 0.047}, ""label"": ""N"", ""xyz"": [1.76828963, 0.0, 3.523350295]}, {""species"": [{""element"": ""N"", ""occu"": 1.0}], ""abc"": [-0.0, 0.5, 0.0], ""properties"": {""magmom"": 0.047}, ""label"": ""N"", ""xyz"": [0.0, 1.76828963, 0.0]}]}",0.0,0.0,107.264,0.0042288953784780006
136,mp-2723,IrO2,"{""@module"": ""pymatgen.core.structure"", ""@class"": ""Structure"", ""charge"": 0, ""lattice"": {""matrix"": [[3.17670624, 0.0, 0.0], [0.0, 4.50531387, -0.0], [0.0, -0.0, 4.50531387]], ""pbc"": [true, true, true], ""a"": 3.17670624, ""b"": 4.50531387, ""c"": 4.50531387, ""alpha"": 90.0, ""beta"": 90.0, ""gamma"": 90.0, ""volume"": 64.48031649722306}, ""properties"": {}, ""sites"": [{""species"": [{""element"": ""Ir"", ""occu"": 1.0}], ""abc"": [0.5, 0.5, 0.5], ""properties"": {""magmom"": 0.0}, ""label"": ""Ir"", ""xyz"": [1.58835312, 2.252656935, 2.252656935]}, {""species"": [{""element"": ""Ir"", ""occu"": 1.0}], ""abc"": [-0.0, 0.0, 0.0], ""properties"": {""magmom"": 0.0}, ""label"": ""Ir"", ""xyz"": [0.0, 0.0, 0.0]}, {""species"": [{""element"": ""O"", ""occu"": 1.0}], ""abc"": [0.0, 0.691336699999999, 0.691336699999999], ""properties"": {""magmom"": 0.0}, ""label"": ""O"", ""xyz"": [0.0, 3.1146888233500247, 3.1146888233500247]}, {""species"": [{""element"": ""O"", ""occu"": 1.0}], ""abc"": [0.5, 0.8086633, 0.1913367], ""properties"": {""magmom"": 0.0}, ""label"": ""O"", ""xyz"": [1.58835312, 3.643281981649971, 0.862031888350029]}, {""species"": [{""element"": ""O"", ""occu"": 1.0}], ""abc"": [0.0, 0.3086633, 0.3086633], ""properties"": {""magmom"": 0.0}, ""label"": ""O"", ""xyz"": [0.0, 1.390625046649971, 1.390625046649971]}, {""species"": [{""element"": ""O"", ""occu"": 1.0}], ""abc"": [0.5, 0.1913367, 0.8086633], ""properties"": {""magmom"": 0.0}, ""label"": ""O"", ""xyz"": [1.58835312, 0.862031888350029, 3.643281981649971]}]}",0.0,0.0,269.435,0.0
139,mp-2554,Al3V,"{""@module"": ""pymatgen.core.structure"", ""@class"": ""Structure"", ""charge"": 0, ""lattice"": {""matrix"": [[3.45753822, 0.0, -1.42957127], [-0.59107703, 3.40663989, -1.42957127], [-0.00022199, -0.00026215, 4.89542531]], ""pbc"": [true, true, true], ""a"": 3.741422798718448, ""b"": 3.7414223781260314, ""c"": 4.895425322052292, ""alpha"": 112.46596660655435, ""beta"": 112.46598324318977, ""gamma"": 89.99998938331348, ""volume"": 57.65859759155777}, ""properties"": {}, ""sites"": [{""species"": [{""element"": ""Al"", ""occu"": 1.0}], ""abc"": [0.5, 0.5, -0.0], ""properties"": {""magmom"": 0.0}, ""label"": ""Al"", ""xyz"": [1.433230595, 1.703319945, -1.42957127]}, {""species"": [{""element"": ""Al"", ""occu"": 1.0}], ""abc"": [0.25, 0.75, 0.5], ""properties"": {""magmom"": 0.0}, ""label"": ""Al"", ""xyz"": [0.4209657875, 2.5548488424999998, 1.018141385]}, {""species"": [{""element"": ""Al"", ""occu"": 1.0}], ""abc"": [0.75, 0.25, 0.5], ""properties"": {""magmom"": 0.0}, ""label"": ""Al"", ""xyz"": [2.4452734125, 0.8515288975, 1.018141385]}, {""species"": [{""element"": ""V"", ""occu"": 1.0}], ""abc"": [-0.0, 0.0, -0.0], ""properties"": {""magmom"": -0.0}, ""label"": ""V"", ""xyz"": [0.0, 0.0, 0.0]}]}",0.0,0.0,122.019,6.243648216180519e-08
140,mp-1113,BW2,"{""@module"": ""pymatgen.core.structure"", ""@class"": ""Structure"", ""charge"": 0, ""lattice"": {""matrix"": [[4.4342342200000004, 0.0082716, -1.22986967], [-2.56206414, 3.61916189, -1.22986765], [-0.00426953, -0.00827159, 4.60162965]], ""pbc"": [true, true, true], ""a"": 4.601638940896111, ""b"": 4.601638825464123, ""c"": 4.601639064925308, ""alpha"": 105.55503893971128, ""beta"": 105.55507335894087, ""gamma"": 117.6242715568729, ""volume"": 73.85531153337863}, ""properties"": {}, ""sites"": [{""species"": [{""element"": ""B"", ""occu"": 1.0}], ""abc"": [0.75, 0.75, -0.0], ""properties"": {""magmom"": -0.0}, ""label"": ""B"", ""xyz"": [1.4041275600000005, 2.7205751174999997, -1.84480299]}, {""species"": [{""element"": ""B"", ""occu"": 1.0}], ""abc"": [0.25, 0.25, -0.0], ""properties"": {""magmom"": -0.0}, ""label"": ""B"", ""xyz"": [0.46804252000000013, 0.9068583725, -0.6149343300000001]}, {""species"": [{""element"": ""W"", ""occu"": 1.0}], ""abc"": [0.8296931200000001, 0.67030688, 0.5], ""properties"": {""magmom"": 0.0}, ""label"": ""W"", ""xyz"": [1.9595496397592838, 2.4286762093121954, 0.45601167401989695]}, {""species"": [{""element"": ""W"", ""occu"": 1.0}], ""abc"": [0.32969312, 0.8296931200000001, 0.15938525], ""properties"": {""magmom"": 0.0}, ""label"": ""W"", ""xyz"": [-0.6644709752605829, 3.0042024404705416, -0.6924604042385761]}, {""species"": [{""element"": ""W"", ""occu"": 1.0}], ""abc"": [0.17030688, 0.32969312, 0.5], ""properties"": {""magmom"": 0.0}, ""label"": ""W"", ""xyz"": [-0.09164908975928311, 1.1904856906878047, 1.6858806559801023]}, {""species"": [{""element"": ""W"", ""occu"": 1.0}], ""abc"": [0.67030688, 0.17030688, 0.84061475], ""properties"": {""magmom"": 0.0}, ""label"": ""W"", ""xyz"": [2.5323715252605834, 0.6149594595294587, 2.834352734238575]}]}",0.0,0.0,329.552,1.448778669786556e-07
141,mp-1890,BMo,"{""@module"": ""pymatgen.core.structure"", ""@class"": ""Structure"", ""charge"": 0, ""lattice"": {""matrix"": [[3.06664442, -0.00038134000000000003, -0.55373681], [-0.10025803, 3.065003169999999, -0.55373626], [-0.00026793, -0.00027625, 8.77640622]], ""pbc"": [true, true, true], ""a"": 3.116236929196223, ""b"": 3.1162348997353058, ""c"": 8.776406228437427, ""alpha"": 100.23721615172401, ""beta"": 100.23722329873402, ""gamma"": 90.01180255047167, ""volume"": 82.49057964821422}, ""properties"": {}, ""sites"": [{""species"": [{""element"": ""B"", ""occu"": 1.0}], ""abc"": [0.46953659000000003, 0.71955242, 0.43932981], ""properties"": {""magmom"": -0.0}, ""label"": ""B"", ""xyz"": [1.367643145962402, 2.2051300303379278, 3.197294917665791]}, {""species"": [{""element"": ""B"", ""occu"": 1.0}], ""abc"": [0.2195595, 0.96954297, 0.93934429], ""properties"": {""magmom"": -0.0}, ""label"": ""B"", ""xyz"": [0.5758547688448211, 2.9713090558213713, 7.585617794225197]}, {""species"": [{""element"": ""B"", ""occu"": 1.0}], ""abc"": [0.53045977, 0.28044325000000003, 0.56066121], ""properties"": {""magmom"": 0.0}, ""label"": ""B"", ""xyz"": [1.5984645879751904, 0.859202282067148, 4.471563833486348]}, {""species"": [{""element"": ""B"", ""occu"": 1.0}], ""abc"": [0.78044672, 0.03046257, 0.06066847], ""properties"": {""magmom"": -0.0}, ""label"": ""B"", ""xyz"": [2.3902822068351983, 0.09305349839930457, 0.08342083077633206]}, {""species"": [{""element"": ""Mo"", ""occu"": 1.0}], ""abc"": [0.32170548, 0.57176868, 0.14366857], ""properties"": {""magmom"": -0.0}, ""label"": ""Mo"", ""xyz"": [0.9291934205329611, 1.7523104490965093, 0.7661445146634498]}, {""species"": [{""element"": ""Mo"", ""occu"": 1.0}], ""abc"": [0.07176437000000001, 0.82170183, 0.643660599999999], ""properties"": {""magmom"": 0.0}, ""label"": ""Mo"", ""xyz"": [0.1375211421075625, 2.5183135358791944, 5.154282221914109]}, {""species"": [{""element"": ""Mo"", ""occu"": 1.0}], ""abc"": [0.67831043, 0.42824793, 0.85636391], ""properties"": {""magmom"": 0.0}, ""label"": ""Mo"", ""xyz"": [2.0369721557915166, 1.312086025566424, 6.90305568549865]}, {""species"": [{""element"": ""Mo"", ""occu"": 1.0}], ""abc"": [0.92821716, 0.17828036, 0.35630315], ""properties"": {""magmom"": 0.0}, ""label"": ""Mo"", ""xyz"": [2.8285424722779764, 0.5459774734717591, 2.51435287292208]}]}",0.0,0.0,311.129,0.0
148,mp-12699,Ca3Au4,"{""@module"": ""pymatgen.core.structure"", ""@class"": ""Structure"", ""charge"": 0, ""lattice"": {""matrix"": [[7.44977608, 0.02648135, -3.36501795], [-5.21973411, 5.3157098, -3.36464181], [0.01122486, 0.02630746, 8.17449668]], ""pbc"": [true, true, true], ""a"": 8.17454651389667, ""b"": 8.174546431852571, ""c"": 8.174546718397583, ""alpha"": 114.22879421042342, ""beta"": 114.22880094980206, ""gamma"": 114.2287965404182, ""volume"": 326.1682026456079}, ""properties"": {}, ""sites"": [{""species"": [{""element"": ""Ca"", ""occu"": 1.0}], ""abc"": [0.59981119, 0.9709808400000001, 0.71677915], ""properties"": {""magmom"": -0.0}, ""label"": ""Ca"", ""xyz"": [-0.5917570093164477, 5.196192815673997, 0.5739306300344422]}, {""species"": [{""element"": ""Ca"", ""occu"": 1.0}], ""abc"": [0.9709808400000001, 0.71677915, 0.59981119], ""properties"": {""magmom"": -0.0}, ""label"": ""Ca"", ""xyz"": [3.498926054012685, 3.851682344446481, -0.77591847105049]}, {""species"": [{""element"": ""Ca"", ""occu"": 1.0}], ""abc"": [0.71677915, 0.59981119, 0.9709808400000001], ""properties"": {""magmom"": -0.0}, ""label"": ""Ca"", ""xyz"": [2.219888362301724, 3.232947539985581, 3.507155139008015]}, {""species"": [{""element"": ""Ca"", ""occu"": 1.0}], ""abc"": [0.40018881, 0.029019160000000002, 0.28322085], ""properties"": {""magmom"": -0.0}, ""label"": ""Ca"", ""xyz"": [2.833023839316448, 0.17230579432600251, 0.8709062899655595]}, {""species"": [{""element"": ""Ca"", ""occu"": 1.0}], ""abc"": [0.029019160000000002, 0.28322085, 0.40018881], ""properties"": {""magmom"": -0.0}, ""label"": ""Ca"", ""xyz"": [-1.2576592240126843, 1.5168162655535185, 2.2207553910504902]}, {""species"": [{""element"": ""Ca"", ""occu"": 1.0}], ""abc"": [0.28322085, 0.40018881, 0.029019160000000002], ""properties"": {""magmom"": -0.0}, ""label"": ""Ca"", ""xyz"": [0.021378467698276515, 2.135551070014419, -2.062318219008015]}, {""species"": [{""element"": ""Au"", ""occu"": 1.0}], ""abc"": [0.94532494, 0.44329467, 0.77859868], ""properties"": {""magmom"": -0.0}, ""label"": ""Au"", ""xyz"": [4.737318477238427, 2.4019422558367878, 1.692089152197557]}, {""species"": [{""element"": ""Au"", ""occu"": 1.0}], ""abc"": [0.77859868, 0.94532494, 0.44329467], ""properties"": {""magmom"": -0.0}, ""label"": ""Au"", ""xyz"": [0.8710169084413676, 5.057353348696268, -2.176967543029352]}, {""species"": [{""element"": ""Au"", ""occu"": 1.0}], ""abc"": [0.44329467, 0.77859868, 0.94532494], ""properties"": {""magmom"": -0.0}, ""label"": ""Au"", ""xyz"": [-0.7510209189334721, 4.17541277289852, 3.6161553899230627]}, {""species"": [{""element"": ""Au"", ""occu"": 1.0}], ""abc"": [0.22140132, 0.054675060000000004, 0.55670533], ""properties"": {""magmom"": -0.0}, ""label"": ""Au"", ""xyz"": [1.3702499215586328, 0.3111452613037318, 3.6218044630293518]}, {""species"": [{""element"": ""Au"", ""occu"": 1.0}], ""abc"": [0.054675060000000004, 0.55670533, 0.22140132], ""properties"": {""magmom"": -0.0}, ""label"": ""Au"", ""xyz"": [-2.4960516472384264, 2.966556354163212, -0.24725223219755654]}, {""species"": [{""element"": ""Au"", ""occu"": 1.0}], ""abc"": [0.55670533, 0.22140132, 0.054675060000000004], ""properties"": {""magmom"": -0.0}, ""label"": ""Au"", ""xyz"": [2.9922877489334727, 1.193085837101479, -2.171318469923062]}, {""species"": [{""element"": ""Au"", ""occu"": 1.0}], ""abc"": [0.5, 0.5, 0.5], ""properties"": {""magmom"": 0.0}, ""label"": ""Au"", ""xyz"": [1.1206334150000001, 2.684249305, 0.7224184600000001]}, {""species"": [{""element"": ""Au"", ""occu"": 1.0}], ""abc"": [0.0, -0.0, 0.0], ""properties"": {""magmom"": -0.0}, ""label"": ""Au"", ""xyz"": [0.0, 0.0, 0.0]}]}",0.0,0.0,51.992,0.0
155,mp-362,Ni3S2,"{""@module"": ""pymatgen.core.structure"", ""@class"": ""Structure"", ""charge"": 0, ""lattice"": {""matrix"": [[4.03041148, -0.024052340000000002, 0.062260380000000004], [0.06093465, 4.03002272, 0.06226037], [-0.02456274, -0.024052340000000002, 4.0308179]], ""pbc"": [true, true, true], ""a"": 4.0309640990826265, ""b"": 4.030964215787503, ""c"": 4.030964498257978, ""alpha"": 89.4621364633062, ""beta"": 89.46210539930038, ""gamma"": 89.46212027601257, ""volume"": 65.48921551075672}, ""properties"": {}, ""sites"": [{""species"": [{""element"": ""Ni"", ""occu"": 1.0}], ""abc"": [0.24520971, 0.75479029, 0.5], ""properties"": {""magmom"": -0.0}, ""label"": ""Ni"", ""xyz"": [1.0220075423360193, 3.023897980219167, 2.077669322452097]}, {""species"": [{""element"": ""Ni"", ""occu"": 1.0}], ""abc"": [0.5, 0.24520971, 0.75479029], ""properties"": {""magmom"": -0.0}, ""label"": ""Ni"", ""xyz"": [2.011607790207657, 0.9580200597808326, 3.0888192489503834]}, {""species"": [{""element"": ""Ni"", ""occu"": 1.0}], ""abc"": [0.75479029, 0.5, 0.24520971], ""properties"": {""magmom"": -0.0}, ""label"": ""Ni"", ""xyz"": [3.0665597524563237, 1.99095902, 1.0665194035975192]}, {""species"": [{""element"": ""S"", ""occu"": 1.0}], ""abc"": [0.25403895, 0.25403895, 0.25403895], ""properties"": {""magmom"": -0.0}, ""label"": ""S"", ""xyz"": [1.0331213822730403, 1.011562277867658, 1.0556178675404175]}, {""species"": [{""element"": ""S"", ""occu"": 1.0}], ""abc"": [0.74596105, 0.74596105, 0.74596105], ""properties"": {""magmom"": -0.0}, ""label"": ""S"", ""xyz"": [3.033662007726959, 2.970355762132342, 3.099720782459582]}]}",0.0,0.0,126.928,6.1078758827749185e-09
157,mp-16886,CdAu,"{""@module"": ""pymatgen.core.structure"", ""@class"": ""Structure"", ""charge"": 0, ""lattice"": {""matrix"": [[8.21757912, 3.346e-05, -0.0], [-4.10881639, 7.11661311, -0.0], [-0.0, 0.0, 5.83040313]], ""pbc"": [true, true, true], ""a"": 8.21757912006812, ""b"": 8.217575937230913, ""c"": 5.83040313, ""alpha"": 90.0, ""beta"": 90.0, ""gamma"": 119.99999552541934, ""volume"": 340.9705386152082}, ""properties"": {}, ""sites"": [{""species"": [{""element"": ""Cd"", ""occu"": 1.0}], ""abc"": [0.33332837, 0.31419837, 0.20878251], ""properties"": {""magmom"": 0.0}, ""label"": ""Cd"", ""xyz"": [1.4481688410483498, 2.236039392249891, 1.2172861997932563]}, {""species"": [{""element"": ""Cd"", ""occu"": 1.0}], ""abc"": [0.980869, 0.66667163, 0.20878251], ""properties"": {""magmom"": 0.0}, ""label"": ""Cd"", ""xyz"": [5.321137293763265, 4.744476881999809, 1.2172861997932563]}, {""species"": [{""element"": ""Cd"", ""occu"": 1.0}], ""abc"": [0.68580163, 0.01913, 0.20878251], ""properties"": {""magmom"": 0.0}, ""label"": ""Cd"", ""xyz"": [5.5570274976092655, 0.1361637557168398, 1.2172861997932563]}, {""species"": [{""element"": ""Cd"", ""occu"": 1.0}], ""abc"": [0.64639521, 0.6665955, 0.92202258], ""properties"": {""magmom"": 0.0}, ""label"": ""Cd"", ""xyz"": [2.5728852650637704, 4.743923902750732, 5.375763336362676]}, {""species"": [{""element"": ""Cd"", ""occu"": 1.0}], ""abc"": [0.02019928, 0.35360479, 0.92202258], ""properties"": {""magmom"": 0.0}, ""label"": ""Cd"", ""xyz"": [-1.2869079751674746, 2.516469160140706, 5.375763336362676]}, {""species"": [{""element"": ""Cd"", ""occu"": 1.0}], ""abc"": [0.3334045, 0.9798007200000001, 0.92202258], ""properties"": {""magmom"": 0.0}, ""label"": ""Cd"", ""xyz"": [-1.2860433995557616, 6.97287380485401, 5.375763336362676]}, {""species"": [{""element"": ""Cd"", ""occu"": 1.0}], ""abc"": [0.666667, 0.333333, 0.49047559], ""properties"": {""magmom"": -0.0}, ""label"": ""Cd"", ""xyz"": [4.108784725465171, 2.37222430447345, 2.8596704151245964]}, {""species"": [{""element"": ""Cd"", ""occu"": 1.0}], ""abc"": [0.333333, 0.666667, 0.6570324200000001], ""properties"": {""magmom"": 0.0}, ""label"": ""Cd"", ""xyz"": [-2.199546517012152e-05, 4.74442226552655, 3.8307638780794746]}, {""species"": [{""element"": ""Cd"", ""occu"": 1.0}], ""abc"": [-0.0, 0.0, 0.48976741], ""properties"": {""magmom"": 0.0}, ""label"": ""Cd"", ""xyz"": [0.0, 0.0, 2.855541440235993]}, {""species"": [{""element"": ""Au"", ""occu"": 1.0}], ""abc"": [0.33328991, 0.30653264, 0.70834514], ""properties"": {""magmom"": 0.0}, ""label"": ""Au"", ""xyz"": [1.4793498700207095, 2.181485356347299, 4.1299377213762885]}, {""species"": [{""element"": ""Au"", ""occu"": 1.0}], ""abc"": [0.9732427300000001, 0.66671009, 0.70834514], ""properties"": {""magmom"": 0.0}, ""label"": ""Au"", ""xyz"": [5.258309791569422, 4.744750331765026, 4.1299377213762885]}, {""species"": [{""element"": ""Au"", ""occu"": 1.0}], ""abc"": [0.69346736, 0.02675727, 0.70834514], ""properties"": {""magmom"": 0.0}, ""label"": ""Au"", ""xyz"": [5.588682188409868, 0.1904443418876753, 4.1299377213762885]}, {""species"": [{""element"": ""Au"", ""occu"": 1.0}], ""abc"": [0.6429672, 0.66663512, 0.42398837], ""properties"": {""magmom"": -0.0}, ""label"": ""Au"", ""xyz"": [2.5445525303592467, 4.744205748260936, 2.472023119531598]}, {""species"": [{""element"": ""Au"", ""occu"": 1.0}], ""abc"": [0.02366692, 0.3570328, 0.42398837], ""properties"": {""magmom"": -0.0}, ""label"": ""Au"", ""xyz"": [-1.2724974327808816, 2.540865097075151, 2.472023119531598]}, {""species"": [{""element"": ""Au"", ""occu"": 1.0}], ""abc"": [0.33336488000000003, 0.9763330800000001, 0.42398837], ""properties"": {""magmom"": -0.0}, ""label"": ""Au"", ""xyz"": [-1.2721210839738757, 6.948195951243564, 2.472023119531598]}, {""species"": [{""element"": ""Au"", ""occu"": 1.0}], ""abc"": [0.666667, 0.333333, 0.9846474], ""properties"": {""magmom"": 0.0}, ""label"": ""Au"", ""xyz"": [4.108784725465171, 2.37222430447345, 5.740891282906361]}, {""species"": [{""element"": ""Au"", ""occu"": 1.0}], ""abc"": [0.333333, 0.666667, 0.16314954], ""properties"": {""magmom"": -0.0}, ""label"": ""Au"", ""xyz"": [-2.199546517012152e-05, 4.74442226552655, 0.9512275886740602]}, {""species"": [{""element"": ""Au"", ""occu"": 1.0}], ""abc"": [-0.0, 0.0, 0.98351185], ""properties"": {""magmom"": -0.0}, ""label"": ""Au"", ""xyz"": [0.0, 0.0, 5.73427056863209]}]}",0.0,0.0,93.631,0.0
160,mp-15651,NiSe,"{""@module"": ""pymatgen.core.structure"", ""@class"": ""Structure"", ""charge"": 0, ""lattice"": {""matrix"": [[5.23250782, 0.0010362400000000001, -2.61073971], [-4.22056194, 3.09289381, -2.61073971], [0.00033932, 0.00103632, 5.84765918]], ""pbc"": [true, true, true], ""a"": 5.847657735668648, ""b"": 5.847657397854611, ""c"": 5.8476592816729225, ""alpha"": 116.51340712226458, ""beta"": 116.51339898887507, ""gamma"": 116.51344017686895, ""volume"": 94.69001444583618}, ""properties"": {}, ""sites"": [{""species"": [{""element"": ""Ni"", ""occu"": 1.0}], ""abc"": [0.00720415, 0.26254928, 0.00720415], ""properties"": {""magmom"": -0.0}, ""label"": ""Ni"", ""xyz"": [-1.070407282818772, 0.8120519739650808, -0.6621285777281082]}, {""species"": [{""element"": ""Ni"", ""occu"": 1.0}], ""abc"": [0.00720415, 0.00720415, 0.26254928], ""properties"": {""magmom"": -0.0}, ""label"": ""Ni"", ""xyz"": [0.007379298133091605, 0.022561221239557103, 1.4976823864307975]}, {""species"": [{""element"": ""Ni"", ""occu"": 1.0}], ""abc"": [0.26254928, 0.00720415, 0.00720415], ""properties"": {""magmom"": -0.0}, ""label"": ""Ni"", ""xyz"": [1.3433880439474968, 0.0225612008119467, -0.6621285777281082]}, {""species"": [{""element"": ""Se"", ""occu"": 1.0}], ""abc"": [0.7245936900000001, 0.38585303, 0.7245936900000001], ""properties"": {""magmom"": -0.0}, ""label"": ""Se"", ""xyz"": [2.1631714055268696, 1.1949042119548905, 1.338089595355323]}, {""species"": [{""element"": ""Se"", ""occu"": 1.0}], ""abc"": [0.7245936900000001, 0.7245936900000001, 0.38585303], ""properties"": {""magmom"": -0.0}, ""label"": ""Se"", ""xyz"": [0.7333805269196374, 2.242242058743434, -1.5271140271865447]}, {""species"": [{""element"": ""Se"", ""occu"": 1.0}], ""abc"": [0.38585303, 0.7245936900000001, 0.7245936900000001], ""properties"": {""magmom"": -0.0}, ""label"": ""Se"", ""xyz"": [-1.0389676840015731, 2.2422420858426872, 1.338089595355323]}]}",0.0,0.0,109.537,1.05607756620632e-09
162,mp-22286,Ag5(PbO3)2,"{""@module"": ""pymatgen.core.structure"", ""@class"": ""Structure"", ""charge"": 0, ""lattice"": {""matrix"": [[5.95550495, 1e-08, 0.0], [-2.9777514700000003, 5.15761847, 0.0], [-0.0, 0.0, 6.46755388]], ""pbc"": [true, true, true], ""a"": 5.95550495, ""b"": 5.955504353047885, ""c"": 6.46755388, ""alpha"": 90.0, ""beta"": 90.0, ""gamma"": 119.99999205504676, ""volume"": 198.65882309090384}, ""properties"": {}, ""sites"": [{""species"": [{""element"": ""Ag"", ""occu"": 1.0}], ""abc"": [-0.0, -0.0, 0.22419673], ""properties"": {""magmom"": 0.0}, ""label"": ""Ag"", ""xyz"": [0.0, 0.0, 1.4500044309948124]}, {""species"": [{""element"": ""Ag"", ""occu"": 1.0}], ""abc"": [-0.0, 0.5, 0.0], ""properties"": {""magmom"": -0.0}, ""label"": ""Ag"", ""xyz"": [-1.4888757350000001, 2.578809235, 0.0]}, {""species"": [{""element"": ""Ag"", ""occu"": 1.0}], ""abc"": [0.5, -0.0, 0.0], ""properties"": {""magmom"": -0.0}, ""label"": ""Ag"", ""xyz"": [2.977752475, 5e-09, 0.0]}, {""species"": [{""element"": ""Ag"", ""occu"": 1.0}], ""abc"": [-0.0, -0.0, 0.77580327], ""properties"": {""magmom"": 0.0}, ""label"": ""Ag"", ""xyz"": [0.0, 0.0, 5.0175494490051875]}, {""species"": [{""element"": ""Ag"", ""occu"": 1.0}], ""abc"": [0.5, 0.5, 0.0], ""properties"": {""magmom"": -0.0}, ""label"": ""Ag"", ""xyz"": [1.4888767399999998, 2.57880924, 0.0]}, {""species"": [{""element"": ""Pb"", ""occu"": 1.0}], ""abc"": [0.666667, 0.333333, 0.5], ""properties"": {""magmom"": -0.0}, ""label"": ""Pb"", ""xyz"": [2.9777557877521397, 1.71920444412718, 3.23377694]}, {""species"": [{""element"": ""Pb"", ""occu"": 1.0}], ""abc"": [0.333333, 0.666667, 0.5], ""properties"": {""magmom"": -0.0}, ""label"": ""Pb"", ""xyz"": [-2.307752140273678e-06, 3.43841403587282, 3.23377694]}, {""species"": [{""element"": ""O"", ""occu"": 1.0}], ""abc"": [0.6222276, 0.6222276, 0.30774244], ""properties"": {""magmom"": -0.0}, ""label"": ""O"", ""xyz"": [1.8528404012520479, 3.209212568526048, 1.990340811862667]}, {""species"": [{""element"": ""O"", ""occu"": 1.0}], ""abc"": [0.3777724, 0.3777724, 0.69225756], ""properties"": {""magmom"": -0.0}, ""label"": ""O"", ""xyz"": [1.1249130787479518, 1.948405911473952, 4.477213068137333]}, {""species"": [{""element"": ""O"", ""occu"": 1.0}], ""abc"": [-0.0, 0.6222276, 0.69225756], ""properties"": {""magmom"": -0.0}, ""label"": ""O"", ""xyz"": [-1.852839150574572, 3.209212562303772, 4.477213068137333]}, {""species"": [{""element"": ""O"", ""occu"": 1.0}], ""abc"": [0.6222276, -0.0, 0.69225756], ""properties"": {""magmom"": -0.0}, ""label"": ""O"", ""xyz"": [3.70567955182662, 6.222276e-09, 4.477213068137333]}, {""species"": [{""element"": ""O"", ""occu"": 1.0}], ""abc"": [0.0, 0.3777724, 0.30774244], ""properties"": {""magmom"": -0.0}, ""label"": ""O"", ""xyz"": [-1.1249123194254282, 1.9484059076962281, 1.990340811862667]}, {""species"": [{""element"": ""O"", ""occu"": 1.0}], ""abc"": [0.3777724, 0.0, 0.30774244], ""properties"": {""magmom"": -0.0}, ""label"": ""O"", ""xyz"": [2.24982539817338, 3.7777240000000005e-09, 1.990340811862667]}]}",0.0,0.0,89.855,5.033755785125195e-10
163,mp-2750,Cr2Te3,"{""@module"": ""pymatgen.core.structure"", ""@class"": ""Structure"", ""charge"": 0, ""lattice"": {""matrix"": [[3.44795269, -5.97207791, -7.827000000000002e-05], [3.44791065, 5.97205364, 0.0001026], [4.1420000000000013e-05, 0.00019521, 12.50214796]], ""pbc"": [true, true, true], ""a"": 6.8959475289270005, ""b"": 6.8959054909378965, ""c"": 12.50214796159263, ""alpha"": 89.9982778512311, ""beta"": 90.00133017243444, ""gamma"": 120.00060605103546, ""volume"": 514.8703263584043}, ""properties"": {}, ""sites"": [{""species"": [{""element"": ""Cr"", ""occu"": 1.0}], ""abc"": [0.33334702, 0.6666557200000001, 0.24995829], ""properties"": {""magmom"": 3.416}, ""label"": ""Cr"", ""xyz"": [3.447944464456274, 1.990578139104284, 3.125057833214205]}, {""species"": [{""element"": ""Cr"", ""occu"": 1.0}], ""abc"": [0.66664447, 0.33333604, 0.75000086], ""properties"": {""magmom"": 3.416}, ""label"": ""Cr"", ""xyz"": [3.4479025409905715, -1.9904055944175918, 9.376603743862283]}, {""species"": [{""element"": ""Cr"", ""occu"": 1.0}], ""abc"": [5.1e-07, -9.649999999999996e-06, 6.389000000000001e-05], ""properties"": {""magmom"": 3.297}, ""label"": ""Cr"", ""xyz"": [-3.151123557679998e-05, -6.066360539319998e-05, 0.0007987612031567002]}, {""species"": [{""element"": ""Cr"", ""occu"": 1.0}], ""abc"": [5.1e-07, 2.76e-06, 0.49990439000000003], ""properties"": {""magmom"": 3.296}, ""label"": ""Cr"", ""xyz"": [3.198072909970001e-05, 0.0001110234442842, 6.249878649876803]}, {""species"": [{""element"": ""Cr"", ""occu"": 1.0}], ""abc"": [0.33334289, 0.66666647, 0.9914598], ""properties"": {""magmom"": 3.317}, ""label"": ""Cr"", ""xyz"": [3.4479980024436956, 1.990811751872449, 12.39541942522383]}, {""species"": [{""element"": ""Cr"", ""occu"": 1.0}], ""abc"": [0.33331877, 0.66668032, 0.50852286], ""properties"": {""magmom"": 3.317}, ""label"": ""Cr"", ""xyz"": [3.4479425881392602, 1.9909442372144945, 6.35767034930307]}, {""species"": [{""element"": ""Cr"", ""occu"": 1.0}], ""abc"": [0.66666437, 0.33332237000000003, 0.00860195], ""properties"": {""magmom"": 3.317}, ""label"": ""Cr"", ""xyz"": [3.4478933135676653, -1.9907508052224803, 0.10752487069944411]}, {""species"": [{""element"": ""Cr"", ""occu"": 1.0}], ""abc"": [0.66667572, 0.33333668, 0.49141023], ""properties"": {""magmom"": 3.317}, ""label"": ""Cr"", ""xyz"": [3.448001785351056, -1.9906388792148317, 6.1436654241523945]}, {""species"": [{""element"": ""Te"", ""occu"": 1.0}], ""abc"": [0.32873254, 0.99213683, 0.37891251000000004], ""properties"": {""magmom"": -0.251}, ""label"": ""Te"", ""xyz"": [4.554269082553936, 3.9619519940584462, 4.737296327257832]}, {""species"": [{""element"": ""Te"", ""occu"": 1.0}], ""abc"": [0.00787969, 0.33660632, 0.37892791000000003], ""properties"": {""magmom"": -0.251}, ""label"": ""Te"", ""xyz"": [1.1877730091112062, 1.9632468465336683, 4.73744671605866]}, {""species"": [{""element"": ""Te"", ""occu"": 1.0}], ""abc"": [0.6634015, 0.6712780700000001, 0.37892658], ""properties"": {""magmom"": -0.251}, ""label"": ""Te"", ""xyz"": [4.601899488278423, 0.04709716804249192, 4.737413117831354]}, {""species"": [{""element"": ""Te"", ""occu"": 1.0}], ""abc"": [0.00788166, 0.67126135, 0.12111259], ""properties"": {""magmom"": -0.251}, ""label"": ""Te"", ""xyz"": [2.3416297648805204, 3.961762543467377, 1.5142357745157984]}, {""species"": [{""element"": ""Te"", ""occu"": 1.0}], ""abc"": [0.66343361, 0.99213943, 0.121096], ""properties"": {""magmom"": -0.251}, ""label"": ""Te"", ""xyz"": [5.70830082301416, 1.9630563264366305, 1.5140099759210233]}, {""species"": [{""element"": ""Te"", ""occu"": 1.0}], ""abc"": [0.32872871, 0.33655754, 0.12111062], ""properties"": {""magmom"": -0.251}, ""label"": ""Te"", ""xyz"": [2.2938663828304113, 0.04676985645677979, 1.5141516919748077]}, {""species"": [{""element"": ""Te"", ""occu"": 1.0}], ""abc"": [0.67129341, 0.00786077, 0.62107515], ""properties"": {""magmom"": -0.251}, ""label"": ""Te"", ""xyz"": [2.3417168763216862, -3.961950364817839, 7.764721683958996]}, {""species"": [{""element"": ""Te"", ""occu"": 1.0}], ""abc"": [0.9921445600000001, 0.66346452, 0.6210702100000001], ""properties"": {""magmom"": -0.251}, ""label"": ""Te"", ""xyz"": [5.708459613654102, -1.9627976695101232, 7.764702075273314]}, {""species"": [{""element"": ""Te"", ""occu"": 1.0}], ""abc"": [0.33658219, 0.328712499999999, 0.62104987], ""properties"": {""magmom"": -0.251}, ""label"": ""Te"", ""xyz"": [2.293916520840328, -0.04688514451480601, 7.764464746893254]}, {""species"": [{""element"": ""Te"", ""occu"": 1.0}], ""abc"": [0.99212522, 0.32870723, 0.87893749], ""properties"": {""magmom"": -0.251}, ""label"": ""Te"", ""xyz"": [4.554190385755678, -3.9618203235126512, 10.98856261929185]}, {""species"": [{""element"": ""Te"", ""occu"": 1.0}], ""abc"": [0.33652697, 0.00785734, 0.87892559], ""properties"": {""magmom"": -0.251}, ""label"": ""Te"", ""xyz"": [1.187456882833658, -1.962669252644091, 10.988432238207439]}, {""species"": [{""element"": ""Te"", ""occu"": 1.0}], ""abc"": [0.67127669, 0.66342841, 0.87893519], ""properties"": {""magmom"": -0.251}, ""label"": ""Te"", ""xyz"": [4.6020085548669325, -0.046715064088566, 10.988593319559053]}]}",0.0,0.0,42.043,0.047060739878672
164,mp-1391,Ag2F,"{""@module"": ""pymatgen.core.structure"", ""@class"": ""Structure"", ""charge"": 0, ""lattice"": {""matrix"": [[2.99510106, -1e-08, 0.0], [-1.49755104, 2.593833779999999, -0.0], [0.0, -0.0, 5.72564215]], ""pbc"": [true, true, true], ""a"": 2.99510106, ""b"": 2.9951014666742366, ""c"": 5.72564215, ""alpha"": 90.0, ""beta"": 90.0, ""gamma"": 120.00000696524366, ""volume"": 44.48133603558469}, ""properties"": {}, ""sites"": [{""species"": [{""element"": ""Ag"", ""occu"": 1.0}], ""abc"": [0.333333, 0.666667, 0.69340427], ""properties"": {""magmom"": -0.0}, ""label"": ""Ag"", ""xyz"": [-1.8375507000456537e-06, 1.7292233812779292, 3.9701847153019805]}, {""species"": [{""element"": ""Ag"", ""occu"": 1.0}], ""abc"": [0.666667, 0.333333, 0.30659573], ""properties"": {""magmom"": -0.0}, ""label"": ""Ag"", ""xyz"": [1.4975518575507, 0.8646103887220696, 1.7554574346980194]}, {""species"": [{""element"": ""F"", ""occu"": 1.0}], ""abc"": [-0.0, 0.0, -0.0], ""properties"": {""magmom"": -0.0}, ""label"": ""F"", ""xyz"": [0.0, 0.0, 0.0]}]}",0.0,0.0,78.406,0.0
166,mp-576,B13C2,"{""@module"": ""pymatgen.core.structure"", ""@class"": ""Structure"", ""charge"": 0, ""lattice"": {""matrix"": [[4.72904091, -0.01370344, 2.12276204], [1.36857937, 4.52669883, 2.12276204], [-0.01851415, -0.01370343, 5.18358798]], ""pbc"": [true, true, true], ""a"": 5.18364103610449, ""b"": 5.183640657682391, ""c"": 5.183639156436766, ""alpha"": 66.03012781424837, ""beta"": 66.03012268332029, ""gamma"": 66.0301352981455, ""volume"": 111.33818748474972}, ""properties"": {}, ""sites"": [{""species"": [{""element"": ""B"", ""occu"": 1.0}], ""abc"": [0.5, 0.5, 0.5], ""properties"": {""magmom"": 0.0}, ""label"": ""B"", ""xyz"": [3.039553065, 2.2496459800000004, 4.714556030000001]}, {""species"": [{""element"": ""B"", ""occu"": 1.0}], ""abc"": [0.80339287, 0.3185897, 0.80339287], ""properties"": {""magmom"": 0.0}, ""label"": ""B"", ""xyz"": [4.22041890384269, 1.420141138293034, 6.5461596332873455]}, {""species"": [{""element"": ""B"", ""occu"": 1.0}], ""abc"": [0.80339287, 0.80339287, 0.3185897], ""properties"": {""magmom"": 0.0}, ""label"": ""B"", ""xyz"": [4.892886239425149, 3.6213425470161984, 5.062261514757116]}, {""species"": [{""element"": ""B"", ""occu"": 1.0}], ""abc"": [0.3185897, 0.80339287, 0.80339287], ""properties"": {""magmom"": 0.0}, ""label"": ""B"", ""xyz"": [2.5912564965876084, 3.62134255186423, 6.5461596332873455]}, {""species"": [{""element"": ""B"", ""occu"": 1.0}], ""abc"": [0.6814103, 0.19660713, 0.19660713], ""properties"": {""magmom"": 0.0}, ""label"": ""B"", ""xyz"": [3.4878496334123916, 0.8779494081357699, 2.882952426712655]}, {""species"": [{""element"": ""B"", ""occu"": 1.0}], ""abc"": [0.19660713, 0.6814103, 0.19660713], ""properties"": {""magmom"": 0.0}, ""label"": ""B"", ""xyz"": [1.8586872261573097, 3.0791508217069663, 2.882952426712655]}, {""species"": [{""element"": ""B"", ""occu"": 1.0}], ""abc"": [0.19660713, 0.19660713, 0.6814103], ""properties"": {""magmom"": 0.0}, ""label"": ""B"", ""xyz"": [1.1862198905748513, 0.8779494129838016, 4.366850545242885]}, {""species"": [{""element"": ""B"", ""occu"": 1.0}], ""abc"": [0.00787236, 0.32392314, 0.00787236], ""properties"": {""magmom"": 0.0}, ""label"": ""B"", ""xyz"": [0.4803974893139754, 1.4660867421008128, 0.7451299631130528]}, {""species"": [{""element"": ""B"", ""occu"": 1.0}], ""abc"": [0.00787236, 0.00787236, 0.32392314], ""properties"": {""magmom"": 0.0}, ""label"": ""B"", ""xyz"": [0.042005500385029794, 0.0310890663140502, 1.7125063888942862]}, {""species"": [{""element"": ""B"", ""occu"": 1.0}], ""abc"": [0.32392314, 0.00787236, 0.00787236], ""properties"": {""magmom"": 0.0}, ""label"": ""B"", ""xyz"": [1.5424739801909766, 0.031089063153542405, 0.7451299631130528]}, {""species"": [{""element"": ""B"", ""occu"": 1.0}], ""abc"": [0.67607686, 0.99212764, 0.99212764], ""properties"": {""magmom"": 0.0}, ""label"": ""B"", ""xyz"": [4.536632149809023, 4.468202896846457, 8.683982096886947]}, {""species"": [{""element"": ""B"", ""occu"": 1.0}], ""abc"": [0.99212764, 0.67607686, 0.99212764], ""properties"": {""magmom"": 0.0}, ""label"": ""B"", ""xyz"": [5.5987086406860245, 3.033205217899187, 8.683982096886947]}, {""species"": [{""element"": ""B"", ""occu"": 1.0}], ""abc"": [0.99212764, 0.99212764, 0.67607686], ""properties"": {""magmom"": 0.0}, ""label"": ""B"", ""xyz"": [6.0371006296149705, 4.46820289368595, 7.7166056711057145]}, {""species"": [{""element"": ""C"", ""occu"": 1.0}], ""abc"": [0.61881155, 0.61881155, 0.61881155], ""properties"": {""magmom"": 0.0}, ""label"": ""C"", ""xyz"": [3.7618210869198014, 2.784213831670138, 5.834843448972293]}, {""species"": [{""element"": ""C"", ""occu"": 1.0}], ""abc"": [0.38118845, 0.38118845, 0.38118845], ""properties"": {""magmom"": 0.0}, ""label"": ""C"", ""xyz"": [2.3172850430801986, 1.7150781283298622, 3.594268611027707]}]}",0.0,0.0,223.146,1.7963288653984462e-09
167,mp-458,Ti2O3,"{""@module"": ""pymatgen.core.structure"", ""@class"": ""Structure"", ""charge"": 0, ""lattice"": {""matrix"": [[4.53398622, 0.02544877, 3.03728567], [1.6343676, 4.22924789, 3.03728565], [0.03689459, 0.02544876, 5.4571774]], ""pbc"": [true, true, true], ""a"": 5.457360435616448, ""b"": 5.4573619347350535, ""c"": 5.45736145268275, ""alpha"": 55.794138054933505, ""beta"": 55.794129974739256, ""gamma"": 55.79413435441772, ""volume"": 103.7211155286214}, ""properties"": {}, ""sites"": [{""species"": [{""element"": ""Ti"", ""occu"": 1.0}], ""abc"": [0.34453747, 0.34453747, 0.34453747], ""properties"": {""magmom"": -0.0}, ""label"": ""Ti"", ""xyz"": [2.1379405879029227, 1.4746704742388874, 3.9731195286645384]}, {""species"": [{""element"": ""Ti"", ""occu"": 1.0}], ""abc"": [0.15546253000000002, 0.15546253000000002, 0.15546253000000002], ""properties"": {""magmom"": -0.0}, ""label"": ""Ti"", ""xyz"": [0.9646836170970774, 0.6654022357611126, 1.7927548313354618]}, {""species"": [{""element"": ""Ti"", ""occu"": 1.0}], ""abc"": [0.65546253, 0.65546253, 0.65546253], ""properties"": {""magmom"": -0.0}, ""label"": ""Ti"", ""xyz"": [4.067307822097077, 2.8054749457611123, 7.558629191335461]}, {""species"": [{""element"": ""Ti"", ""occu"": 1.0}], ""abc"": [0.84453747, 0.84453747, 0.84453747], ""properties"": {""magmom"": -0.0}, ""label"": ""Ti"", ""xyz"": [5.240564792902923, 3.6147431842388875, 9.738993888664538]}, {""species"": [{""element"": ""O"", ""occu"": 1.0}], ""abc"": [0.56439446, 0.9356055400000001, 0.25], ""properties"": {""magmom"": 0.0}, ""label"": ""O"", ""xyz"": [4.097303732740845, 3.9776330907191246, 5.9202228362878895]}, {""species"": [{""element"": ""O"", ""occu"": 1.0}], ""abc"": [0.25, 0.56439446, 0.9356055400000001], ""properties"": {""magmom"": 0.0}, ""label"": ""O"", ""xyz"": [2.090443356843525, 2.41713627242482, 7.579314020000295]}, {""species"": [{""element"": ""O"", ""occu"": 1.0}], ""abc"": [0.9356055400000001, 0.25, 0.56439446], ""properties"": {""magmom"": 0.0}, ""label"": ""O"", ""xyz"": [4.671437627915631, 1.0954851218560553, 6.681023403711816]}, {""species"": [{""element"": ""O"", ""occu"": 1.0}], ""abc"": [0.43560554, 0.06439446, 0.75], ""properties"": {""magmom"": 0.0}, ""label"": ""O"", ""xyz"": [2.107944677259155, 0.30251232928087524, 5.611525883712111]}, {""species"": [{""element"": ""O"", ""occu"": 1.0}], ""abc"": [0.75, 0.43560554, 0.06439446], ""properties"": {""magmom"": 0.0}, ""label"": ""O"", ""xyz"": [4.114805053156476, 1.8630091475751802, 3.9524346999997055]}, {""species"": [{""element"": ""O"", ""occu"": 1.0}], ""abc"": [0.06439446, 0.75, 0.43560554], ""properties"": {""magmom"": 0.0}, ""label"": ""O"", ""xyz"": [1.5338107820843698, 3.1846602981439447, 4.850725316288184]}]}",0.0,0.0,214.394,0.0
176,mp-8306,Ba3FeN3,"{""@module"": ""pymatgen.core.structure"", ""@class"": ""Structure"", ""charge"": 0, ""lattice"": {""matrix"": [[8.12248516, -0.00023208000000000001, 0.0], [-4.06161239, 7.03412516, 0.0], [0.0, 0.0, 5.61160968]], ""pbc"": [true, true, true], ""a"": 8.122485163315558, ""b"": 8.122537286657817, ""c"": 5.61160968, ""alpha"": 90.0, ""beta"": 90.0, ""gamma"": 120.00443700116124, ""volume"": 320.61165701242373}, ""properties"": {}, ""sites"": [{""species"": [{""element"": ""Ba"", ""occu"": 1.0}], ""abc"": [0.72261599, 0.6379025700000001, 0.75], ""properties"": {""magmom"": -0.019}, ""label"": ""Ba"", ""xyz"": [3.2785246732288664, 4.486918812546703, 4.20870726]}, {""species"": [{""element"": ""Ba"", ""occu"": 1.0}], ""abc"": [0.08407973, 0.72164799, 0.25], ""properties"": {""magmom"": 0.036000000000000004}, ""label"": ""Ba"", ""xyz"": [-2.2481180582207894, 5.0761427698986905, 1.40290242]}, {""species"": [{""element"": ""Ba"", ""occu"": 1.0}], ""abc"": [0.63755582, 0.91590574, 0.25], ""properties"": {""magmom"": 0.036000000000000004}, ""label"": ""Ba"", ""xyz"": [1.4584835849655127, 6.442447645967714, 1.40290242]}, {""species"": [{""element"": ""Ba"", ""occu"": 1.0}], ""abc"": [0.36209667, 0.08471689, 0.75], ""properties"": {""magmom"": -0.019}, ""label"": ""Ba"", ""xyz"": [2.59703765849415, 0.5958251720307788, 4.20870726]}, {""species"": [{""element"": ""Ba"", ""occu"": 1.0}], ""abc"": [0.91528796, 0.27737955000000003, 0.75], ""properties"": {""magmom"": -0.019}, ""label"": ""Ba"", ""xyz"": [6.307804655214049, 1.9509100514947215, 4.20870726]}, {""species"": [{""element"": ""Ba"", ""occu"": 1.0}], ""abc"": [0.27834971000000003, 0.36243198, 0.25], ""properties"": {""magmom"": 0.036000000000000004}, ""label"": ""Ba"", ""xyz"": [0.788833168265072, 2.54932730990592, 1.40290242]}, {""species"": [{""element"": ""Fe"", ""occu"": 1.0}], ""abc"": [0.66662698, 0.33330013000000003, 0.25], ""properties"": {""magmom"": 1.758}, ""label"": ""Fe"", ""xyz"": [4.060931814709006, 2.3443201194747525, 1.40290242]}, {""species"": [{""element"": ""Fe"", ""occu"": 1.0}], ""abc"": [0.333395999999999, 0.66671617, 0.75], ""properties"": {""magmom"": 1.597999999999999}, ""label"": ""Fe"", ""xyz"": [6.140571800594685e-05, 4.689687611432158, 4.20870726]}, {""species"": [{""element"": ""N"", ""occu"": 1.0}], ""abc"": [0.55225623, 0.870294199999999, 0.75], ""properties"": {""magmom"": 0.073}, ""label"": ""N"", ""xyz"": [0.9508953270274132, 6.121630161196207, 4.20870726]}, {""species"": [{""element"": ""N"", ""occu"": 1.0}], ""abc"": [0.68312611, 0.5538425100000001, 0.25], ""properties"": {""magmom"": 0.061}, ""label"": ""N"", ""xyz"": [3.2991880901588284, 3.8956389943609433, 1.40290242]}, {""species"": [{""element"": ""N"", ""occu"": 1.0}], ""abc"": [0.87070413, 0.31685267, 0.25], ""properties"": {""magmom"": 0.061}, ""label"": ""N"", ""xyz"": [5.78534864439913, 2.228579265045687, 1.40290242]}, {""species"": [{""element"": ""N"", ""occu"": 1.0}], ""abc"": [0.12971881, 0.68196533, 0.75], ""properties"": {""magmom"": 0.073}, ""label"": ""N"", ""xyz"": [-1.716239724680579, 4.796999380859278, 4.20870726]}, {""species"": [{""element"": ""N"", ""occu"": 1.0}], ""abc"": [0.31805408, 0.44776232, 0.75], ""properties"": {""magmom"": 0.073}, ""label"": ""N"", ""xyz"": [0.7647525581903083, 3.1495423868210852, 4.20870726]}, {""species"": [{""element"": ""N"", ""occu"": 1.0}], ""abc"": [0.44613177, 0.12928195, 0.25], ""properties"": {""magmom"": 0.061}, ""label"": ""N"", ""xyz"": [3.0986055113061726, 0.9092818789676805, 1.40290242]}]}",0.0,0.0,31.23,0.012515878048203002
180,mp-2137,Mg2Ni,"{""@module"": ""pymatgen.core.structure"", ""@class"": ""Structure"", ""charge"": 0, ""lattice"": {""matrix"": [[5.15114353, 0.0, 0.0], [-2.57557177, 4.46102158, 0.0], [0.0, -0.0, 13.07114086]], ""pbc"": [true, true, true], ""a"": 5.15114353, ""b"": 5.151143900110598, ""c"": 13.07114086, ""alpha"": 90.0, ""beta"": 90.0, ""gamma"": 119.99999768743358, ""volume"": 300.36648344396997}, ""properties"": {}, ""sites"": [{""species"": [{""element"": ""Mg"", ""occu"": 1.0}], ""abc"": [0.5, -0.0, 0.11605652], ""properties"": {""magmom"": 0.0}, ""label"": ""Mg"", ""xyz"": [2.575571765, 0.0, 1.516991120641407]}, {""species"": [{""element"": ""Mg"", ""occu"": 1.0}], ""abc"": [0.5, 0.5, 0.44939052], ""properties"": {""magmom"": 0.0}, ""label"": ""Mg"", ""xyz"": [1.28778588, 2.23051079, 5.8740467880686476]}, {""species"": [{""element"": ""Mg"", ""occu"": 1.0}], ""abc"": [-0.0, 0.5, 0.78272352], ""properties"": {""magmom"": 0.0}, ""label"": ""Mg"", ""xyz"": [-1.287785885, 2.23051079, 10.231089384355027]}, {""species"": [{""element"": ""Mg"", ""occu"": 1.0}], ""abc"": [0.5, -0.0, 0.88394348], ""properties"": {""magmom"": 0.0}, ""label"": ""Mg"", ""xyz"": [2.575571765, 0.0, 11.554149739358593]}, {""species"": [{""element"": ""Mg"", ""occu"": 1.0}], ""abc"": [0.5, 0.5, 0.21727648], ""properties"": {""magmom"": 0.0}, ""label"": ""Mg"", ""xyz"": [1.28778588, 2.23051079, 2.8400514756449726]}, {""species"": [{""element"": ""Mg"", ""occu"": 1.0}], ""abc"": [-0.0, 0.5, 0.55060948], ""properties"": {""magmom"": 0.0}, ""label"": ""Mg"", ""xyz"": [-1.287785885, 2.23051079, 7.197094071931352]}, {""species"": [{""element"": ""Mg"", ""occu"": 1.0}], ""abc"": [0.16426222000000001, 0.32852743, 0.0], ""properties"": {""magmom"": -0.0}, ""label"": ""Mg"", ""xyz"": [-7.702602214387788e-06, 1.4655679548519394, 0.0]}, {""species"": [{""element"": ""Mg"", ""occu"": 1.0}], ""abc"": [0.83573778, 0.16426222000000001, 0.333333], ""properties"": {""magmom"": -0.0}, ""label"": ""Mg"", ""xyz"": [3.8819361215140336, 0.7327773081987076, 4.35704259628638]}, {""species"": [{""element"": ""Mg"", ""occu"": 1.0}], ""abc"": [0.32852743, 0.16426222000000001, 0.666667], ""properties"": {""magmom"": -0.0}, ""label"": ""Mg"", ""xyz"": [1.2692228087624984, 0.7327773081987076, 8.71409826371362]}, {""species"": [{""element"": ""Mg"", ""occu"": 1.0}], ""abc"": [0.67147257, 0.83573778, 0.666667], ""properties"": {""magmom"": -0.0}, ""label"": ""Mg"", ""xyz"": [1.3063489512375015, 3.7282442718012923, 8.71409826371362]}, {""species"": [{""element"": ""Mg"", ""occu"": 1.0}], ""abc"": [0.16426222000000001, 0.83573778, 0.333333], ""properties"": {""magmom"": -0.0}, ""label"": ""Mg"", ""xyz"": [-1.3063643615140337, 3.7282442718012923, 4.35704259628638]}, {""species"": [{""element"": ""Mg"", ""occu"": 1.0}], ""abc"": [0.83573778, 0.67147257, 0.0], ""properties"": {""magmom"": -0.0}, ""label"": ""Mg"", ""xyz"": [2.575579462602214, 2.995453625148061, 0.0]}, {""species"": [{""element"": ""Ni"", ""occu"": 1.0}], ""abc"": [-0.0, -0.0, 0.166666999999999], ""properties"": {""magmom"": -0.0}, ""label"": ""Ni"", ""xyz"": [0.0, 0.0, 2.178527833713607]}, {""species"": [{""element"": ""Ni"", ""occu"": 1.0}], ""abc"": [-0.0, -0.0, 0.5], ""properties"": {""magmom"": -0.0}, ""label"": ""Ni"", ""xyz"": [0.0, 0.0, 6.53557043]}, {""species"": [{""element"": ""Ni"", ""occu"": 1.0}], ""abc"": [-0.0, -0.0, 0.833333], ""properties"": {""magmom"": -0.0}, ""label"": ""Ni"", ""xyz"": [0.0, 0.0, 10.89261302628638]}, {""species"": [{""element"": ""Ni"", ""occu"": 1.0}], ""abc"": [-0.0, 0.5, 0.166666999999999], ""properties"": {""magmom"": -0.0}, ""label"": ""Ni"", ""xyz"": [-1.287785885, 2.23051079, 2.178527833713607]}, {""species"": [{""element"": ""Ni"", ""occu"": 1.0}], ""abc"": [0.5, -0.0, 0.5], ""properties"": {""magmom"": -0.0}, ""label"": ""Ni"", ""xyz"": [2.575571765, 0.0, 6.53557043]}, {""species"": [{""element"": ""Ni"", ""occu"": 1.0}], ""abc"": [0.5, 0.5, 0.833333], ""properties"": {""magmom"": -0.0}, ""label"": ""Ni"", ""xyz"": [1.28778588, 2.23051079, 10.89261302628638]}]}",0.0,0.0,71.061,1.6646331317231324e-09
181,mp-571428,MgNi3B2,"{""@module"": ""pymatgen.core.structure"", ""@class"": ""Structure"", ""charge"": 0, ""lattice"": {""matrix"": [[4.84395227, -0.0, 0.0], [-2.42197614, 4.19498486, 0.0], [0.0, 0.0, 8.69414151]], ""pbc"": [true, true, true], ""a"": 4.84395227, ""b"": 4.843951527251126, ""c"": 8.69414151, ""alpha"": 90.0, ""beta"": 90.0, ""gamma"": 120.00000514058262, ""volume"": 176.66761967430227}, ""properties"": {}, ""sites"": [{""species"": [{""element"": ""Mg"", ""occu"": 1.0}], ""abc"": [0.0, -0.0, 0.666667], ""properties"": {""magmom"": 0.0}, ""label"": ""Mg"", ""xyz"": [0.0, 0.0, 5.79609723804717]}, {""species"": [{""element"": ""Mg"", ""occu"": 1.0}], ""abc"": [0.0, -0.0, -0.0], ""properties"": {""magmom"": 0.0}, ""label"": ""Mg"", ""xyz"": [0.0, 0.0, 0.0]}, {""species"": [{""element"": ""Mg"", ""occu"": 1.0}], ""abc"": [0.0, -0.0, 0.333333], ""properties"": {""magmom"": 0.0}, ""label"": ""Mg"", ""xyz"": [0.0, 0.0, 2.8980442719528297]}, {""species"": [{""element"": ""Ni"", ""occu"": 1.0}], ""abc"": [0.5, -0.0, 0.792403699999999], ""properties"": {""magmom"": 0.0}, ""label"": ""Ni"", ""xyz"": [2.421976135, 0.0, 6.889269900847578]}, {""species"": [{""element"": ""Ni"", ""occu"": 1.0}], ""abc"": [0.5, 0.5, 0.8742633], ""properties"": {""magmom"": 0.0}, ""label"": ""Ni"", ""xyz"": [1.210988065, 2.09749243, 7.600968847199582]}, {""species"": [{""element"": ""Ni"", ""occu"": 1.0}], ""abc"": [0.5, 0.5, 0.4590707], ""properties"": {""magmom"": 0.0}, ""label"": ""Ni"", ""xyz"": [1.210988065, 2.09749243, 3.9912256288947567]}, {""species"": [{""element"": ""Ni"", ""occu"": 1.0}], ""abc"": [0.0, 0.5, 0.833333], ""properties"": {""magmom"": 0.0}, ""label"": ""Ni"", ""xyz"": [-1.21098807, 2.09749243, 7.2451150269528295]}, {""species"": [{""element"": ""Ni"", ""occu"": 1.0}], ""abc"": [0.0, 0.5, 0.1257367], ""properties"": {""magmom"": 0.0}, ""label"": ""Ni"", ""xyz"": [-1.21098807, 2.09749243, 1.093172662800417]}, {""species"": [{""element"": ""Ni"", ""occu"": 1.0}], ""abc"": [0.5, 0.5, 0.166666999999999], ""properties"": {""magmom"": 0.0}, ""label"": ""Ni"", ""xyz"": [1.210988065, 2.09749243, 1.4490264830471613]}, {""species"": [{""element"": ""Ni"", ""occu"": 1.0}], ""abc"": [0.5, -0.0, 0.207596299999999], ""properties"": {""magmom"": 0.0}, ""label"": ""Ni"", ""xyz"": [2.421976135, 0.0, 1.8048716091524044]}, {""species"": [{""element"": ""Ni"", ""occu"": 1.0}], ""abc"": [0.0, 0.5, 0.5409293], ""properties"": {""magmom"": 0.0}, ""label"": ""Ni"", ""xyz"": [-1.21098807, 2.09749243, 4.702915881105242]}, {""species"": [{""element"": ""Ni"", ""occu"": 1.0}], ""abc"": [0.5, -0.0, 0.5], ""properties"": {""magmom"": 0.0}, ""label"": ""Ni"", ""xyz"": [2.421976135, 0.0, 4.347070755]}, {""species"": [{""element"": ""B"", ""occu"": 1.0}], ""abc"": [0.61334247, 0.22668194, -0.0], ""properties"": {""magmom"": -0.0}, ""label"": ""B"", ""xyz"": [2.4219833997949953, 0.9509273063354283, 0.0]}, {""species"": [{""element"": ""B"", ""occu"": 1.0}], ""abc"": [0.77331806, 0.38665753, 0.333333], ""properties"": {""magmom"": -0.0}, ""label"": ""B"", ""xyz"": [2.809440460157662, 1.622022484354996, 2.8980442719528297]}, {""species"": [{""element"": ""B"", ""occu"": 1.0}], ""abc"": [0.22668194, 0.61334247, 0.333333], ""properties"": {""magmom"": -0.0}, ""label"": ""B"", ""xyz"": [-0.3874643301576619, 2.572962375645004, 2.8980442719528297]}, {""species"": [{""element"": ""B"", ""occu"": 1.0}], ""abc"": [0.61334247, 0.38665753, 0.666667], ""properties"": {""magmom"": -0.0}, ""label"": ""B"", ""xyz"": [2.0345263378325726, 1.622022484354996, 5.79609723804717]}, {""species"": [{""element"": ""B"", ""occu"": 1.0}], ""abc"": [0.38665753, 0.61334247, 0.666667], ""properties"": {""magmom"": -0.0}, ""label"": ""B"", ""xyz"": [0.3874497921674276, 2.572962375645004, 5.79609723804717]}, {""species"": [{""element"": ""B"", ""occu"": 1.0}], ""abc"": [0.38665753, 0.77331806, -0.0], ""properties"": {""magmom"": -0.0}, ""label"": ""B"", ""xyz"": [-7.269794995101719e-06, 3.2440575536645717, 0.0]}]}",0.0,0.0,191.72,2.8301734122063852e-09
182,mp-568607,Al5Mo,"{""@module"": ""pymatgen.core.structure"", ""@class"": ""Structure"", ""charge"": 0, ""lattice"": {""matrix"": [[4.86761236, -0.0, 0.0], [-2.43380568, 4.21547627, -0.0], [0.0, 0.0, 8.83122849]], ""pbc"": [true, true, true], ""a"": 4.86761236, ""b"": 4.867612378870505, ""c"": 8.83122849, ""alpha"": 90.0, ""beta"": 90.0, ""gamma"": 119.99999307587352, ""volume"": 181.2106655693311}, ""properties"": {}, ""sites"": [{""species"": [{""element"": ""Al"", ""occu"": 1.0}], ""abc"": [0.66265423, -0.0, 0.25], ""properties"": {""magmom"": -0.0}, ""label"": ""Al"", ""xyz"": [3.2255439203542826, 0.0, 2.2078071225]}, {""species"": [{""element"": ""Al"", ""occu"": 1.0}], ""abc"": [-0.0, 0.66265423, 0.25], ""properties"": {""magmom"": -0.0}, ""label"": ""Al"", ""xyz"": [-1.6127716288500262, 2.793403181780122, 2.2078071225]}, {""species"": [{""element"": ""Al"", ""occu"": 1.0}], ""abc"": [0.66265423, 0.66265423, 0.75], ""properties"": {""magmom"": -0.0}, ""label"": ""Al"", ""xyz"": [1.6127722915042564, 2.793403181780122, 6.623421367500001]}, {""species"": [{""element"": ""Al"", ""occu"": 1.0}], ""abc"": [0.0, -0.0, 0.0], ""properties"": {""magmom"": -0.0}, ""label"": ""Al"", ""xyz"": [0.0, 0.0, 0.0]}, {""species"": [{""element"": ""Al"", ""occu"": 1.0}], ""abc"": [0.33734577, 0.0, 0.75], ""properties"": {""magmom"": -0.0}, ""label"": ""Al"", ""xyz"": [1.642068439645717, 0.0, 6.623421367500001]}, {""species"": [{""element"": ""Al"", ""occu"": 1.0}], ""abc"": [0.666667, 0.333333, 0.5], ""properties"": {""magmom"": 0.0}, ""label"": ""Al"", ""xyz"": [2.4338087804726802, 1.4051573515079099, 4.415614245]}, {""species"": [{""element"": ""Al"", ""occu"": 1.0}], ""abc"": [0.33734577, 0.33734577, 0.25], ""properties"": {""magmom"": -0.0}, ""label"": ""Al"", ""xyz"": [0.8210343884957435, 1.4220730882198778, 2.2078071225]}, {""species"": [{""element"": ""Al"", ""occu"": 1.0}], ""abc"": [0.0, -0.0, 0.5], ""properties"": {""magmom"": -0.0}, ""label"": ""Al"", ""xyz"": [0.0, 0.0, 4.415614245]}, {""species"": [{""element"": ""Al"", ""occu"": 1.0}], ""abc"": [0.333333, 0.666667, 0.0], ""properties"": {""magmom"": 0.0}, ""label"": ""Al"", ""xyz"": [-2.100472680011123e-06, 2.81031891849209, 0.0]}, {""species"": [{""element"": ""Al"", ""occu"": 1.0}], ""abc"": [0.0, 0.33734577, 0.75], ""properties"": {""magmom"": -0.0}, ""label"": ""Al"", ""xyz"": [-0.8210340511499735, 1.4220730882198778, 6.623421367500001]}, {""species"": [{""element"": ""Mo"", ""occu"": 1.0}], ""abc"": [0.333333, 0.666667, 0.5], ""properties"": {""magmom"": 0.0}, ""label"": ""Mo"", ""xyz"": [-2.100472680011123e-06, 2.81031891849209, 4.415614245]}, {""species"": [{""element"": ""Mo"", ""occu"": 1.0}], ""abc"": [0.666667, 0.333333, -0.0], ""properties"": {""magmom"": 0.0}, ""label"": ""Mo"", ""xyz"": [2.4338087804726802, 1.4051573515079099, 0.0]}]}",0.0,0.0,119.966,0.0
186,mp-31160,CaZnSn,"{""@module"": ""pymatgen.core.structure"", ""@class"": ""Structure"", ""charge"": 0, ""lattice"": {""matrix"": [[4.65142663, -0.0, -0.0], [-2.32571332, 4.02825374, 0.0], [0.0, 0.0, 7.57786106]], ""pbc"": [true, true, true], ""a"": 4.65142663, ""b"": 4.651426731729676, ""c"": 7.57786106, ""alpha"": 90.0, ""beta"": 90.0, ""gamma"": 119.99999934764249, ""volume"": 141.98734293741532}, ""properties"": {}, ""sites"": [{""species"": [{""element"": ""Ca"", ""occu"": 1.0}], ""abc"": [0.0, 0.0, 0.24486757], ""properties"": {""magmom"": -0.0}, ""label"": ""Ca"", ""xyz"": [0.0, 0.0, 1.8555724235598243]}, {""species"": [{""element"": ""Ca"", ""occu"": 1.0}], ""abc"": [0.0, 0.0, 0.74486757], ""properties"": {""magmom"": -0.0}, ""label"": ""Ca"", ""xyz"": [0.0, 0.0, 5.644502953559824]}, {""species"": [{""element"": ""Zn"", ""occu"": 1.0}], ""abc"": [0.333333, 0.666667, 0.056508499999999004], ""properties"": {""magmom"": -0.0}, ""label"": ""Zn"", ""xyz"": [-2.3290466504288787e-06, 2.68550383608458, 0.42821356170900243]}, {""species"": [{""element"": ""Zn"", ""occu"": 1.0}], ""abc"": [0.666667, 0.333333, 0.5565085], ""properties"": {""magmom"": -0.0}, ""label"": ""Zn"", ""xyz"": [2.3257156390466496, 1.34274990391542, 4.2171440917090095]}, {""species"": [{""element"": ""Sn"", ""occu"": 1.0}], ""abc"": [0.333333, 0.666667, 0.46442493], ""properties"": {""magmom"": 0.0}, ""label"": ""Sn"", ""xyz"": [-2.3290466504288787e-06, 2.68550383608458, 3.519347592340226]}, {""species"": [{""element"": ""Sn"", ""occu"": 1.0}], ""abc"": [0.666667, 0.333333, 0.9644249300000001], ""properties"": {""magmom"": 0.0}, ""label"": ""Sn"", ""xyz"": [2.3257156390466496, 1.34274990391542, 7.3082781223402264]}]}",0.0,0.0,46.54,7.042881283022364e-10
187,mp-568809,Ba5Al5Pb,"{""@module"": ""pymatgen.core.structure"", ""@class"": ""Structure"", ""charge"": 0, ""lattice"": {""matrix"": [[6.09149382, -1e-08, -0.0], [-3.04574742, 5.27538784, 0.0], [0.0, 0.0, 11.32119369]], ""pbc"": [true, true, true], ""a"": 6.09149382, ""b"": 6.09149359425556, ""c"": 11.32119369, ""alpha"": 90.0, ""beta"": 90.0, ""gamma"": 120.00000685904908, ""volume"": 363.80647313053623}, ""properties"": {}, ""sites"": [{""species"": [{""element"": ""Ba"", ""occu"": 1.0}], ""abc"": [0.666667, 0.333333, 0.20182574], ""properties"": {""magmom"": -0.0}, ""label"": ""Ba"", ""xyz"": [3.0457497857470806, 1.7584608482040498, 2.2849082941675807]}, {""species"": [{""element"": ""Ba"", ""occu"": 1.0}], ""abc"": [0.666667, 0.333333, 0.79817426], ""properties"": {""magmom"": -0.0}, ""label"": ""Ba"", ""xyz"": [3.0457497857470806, 1.7584608482040498, 9.036285395832419]}, {""species"": [{""element"": ""Ba"", ""occu"": 1.0}], ""abc"": [0.0, 0.0, 0.32880606], ""properties"": {""magmom"": -0.0}, ""label"": ""Ba"", ""xyz"": [0.0, 0.0, 3.7224770917057612]}, {""species"": [{""element"": ""Ba"", ""occu"": 1.0}], ""abc"": [0.0, 0.0, 0.67119394], ""properties"": {""magmom"": -0.0}, ""label"": ""Ba"", ""xyz"": [0.0, 0.0, 7.598716598294238]}, {""species"": [{""element"": ""Ba"", ""occu"": 1.0}], ""abc"": [0.333333, 0.666667, 0.0], ""properties"": {""magmom"": -0.0}, ""label"": ""Ba"", ""xyz"": [-3.385747080031365e-06, 3.5169269817959496, 0.0]}, {""species"": [{""element"": ""Al"", ""occu"": 1.0}], ""abc"": [0.333333, 0.666667, 0.32589576000000003], ""properties"": {""magmom"": -0.0}, ""label"": ""Al"", ""xyz"": [-3.385747080031365e-06, 3.5169269817959496, 3.6895290217097547]}, {""species"": [{""element"": ""Al"", ""occu"": 1.0}], ""abc"": [0.51051721, 0.02103342, 0.5], ""properties"": {""magmom"": 0.0}, ""label"": ""Al"", ""xyz"": [3.045749945019866, 0.11095944299644069, 5.660596845]}, {""species"": [{""element"": ""Al"", ""occu"": 1.0}], ""abc"": [0.51051721, 0.48948279, 0.5], ""properties"": {""magmom"": 0.0}, ""label"": ""Al"", ""xyz"": [1.618971484941741, 2.5822115531501013, 5.660596845]}, {""species"": [{""element"": ""Al"", ""occu"": 1.0}], ""abc"": [0.333333, 0.666667, 0.67410424], ""properties"": {""magmom"": -0.0}, ""label"": ""Al"", ""xyz"": [-3.385747080031365e-06, 3.5169269817959496, 7.631664668290245]}, {""species"": [{""element"": ""Al"", ""occu"": 1.0}], ""abc"": [0.97896658, 0.48948279, 0.5], ""properties"": {""magmom"": 0.0}, ""label"": ""Al"", ""xyz"": [4.472527927279635, 2.5822115484656076, 5.660596845]}, {""species"": [{""element"": ""Pb"", ""occu"": 1.0}], ""abc"": [0.0, 0.0, 0.0], ""properties"": {""magmom"": -0.0}, ""label"": ""Pb"", ""xyz"": [0.0, 0.0, 0.0]}]}",0.0,0.0,28.583,2.473842733625781e-09
189,mp-888,CaAs,"{""@module"": ""pymatgen.core.structure"", ""@class"": ""Structure"", ""charge"": 0, ""lattice"": {""matrix"": [[7.86585186, 0.0, 0.0], [-3.93292543, 6.8120278, -0.0], [0.0, -0.0, 5.9534748]], ""pbc"": [true, true, true], ""a"": 7.86585186, ""b"": 7.865851841085842, ""c"": 5.9534748, ""alpha"": 90.0, ""beta"": 90.0, ""gamma"": 119.99999587405684, ""volume"": 319.00147729783487}, ""properties"": {}, ""sites"": [{""species"": [{""element"": ""Ca"", ""occu"": 1.0}], ""abc"": [0.31387647, -0.0, 0.0], ""properties"": {""magmom"": 0.0}, ""label"": ""Ca"", ""xyz"": [2.4689058153597343, 0.0, 0.0]}, {""species"": [{""element"": ""Ca"", ""occu"": 1.0}], ""abc"": [0.68612353, 0.68612353, 0.0], ""properties"": {""magmom"": 0.0}, ""label"": ""Ca"", ""xyz"": [2.6984733653818984, 4.673892560594134, 0.0]}, {""species"": [{""element"": ""Ca"", ""occu"": 1.0}], ""abc"": [-0.0, 0.31387647, 0.0], ""properties"": {""magmom"": 0.0}, ""label"": ""Ca"", ""xyz"": [-1.2344527507416323, 2.1381352394058664, 0.0]}, {""species"": [{""element"": ""Ca"", ""occu"": 1.0}], ""abc"": [0.64835885, -0.0, 0.5], ""properties"": {""magmom"": -0.0}, ""label"": ""Ca"", ""xyz"": [5.099894666219962, 0.0, 2.9767374]}, {""species"": [{""element"": ""Ca"", ""occu"": 1.0}], ""abc"": [0.35164115, 0.35164115, 0.5], ""properties"": {""magmom"": -0.0}, ""label"": ""Ca"", ""xyz"": [1.3829787727105949, 2.3953892894239703, 2.9767374]}, {""species"": [{""element"": ""Ca"", ""occu"": 1.0}], ""abc"": [-0.0, 0.64835885, 0.5], ""properties"": {""magmom"": -0.0}, ""label"": ""Ca"", ""xyz"": [-2.549947008930556, 4.41663851057603, 2.9767374]}, {""species"": [{""element"": ""As"", ""occu"": 1.0}], ""abc"": [0.0, 0.0, 0.29073642], ""properties"": {""magmom"": -0.0}, ""label"": ""As"", ""xyz"": [0.0, 0.0, 1.7308919499122162]}, {""species"": [{""element"": ""As"", ""occu"": 1.0}], ""abc"": [0.0, 0.0, 0.70926358], ""properties"": {""magmom"": -0.0}, ""label"": ""As"", ""xyz"": [0.0, 0.0, 4.222582850087784]}, {""species"": [{""element"": ""As"", ""occu"": 1.0}], ""abc"": [0.333333, 0.666667, 0.21359633], ""properties"": {""magmom"": -0.0}, ""label"": ""As"", ""xyz"": [-3.5995924299037085e-06, 4.5413541373426005, 1.2716403680274841]}, {""species"": [{""element"": ""As"", ""occu"": 1.0}], ""abc"": [0.333333, 0.666667, 0.78640367], ""properties"": {""magmom"": -0.0}, ""label"": ""As"", ""xyz"": [-3.5995924299037085e-06, 4.5413541373426005, 4.681834431972517]}, {""species"": [{""element"": ""As"", ""occu"": 1.0}], ""abc"": [0.666667, 0.333333, 0.78640367], ""properties"": {""magmom"": -0.0}, ""label"": ""As"", ""xyz"": [3.9329300295924305, 2.2706736626574, 4.681834431972517]}, {""species"": [{""element"": ""As"", ""occu"": 1.0}], ""abc"": [0.666667, 0.333333, 0.21359633], ""properties"": {""magmom"": -0.0}, ""label"": ""As"", ""xyz"": [3.9329300295924305, 2.2706736626574, 1.2716403680274841]}]}",0.0,0.0,46.134,0.0
190,mp-571619,HfAlPt,"{""@module"": ""pymatgen.core.structure"", ""@class"": ""Structure"", ""charge"": 0, ""lattice"": {""matrix"": [[7.10596791, -0.0, 0.0], [-3.5529844600000002, 6.15394824, 0.0], [0.0, -0.0, 7.10873464]], ""pbc"": [true, true, true], ""a"": 7.10596791, ""b"": 7.105967739414568, ""c"": 7.10873464, ""alpha"": 90.0, ""beta"": 90.0, ""gamma"": 120.00000549586689, ""volume"": 310.86325056365797}, ""properties"": {}, ""sites"": [{""species"": [{""element"": ""Hf"", ""occu"": 1.0}], ""abc"": [0.41289766, 0.39199233, 0.25], ""properties"": {""magmom"": -0.0}, ""label"": ""Hf"", ""xyz"": [1.5412948651448988, 2.4123005092969994, 1.77718366]}, {""species"": [{""element"": ""Hf"", ""occu"": 1.0}], ""abc"": [0.39199233, 0.41289766, 0.75], ""properties"": {""magmom"": -0.0}, ""label"": ""Hf"", ""xyz"": [1.3184659483957668, 2.5409508280571185, 5.331550979999999]}, {""species"": [{""element"": ""Hf"", ""occu"": 1.0}], ""abc"": [0.60800767, 0.020907330000000002, 0.25], ""properties"": {""magmom"": -0.0}, ""label"": ""Hf"", ""xyz"": [4.2461995734637785, 0.12866262665659922, 1.77718366]}, {""species"": [{""element"": ""Hf"", ""occu"": 1.0}], ""abc"": [0.020907330000000002, 0.60800767, 0.75], ""properties"": {""magmom"": -0.0}, ""label"": ""Hf"", ""xyz"": [-2.011674987007028, 3.7416477307030007, 5.331550979999999]}, {""species"": [{""element"": ""Hf"", ""occu"": 1.0}], ""abc"": [0.5871023400000001, 0.97909267, 0.75], ""properties"": {""magmom"": -0.0}, ""label"": ""Hf"", ""xyz"": [0.6932293465160013, 6.025285613343401, 5.331550979999999]}, {""species"": [{""element"": ""Hf"", ""occu"": 1.0}], ""abc"": [0.97909267, 0.5871023400000001, 0.25], ""properties"": {""magmom"": -0.0}, ""label"": ""Hf"", ""xyz"": [4.871435603486583, 3.612997411942882, 1.77718366]}, {""species"": [{""element"": ""Al"", ""occu"": 1.0}], ""abc"": [0.0, 0.25987967, -0.0], ""properties"": {""magmom"": -0.0}, ""label"": ""Al"", ""xyz"": [-0.9233484289799283, 1.599286037808281, 0.0]}, {""species"": [{""element"": ""Al"", ""occu"": 1.0}], ""abc"": [0.25987967, 0.0, 0.5], ""properties"": {""magmom"": -0.0}, ""label"": ""Al"", ""xyz"": [1.8466965954813899, 0.0, 3.55436732]}, {""species"": [{""element"": ""Al"", ""occu"": 1.0}], ""abc"": [0.25987967, 0.0, -0.0], ""properties"": {""magmom"": -0.0}, ""label"": ""Al"", ""xyz"": [1.8466965954813899, 0.0, 0.0]}, {""species"": [{""element"": ""Al"", ""occu"": 1.0}], ""abc"": [0.0, 0.25987967, 0.5], ""properties"": {""magmom"": -0.0}, ""label"": ""Al"", ""xyz"": [-0.9233484289799283, 1.599286037808281, 3.55436732]}, {""species"": [{""element"": ""Al"", ""occu"": 1.0}], ""abc"": [0.74012033, 0.74012033, -0.0], ""properties"": {""magmom"": -0.0}, ""label"": ""Al"", ""xyz"": [2.6296352834985384, 4.554662202191719, 0.0]}, {""species"": [{""element"": ""Al"", ""occu"": 1.0}], ""abc"": [0.74012033, 0.74012033, 0.5], ""properties"": {""magmom"": -0.0}, ""label"": ""Al"", ""xyz"": [2.6296352834985384, 4.554662202191719, 3.55436732]}, {""species"": [{""element"": ""Pt"", ""occu"": 1.0}], ""abc"": [0.333333, 0.666667, 0.47023201000000003], ""properties"": {""magmom"": 0.0}, ""label"": ""Pt"", ""xyz"": [-3.889650789901111e-06, 4.10263421131608, 3.3427545783238264]}, {""species"": [{""element"": ""Pt"", ""occu"": 1.0}], ""abc"": [0.666667, 0.333333, 0.52976799], ""properties"": {""magmom"": 0.0}, ""label"": ""Pt"", ""xyz"": [3.5529873396507905, 2.0513140286839198, 3.7659800616761734]}, {""species"": [{""element"": ""Pt"", ""occu"": 1.0}], ""abc"": [0.0, 0.0, 0.25], ""properties"": {""magmom"": 0.0}, ""label"": ""Pt"", ""xyz"": [0.0, 0.0, 1.77718366]}, {""species"": [{""element"": ""Pt"", ""occu"": 1.0}], ""abc"": [0.666667, 0.333333, 0.97023201], ""properties"": {""magmom"": 0.0}, ""label"": ""Pt"", ""xyz"": [3.5529873396507905, 2.0513140286839198, 6.897121898323826]}, {""species"": [{""element"": ""Pt"", ""occu"": 1.0}], ""abc"": [0.333333, 0.666667, 0.02976799], ""properties"": {""magmom"": 0.0}, ""label"": ""Pt"", ""xyz"": [-3.889650789901111e-06, 4.10263421131608, 0.2116127416761736]}, {""species"": [{""element"": ""Pt"", ""occu"": 1.0}], ""abc"": [0.0, 0.0, 0.75], ""properties"": {""magmom"": 0.0}, ""label"": ""Pt"", ""xyz"": [0.0, 0.0, 5.331550979999999]}]}",0.0,0.0,163.496,1.286739424086697e-09
191,mp-1814,BaAg5,"{""@module"": ""pymatgen.core.structure"", ""@class"": ""Structure"", ""charge"": 0, ""lattice"": {""matrix"": [[5.89040616, -0.00028599, -2.069999999999999e-06], [-2.94545169, 5.10105559, -6.2e-06], [-2.09e-06, -7.339999999999997e-06, 4.55902457]], ""pbc"": [true, true, true], ""a"": 5.890406166943033, ""b"": 5.890369580122502, ""c"": 4.559024570006388, ""alpha"": 90.00012705810238, ""beta"": 90.00004639652474, ""gamma"": 120.0057796275972, ""volume"": 136.98248965846517}, ""properties"": {}, ""sites"": [{""species"": [{""element"": ""Ba"", ""occu"": 1.0}], ""abc"": [0.0, 0.0, -0.0], ""properties"": {""magmom"": 0.0}, ""label"": ""Ba"", ""xyz"": [0.0, 0.0, 0.0]}, {""species"": [{""element"": ""Ag"", ""occu"": 1.0}], ""abc"": [0.33333245, 0.66666855, -0.0], ""properties"": {""magmom"": -0.0}, ""label"": ""Ag"", ""xyz"": [-0.00017649045945744568, 3.4006180039073186, -4.8233431815e-06]}, {""species"": [{""element"": ""Ag"", ""occu"": 1.0}], ""abc"": [0.66666755, 0.33333145000000003, 0.0], ""properties"": {""magmom"": -0.0}, ""label"": ""Ag"", ""xyz"": [2.9451309604594575, 1.700151596092681, -3.4466568184999996e-06]}, {""species"": [{""element"": ""Ag"", ""occu"": 1.0}], ""abc"": [0.5, 0.0, 0.5], ""properties"": {""magmom"": 0.0}, ""label"": ""Ag"", ""xyz"": [2.9452020350000003, -0.000146665, 2.27951125]}, {""species"": [{""element"": ""Ag"", ""occu"": 1.0}], ""abc"": [0.5, 0.5, 0.5], ""properties"": {""magmom"": 0.0}, ""label"": ""Ag"", ""xyz"": [1.47247619, 2.55038113, 2.27950815]}, {""species"": [{""element"": ""Ag"", ""occu"": 1.0}], ""abc"": [0.0, 0.5, 0.5], ""properties"": {""magmom"": 0.0}, ""label"": ""Ag"", ""xyz"": [-1.4727268900000001, 2.550524125, 2.279509185]}]}",0.0,0.0,52.275,7.300203131752632e-10
193,mp-10736,Ba3N,"{""@module"": ""pymatgen.core.structure"", ""@class"": ""Structure"", ""charge"": 0, ""lattice"": {""matrix"": [[7.79559149, -2e-08, -0.0], [-3.89779628, 6.75118016, 0.0], [-0.0, 0.0, 7.11102095]], ""pbc"": [true, true, true], ""a"": 7.79559149, ""b"": 7.795591664085508, ""c"": 7.11102095, ""alpha"": 90.0, ""beta"": 90.0, ""gamma"": 120.0000039487098, ""volume"": 374.2490683806517}, ""properties"": {}, ""sites"": [{""species"": [{""element"": ""Ba"", ""occu"": 1.0}], ""abc"": [-0.0, 0.73069501, 0.75], ""properties"": {""magmom"": 0.018000000000000002}, ""label"": ""Ba"", ""xyz"": [-2.848100291792563, 4.933053654523001, 5.3332657125]}, {""species"": [{""element"": ""Ba"", ""occu"": 1.0}], ""abc"": [0.0, 0.26930499, 0.25], ""properties"": {""magmom"": 0.018000000000000002}, ""label"": ""Ba"", ""xyz"": [-1.0496959882074373, 1.8181265054769984, 1.7777552375]}, {""species"": [{""element"": ""Ba"", ""occu"": 1.0}], ""abc"": [0.73069501, 0.73069501, 0.25], ""properties"": {""magmom"": 0.018000000000000002}, ""label"": ""Ba"", ""xyz"": [2.848099509948902, 4.933053639909101, 1.7777552375]}, {""species"": [{""element"": ""Ba"", ""occu"": 1.0}], ""abc"": [0.73069501, -0.0, 0.75], ""properties"": {""magmom"": 0.018000000000000002}, ""label"": ""Ba"", ""xyz"": [5.696199801741465, -1.46139002e-08, 5.3332657125]}, {""species"": [{""element"": ""Ba"", ""occu"": 1.0}], ""abc"": [0.26930499, 0.26930499, 0.75], ""properties"": {""magmom"": 0.018000000000000002}, ""label"": ""Ba"", ""xyz"": [1.049695700051098, 1.8181265000908986, 5.3332657125]}, {""species"": [{""element"": ""Ba"", ""occu"": 1.0}], ""abc"": [0.26930499, 0.0, 0.25], ""properties"": {""magmom"": 0.018000000000000002}, ""label"": ""Ba"", ""xyz"": [2.0993916882585353, -5.386099800000001e-09, 1.7777552375]}, {""species"": [{""element"": ""N"", ""occu"": 1.0}], ""abc"": [0.0, -0.0, 0.5], ""properties"": {""magmom"": -0.007}, ""label"": ""N"", ""xyz"": [0.0, 0.0, 3.555510475]}, {""species"": [{""element"": ""N"", ""occu"": 1.0}], ""abc"": [0.0, -0.0, 0.0], ""properties"": {""magmom"": -0.007}, ""label"": ""N"", ""xyz"": [0.0, 0.0, 0.0]}]}",0.0,0.0,12.544,0.000643441815478
194,mp-8566,Ag,"{""@module"": ""pymatgen.core.structure"", ""@class"": ""Structure"", ""charge"": 0, ""lattice"": {""matrix"": [[2.911131789999999, 2e-08, 0.0], [-1.45556486, 2.52111395, 0.0], [-0.0, 0.0, 9.46370874]], ""pbc"": [true, true, true], ""a"": 2.911131789999999, ""b"": 2.911131156535449, ""c"": 9.46370874, ""alpha"": 90.0, ""beta"": 90.0, ""gamma"": 119.9999832827451, ""volume"": 69.4569501912169}, ""properties"": {}, ""sites"": [{""species"": [{""element"": ""Ag"", ""occu"": 1.0}], ""abc"": [-0.0, -0.0, 0.0], ""properties"": {""magmom"": 0.0}, ""label"": ""Ag"", ""xyz"": [0.0, 0.0, 0.0]}, {""species"": [{""element"": ""Ag"", ""occu"": 1.0}], ""abc"": [-0.0, -0.0, 0.5], ""properties"": {""magmom"": 0.0}, ""label"": ""Ag"", ""xyz"": [0.0, 0.0, 4.73185437]}, {""species"": [{""element"": ""Ag"", ""occu"": 1.0}], ""abc"": [0.333333, 0.666667, 0.25], ""properties"": {""magmom"": 0.0}, ""label"": ""Ag"", ""xyz"": [-7.65565550397973e-07, 1.68074348037131, 2.365927185]}, {""species"": [{""element"": ""Ag"", ""occu"": 1.0}], ""abc"": [0.666667, 0.333333, 0.75], ""properties"": {""magmom"": 0.0}, ""label"": ""Ag"", ""xyz"": [1.4555676955655494, 0.84037048962869, 7.097781554999999]}]}",0.0,0.0,88.449,1.727688873030512e-07
198,mp-1490,AlAu4,"{""@module"": ""pymatgen.core.structure"", ""@class"": ""Structure"", ""charge"": 0, ""lattice"": {""matrix"": [[6.97826608, -0.0, -0.0], [0.0, 6.97826608, 0.0], [0.0, 0.0, 6.97826608]], ""pbc"": [true, true, true], ""a"": 6.97826608, ""b"": 6.97826608, ""c"": 6.97826608, ""alpha"": 90.0, ""beta"": 90.0, ""gamma"": 90.0, ""volume"": 339.8150231225442}, ""properties"": {}, ""sites"": [{""species"": [{""element"": ""Al"", ""occu"": 1.0}], ""abc"": [0.06384002, 0.06384002, 0.06384002], ""properties"": {""magmom"": 0.0}, ""label"": ""Al"", ""xyz"": [0.4454926461125216, 0.4454926461125216, 0.4454926461125216]}, {""species"": [{""element"": ""Al"", ""occu"": 1.0}], ""abc"": [0.43615998, 0.93615998, 0.56384002], ""properties"": {""magmom"": 0.0}, ""label"": ""Al"", ""xyz"": [3.0436403938874785, 6.5327734338874786, 3.9346256861125215]}, {""species"": [{""element"": ""Al"", ""occu"": 1.0}], ""abc"": [0.56384002, 0.43615998, 0.93615998], ""properties"": {""magmom"": 0.0}, ""label"": ""Al"", ""xyz"": [3.9346256861125215, 3.0436403938874785, 6.5327734338874786]}, {""species"": [{""element"": ""Al"", ""occu"": 1.0}], ""abc"": [0.93615998, 0.56384002, 0.43615998], ""properties"": {""magmom"": 0.0}, ""label"": ""Al"", ""xyz"": [6.5327734338874786, 3.9346256861125215, 3.0436403938874785]}, {""species"": [{""element"": ""Au"", ""occu"": 1.0}], ""abc"": [0.68242053, 0.68242053, 0.68242053], ""properties"": {""magmom"": 0.0}, ""label"": ""Au"", ""xyz"": [4.762112036794623, 4.762112036794623, 4.762112036794623]}, {""species"": [{""element"": ""Au"", ""occu"": 1.0}], ""abc"": [0.81757947, 0.31757947000000003, 0.18242053], ""properties"": {""magmom"": 0.0}, ""label"": ""Au"", ""xyz"": [5.705287083205377, 2.216154043205378, 1.2729789967946223]}, {""species"": [{""element"": ""Au"", ""occu"": 1.0}], ""abc"": [0.18242053, 0.81757947, 0.31757947000000003], ""properties"": {""magmom"": 0.0}, ""label"": ""Au"", ""xyz"": [1.2729789967946223, 5.705287083205377, 2.216154043205378]}, {""species"": [{""element"": ""Au"", ""occu"": 1.0}], ""abc"": [0.31757947000000003, 0.18242053, 0.81757947], ""properties"": {""magmom"": 0.0}, ""label"": ""Au"", ""xyz"": [2.216154043205378, 1.2729789967946223, 5.705287083205377]}, {""species"": [{""element"": ""Au"", ""occu"": 1.0}], ""abc"": [0.78460692, 0.94867446, 0.38714184], ""properties"": {""magmom"": -0.0}, ""label"": ""Au"", ""xyz"": [5.4751958559692735, 6.620102805180317, 2.701578770220787]}, {""species"": [{""element"": ""Au"", ""occu"": 1.0}], ""abc"": [0.38714184, 0.78460692, 0.94867446], ""properties"": {""magmom"": -0.0}, ""label"": ""Au"", ""xyz"": [2.701578770220787, 5.4751958559692735, 6.620102805180317]}, {""species"": [{""element"": ""Au"", ""occu"": 1.0}], ""abc"": [0.94867446, 0.38714184, 0.78460692], ""properties"": {""magmom"": -0.0}, ""label"": ""Au"", ""xyz"": [6.620102805180317, 2.701578770220787, 5.4751958559692735]}, {""species"": [{""element"": ""Au"", ""occu"": 1.0}], ""abc"": [0.55132554, 0.61285816, 0.28460692], ""properties"": {""magmom"": -0.0}, ""label"": ""Au"", ""xyz"": [3.8472963148196833, 4.276687309779213, 1.9860628159692735]}, {""species"": [{""element"": ""Au"", ""occu"": 1.0}], ""abc"": [0.8871418400000001, 0.71539308, 0.05132554], ""properties"": {""magmom"": -0.0}, ""label"": ""Au"", ""xyz"": [6.190711810220788, 4.992203264030726, 0.35816327481968324]}, {""species"": [{""element"": ""Au"", ""occu"": 1.0}], ""abc"": [0.05132554, 0.8871418400000001, 0.71539308], ""properties"": {""magmom"": -0.0}, ""label"": ""Au"", ""xyz"": [0.35816327481968324, 6.190711810220788, 4.992203264030726]}, {""species"": [{""element"": ""Au"", ""occu"": 1.0}], ""abc"": [0.11285816, 0.21539308000000001, 0.44867446], ""properties"": {""magmom"": -0.0}, ""label"": ""Au"", ""xyz"": [0.7875542697792128, 1.5030702240307265, 3.1309697651803168]}, {""species"": [{""element"": ""Au"", ""occu"": 1.0}], ""abc"": [0.61285816, 0.28460692, 0.55132554], ""properties"": {""magmom"": -0.0}, ""label"": ""Au"", ""xyz"": [4.276687309779213, 1.9860628159692735, 3.8472963148196833]}, {""species"": [{""element"": ""Au"", ""occu"": 1.0}], ""abc"": [0.44867446, 0.11285816, 0.21539308000000001], ""properties"": {""magmom"": -0.0}, ""label"": ""Au"", ""xyz"": [3.1309697651803168, 0.7875542697792128, 1.5030702240307265]}, {""species"": [{""element"": ""Au"", ""occu"": 1.0}], ""abc"": [0.28460692, 0.55132554, 0.61285816], ""properties"": {""magmom"": -0.0}, ""label"": ""Au"", ""xyz"": [1.9860628159692735, 3.8472963148196833, 4.276687309779213]}, {""species"": [{""element"": ""Au"", ""occu"": 1.0}], ""abc"": [0.21539308000000001, 0.44867446, 0.11285816], ""properties"": {""magmom"": -0.0}, ""label"": ""Au"", ""xyz"": [1.5030702240307265, 3.1309697651803168, 0.7875542697792128]}, {""species"": [{""element"": ""Au"", ""occu"": 1.0}], ""abc"": [0.71539308, 0.05132554, 0.8871418400000001], ""properties"": {""magmom"": -0.0}, ""label"": ""Au"", ""xyz"": [4.992203264030726, 0.35816327481968324, 6.190711810220788]}]}",0.0,0.0,127.118,0.0
204,mp-1648,Al12Re,"{""@module"": ""pymatgen.core.structure"", ""@class"": ""Structure"", ""charge"": 0, ""lattice"": {""matrix"": [[6.1055414, 0.0, -2.15863452], [-3.0527712, 5.28755302, -2.15863452], [0.0, -0.0, 6.47590357]], ""pbc"": [true, true, true], ""a"": 6.475904475673617, ""b"": 6.475903946924799, ""c"": 6.47590357, ""alpha"": 109.47121942416068, ""beta"": 109.47121777019467, ""gamma"": 109.47122957652033, ""volume"": 209.06401608540122}, ""properties"": {}, ""sites"": [{""species"": [{""element"": ""Al"", ""occu"": 1.0}], ""abc"": [0.49558532, 0.30803846, 0.18754586], ""properties"": {""magmom"": 0.0}, ""label"": ""Al"", ""xyz"": [2.085445749311896, 1.6287696894491492, -0.5202011282881656]}, {""species"": [{""element"": ""Al"", ""occu"": 1.0}], ""abc"": [0.30803846, 0.81245414, 0.12049359], ""properties"": {""magmom"": 0.0}, ""label"": ""Al"", ""xyz"": [-0.5994950295905239, 4.295894341568503, -1.6384291361214358]}, {""species"": [{""element"": ""Al"", ""occu"": 1.0}], ""abc"": [0.18754586, 0.8795064100000001, 0.69196154], ""properties"": {""magmom"": 0.0}, ""label"": ""Al"", ""xyz"": [-1.5398628260347882, 4.6504367743048585, 2.1777003425223374]}, {""species"": [{""element"": ""Al"", ""occu"": 1.0}], ""abc"": [0.69196154, 0.81245414, 0.50441468], ""properties"": {""magmom"": 0.0}, ""label"": ""Al"", ""xyz"": [1.7445632297649878, 4.295894341568503, 0.019057207695133638]}, {""species"": [{""element"": ""Al"", ""occu"": 1.0}], ""abc"": [0.81245414, 0.12049359, 0.30803846], ""properties"": {""magmom"": 0.0}, ""label"": ""Al"", ""xyz"": [4.592633026034789, 0.6371162456951418, -0.0190658125223373]}, {""species"": [{""element"": ""Al"", ""occu"": 1.0}], ""abc"": [0.69196154, 0.18754586, 0.8795064100000001], ""properties"": {""magmom"": 0.0}, ""label"": ""Al"", ""xyz"": [3.652265229590524, 0.9916586784314972, 3.797063666121436]}, {""species"": [{""element"": ""Al"", ""occu"": 1.0}], ""abc"": [0.81245414, 0.50441468, 0.69196154], ""properties"": {""magmom"": 0.0}, ""label"": ""Al"", ""xyz"": [3.4206097794101806, 2.6671193645663336, 1.6384377140250317]}, {""species"": [{""element"": ""Al"", ""occu"": 1.0}], ""abc"": [0.18754586, 0.49558532, 0.30803846], ""properties"": {""magmom"": 0.0}, ""label"": ""Al"", ""xyz"": [-0.36783957941017986, 2.6204336554336662, 0.5201968159749686]}, {""species"": [{""element"": ""Al"", ""occu"": 1.0}], ""abc"": [0.30803846, 0.18754586, 0.49558532], ""properties"": {""magmom"": 0.0}, ""label"": ""Al"", ""xyz"": [1.308206970235012, 0.9916586784314972, 2.139577322304866]}, {""species"": [{""element"": ""Al"", ""occu"": 1.0}], ""abc"": [0.12049359, 0.30803846, 0.81245414], ""properties"": {""magmom"": 0.0}, ""label"": ""Al"", ""xyz"": [-0.2046923370007261, 1.6287696894491492, 4.336330589630914]}, {""species"": [{""element"": ""Al"", ""occu"": 1.0}], ""abc"": [0.8795064100000001, 0.69196154, 0.18754586], ""properties"": {""magmom"": 0.0}, ""label"": ""Al"", ""xyz"": [3.2574625370007264, 3.658783330550851, -2.177696059630914]}, {""species"": [{""element"": ""Al"", ""occu"": 1.0}], ""abc"": [0.50441468, 0.69196154, 0.81245414], ""properties"": {""magmom"": 0.0}, ""label"": ""Al"", ""xyz"": [0.9673244506881038, 3.658783330550851, 2.6788356582881656]}, {""species"": [{""element"": ""Re"", ""occu"": 1.0}], ""abc"": [-0.0, 0.0, 0.0], ""properties"": {""magmom"": -0.0}, ""label"": ""Re"", ""xyz"": [0.0, 0.0, 0.0]}]}",0.0,0.0,98.031,0.0
205,mp-20465,As2Pd,"{""@module"": ""pymatgen.core.structure"", ""@class"": ""Structure"", ""charge"": 0, ""lattice"": {""matrix"": [[6.02777512, -0.0, 0.0], [-0.0, 6.02777512, -0.0], [-0.0, 0.0, 6.02777512]], ""pbc"": [true, true, true], ""a"": 6.02777512, ""b"": 6.02777512, ""c"": 6.02777512, ""alpha"": 90.0, ""beta"": 90.0, ""gamma"": 90.0, ""volume"": 219.0136206185571}, ""properties"": {}, ""sites"": [{""species"": [{""element"": ""As"", ""occu"": 1.0}], ""abc"": [0.38415327, 0.11584673000000001, 0.88415327], ""properties"": {""magmom"": -0.0}, ""label"": ""As"", ""xyz"": [2.3155895231726427, 0.6982980368273577, 5.329477083172643]}, {""species"": [{""element"": ""As"", ""occu"": 1.0}], ""abc"": [0.11584673000000001, 0.88415327, 0.38415327], ""properties"": {""magmom"": -0.0}, ""label"": ""As"", ""xyz"": [0.6982980368273577, 5.329477083172643, 2.3155895231726427]}, {""species"": [{""element"": ""As"", ""occu"": 1.0}], ""abc"": [0.88415327, 0.38415327, 0.11584673000000001], ""properties"": {""magmom"": -0.0}, ""label"": ""As"", ""xyz"": [5.329477083172643, 2.3155895231726427, 0.6982980368273577]}, {""species"": [{""element"": ""As"", ""occu"": 1.0}], ""abc"": [0.61584673, 0.61584673, 0.61584673], ""properties"": {""magmom"": -0.0}, ""label"": ""As"", ""xyz"": [3.7121855968273576, 3.7121855968273576, 3.7121855968273576]}, {""species"": [{""element"": ""As"", ""occu"": 1.0}], ""abc"": [0.38415327, 0.38415327, 0.38415327], ""properties"": {""magmom"": -0.0}, ""label"": ""As"", ""xyz"": [2.3155895231726427, 2.3155895231726427, 2.3155895231726427]}, {""species"": [{""element"": ""As"", ""occu"": 1.0}], ""abc"": [0.11584673000000001, 0.61584673, 0.88415327], ""properties"": {""magmom"": -0.0}, ""label"": ""As"", ""xyz"": [0.6982980368273577, 3.7121855968273576, 5.329477083172643]}, {""species"": [{""element"": ""As"", ""occu"": 1.0}], ""abc"": [0.88415327, 0.11584673000000001, 0.61584673], ""properties"": {""magmom"": -0.0}, ""label"": ""As"", ""xyz"": [5.329477083172643, 0.6982980368273577, 3.7121855968273576]}, {""species"": [{""element"": ""As"", ""occu"": 1.0}], ""abc"": [0.61584673, 0.88415327, 0.11584673000000001], ""properties"": {""magmom"": -0.0}, ""label"": ""As"", ""xyz"": [3.7121855968273576, 5.329477083172643, 0.6982980368273577]}, {""species"": [{""element"": ""Pd"", ""occu"": 1.0}], ""abc"": [-0.0, 0.5, 0.5], ""properties"": {""magmom"": -0.0}, ""label"": ""Pd"", ""xyz"": [0.0, 3.01388756, 3.01388756]}, {""species"": [{""element"": ""Pd"", ""occu"": 1.0}], ""abc"": [0.5, 0.5, 0.0], ""properties"": {""magmom"": -0.0}, ""label"": ""Pd"", ""xyz"": [3.01388756, 3.01388756, 0.0]}, {""species"": [{""element"": ""Pd"", ""occu"": 1.0}], ""abc"": [0.5, 0.0, 0.5], ""properties"": {""magmom"": -0.0}, ""label"": ""Pd"", ""xyz"": [3.01388756, 0.0, 3.01388756]}, {""species"": [{""element"": ""Pd"", ""occu"": 1.0}], ""abc"": [-0.0, 0.0, 0.0], ""properties"": {""magmom"": -0.0}, ""label"": ""Pd"", ""xyz"": [0.0, 0.0, 0.0]}]}",0.0,0.0,110.797,0.0
212,mp-496,SrSi2,"{""@module"": ""pymatgen.core.structure"", ""@class"": ""Structure"", ""charge"": 0, ""lattice"": {""matrix"": [[6.54341492, -0.0, -0.0], [0.0, 6.54341492, -0.0], [0.0, -0.0, 6.54341492]], ""pbc"": [true, true, true], ""a"": 6.54341492, ""b"": 6.54341492, ""c"": 6.54341492, ""alpha"": 90.0, ""beta"": 90.0, ""gamma"": 90.0, ""volume"": 280.16467761877396}, ""properties"": {}, ""sites"": [{""species"": [{""element"": ""Sr"", ""occu"": 1.0}], ""abc"": [0.625, 0.375, 0.875], ""properties"": {""magmom"": -0.0}, ""label"": ""Sr"", ""xyz"": [4.0896343250000005, 2.453780595, 5.725488055]}, {""species"": [{""element"": ""Sr"", ""occu"": 1.0}], ""abc"": [0.375, 0.875, 0.625], ""properties"": {""magmom"": -0.0}, ""label"": ""Sr"", ""xyz"": [2.453780595, 5.725488055, 4.0896343250000005]}, {""species"": [{""element"": ""Sr"", ""occu"": 1.0}], ""abc"": [0.875, 0.625, 0.375], ""properties"": {""magmom"": -0.0}, ""label"": ""Sr"", ""xyz"": [5.725488055, 4.0896343250000005, 2.453780595]}, {""species"": [{""element"": ""Sr"", ""occu"": 1.0}], ""abc"": [0.125, 0.125, 0.125], ""properties"": {""magmom"": -0.0}, ""label"": ""Sr"", ""xyz"": [0.817926865, 0.817926865, 0.817926865]}, {""species"": [{""element"": ""Si"", ""occu"": 1.0}], ""abc"": [0.82803837, 0.82803837, 0.82803837], ""properties"": {""magmom"": 0.0}, ""label"": ""Si"", ""xyz"": [5.418198624590481, 5.418198624590481, 5.418198624590481]}, {""species"": [{""element"": ""Si"", ""occu"": 1.0}], ""abc"": [0.57803837, 0.92196163, 0.07803837], ""properties"": {""magmom"": 0.0}, ""label"": ""Si"", ""xyz"": [3.7823448945904805, 6.032777485409519, 0.5106374345904804]}, {""species"": [{""element"": ""Si"", ""occu"": 1.0}], ""abc"": [0.92196163, 0.07803837, 0.57803837], ""properties"": {""magmom"": 0.0}, ""label"": ""Si"", ""xyz"": [6.032777485409519, 0.5106374345904804, 3.7823448945904805]}, {""species"": [{""element"": ""Si"", ""occu"": 1.0}], ""abc"": [0.07803837, 0.57803837, 0.92196163], ""properties"": {""magmom"": 0.0}, ""label"": ""Si"", ""xyz"": [0.5106374345904804, 3.7823448945904805, 6.032777485409519]}, {""species"": [{""element"": ""Si"", ""occu"": 1.0}], ""abc"": [0.42196163000000003, 0.42196163000000003, 0.42196163000000003], ""properties"": {""magmom"": 0.0}, ""label"": ""Si"", ""xyz"": [2.76107002540952, 2.76107002540952, 2.76107002540952]}, {""species"": [{""element"": ""Si"", ""occu"": 1.0}], ""abc"": [0.17196163, 0.32803837, 0.67196163], ""properties"": {""magmom"": 0.0}, ""label"": ""Si"", ""xyz"": [1.1252162954095197, 2.1464911645904805, 4.396923755409519]}, {""species"": [{""element"": ""Si"", ""occu"": 1.0}], ""abc"": [0.67196163, 0.17196163, 0.32803837], ""properties"": {""magmom"": 0.0}, ""label"": ""Si"", ""xyz"": [4.396923755409519, 1.1252162954095197, 2.1464911645904805]}, {""species"": [{""element"": ""Si"", ""occu"": 1.0}], ""abc"": [0.32803837, 0.67196163, 0.17196163], ""properties"": {""magmom"": 0.0}, ""label"": ""Si"", ""xyz"": [2.1464911645904805, 4.396923755409519, 1.1252162954095197]}]}",0.0,0.0,58.246,0.0
213,mp-625,Mg3Ru2,"{""@module"": ""pymatgen.core.structure"", ""@class"": ""Structure"", ""charge"": 0, ""lattice"": {""matrix"": [[6.9053534800000005, -0.0, 0.0], [0.0, 6.9053534800000005, 0.0], [0.0, 0.0, 6.9053534800000005]], ""pbc"": [true, true, true], ""a"": 6.9053534800000005, ""b"": 6.9053534800000005, ""c"": 6.9053534800000005, ""alpha"": 90.0, ""beta"": 90.0, ""gamma"": 90.0, ""volume"": 329.27423095861536}, ""properties"": {}, ""sites"": [{""species"": [{""element"": ""Mg"", ""occu"": 1.0}], ""abc"": [0.625, 0.29392738, 0.54392738], ""properties"": {""magmom"": -0.0}, ""label"": ""Mg"", ""xyz"": [4.3158459250000005, 2.0296724563502826, 3.7560108263502823]}, {""species"": [{""element"": ""Mg"", ""occu"": 1.0}], ""abc"": [0.70607262, 0.04392738, 0.875], ""properties"": {""magmom"": -0.0}, ""label"": ""Mg"", ""xyz"": [4.875681023649718, 0.3033340863502824, 6.042184295]}, {""species"": [{""element"": ""Mg"", ""occu"": 1.0}], ""abc"": [0.54392738, 0.625, 0.29392738], ""properties"": {""magmom"": -0.0}, ""label"": ""Mg"", ""xyz"": [3.7560108263502823, 4.3158459250000005, 2.0296724563502826]}, {""species"": [{""element"": ""Mg"", ""occu"": 1.0}], ""abc"": [0.95607262, 0.375, 0.7939273800000001], ""properties"": {""magmom"": -0.0}, ""label"": ""Mg"", ""xyz"": [6.6020193936497185, 2.589507555, 5.482349196350283]}, {""species"": [{""element"": ""Mg"", ""occu"": 1.0}], ""abc"": [0.29392738, 0.54392738, 0.625], ""properties"": {""magmom"": -0.0}, ""label"": ""Mg"", ""xyz"": [2.0296724563502826, 3.7560108263502823, 4.3158459250000005]}, {""species"": [{""element"": ""Mg"", ""occu"": 1.0}], ""abc"": [0.45607262, 0.125, 0.20607262], ""properties"": {""magmom"": -0.0}, ""label"": ""Mg"", ""xyz"": [3.1493426536497178, 0.8631691850000001, 1.4230042836497179]}, {""species"": [{""element"": ""Mg"", ""occu"": 1.0}], ""abc"": [0.04392738, 0.875, 0.70607262], ""properties"": {""magmom"": -0.0}, ""label"": ""Mg"", ""xyz"": [0.3033340863502824, 6.042184295, 4.875681023649718]}, {""species"": [{""element"": ""Mg"", ""occu"": 1.0}], ""abc"": [0.7939273800000001, 0.95607262, 0.375], ""properties"": {""magmom"": -0.0}, ""label"": ""Mg"", ""xyz"": [5.482349196350283, 6.6020193936497185, 2.589507555]}, {""species"": [{""element"": ""Mg"", ""occu"": 1.0}], ""abc"": [0.125, 0.20607262, 0.45607262], ""properties"": {""magmom"": -0.0}, ""label"": ""Mg"", ""xyz"": [0.8631691850000001, 1.4230042836497179, 3.1493426536497178]}, {""species"": [{""element"": ""Mg"", ""occu"": 1.0}], ""abc"": [0.375, 0.7939273800000001, 0.95607262], ""properties"": {""magmom"": -0.0}, ""label"": ""Mg"", ""xyz"": [2.589507555, 5.482349196350283, 6.6020193936497185]}, {""species"": [{""element"": ""Mg"", ""occu"": 1.0}], ""abc"": [0.875, 0.70607262, 0.04392738], ""properties"": {""magmom"": -0.0}, ""label"": ""Mg"", ""xyz"": [6.042184295, 4.875681023649718, 0.3033340863502824]}, {""species"": [{""element"": ""Mg"", ""occu"": 1.0}], ""abc"": [0.20607262, 0.45607262, 0.125], ""properties"": {""magmom"": -0.0}, ""label"": ""Mg"", ""xyz"": [1.4230042836497179, 3.1493426536497178, 0.8631691850000001]}, {""species"": [{""element"": ""Ru"", ""occu"": 1.0}], ""abc"": [0.6750417, 0.6750417, 0.6750417], ""properties"": {""magmom"": -0.0}, ""label"": ""Ru"", ""xyz"": [4.661401552240116, 4.661401552240116, 4.661401552240116]}, {""species"": [{""element"": ""Ru"", ""occu"": 1.0}], ""abc"": [0.9250417, 0.574958299999999, 0.425041699999999], ""properties"": {""magmom"": -0.0}, ""label"": ""Ru"", ""xyz"": [6.387739922240116, 3.9702902977598775, 2.9350631822401096]}, {""species"": [{""element"": ""Ru"", ""occu"": 1.0}], ""abc"": [0.574958299999999, 0.425041699999999, 0.9250417], ""properties"": {""magmom"": -0.0}, ""label"": ""Ru"", ""xyz"": [3.9702902977598775, 2.9350631822401096, 6.387739922240116]}, {""species"": [{""element"": ""Ru"", ""occu"": 1.0}], ""abc"": [0.425041699999999, 0.9250417, 0.574958299999999], ""properties"": {""magmom"": -0.0}, ""label"": ""Ru"", ""xyz"": [2.9350631822401096, 6.387739922240116, 3.9702902977598775]}, {""species"": [{""element"": ""Ru"", ""occu"": 1.0}], ""abc"": [0.1750417, 0.824958299999999, 0.3249583], ""properties"": {""magmom"": -0.0}, ""label"": ""Ru"", ""xyz"": [1.208724812240116, 5.696628667759878, 2.243951927759884]}, {""species"": [{""element"": ""Ru"", ""occu"": 1.0}], ""abc"": [0.824958299999999, 0.3249583, 0.1750417], ""properties"": {""magmom"": -0.0}, ""label"": ""Ru"", ""xyz"": [5.696628667759878, 2.243951927759884, 1.208724812240116]}, {""species"": [{""element"": ""Ru"", ""occu"": 1.0}], ""abc"": [0.3249583, 0.1750417, 0.824958299999999], ""properties"": {""magmom"": -0.0}, ""label"": ""Ru"", ""xyz"": [2.243951927759884, 1.208724812240116, 5.696628667759878]}, {""species"": [{""element"": ""Ru"", ""occu"": 1.0}], ""abc"": [0.074958299999999, 0.074958299999999, 0.074958299999999], ""properties"": {""magmom"": -0.0}, ""label"": ""Ru"", ""xyz"": [0.5176135577598772, 0.5176135577598772, 0.5176135577598772]}]}",0.0,0.0,105.762,0.0
216,mp-1220,Be5Au,"{""@module"": ""pymatgen.core.structure"", ""@class"": ""Structure"", ""charge"": 0, ""lattice"": {""matrix"": [[3.73411154, -0.0, 2.15588935], [1.24470418, 3.52055408, 2.15588935], [-1e-08, -1e-08, 4.31178173]], ""pbc"": [true, true, true], ""a"": 4.311780129204711, ""b"": 4.31178019098348, ""c"": 4.31178173, ""alpha"": 60.00001160831652, ""beta"": 60.00001109765916, ""gamma"": 60.00000335441466, ""volume"": 56.68329337513013}, ""properties"": {}, ""sites"": [{""species"": [{""element"": ""Be"", ""occu"": 1.0}], ""abc"": [0.624752699999999, 0.12574389, 0.624752699999999], ""properties"": {""magmom"": -0.0}, ""label"": ""Be"", ""xyz"": [2.4894102059610876, 0.4426881587270442, 4.311784883220481]}, {""species"": [{""element"": ""Be"", ""occu"": 1.0}], ""abc"": [0.25, 0.25, 0.25], ""properties"": {""magmom"": -0.0}, ""label"": ""Be"", ""xyz"": [1.2447039275, 0.8801385175, 2.1558901075]}, {""species"": [{""element"": ""Be"", ""occu"": 1.0}], ""abc"": [0.624752699999999, 0.624752699999999, 0.624752699999999], ""properties"": {""magmom"": -0.0}, ""label"": ""Be"", ""xyz"": [3.1105285576249124, 2.1994756607284858, 5.387592662255653]}, {""species"": [{""element"": ""Be"", ""occu"": 1.0}], ""abc"": [0.624752699999999, 0.624752699999999, 0.12574389], ""properties"": {""magmom"": -0.0}, ""label"": ""Be"", ""xyz"": [3.1105285626150003, 2.1994756657185737, 3.2359755921886153]}, {""species"": [{""element"": ""Be"", ""occu"": 1.0}], ""abc"": [0.12574389, 0.624752699999999, 0.624752699999999], ""properties"": {""magmom"": -0.0}, ""label"": ""Be"", ""xyz"": [1.2471740016422486, 2.1994756607284858, 4.311784883220481]}, {""species"": [{""element"": ""Au"", ""occu"": 1.0}], ""abc"": [-0.0, -0.0, 0.0], ""properties"": {""magmom"": -0.0}, ""label"": ""Au"", ""xyz"": [0.0, 0.0, 0.0]}]}",0.0,0.0,138.173,5.2925647423941934e-09
217,mp-11285,Ca3(GaNi)4,"{""@module"": ""pymatgen.core.structure"", ""@class"": ""Structure"", ""charge"": 0, ""lattice"": {""matrix"": [[5.98271555, -0.0, -2.11520928], [-2.99135828, 5.18118399, -2.11520928], [0.0, 0.0, 6.34562886]], ""pbc"": [true, true, true], ""a"": 6.345628073753608, ""b"": 6.34562858949017, ""c"": 6.34562886, ""alpha"": 109.47121824189715, ""beta"": 109.47121988828022, ""gamma"": 109.47122429405047, ""volume"": 196.69894802402507}, ""properties"": {}, ""sites"": [{""species"": [{""element"": ""Ca"", ""occu"": 1.0}], ""abc"": [-0.0, 0.5, 0.5], ""properties"": {""magmom"": -0.0}, ""label"": ""Ca"", ""xyz"": [-1.49567914, 2.590591995, 2.1152097899999998]}, {""species"": [{""element"": ""Ca"", ""occu"": 1.0}], ""abc"": [0.5, 0.0, 0.5], ""properties"": {""magmom"": -0.0}, ""label"": ""Ca"", ""xyz"": [2.991357775, 0.0, 2.1152097899999998]}, {""species"": [{""element"": ""Ca"", ""occu"": 1.0}], ""abc"": [0.5, 0.5, -0.0], ""properties"": {""magmom"": -0.0}, ""label"": ""Ca"", ""xyz"": [1.495678635, 2.590591995, -2.11520928]}, {""species"": [{""element"": ""Ga"", ""occu"": 1.0}], ""abc"": [-0.0, -0.0, 0.60995115], ""properties"": {""magmom"": 0.0}, ""label"": ""Ga"", ""xyz"": [0.0, 0.0, 3.870523620630189]}, {""species"": [{""element"": ""Ga"", ""occu"": 1.0}], ""abc"": [0.60995115, 0.0, 0.0], ""properties"": {""magmom"": 0.0}, ""label"": ""Ga"", ""xyz"": [3.6491642298453826, 0.0, -1.2901743328266722]}, {""species"": [{""element"": ""Ga"", ""occu"": 1.0}], ""abc"": [0.39004885, 0.39004885, 0.39004885], ""properties"": {""magmom"": 0.0}, ""label"": ""Ga"", ""xyz"": [1.1667754631026395, 2.0209148569379116, 0.8250353450231547]}, {""species"": [{""element"": ""Ga"", ""occu"": 1.0}], ""abc"": [0.0, 0.60995115, -0.0], ""properties"": {""magmom"": 0.0}, ""label"": ""Ga"", ""xyz"": [-1.824582422948022, 3.1602691330620885, -1.2901743328266722]}, {""species"": [{""element"": ""Ni"", ""occu"": 1.0}], ""abc"": [-0.0, 0.2448927, 0.0], ""properties"": {""magmom"": 0.0}, ""label"": ""Ni"", ""xyz"": [-0.732561805856556, 1.268834136507873, -0.517999311644256]}, {""species"": [{""element"": ""Ni"", ""occu"": 1.0}], ""abc"": [0.2448927, -0.0, -0.0], ""properties"": {""magmom"": 0.0}, ""label"": ""Ni"", ""xyz"": [1.465123364371485, 0.0, -0.517999311644256]}, {""species"": [{""element"": ""Ni"", ""occu"": 1.0}], ""abc"": [0.0, 0.0, 0.2448927], ""properties"": {""magmom"": 0.0}, ""label"": ""Ni"", ""xyz"": [0.0, 0.0, 1.553998184723322]}, {""species"": [{""element"": ""Ni"", ""occu"": 1.0}], ""abc"": [0.755107299999999, 0.755107299999999, 0.755107299999999], ""properties"": {""magmom"": 0.0}, ""label"": ""Ni"", ""xyz"": [2.2587957114850683, 3.912349853492122, 1.5972107385651872]}]}",0.0,0.0,59.548,0.0
220,mp-30892,Ba4Bi3,"{""@module"": ""pymatgen.core.structure"", ""@class"": ""Structure"", ""charge"": 0, ""lattice"": {""matrix"": [[8.75766907, -1e-08, -3.09630307], [-4.37883454, 7.5843642, -3.09630307], [1e-08, 2e-08, 9.28891127]], ""pbc"": [true, true, true], ""a"": 9.288910605712926, ""b"": 9.288910859095918, ""c"": 9.28891127, ""alpha"": 109.47121696217191, ""beta"": 109.47121752905895, ""gamma"": 109.4712232099255, ""volume"": 616.9820436661529}, ""properties"": {}, ""sites"": [{""species"": [{""element"": ""Ba"", ""occu"": 1.0}], ""abc"": [0.64430057, 0.64430057, 0.64430057], ""properties"": {""magmom"": -0.0}, ""label"": ""Ba"", ""xyz"": [2.821285590057688, 4.886610183590599, 1.9949511601529242]}, {""species"": [{""element"": ""Ba"", ""occu"": 1.0}], ""abc"": [0.35569943, 0.5, -0.0], ""properties"": {""magmom"": -0.0}, ""label"": ""Ba"", ""xyz"": [0.92568062632763, 3.7921820964430055, -2.64950477210625]}, {""species"": [{""element"": ""Ba"", ""occu"": 1.0}], ""abc"": [0.5, -0.0, 0.35569943], ""properties"": {""magmom"": -0.0}, ""label"": ""Ba"", ""xyz"": [4.378834538556995, 2.1139885999999996e-09, 1.755908909059576]}, {""species"": [{""element"": ""Ba"", ""occu"": 1.0}], ""abc"": [0.0, 0.35569943, 0.5], ""properties"": {""magmom"": -0.0}, ""label"": ""Ba"", ""xyz"": [-1.557548944942312, 2.6977540328524054, 3.54310239789375]}, {""species"": [{""element"": ""Ba"", ""occu"": 1.0}], ""abc"": [0.5, -0.0, 0.85569943], ""properties"": {""magmom"": -0.0}, ""label"": ""Ba"", ""xyz"": [4.378834543556994, 1.21139886e-08, 6.400364544059577]}, {""species"": [{""element"": ""Ba"", ""occu"": 1.0}], ""abc"": [0.0, 0.85569943, 0.5], ""properties"": {""magmom"": -0.0}, ""label"": ""Ba"", ""xyz"": [-3.746966214942312, 6.489936132852406, 1.99495086289375]}, {""species"": [{""element"": ""Ba"", ""occu"": 1.0}], ""abc"": [0.14430057000000002, 0.14430057000000002, 0.14430057000000002], ""properties"": {""magmom"": -0.0}, ""label"": ""Ba"", ""xyz"": [0.631868320057688, 1.0944280785905998, 0.4467985951529243]}, {""species"": [{""element"": ""Ba"", ""occu"": 1.0}], ""abc"": [0.85569943, 0.5, -0.0], ""properties"": {""magmom"": -0.0}, ""label"": ""Ba"", ""xyz"": [5.304515161327631, 3.7921820914430056, -4.19765630710625]}, {""species"": [{""element"": ""Bi"", ""occu"": 1.0}], ""abc"": [0.75, 0.875, 0.125], ""properties"": {""magmom"": -0.0}, ""label"": ""Bi"", ""xyz"": [2.736771581250001, 6.6363186700000005, -3.8703785799999997]}, {""species"": [{""element"": ""Bi"", ""occu"": 1.0}], ""abc"": [0.625, 0.375, 0.25], ""properties"": {""magmom"": -0.0}, ""label"": ""Bi"", ""xyz"": [3.8314802187500003, 2.8441365737499997, -0.7740752524999999]}, {""species"": [{""element"": ""Bi"", ""occu"": 1.0}], ""abc"": [0.875, 0.125, 0.75], ""properties"": {""magmom"": -0.0}, ""label"": ""Bi"", ""xyz"": [7.11560612625, 0.94804553125, 3.8703803825]}, {""species"": [{""element"": ""Bi"", ""occu"": 1.0}], ""abc"": [0.125, 0.75, 0.875], ""properties"": {""magmom"": -0.0}, ""label"": ""Bi"", ""xyz"": [-2.1894172625, 5.688273166249999, 5.418532174999999]}, {""species"": [{""element"": ""Bi"", ""occu"": 1.0}], ""abc"": [0.375, 0.25, 0.625], ""properties"": {""magmom"": -0.0}, ""label"": ""Bi"", ""xyz"": [2.1894172725000005, 1.8960910587499997, 3.870380125]}, {""species"": [{""element"": ""Bi"", ""occu"": 1.0}], ""abc"": [0.25, 0.625, 0.375], ""properties"": {""magmom"": -0.0}, ""label"": ""Bi"", ""xyz"": [-0.5473543162499998, 4.740227629999999, 0.7740765400000003]}]}",0.0,0.0,24.169,7.779805019086205e-09
221,mp-284,AlCo,"{""@module"": ""pymatgen.core.structure"", ""@class"": ""Structure"", ""charge"": 0, ""lattice"": {""matrix"": [[2.81940321, -0.0, -0.0], [-0.0, 2.81940321, -0.0], [0.0, 0.0, 2.81940321]], ""pbc"": [true, true, true], ""a"": 2.81940321, ""b"": 2.81940321, ""c"": 2.81940321, ""alpha"": 90.0, ""beta"": 90.0, ""gamma"": 90.0, ""volume"": 22.411533274498698}, ""properties"": {}, ""sites"": [{""species"": [{""element"": ""Al"", ""occu"": 1.0}], ""abc"": [-0.0, -0.0, -0.0], ""properties"": {""magmom"": 0.0}, ""label"": ""Al"", ""xyz"": [0.0, 0.0, 0.0]}, {""species"": [{""element"": ""Co"", ""occu"": 1.0}], ""abc"": [0.5, 0.5, 0.5], ""properties"": {""magmom"": -0.0}, ""label"": ""Co"", ""xyz"": [1.409701605, 1.409701605, 1.409701605]}]}",0.0,0.0,178.781,0.0
223,mp-259,AlMo3,"{""@module"": ""pymatgen.core.structure"", ""@class"": ""Structure"", ""charge"": 0, ""lattice"": {""matrix"": [[4.95117426, -0.0, 0.0], [-0.0, 4.95117426, 0.0], [-0.0, 0.0, 4.95117426]], ""pbc"": [true, true, true], ""a"": 4.95117426, ""b"": 4.95117426, ""c"": 4.95117426, ""alpha"": 90.0, ""beta"": 90.0, ""gamma"": 90.0, ""volume"": 121.37371239503442}, ""properties"": {}, ""sites"": [{""species"": [{""element"": ""Al"", ""occu"": 1.0}], ""abc"": [0.0, 0.0, -0.0], ""properties"": {""magmom"": -0.0}, ""label"": ""Al"", ""xyz"": [0.0, 0.0, 0.0]}, {""species"": [{""element"": ""Al"", ""occu"": 1.0}], ""abc"": [0.5, 0.5, 0.5], ""properties"": {""magmom"": -0.0}, ""label"": ""Al"", ""xyz"": [2.47558713, 2.47558713, 2.47558713]}, {""species"": [{""element"": ""Mo"", ""occu"": 1.0}], ""abc"": [0.25, 0.0, 0.5], ""properties"": {""magmom"": -0.0}, ""label"": ""Mo"", ""xyz"": [1.237793565, 0.0, 2.47558713]}, {""species"": [{""element"": ""Mo"", ""occu"": 1.0}], ""abc"": [0.75, 0.0, 0.5], ""properties"": {""magmom"": -0.0}, ""label"": ""Mo"", ""xyz"": [3.713380695, 0.0, 2.47558713]}, {""species"": [{""element"": ""Mo"", ""occu"": 1.0}], ""abc"": [0.0, 0.5, 0.25], ""properties"": {""magmom"": -0.0}, ""label"": ""Mo"", ""xyz"": [0.0, 2.47558713, 1.237793565]}, {""species"": [{""element"": ""Mo"", ""occu"": 1.0}], ""abc"": [0.0, 0.5, 0.75], ""properties"": {""magmom"": -0.0}, ""label"": ""Mo"", ""xyz"": [0.0, 2.47558713, 3.713380695]}, {""species"": [{""element"": ""Mo"", ""occu"": 1.0}], ""abc"": [0.5, 0.75, -0.0], ""properties"": {""magmom"": -0.0}, ""label"": ""Mo"", ""xyz"": [2.47558713, 3.713380695, 0.0]}, {""species"": [{""element"": ""Mo"", ""occu"": 1.0}], ""abc"": [0.5, 0.25, -0.0], ""properties"": {""magmom"": -0.0}, ""label"": ""Mo"", ""xyz"": [2.47558713, 1.237793565, 0.0]}]}",0.0,0.0,224.498,1.647803268545177e-09
224,mp-353,Ag2O,"{""@module"": ""pymatgen.core.structure"", ""@class"": ""Structure"", ""charge"": 0, ""lattice"": {""matrix"": [[4.75399071, 0.0, -0.0], [0.0, 4.75399071, 0.0], [0.0, -0.0, 4.75399071]], ""pbc"": [true, true, true], ""a"": 4.75399071, ""b"": 4.75399071, ""c"": 4.75399071, ""alpha"": 90.0, ""beta"": 90.0, ""gamma"": 90.0, ""volume"": 107.44222318884995}, ""properties"": {}, ""sites"": [{""species"": [{""element"": ""Ag"", ""occu"": 1.0}], ""abc"": [0.5, 0.5, -0.0], ""properties"": {""magmom"": -0.0}, ""label"": ""Ag"", ""xyz"": [2.376995355, 2.376995355, 0.0]}, {""species"": [{""element"": ""Ag"", ""occu"": 1.0}], ""abc"": [-0.0, 0.5, 0.5], ""properties"": {""magmom"": -0.0}, ""label"": ""Ag"", ""xyz"": [0.0, 2.376995355, 2.376995355]}, {""species"": [{""element"": ""Ag"", ""occu"": 1.0}], ""abc"": [0.5, 0.0, 0.5], ""properties"": {""magmom"": -0.0}, ""label"": ""Ag"", ""xyz"": [2.376995355, 0.0, 2.376995355]}, {""species"": [{""element"": ""Ag"", ""occu"": 1.0}], ""abc"": [-0.0, 0.0, 0.0], ""properties"": {""magmom"": -0.0}, ""label"": ""Ag"", ""xyz"": [0.0, 0.0, 0.0]}, {""species"": [{""element"": ""O"", ""occu"": 1.0}], ""abc"": [0.25, 0.25, 0.25], ""properties"": {""magmom"": 0.0}, ""label"": ""O"", ""xyz"": [1.1884976775, 1.1884976775, 1.1884976775]}, {""species"": [{""element"": ""O"", ""occu"": 1.0}], ""abc"": [0.75, 0.75, 0.75], ""properties"": {""magmom"": 0.0}, ""label"": ""O"", ""xyz"": [3.5654930325, 3.5654930325, 3.5654930325]}]}",0.0,0.0,68.793,0.0
227,mp-1687,BaPd2,"{""@module"": ""pymatgen.core.structure"", ""@class"": ""Structure"", ""charge"": 0, ""lattice"": {""matrix"": [[4.9374984600000005, -1e-08, 2.85066604], [1.64583214, 4.6551171700000005, 2.85066604], [1e-08, 1e-08, 5.70133104]], ""pbc"": [true, true, true], ""a"": 5.701332117506545, ""b"": 5.701331087657958, ""c"": 5.70133104, ""alpha"": 59.99999411407852, ""beta"": 60.00000011712151, ""gamma"": 60.00000109822433, ""volume"": 131.04300632491746}, ""properties"": {}, ""sites"": [{""species"": [{""element"": ""Ba"", ""occu"": 1.0}], ""abc"": [0.125, 0.125, 0.125], ""properties"": {""magmom"": 0.0}, ""label"": ""Ba"", ""xyz"": [0.82291632625, 0.5818896462500001, 1.42533289]}, {""species"": [{""element"": ""Ba"", ""occu"": 1.0}], ""abc"": [0.875, 0.875, 0.875], ""properties"": {""magmom"": 0.0}, ""label"": ""Ba"", ""xyz"": [5.76041428375, 4.073227523750001, 9.97733023]}, {""species"": [{""element"": ""Pd"", ""occu"": 1.0}], ""abc"": [0.5, -0.0, 0.5], ""properties"": {""magmom"": -0.0}, ""label"": ""Pd"", ""xyz"": [2.468749235, 0.0, 4.27599854]}, {""species"": [{""element"": ""Pd"", ""occu"": 1.0}], ""abc"": [-0.0, 0.5, 0.5], ""properties"": {""magmom"": -0.0}, ""label"": ""Pd"", ""xyz"": [0.822916075, 2.32755859, 4.27599854]}, {""species"": [{""element"": ""Pd"", ""occu"": 1.0}], ""abc"": [0.5, 0.5, 0.5], ""properties"": {""magmom"": -0.0}, ""label"": ""Pd"", ""xyz"": [3.291665305, 2.3275585850000002, 5.70133156]}, {""species"": [{""element"": ""Pd"", ""occu"": 1.0}], ""abc"": [0.5, 0.5, 0.0], ""properties"": {""magmom"": -0.0}, ""label"": ""Pd"", ""xyz"": [3.2916653, 2.3275585800000003, 2.85066604]}]}",0.0,0.0,73.421,9.15729907038789e-09
229,mp-122,Ba,"{""@module"": ""pymatgen.core.structure"", ""@class"": ""Structure"", ""charge"": 0, ""lattice"": {""matrix"": [[2.516904229999999, -3.59177373, 0.0], [2.516904229999999, 3.59177373, 0.0], [0.0, 0.0, 7.19004518]], ""pbc"": [true, true, true], ""a"": 4.385846033607427, ""b"": 4.385846033607427, ""c"": 7.19004518, ""alpha"": 90.0, ""beta"": 90.0, ""gamma"": 109.95896743764608, ""volume"": 129.99818097516803}, ""properties"": {}, ""sites"": [{""species"": [{""element"": ""Ba"", ""occu"": 1.0}], ""abc"": [0.25322603, 0.25322603, 0.25], ""properties"": {""magmom"": 0.004}, ""label"": ""Ba"", ""xyz"": [1.2746913321062132, 0.0, 1.797511295]}, {""species"": [{""element"": ""Ba"", ""occu"": 1.0}], ""abc"": [0.74677397, 0.74677397, 0.75], ""properties"": {""magmom"": 0.004}, ""label"": ""Ba"", ""xyz"": [3.7591171278937847, 0.0, 5.392533885000001]}]}",0.0,0.0,8.934,0.00026119288551
