sg,mpid,formula,structure,ehull,bandgap,bulkmodulus_vrh,magdensity
1,mp-9198,Fe(SiP)4,"{""@module"": ""pymatgen.core.structure"", ""@class"": ""Structure"", ""charge"": 0, ""lattice"": {""matrix"": [[4.52629223, 0.00110246, 1.7929767600000002], [1.818004499999999, 5.21146997, 0.44886614], [0.00147342, -0.00245707, 6.0546581]], ""pbc"": [true, true, true], ""a"": 4.868479046753362, ""b"": 5.537692698396196, ""c"": 6.054658777838359, ""alpha"": 85.36806416816336, ""beta"": 68.37631663834321, ""gamma"": 70.41003837777403, ""volume"": 142.79220689747766}, ""properties"": {}, ""sites"": [{""species"": [{""element"": ""Fe"", ""occu"": 1.0}], ""abc"": [-0.00039349000000000003, -0.00011742, 2.6410000000000003e-05], ""properties"": {""magmom"": 0.0}, ""label"": ""Fe"", ""xyz"": [-0.0019944819049505, -0.0006124295020815, -0.0005983207670302]}, {""species"": [{""element"": ""Si"", ""occu"": 1.0}], ""abc"": [0.68036704, 0.77703523, 0.21706465], ""properties"": {""magmom"": -0.0}, ""label"": ""Si"", ""xyz"": [4.4925134188952365, 4.049712501184385, 2.882919336670268]}, {""species"": [{""element"": ""Si"", ""occu"": 1.0}], ""abc"": [0.23821603, 0.33831726, 0.43106713], ""properties"": {""magmom"": -0.0}, ""label"": ""Si"", ""xyz"": [1.6939328096888011, 1.7623337023540069, 3.188939058539292]}, {""species"": [{""element"": ""Si"", ""occu"": 1.0}], ""abc"": [0.34590716, 0.59924646, 0.88523417], ""properties"": {""magmom"": -0.0}, ""label"": ""Si"", ""xyz"": [2.6564139732291974, 3.1211611974043376, 6.248975182193743]}, {""species"": [{""element"": ""Si"", ""occu"": 1.0}], ""abc"": [0.84662108, 0.97133088, 0.6971789700000001], ""properties"": {""magmom"": -0.0}, ""label"": ""Si"", ""xyz"": [5.598965564425145, 5.061282060397711, 6.175149761594661]}, {""species"": [{""element"": ""P"", ""occu"": 1.0}], ""abc"": [0.15641867, 0.01146392, 0.30925273000000003], ""properties"": {""magmom"": -0.0}, ""label"": ""P"", ""xyz"": [0.7292937279530107, 0.0591564645401095, 2.158020352301391]}, {""species"": [{""element"": ""P"", ""occu"": 1.0}], ""abc"": [0.6334675200000001, 0.3998733, 0.1179853], ""properties"": {""magmom"": -0.0}, ""label"": ""P"", ""xyz"": [3.5944044144639453, 2.0843361692158293, 2.0296427785608273]}, {""species"": [{""element"": ""P"", ""occu"": 1.0}], ""abc"": [0.7635004400000001, 0.64198802, 0.56459587], ""properties"": {""magmom"": 0.0}, ""label"": ""P"", ""xyz"": [4.623795105326446, 3.3451557644505407, 5.075540187155465]}, {""species"": [{""element"": ""P"", ""occu"": 1.0}], ""abc"": [0.32909455, 0.21916034, 0.76839378], ""properties"": {""magmom"": -0.0}, ""label"": ""P"", ""xyz"": [1.8891447557052037, 1.1406223467975583, 5.340794159916164]}]}",0.0,1.023299999999999,112.916,7.003183309002169e-09
1,mp-23487,KIO3,"{""@module"": ""pymatgen.core.structure"", ""@class"": ""Structure"", ""charge"": 0, ""lattice"": {""matrix"": [[7.67225819, -0.035622720000000004, -0.04434309], [-2.51907406, 7.26615787, -0.06042041], [-2.49270304, -3.52755514, 6.35139676]], ""pbc"": [true, true, true], ""a"": 7.672469030359981, ""b"": 7.690671943170661, ""c"": 7.680980049076039, ""alpha"": 109.51812941435247, ""beta"": 109.0969225159442, ""gamma"": 109.3830158479503, ""volume"": 350.6688937400874}, ""properties"": {}, ""sites"": [{""species"": [{""element"": ""K"", ""occu"": 1.0}], ""abc"": [0.53445198, 0.48599594, 0.49159882], ""properties"": {""magmom"": -0.0}, ""label"": ""K"", ""xyz"": [1.6507839419229873, 1.7781426466731274, 3.0692758263648696]}, {""species"": [{""element"": ""K"", ""occu"": 1.0}], ""abc"": [0.011715950000000001, 0.51902431, 0.0010133], ""properties"": {""magmom"": 0.0}, ""label"": ""K"", ""xyz"": [-1.2200987384797, 3.767320749198074, -0.025443312698544607]}, {""species"": [{""element"": ""K"", ""occu"": 1.0}], ""abc"": [0.014197350000000001, 0.00135472, 0.51278968], ""properties"": {""magmom"": 0.0}, ""label"": ""K"", ""xyz"": [-1.172719299413394, -1.7995560102571009, 3.2562193050067907]}, {""species"": [{""element"": ""K"", ""occu"": 1.0}], ""abc"": [0.50763877, 0.99678761, 0.024026910000000002], ""properties"": {""magmom"": -0.0}, ""label"": ""K"", ""xyz"": [1.3238619474148234, 7.139976413486318, 0.06986785058209222]}, {""species"": [{""element"": ""I"", ""occu"": 1.0}], ""abc"": [0.02194188, 0.49897552, 0.49508034], ""properties"": {""magmom"": 0.0}, ""label"": ""I"", ""xyz"": [-2.3227007890352476, 1.878430074057881, 3.113330391157726]}, {""species"": [{""element"": ""I"", ""occu"": 1.0}], ""abc"": [0.50895685, 0.49566517, -0.00238925], ""properties"": {""magmom"": 0.0}, ""label"": ""I"", ""xyz"": [2.6621867793149314, 3.5918791596390007, -0.06769208690861621]}, {""species"": [{""element"": ""I"", ""occu"": 1.0}], ""abc"": [0.51049128, 0.99040538, 0.5114032], ""properties"": {""magmom"": -0.0}, ""label"": ""I"", ""xyz"": [0.1469400909554126, 5.374253771675011, 3.1656471676345705]}, {""species"": [{""element"": ""I"", ""occu"": 1.0}], ""abc"": [0.00129602, 0.00647821, 0.00586752], ""properties"": {""magmom"": -0.0}, ""label"": ""I"", ""xyz"": [-0.0210016756480896, 0.0263275284823855, 0.0368180618814673]}, {""species"": [{""element"": ""O"", ""occu"": 1.0}], ""abc"": [0.85896775, 0.53825215, 0.29575553], ""properties"": {""magmom"": 0.0}, ""label"": ""O"", ""xyz"": [4.497094617351332, 2.837132388084717, 1.8078500151623538]}, {""species"": [{""element"": ""O"", ""occu"": 1.0}], ""abc"": [0.81041163, 0.28285419, 0.47647532000000004], ""properties"": {""magmom"": 0.0}, ""label"": ""O"", ""xyz"": [4.317445134098465, 0.3456011680015967, 2.973257481691809]}, {""species"": [{""element"": ""O"", ""occu"": 1.0}], ""abc"": [0.11014132, 0.34829476, 0.34378988], ""properties"": {""magmom"": -0.0}, ""label"": ""O"", ""xyz"": [-0.8893137297197499, 1.3141034197769874, 2.1576178112872584]}, {""species"": [{""element"": ""O"", ""occu"": 1.0}], ""abc"": [0.35198726, 0.27537754000000003, 0.01851272], ""properties"": {""magmom"": 0.0}, ""label"": ""O"", ""xyz"": [1.9606940071673784, 1.923093295294312, 0.0853350032061624]}, {""species"": [{""element"": ""O"", ""occu"": 1.0}], ""abc"": [0.54766943, 0.35186375000000003, 0.78560092], ""properties"": {""magmom"": -0.0}, ""label"": ""O"", ""xyz"": [1.3572206229400097, -0.23406248186196565, 4.944118031077143]}, {""species"": [{""element"": ""O"", ""occu"": 1.0}], ""abc"": [0.29786829, 0.53075192, 0.8478331], ""properties"": {""magmom"": 0.0}, ""label"": ""O"", ""xyz"": [-1.1650771122560244, 0.8551383520669282, 5.339647755354453]}, {""species"": [{""element"": ""O"", ""occu"": 1.0}], ""abc"": [0.34345987, 0.8490531, 0.59384662], ""properties"": {""magmom"": 0.0}, ""label"": ""O"", ""xyz"": [-0.9839981141964755, 4.062292193080024, 3.705225289864382]}, {""species"": [{""element"": ""O"", ""occu"": 1.0}], ""abc"": [0.54771993, 0.78254734, 0.35702383], ""properties"": {""magmom"": 0.0}, ""label"": ""O"", ""xyz"": [1.3409996274592826, 4.40717999286477, 2.196030571826798]}, {""species"": [{""element"": ""O"", ""occu"": 1.0}], ""abc"": [0.84790768, 0.08569584, 0.84598755], ""properties"": {""magmom"": -0.0}, ""label"": ""O"", ""xyz"": [4.180696736962837, -2.391793006006736, 5.330425959716313]}, {""species"": [{""element"": ""O"", ""occu"": 1.0}], ""abc"": [0.97758129, 0.78487635, 0.79520402], ""properties"": {""magmom"": -0.0}, ""label"": ""O"", ""xyz"": [3.5408869269265635, 2.8630853348588023, 4.959884710175885]}, {""species"": [{""element"": ""O"", ""occu"": 1.0}], ""abc"": [0.80633227, 0.85796318, 0.05977967], ""properties"": {""magmom"": 0.0}, ""label"": ""O"", ""xyz"": [3.876103606056483, 5.994496081670049, 0.29209065083285113]}, {""species"": [{""element"": ""O"", ""occu"": 1.0}], ""abc"": [0.3071662, 0.97688103, 0.29329932000000003], ""properties"": {""magmom"": -0.0}, ""label"": ""O"", ""xyz"": [-0.8352853753318368, 6.052600164827638, 1.790216099952823]}]}",0.0,2.7868,21.031,0.0
1,mp-29157,Si3P2Pt,"{""@module"": ""pymatgen.core.structure"", ""@class"": ""Structure"", ""charge"": 0, ""lattice"": {""matrix"": [[4.85396145, 0.0062082, -0.29739038], [-1.72072481, 5.22109387, -0.14742956000000002], [0.00282638, 0.00645665, 8.10096889]], ""pbc"": [true, true, true], ""a"": 4.863067071093086, ""b"": 5.499313643197931, ""c"": 8.100971956098908, ""alpha"": 91.49909618848388, ""beta"": 93.4859377148764, ""gamma"": 108.02673799632524, ""volume"": 205.40161029575444}, ""properties"": {}, ""sites"": [{""species"": [{""element"": ""Si"", ""occu"": 1.0}], ""abc"": [0.66792943, 0.60808309, 0.07398242000000001], ""properties"": {""magmom"": 0.0}, ""label"": ""Si"", ""xyz"": [2.19596914746825, 3.179483211729077, 0.31104407342389007]}, {""species"": [{""element"": ""Si"", ""occu"": 1.0}], ""abc"": [0.17713602, 0.75445881, 0.80427753], ""properties"": {""magmom"": -0.0}, ""label"": ""Si"", ""xyz"": [-0.43613138607840585, 3.945392902411933, 6.351519170760131]}, {""species"": [{""element"": ""Si"", ""occu"": 1.0}], ""abc"": [0.6662157200000001, 0.96274728, 0.75472827], ""properties"": {""magmom"": -0.0}, ""label"": ""Si"", ""xyz"": [1.5792954406957398, 5.035602938684573, 5.77396668165915]}, {""species"": [{""element"": ""Si"", ""occu"": 1.0}], ""abc"": [0.5604292, 0.33080028, 0.66949313], ""properties"": {""magmom"": 0.0}, ""label"": ""Si"", ""xyz"": [2.1529777252961626, 1.7349412534795379, 5.208107025719354]}, {""species"": [{""element"": ""Si"", ""occu"": 1.0}], ""abc"": [0.35408562, 0.024301899999999002, 0.23321736], ""properties"": {""magmom"": 0.0}, ""label"": ""Si"", ""xyz"": [1.6775602281011686, 0.13058653833287578, 1.7804021024594312]}, {""species"": [{""element"": ""Si"", ""occu"": 1.0}], ""abc"": [0.05701218, 0.45227743000000004, 0.39646474], ""properties"": {""magmom"": 0.0}, ""label"": ""Si"", ""xyz"": [-0.5003895108917361, 2.3642966943917516, 3.1281145883442796]}, {""species"": [{""element"": ""P"", ""occu"": 1.0}], ""abc"": [0.19191582000000001, 0.11838104, 0.47894705], ""properties"": {""magmom"": -0.0}, ""label"": ""P"", ""xyz"": [0.7292044857267156, 0.6223623675323313, 3.8054083687299207]}, {""species"": [{""element"": ""P"", ""occu"": 1.0}], ""abc"": [0.29579867, 0.39776205000000003, 0.88593559], ""properties"": {""magmom"": -0.0}, ""label"": ""P"", ""xyz"": [0.753860303862675, 2.084309554303901, 7.030327090242803]}, {""species"": [{""element"": ""P"", ""occu"": 1.0}], ""abc"": [0.49443488, 0.692580699999999, 0.31780252000000003], ""properties"": {""magmom"": -0.0}, ""label"": ""P"", ""xyz"": [1.2091252843246882, 3.6211503375130776, 2.325361282969657]}, {""species"": [{""element"": ""P"", ""occu"": 1.0}], ""abc"": [0.79511064, 0.27059851, 0.16345007], ""properties"": {""magmom"": 0.0}, ""label"": ""P"", ""xyz"": [3.394272797347641, 1.4188117675618472, 1.0477514575007234]}, {""species"": [{""element"": ""Pt"", ""occu"": 1.0}], ""abc"": [0.85245314, 0.71520581, 0.55845881], ""properties"": {""magmom"": 0.0}, ""label"": ""Pt"", ""xyz"": [2.9086807147797153, 3.7430546430387195, 4.165103605041884]}, {""species"": [{""element"": ""Pt"", ""occu"": 1.0}], ""abc"": [-0.00032033, -0.00148591, 0.00090951], ""properties"": {""magmom"": -0.0}, ""label"": ""Pt"", ""xyz"": [0.0010045433520223998, -0.0077541918773362, 0.007682242333068901]}]}",0.0,0.6067,122.687,0.0
2,mp-568469,Ca4TiN4,"{""@module"": ""pymatgen.core.structure"", ""@class"": ""Structure"", ""charge"": 0, ""lattice"": {""matrix"": [[5.88355135, 0.01390352, 1.09265247], [1.92867084, 5.3819893, 1.89683213], [0.00263442, -0.00562396, 8.97972735]], ""pbc"": [true, true, true], ""a"": 5.984167378687893, ""b"": 6.023583000489089, ""c"": 8.979729497564659, ""alpha"": 71.67327668820306, ""beta"": 79.46258876530986, ""gamma"": 68.01418843885426, ""volume"": 284.13965142373837}, ""properties"": {}, ""sites"": [{""species"": [{""element"": ""Ca"", ""occu"": 1.0}], ""abc"": [0.23534515, 0.95451874, 0.607179599999999], ""properties"": {""magmom"": -0.0}, ""label"": ""Ca"", ""xyz"": [3.227217301151826, 5.137067017546194, 7.520019534651189]}, {""species"": [{""element"": ""Ca"", ""occu"": 1.0}], ""abc"": [0.77408415, 0.5777016700000001, 0.17626194], ""properties"": {""magmom"": 0.0}, ""label"": ""Ca"", ""xyz"": [5.66902455887438, 3.118955410893257, 3.5243922110780668]}, {""species"": [{""element"": ""Ca"", ""occu"": 1.0}], ""abc"": [0.7375281300000001, 0.22872504000000002, 0.98085612], ""properties"": {""magmom"": -0.0}, ""label"": ""Ca"", ""xyz"": [4.78300392692996, 1.2357336594434545, 10.047535464925398]}, {""species"": [{""element"": ""Ca"", ""occu"": 1.0}], ""abc"": [0.27111296, 0.51939776, 0.42711726], ""properties"": {""magmom"": -0.0}, ""label"": ""Ca"", ""xyz"": [2.5979795421359038, 2.7967605208400377, 5.116839146090101]}, {""species"": [{""element"": ""Ca"", ""occu"": 1.0}], ""abc"": [0.76465485, 0.04548126, 0.392820399999999], ""properties"": {""magmom"": -0.0}, ""label"": ""Ca"", ""xyz"": [4.587639308848174, 0.253201842453806, 4.4491924153487945]}, {""species"": [{""element"": ""Ca"", ""occu"": 1.0}], ""abc"": [0.22591585, 0.42229833, 0.82373806], ""properties"": {""magmom"": 0.0}, ""label"": ""Ca"", ""xyz"": [2.1458320511256197, 2.271313449106743, 8.444819738921932]}, {""species"": [{""element"": ""Ca"", ""occu"": 1.0}], ""abc"": [0.72888704, 0.48060224, 0.5728827400000001], ""properties"": {""magmom"": -0.0}, ""label"": ""Ca"", ""xyz"": [5.216877067864097, 2.5935083391599623, 6.8523728039098994]}, {""species"": [{""element"": ""Ca"", ""occu"": 1.0}], ""abc"": [0.26247187, 0.7712749600000001, 0.019143880000000002], ""properties"": {""magmom"": -0.0}, ""label"": ""Ca"", ""xyz"": [3.0318526830700407, 4.154535200556547, 1.9216764850746018]}, {""species"": [{""element"": ""Ti"", ""occu"": 1.0}], ""abc"": [0.71582131, 0.8479330700000001, 0.75598347], ""properties"": {""magmom"": 0.0}, ""label"": ""Ti"", ""xyz"": [5.848946799162985, 4.569267524960222, 9.179056055422578]}, {""species"": [{""element"": ""Ti"", ""occu"": 1.0}], ""abc"": [0.28417869, 0.15206693000000002, 0.24401653], ""properties"": {""magmom"": 0.0}, ""label"": ""Ti"", ""xyz"": [1.9659098108370157, 0.8210013350397791, 2.7901558945774205]}, {""species"": [{""element"": ""N"", ""occu"": 1.0}], ""abc"": [0.97040895, 0.70874663, 0.60939605], ""properties"": {""magmom"": 0.0}, ""label"": ""N"", ""xyz"": [7.077995251195894, 3.824531660306205, 7.876903493107795]}, {""species"": [{""element"": ""N"", ""occu"": 1.0}], ""abc"": [0.51213063, 0.17588115, 0.6369353600000001], ""properties"": {""magmom"": -0.0}, ""label"": ""N"", ""xyz"": [3.354041660074608, 0.950128786841287, 6.612703686587602]}, {""species"": [{""element"": ""N"", ""occu"": 1.0}], ""abc"": [0.02959105, 0.29125337, 0.39060395000000003], ""properties"": {""magmom"": 0.0}, ""label"": ""N"", ""xyz"": [0.7368613588041074, 1.565737199693795, 4.092308456892204]}, {""species"": [{""element"": ""N"", ""occu"": 1.0}], ""abc"": [0.51832594, 0.63469434, 0.80402962], ""properties"": {""magmom"": 0.0}, ""label"": ""N"", ""xyz"": [4.2758319016095845, 3.418602871302175, 8.990225504371322]}, {""species"": [{""element"": ""N"", ""occu"": 1.0}], ""abc"": [0.11617452, 0.16841184, 0.07320792], ""properties"": {""magmom"": -0.0}, ""label"": ""N"", ""xyz"": [1.008522619308954, 0.9075942372218592, 1.1037745268740955]}, {""species"": [{""element"": ""N"", ""occu"": 1.0}], ""abc"": [0.48786937, 0.8241188500000001, 0.36306464], ""properties"": {""magmom"": -0.0}, ""label"": ""N"", ""xyz"": [4.4608149499253935, 4.440140073158713, 5.356508263412398]}, {""species"": [{""element"": ""N"", ""occu"": 1.0}], ""abc"": [0.48167406, 0.36530566000000003, 0.19597038], ""properties"": {""magmom"": 0.0}, ""label"": ""N"", ""xyz"": [3.539024708390415, 1.9716659886978247, 2.978986445628677]}, {""species"": [{""element"": ""N"", ""occu"": 1.0}], ""abc"": [0.88382548, 0.83158816, 0.92679208], ""properties"": {""magmom"": -0.0}, ""label"": ""N"", ""xyz"": [6.806333990691047, 4.48267462277814, 10.865437423125904]}]}",0.0,1.5392000000000001,90.623,7.038792333201653e-10
2,mp-1542038,CsSnSe3,"{""@module"": ""pymatgen.core.structure"", ""@class"": ""Structure"", ""charge"": 0, ""lattice"": {""matrix"": [[-6.554658, -0.049693, 3.013758], [-0.13074000000000002, 0.533679, -8.095152], [3.165442, -7.370139, 1.244709]], ""pbc"": [true, true, true], ""a"": 7.214481836818012, ""b"": 8.113777919424773, ""c"": 8.117159135397433, ""alpha"": 102.65006053592239, ""beta"": 106.49861582553966, ""gamma"": 113.74030089405915, ""volume"": 385.7905263288533}, ""properties"": {}, ""sites"": [{""species"": [{""element"": ""Cs"", ""occu"": 1.0}], ""abc"": [0.777660999999999, 0.150392, 0.812754], ""properties"": {""magmom"": 0.0}, ""label"": ""Cs"", ""xyz"": [-2.5442384977499937, -5.948493208711, 2.137878179039997]}, {""species"": [{""element"": ""Cs"", ""occu"": 1.0}], ""abc"": [0.222338999999999, 0.849607999999999, 0.187246], ""properties"": {""magmom"": 0.0}, ""label"": ""Cs"", ""xyz"": [-0.9757175022499934, -0.9376597912890005, -5.974563179039996]}, {""species"": [{""element"": ""Sn"", ""occu"": 1.0}], ""abc"": [0.780947, 0.5727300000000001, 0.493322], ""properties"": {""magmom"": -0.0}, ""label"": ""Sn"", ""xyz"": [-3.632137043002, -3.369005337359, -1.6687088028360006]}, {""species"": [{""element"": ""Sn"", ""occu"": 1.0}], ""abc"": [0.219052, 0.42727000000000004, 0.506678], ""properties"": {""magmom"": -0.0}, ""label"": ""Sn"", ""xyz"": [0.11218759765999997, -3.5171476129479995, -2.167979210922]}, {""species"": [{""element"": ""Se"", ""occu"": 1.0}], ""abc"": [0.338864, 0.431455, 0.237695], ""properties"": {""magmom"": -0.0}, ""label"": ""Se"", ""xyz"": [-1.525136319022, -1.538425885412, -2.175578609493]}, {""species"": [{""element"": ""Se"", ""occu"": 1.0}], ""abc"": [0.810261, 0.869267999999999, 0.398454], ""properties"": {""magmom"": 0.0}, ""label"": ""Se"", ""xyz"": [-4.163348817389999, -2.513015588007, -4.098966738011993]}, {""species"": [{""element"": ""Se"", ""occu"": 1.0}], ""abc"": [0.661136, 0.568545, 0.762305], ""properties"": {""magmom"": -0.0}, ""label"": ""Se"", ""xyz"": [-1.9948196809779999, -5.347727114588, -1.6611063905070007]}, {""species"": [{""element"": ""Se"", ""occu"": 1.0}], ""abc"": [0.7755000000000001, 0.272140999999999, 0.296236], ""properties"": {""magmom"": 0.0}, ""label"": ""Se"", ""xyz"": [-4.1809991170280005, -2.076601481565001, 0.5028741838920081]}, {""species"": [{""element"": ""Se"", ""occu"": 1.0}], ""abc"": [0.2245, 0.727858999999999, 0.703764], ""properties"": {""magmom"": 0.0}, ""label"": ""Se"", ""xyz"": [0.6610431170280002, -4.809551518435, -4.339559183891993]}, {""species"": [{""element"": ""Se"", ""occu"": 1.0}], ""abc"": [0.189739, 0.130732, 0.601546], ""properties"": {""magmom"": 0.0}, ""label"": ""Se"", ""xyz"": [0.6433928173900003, -4.373137411993, 0.26228173801200017]}]}",0.0,1.189599999999999,12.624,0.0
2,mp-11737,Li4SiO4,"{""@module"": ""pymatgen.core.structure"", ""@class"": ""Structure"", ""charge"": 0, ""lattice"": {""matrix"": [[4.98181725, 0.00346571, -0.00178658], [1.84419568, 4.63057898, 0.00401369], [2.43133287, 0.05566813, 7.0510607]], ""pbc"": [true, true, true], ""a"": 4.981818775849987, ""b"": 4.984308929616614, ""c"": 7.458681884926091, ""alpha"": 82.6283205700333, ""beta"": 70.99567042246568, ""gamma"": 68.24452593655543, ""volume"": 162.632576544714}, ""properties"": {}, ""sites"": [{""species"": [{""element"": ""Li"", ""occu"": 1.0}], ""abc"": [0.76251311, 0.7349362700000001, 0.00517848], ""properties"": {""magmom"": 0.0}, ""label"": ""Li"", ""xyz"": [5.166657867599099, 3.4061113691099054, 0.0381012924992085]}, {""species"": [{""element"": ""Li"", ""occu"": 1.0}], ""abc"": [0.23748689, 0.26506373, 0.99482152], ""properties"": {""magmom"": 0.0}, ""label"": ""Li"", ""xyz"": [4.0906879324009005, 1.283601450890095, 7.0151865175007915]}, {""species"": [{""element"": ""Li"", ""occu"": 1.0}], ""abc"": [0.5117123100000001, 0.76242155, 0.44343563], ""properties"": {""magmom"": -0.0}, ""label"": ""Li"", ""xyz"": [5.033451364792409, 3.5569118820963808, 3.128837452444961]}, {""species"": [{""element"": ""Li"", ""occu"": 1.0}], ""abc"": [0.48828769, 0.23757845, 0.55656437], ""properties"": {""magmom"": -0.0}, ""label"": ""Li"", ""xyz"": [4.2238944352075904, 1.1328009379036192, 3.9244503575550396]}, {""species"": [{""element"": ""Li"", ""occu"": 1.0}], ""abc"": [0.07681525, 0.249723399999999, 0.40757833], ""properties"": {""magmom"": -0.0}, ""label"": ""Li"", ""xyz"": [1.8341769438166797, 1.179319269693828, 2.8747246205586316]}, {""species"": [{""element"": ""Li"", ""occu"": 1.0}], ""abc"": [0.92318475, 0.7502766, 0.59242167], ""properties"": {""magmom"": -0.0}, ""label"": ""Li"", ""xyz"": [7.4231688561833185, 3.5103935503061674, 4.178563189441368]}, {""species"": [{""element"": ""Li"", ""occu"": 1.0}], ""abc"": [0.6095555500000001, 0.21285489, 0.19447836000000002], ""properties"": {""magmom"": -0.0}, ""label"": ""Li"", ""xyz"": [3.9020820515998063, 0.9985801688160694, 1.3710440349853772]}, {""species"": [{""element"": ""Li"", ""occu"": 1.0}], ""abc"": [0.39044445, 0.78714511, 0.80552164], ""properties"": {""magmom"": -0.0}, ""label"": ""Li"", ""xyz"": [5.355263748400194, 3.6911326511839304, 5.682243775014623]}, {""species"": [{""element"": ""Si"", ""occu"": 1.0}], ""abc"": [0.8409305300000001, 0.21817685, 0.76312539], ""properties"": {""magmom"": -0.0}, ""label"": ""Si"", ""xyz"": [6.4471348692902195, 1.05568132029656, 5.380216751175962]}, {""species"": [{""element"": ""Si"", ""occu"": 1.0}], ""abc"": [0.15906947, 0.78182315, 0.23687461], ""properties"": {""magmom"": -0.0}, ""label"": ""Si"", ""xyz"": [2.8102109307097805, 3.6340314997034406, 1.673071058824038]}, {""species"": [{""element"": ""O"", ""occu"": 1.0}], ""abc"": [0.6355444, 0.01311117, 0.80603325], ""properties"": {""magmom"": -0.0}, ""label"": ""O"", ""xyz"": [5.150080753172573, 0.10778528453305311, 5.68230654522604]}, {""species"": [{""element"": ""O"", ""occu"": 1.0}], ""abc"": [0.3644556, 0.98688883, 0.19396675], ""properties"": {""magmom"": -0.0}, ""label"": ""O"", ""xyz"": [4.107265046827426, 4.581927535466947, 1.3709812647739597]}, {""species"": [{""element"": ""O"", ""occu"": 1.0}], ""abc"": [0.30038308, 0.51746974, 0.37468219], ""properties"": {""magmom"": -0.0}, ""label"": ""O"", ""xyz"": [3.3617461929414385, 2.418083398335857, 2.643447169616607]}, {""species"": [{""element"": ""O"", ""occu"": 1.0}], ""abc"": [0.69961692, 0.48253026, 0.62531781], ""properties"": {""magmom"": -0.0}, ""label"": ""O"", ""xyz"": [5.8955996070585615, 2.271629421664143, 4.4098406403833925]}, {""species"": [{""element"": ""O"", ""occu"": 1.0}], ""abc"": [0.81940426, 0.9712857300000001, 0.36941657], ""properties"": {""magmom"": 0.0}, ""label"": ""O"", ""xyz"": [6.771537873866787, 4.521019832092795, 2.6072131672146117]}, {""species"": [{""element"": ""O"", ""occu"": 1.0}], ""abc"": [0.18059574, 0.02871427, 0.6305834300000001], ""properties"": {""magmom"": 0.0}, ""label"": ""O"", ""xyz"": [2.4858079261332127, 0.16869298790720588, 4.446074642785388]}, {""species"": [{""element"": ""O"", ""occu"": 1.0}], ""abc"": [0.15020703, 0.66504892, 0.04697233], ""properties"": {""magmom"": -0.0}, ""label"": ""O"", ""xyz"": [2.08898968828742, 3.082696985402486, 0.33360569337448837]}, {""species"": [{""element"": ""O"", ""occu"": 1.0}], ""abc"": [0.84979297, 0.33495108, 0.95302767], ""properties"": {""magmom"": -0.0}, ""label"": ""O"", ""xyz"": [7.16835611171258, 1.6070158345975143, 6.719682116625512]}]}",0.0,4.7841000000000005,78.989,0.0
4,mp-12177,Te2O5,"{""@module"": ""pymatgen.core.structure"", ""@class"": ""Structure"", ""charge"": 0, ""lattice"": {""matrix"": [[4.71663094, 0.0, 0.0], [0.0, 5.22630755, -1.34851691], [0.0, 0.04060059, 7.97530039]], ""pbc"": [true, true, true], ""a"": 4.71663094, ""b"": 5.397479825227968, ""c"": 7.975403733896015, ""alpha"": 104.17648174254485, ""beta"": 90.0, ""gamma"": 90.0, ""volume"": 196.85389011371586}, ""properties"": {}, ""sites"": [{""species"": [{""element"": ""Te"", ""occu"": 1.0}], ""abc"": [0.88504362, 0.14025698, 0.37981008], ""properties"": {""magmom"": 0.0}, ""label"": ""Te"", ""xyz"": [4.174424121341603, 0.7484466268501462, 2.8399605698743993]}, {""species"": [{""element"": ""Te"", ""occu"": 1.0}], ""abc"": [0.38504362000000003, 0.85974302, 0.6201899200000001], ""properties"": {""magmom"": 0.0}, ""label"": ""Te"", ""xyz"": [1.816108651341603, 4.518461513149854, 3.786822910125601]}, {""species"": [{""element"": ""Te"", ""occu"": 1.0}], ""abc"": [0.49295799, 0.25672659000000003, 0.01123471], ""properties"": {""magmom"": 0.0}, ""label"": ""Te"", ""xyz"": [2.3251009077542104, 1.3421882514572334, -0.2565999608171]}, {""species"": [{""element"": ""Te"", ""occu"": 1.0}], ""abc"": [0.9929579900000001, 0.74327341, 0.98876529], ""properties"": {""magmom"": 0.0}, ""label"": ""Te"", ""xyz"": [4.683416377754211, 3.924719888542766, 6.8833834408170995]}, {""species"": [{""element"": ""O"", ""occu"": 1.0}], ""abc"": [0.03920029, 0.87460737, 0.50762267], ""properties"": {""magmom"": -0.0}, ""label"": ""O"", ""xyz"": [0.1848933006709726, 4.591576881016019, 2.8690204499682155]}, {""species"": [{""element"": ""O"", ""occu"": 1.0}], ""abc"": [0.53920029, 0.12539263, 0.49237733], ""properties"": {""magmom"": -0.0}, ""label"": ""O"", ""xyz"": [2.5432087706709727, 0.6753312589839813, 3.7577630300317852]}, {""species"": [{""element"": ""O"", ""occu"": 1.0}], ""abc"": [0.17286417, 0.66462709, 0.7743171], ""properties"": {""magmom"": 0.0}, ""label"": ""O"", ""xyz"": [0.8153364926394199, 3.504983309508618, 5.279150599904577]}, {""species"": [{""element"": ""O"", ""occu"": 1.0}], ""abc"": [0.67286417, 0.33537291, 0.2256829], ""properties"": {""magmom"": 0.0}, ""label"": ""O"", ""xyz"": [3.1736519626394197, 1.7619248304913815, 1.3476328800954227]}, {""species"": [{""element"": ""O"", ""occu"": 1.0}], ""abc"": [0.79730135, 0.83494152, 0.20648506], ""properties"": {""magmom"": 0.0}, ""label"": ""O"", ""xyz"": [3.760576215913769, 4.372044585046662, 0.5208476209660702]}, {""species"": [{""element"": ""O"", ""occu"": 1.0}], ""abc"": [0.29730135, 0.16505848, 0.79351494], ""properties"": {""magmom"": 0.0}, ""label"": ""O"", ""xyz"": [1.402260745913769, 0.8948635549533386, 6.10593585903393]}, {""species"": [{""element"": ""O"", ""occu"": 1.0}], ""abc"": [0.7312415600000001, 0.96532694, 0.9021306800000001], ""properties"": {""magmom"": -0.0}, ""label"": ""O"", ""xyz"": [3.4489965665098667, 5.081722512605498, 5.89300346176641]}, {""species"": [{""element"": ""O"", ""occu"": 1.0}], ""abc"": [0.23124156, 0.03467306, 0.09786932], ""properties"": {""magmom"": -0.0}, ""label"": ""O"", ""xyz"": [1.0906810965098666, 0.18518562739450178, 0.7337800182335902]}, {""species"": [{""element"": ""O"", ""occu"": 1.0}], ""abc"": [0.7328990200000001, 0.46790188, 0.90741797], ""properties"": {""magmom"": 0.0}, ""label"": ""O"", ""xyz"": [3.4568141936276793, 2.4822408330617964, 6.605957292633217]}, {""species"": [{""element"": ""O"", ""occu"": 1.0}], ""abc"": [0.23289902, 0.53209812, 0.09258203], ""properties"": {""magmom"": 0.0}, ""label"": ""O"", ""xyz"": [1.0984987236276789, 2.7846673069382035, 0.020826187366782434]}]}",0.0,1.6822,47.587,0.0
5,mp-1019509,B2S2O9,"{""@module"": ""pymatgen.core.structure"", ""@class"": ""Structure"", ""charge"": 0, ""lattice"": {""matrix"": [[0.0, -4.17767092, 0.0], [-3.87697301, 2.08883546, 0.32358139], [-0.00575026, 0.0, -8.6894058]], ""pbc"": [true, true, true], ""a"": 4.17767092, ""b"": 4.415751149598016, ""c"": 8.689407702632193, ""alpha"": 94.16895891075696, ""beta"": 90.0, ""gamma"": 118.2319368720678, ""volume"": 140.74762342628227}, ""properties"": {}, ""sites"": [{""species"": [{""element"": ""B"", ""occu"": 1.0}], ""abc"": [0.82342014, 0.00439024, 0.85653747], ""properties"": {""magmom"": -0.0}, ""label"": ""B"", ""xyz"": [-0.0219461551396646, -3.430807884830418, -7.441381059773692]}, {""species"": [{""element"": ""B"", ""occu"": 1.0}], ""abc"": [0.8190299, 0.99560976, 0.14346253], ""properties"": {""magmom"": -0.0}, ""label"": ""B"", ""xyz"": [-3.860777114860335, -1.3419724248304181, -0.9244433502263074]}, {""species"": [{""element"": ""S"", ""occu"": 1.0}], ""abc"": [0.49111943, 0.336812799999999, 0.73445984], ""properties"": {""magmom"": 0.0}, ""label"": ""S"", ""xyz"": [-1.3100374700620827, -1.3481888409360896, -6.27303323956928]}, {""species"": [{""element"": ""S"", ""occu"": 1.0}], ""abc"": [0.15430863, 0.6631872, 0.26554016], ""properties"": {""magmom"": 0.0}, ""label"": ""S"", ""xyz"": [-2.5726857999379136, 0.7406382637220723, -2.0927911704307203]}, {""species"": [{""element"": ""O"", ""occu"": 1.0}], ""abc"": [0.6351821, 0.338136999999999, 0.5890333600000001], ""properties"": {""magmom"": -0.0}, ""label"": ""O"", ""xyz"": [-1.3143351176510398, -1.947269232136514, -5.0089350543070585]}, {""species"": [{""element"": ""O"", ""occu"": 1.0}], ""abc"": [0.2970451, 0.661863, 0.41096664], ""properties"": {""magmom"": -0.0}, ""label"": ""O"", ""xyz"": [-2.5683881523489562, 0.14156622786348794, -3.3568893556929416]}, {""species"": [{""element"": ""O"", ""occu"": 1.0}], ""abc"": [0.49919109, 0.66813142, 0.79577488], ""properties"": {""magmom"": 0.0}, ""label"": ""O"", ""xyz"": [-2.594903394934443, -0.6898394981799496, -6.698615964180029]}, {""species"": [{""element"": ""O"", ""occu"": 1.0}], ""abc"": [0.83105967, 0.33186858, 0.20422512], ""properties"": {""magmom"": 0.0}, ""label"": ""O"", ""xyz"": [-1.2878198750655572, -2.7786749581799493, -1.6672084458199699]}, {""species"": [{""element"": ""O"", ""occu"": 1.0}], ""abc"": [0.68523504, 0.26249734, 0.86191826], ""properties"": {""magmom"": -0.0}, ""label"": ""O"", ""xyz"": [-1.022651356470541, -2.3143727480253604, -7.404618273421406]}, {""species"": [{""element"": ""O"", ""occu"": 1.0}], ""abc"": [0.4227377, 0.73750266, 0.13808174], ""properties"": {""magmom"": -0.0}, ""label"": ""O"", ""xyz"": [-2.8600719135294588, -0.22553728802536033, -0.9612061365785947]}, {""species"": [{""element"": ""O"", ""occu"": 1.0}], ""abc"": [0.09533285, 0.07712743, 0.7331104900000001], ""properties"": {""magmom"": 0.0}, ""label"": ""O"", ""xyz"": [-0.3032365403668917, -0.23716276444305417, -6.345337542840314]}, {""species"": [{""element"": ""O"", ""occu"": 1.0}], ""abc"": [0.01820442, 0.92287257, 0.26688951], ""properties"": {""magmom"": 0.0}, ""label"": ""O"", ""xyz"": [-3.5794867296331083, 1.851676873227866, -2.0204868671596854]}, {""species"": [{""element"": ""O"", ""occu"": 1.0}], ""abc"": [0.96135594, -0.0, 0.0], ""properties"": {""magmom"": 0.0}, ""label"": ""O"", ""xyz"": [0.0, -4.016228754307265, 0.0]}]}",0.0,6.6956,32.078,0.0
5,mp-550070,NbBr2O,"{""@module"": ""pymatgen.core.structure"", ""@class"": ""Structure"", ""charge"": 0, ""lattice"": {""matrix"": [[3.773614079999999, -0.0013847999999990002, -1.06999071], [-0.50680176, 6.80899805, -1.7996516100000002], [0.07232898, 0.02558144, 7.4686824]], ""pbc"": [true, true, true], ""a"": 3.922377501201482, ""b"": 7.061023182671085, ""c"": 7.469076427744603, ""alpha"": 104.61070108758018, ""beta"": 105.27556479677067, ""gamma"": 89.99233088388941, ""volume"": 192.61378741680198}, ""properties"": {}, ""sites"": [{""species"": [{""element"": ""Nb"", ""occu"": 1.0}], ""abc"": [0.00842811, 0.71407122, 0.9995469100000001], ""properties"": {""magmom"": -0.0}, ""label"": ""Nb"", ""xyz"": [-0.25779190803510665, 4.887667722599743, 6.171200994560862]}, {""species"": [{""element"": ""Nb"", ""occu"": 1.0}], ""abc"": [0.00918168, 0.28592769, 0.00043733], ""properties"": {""magmom"": 0.0}, ""label"": ""Nb"", ""xyz"": [-0.11022890796585662, 1.9468795563916956, -0.5211282610802818]}, {""species"": [{""element"": ""Br"", ""occu"": 1.0}], ""abc"": [0.92296142, 0.9323768, 0.7442058500000001], ""properties"": {""magmom"": -0.0}, ""label"": ""Br"", ""xyz"": [3.064197656626158, 6.366311553390249, 2.8927235795369834]}, {""species"": [{""element"": ""Br"", ""occu"": 1.0}], ""abc"": [0.89447536, 0.41823497, 0.69711224], ""properties"": {""magmom"": -0.0}, ""label"": ""Br"", ""xyz"": [3.2138640110842362, 2.864355560634107, 3.4967523550698685]}, {""species"": [{""element"": ""Br"", ""occu"": 1.0}], ""abc"": [0.19855419, 0.58201658, 0.30277636], ""properties"": {""magmom"": -0.0}, ""label"": ""Br"", ""xyz"": [0.476199365220727, 3.9704202557321153, 1.0014622570927956]}, {""species"": [{""element"": ""Br"", ""occu"": 1.0}], ""abc"": [0.17893889000000002, 0.06755587, 0.25600632], ""properties"": {""magmom"": 0.0}, ""label"": ""Br"", ""xyz"": [0.6595255569483935, 0.4662890028358824, 1.5989899163046055]}, {""species"": [{""element"": ""O"", ""occu"": 1.0}], ""abc"": [0.5394852, 0.7202640100000001, 0.99888866], ""properties"": {""magmom"": 0.0}, ""label"": ""O"", ""xyz"": [1.7430264766503247, 4.929082170792691, 5.586913717097534]}, {""species"": [{""element"": ""O"", ""occu"": 1.0}], ""abc"": [0.54077416, 0.27954985, 0.00102633], ""properties"": {""magmom"": 0.0}, ""label"": ""O"", ""xyz"": [1.8990708616904797, 1.9027317744703403, -1.0740503322282202]}]}",0.0,0.9038,15.153,0.0
5,mp-549720,NbI2O,"{""@module"": ""pymatgen.core.structure"", ""@class"": ""Structure"", ""charge"": 0, ""lattice"": {""matrix"": [[3.8125686, -4.6970000000000006e-05, -0.98576861], [-0.51518162, 7.30362931, -1.9773523800000001], [0.07984111, 0.05916894, 8.16944739]], ""pbc"": [true, true, true], ""a"": 3.937946048941437, ""b"": 7.584084363597794, ""c"": 8.170051788347768, ""alpha"": 104.73768722468456, ""beta"": 103.93646956055984, ""gamma"": 90.0293453510066, ""volume"": 228.5338164569104}, ""properties"": {}, ""sites"": [{""species"": [{""element"": ""Nb"", ""occu"": 1.0}], ""abc"": [0.03029179, 0.29252151, 0.00063623], ""properties"": {""magmom"": 0.0}, ""label"": ""Nb"", ""xyz"": [-0.03516138070543689, 2.136504896490778, -0.603081152209466]}, {""species"": [{""element"": ""Nb"", ""occu"": 1.0}], ""abc"": [0.0298403, 0.70749779, 0.99943379], ""properties"": {""magmom"": -0.0}, ""label"": ""Nb"", ""xyz"": [-0.1709257636389329, 5.226435632159816, 6.736433697239084]}, {""species"": [{""element"": ""I"", ""occu"": 1.0}], ""abc"": [0.85122169, 0.41634714, 0.69949765], ""properties"": {""magmom"": -0.0}, ""label"": ""I"", ""xyz"": [3.0866953616837587, 3.0821937274388853, 4.052136620765289]}, {""species"": [{""element"": ""I"", ""occu"": 1.0}], ""abc"": [0.87324273, 0.932773499999999, 0.75308972], ""properties"": {""magmom"": -0.0}, ""label"": ""I"", ""xyz"": [2.9088775689275974, 6.857150378437546, 3.447089675119197]}, {""species"": [{""element"": ""I"", ""occu"": 1.0}], ""abc"": [0.12037365, 0.06692625, 0.24645936000000002], ""properties"": {""magmom"": 0.0}, ""label"": ""I"", ""xyz"": [0.4441312132341546, 0.5033816062423254, 1.762439429929969]}, {""species"": [{""element"": ""I"", ""occu"": 1.0}], ""abc"": [0.15090528, 0.5837544, 0.30064941], ""properties"": {""magmom"": 0.0}, ""label"": ""I"", ""xyz"": [0.29860137724332514, 4.281307764561788, 1.1530936975468071]}, {""species"": [{""element"": ""O"", ""occu"": 1.0}], ""abc"": [0.50335546, 0.28776518, 0.0007187200000000001], ""properties"": {""magmom"": 0.0}, ""label"": ""O"", ""xyz"": [1.7708832732251436, 2.1017490863400266, -1.0593336304660983]}, {""species"": [{""element"": ""O"", ""occu"": 1.0}], ""abc"": [0.5027701, 0.7124132200000001, 0.99951712], ""properties"": {""magmom"": 0.0}, ""label"": ""O"", ""xyz"": [1.629625855814647, 5.262318827814134, 6.261195568507293]}]}",0.0,0.842599999999999,12.477,0.0
7,mp-29541,GaTeI7,"{""@module"": ""pymatgen.core.structure"", ""@class"": ""Structure"", ""charge"": 0, ""lattice"": {""matrix"": [[7.22183324, 0.0, -1.6828363400000002], [0.0, 7.27583856, 0.0], [-0.07092818000000001, 0.0, 16.53116375]], ""pbc"": [true, true, true], ""a"": 7.415309399721194, ""b"": 7.27583856, ""c"": 16.53131591059926, ""alpha"": 90.0, ""beta"": 103.36286148081678, ""gamma"": 90.0, ""volume"": 867.7597786007699}, ""properties"": {}, ""sites"": [{""species"": [{""element"": ""Ga"", ""occu"": 1.0}], ""abc"": [0.28680975000000003, 0.51056773, 0.8078191], ""properties"": {""magmom"": 0.0}, ""label"": ""Ga"", ""xyz"": [2.0139950475738524, 3.714808377425669, 12.87153595251131]}, {""species"": [{""element"": ""Ga"", ""occu"": 1.0}], ""abc"": [0.28680975000000003, 0.48943227, 0.3078191], ""properties"": {""magmom"": 0.0}, ""label"": ""Ga"", ""xyz"": [2.049459137573852, 3.5610301825743313, 4.605954077511311]}, {""species"": [{""element"": ""Te"", ""occu"": 1.0}], ""abc"": [0.00165744, 0.9104956, 0.65378959], ""properties"": {""magmom"": -0.0}, ""label"": ""Te"", ""xyz"": [-0.03440235043634061, 6.624618995190336, 10.805113570071994]}, {""species"": [{""element"": ""Te"", ""occu"": 1.0}], ""abc"": [0.00165744, 0.0895044, 0.15378959], ""properties"": {""magmom"": -0.0}, ""label"": ""Te"", ""xyz"": [0.0010617395636593977, 0.651219564809664, 2.539531695071993]}, {""species"": [{""element"": ""I"", ""occu"": 1.0}], ""abc"": [0.31598205, 0.16188652, 0.8193353800000001], ""properties"": {""magmom"": 0.0}, ""label"": ""I"", ""xyz"": [2.2238557046203336, 1.1778601845602112, 13.012821256420779]}, {""species"": [{""element"": ""I"", ""occu"": 1.0}], ""abc"": [0.31598205, 0.83811348, 0.31933538], ""properties"": {""magmom"": 0.0}, ""label"": ""I"", ""xyz"": [2.2593197946203336, 6.097978375439789, 4.747239381420778]}, {""species"": [{""element"": ""I"", ""occu"": 1.0}], ""abc"": [0.51161566, 0.6643505, 0.93122047], ""properties"": {""magmom"": -0.0}, ""label"": ""I"", ""xyz"": [3.6287532063766936, 4.83370698525528, 14.533192652160878]}, {""species"": [{""element"": ""I"", ""occu"": 1.0}], ""abc"": [0.51161566, 0.3356495, 0.43122047], ""properties"": {""magmom"": -0.0}, ""label"": ""I"", ""xyz"": [3.6642172963766937, 2.44213157474472, 6.267610777160879]}, {""species"": [{""element"": ""I"", ""occu"": 1.0}], ""abc"": [0.36636704000000003, 0.62456716, 0.6721642600000001], ""properties"": {""magmom"": 0.0}, ""label"": ""I"", ""xyz"": [2.598166279889563, 4.54424982603769, 10.495121680267342]}, {""species"": [{""element"": ""I"", ""occu"": 1.0}], ""abc"": [0.36636704000000003, 0.37543284, 0.17216426], ""properties"": {""magmom"": 0.0}, ""label"": ""I"", ""xyz"": [2.6336303698895627, 2.7315887339623104, 2.2295398052673416]}, {""species"": [{""element"": ""I"", ""occu"": 1.0}], ""abc"": [0.9575165600000001, 0.62159787, 0.80961019], ""properties"": {""magmom"": 0.0}, ""label"": ""I"", ""xyz"": [6.8576007435723, 4.5226457513598675, 11.772454961238823]}, {""species"": [{""element"": ""I"", ""occu"": 1.0}], ""abc"": [0.9575165600000001, 0.37840213, 0.30961019], ""properties"": {""magmom"": 0.0}, ""label"": ""I"", ""xyz"": [6.8930648335723, 2.753192808640133, 3.506873086238822]}, {""species"": [{""element"": ""I"", ""occu"": 1.0}], ""abc"": [0.78780846, 0.66780735, 0.54287673], ""properties"": {""magmom"": 0.0}, ""label"": ""I"", ""xyz"": [5.650916064757959, 4.858858467781417, 7.648631414247102]}, {""species"": [{""element"": ""I"", ""occu"": 1.0}], ""abc"": [0.78780846, 0.33219265000000003, 0.04287673], ""properties"": {""magmom"": 0.0}, ""label"": ""I"", ""xyz"": [5.686380154757959, 2.4169800922185845, -0.6169504607528989]}, {""species"": [{""element"": ""I"", ""occu"": 1.0}], ""abc"": [0.71573653, 0.12491935, 0.68026785], ""properties"": {""magmom"": -0.0}, ""label"": ""I"", ""xyz"": [5.120679702923244, 0.908893023620136, 10.041151779660938]}, {""species"": [{""element"": ""I"", ""occu"": 1.0}], ""abc"": [0.71573653, 0.87508065, 0.18026785], ""properties"": {""magmom"": -0.0}, ""label"": ""I"", ""xyz"": [5.156143792923244, 6.366945536379864, 1.7755699046609377]}, {""species"": [{""element"": ""I"", ""occu"": 1.0}], ""abc"": [0.1228075, 0.11982977, 0.53886743], ""properties"": {""magmom"": 0.0}, ""label"": ""I"", ""xyz"": [0.8486743995501225, 0.8718620612019312, 8.701440801047115]}, {""species"": [{""element"": ""I"", ""occu"": 1.0}], ""abc"": [0.1228075, 0.88017023, 0.03886743], ""properties"": {""magmom"": 0.0}, ""label"": ""I"", ""xyz"": [0.8841384895501225, 6.40397649879807, 0.4358589260471125]}]}",0.0,1.5853000000000002,5.463,0.0
8,mp-27821,Ag3P11,"{""@module"": ""pymatgen.core.structure"", ""@class"": ""Structure"", ""charge"": 0, ""lattice"": {""matrix"": [[6.01645601, 0.00313468, 2.765857409999999], [1.75026994, 6.31199973, 3.72628978], [0.00221695, -0.00538312, 7.53591245]], ""pbc"": [true, true, true], ""a"": 6.621761091955501, ""b"": 7.535915404177526, ""c"": 7.5359146987551044, ""alpha"": 60.4000821349226, ""beta"": 65.29420580195041, ""gamma"": 65.29419082794016, ""volume"": 286.19742275452717}, ""properties"": {}, ""sites"": [{""species"": [{""element"": ""Ag"", ""occu"": 1.0}], ""abc"": [0.03288346, 0.70811999, 0.70811999], ""properties"": {""magmom"": 0.0}, ""label"": ""Ag"", ""xyz"": [1.4388128895685257, 4.465944369931427, 8.065941491993016]}, {""species"": [{""element"": ""Ag"", ""occu"": 1.0}], ""abc"": [0.80045015, 0.4116743, 0.4116743], ""properties"": {""magmom"": -0.0}, ""label"": ""Ag"", ""xyz"": [5.537326929372828, 2.5987811333663253, 6.8502901982068]}, {""species"": [{""element"": ""Ag"", ""occu"": 1.0}], ""abc"": [0.0057913800000000005, 0.99938008, 0.99938008], ""properties"": {""magmom"": -0.0}, ""label"": ""Ag"", ""xyz"": [1.7862440713343448, 6.302725166354187, 11.271238696880705]}, {""species"": [{""element"": ""P"", ""occu"": 1.0}], ""abc"": [0.04382391, 0.18986355, 0.18986355], ""properties"": {""magmom"": 0.0}, ""label"": ""P"", ""xyz"": [0.5963980089650586, 1.1975339919977641, 2.2594923824143893]}, {""species"": [{""element"": ""P"", ""occu"": 1.0}], ""abc"": [0.05213617, 0.5088307400000001, 0.5088307400000001], ""properties"": {""magmom"": -0.0}, ""label"": ""P"", ""xyz"": [1.2053941744138803, 3.2091638267719675, 5.8747559068440705]}, {""species"": [{""element"": ""P"", ""occu"": 1.0}], ""abc"": [0.72790675, 0.9169516400000001, 0.9169516400000001], ""properties"": {""magmom"": -0.0}, ""label"": ""P"", ""xyz"": [5.986364668621067, 5.785144198121831, 12.340181083086675]}, {""species"": [{""element"": ""P"", ""occu"": 1.0}], ""abc"": [0.53070553, 0.73568155, 0.22311051], ""properties"": {""magmom"": 0.0}, ""label"": ""P"", ""xyz"": [4.481102402731486, 4.644084306328171, 5.890559733812886]}, {""species"": [{""element"": ""P"", ""occu"": 1.0}], ""abc"": [0.53070553, 0.22311051, 0.73568155], ""properties"": {""magmom"": 0.0}, ""label"": ""P"", ""xyz"": [3.5851010636720773, 1.4059768088255067, 7.843261987782362]}, {""species"": [{""element"": ""P"", ""occu"": 1.0}], ""abc"": [0.50089699, 0.386900099999999, 0.08896588], ""properties"": {""magmom"": -0.0}, ""label"": ""P"", ""xyz"": [3.691001553597068, 2.4432045645056344, 3.4975506226663757]}, {""species"": [{""element"": ""P"", ""occu"": 1.0}], ""abc"": [0.50089699, 0.08896588, 0.386900099999999], ""properties"": {""magmom"": -0.0}, ""label"": ""P"", ""xyz"": [3.170196749502752, 0.5610400326495136, 4.632567581347139]}, {""species"": [{""element"": ""P"", ""occu"": 1.0}], ""abc"": [0.27146745, 0.38884389, 0.945140299999999], ""properties"": {""magmom"": -0.0}, ""label"": ""P"", ""xyz"": [2.315949071879626, 2.45014568862658, 9.322279825245475]}, {""species"": [{""element"": ""P"", ""occu"": 1.0}], ""abc"": [0.27146745, 0.945140299999999, 0.38884389], ""properties"": {""magmom"": -0.0}, ""label"": ""P"", ""xyz"": [3.28838467470639, 5.9644830886771425, 7.2030004104698655]}, {""species"": [{""element"": ""P"", ""occu"": 1.0}], ""abc"": [0.26563261, 0.64845436, 0.19208012], ""properties"": {""magmom"": 0.0}, ""label"": ""P"", ""xyz"": [2.7335629186784582, 4.0928424281316635, 4.598529744876075]}, {""species"": [{""element"": ""P"", ""occu"": 1.0}], ""abc"": [0.26563261, 0.19208012, 0.64845436], ""properties"": {""magmom"": 0.0}, ""label"": ""P"", ""xyz"": [1.9357965638874806, 1.2097516311738792, 6.337143395584095]}]}",0.0,0.8305999999999991,52.412,0.0
9,mp-15252,Cu2GeS3,"{""@module"": ""pymatgen.core.structure"", ""@class"": ""Structure"", ""charge"": 0, ""lattice"": {""matrix"": [[6.35842964, 0.02837982, 1.01982713], [1.5905692500000002, 5.34461068, 3.17696829], [0.026565099999999002, 0.00804379, 6.45543386]], ""pbc"": [true, true, true], ""a"": 6.439757780856186, ""b"": 6.417780097158296, ""c"": 6.45549353093395, ""alpha"": 60.193062575606014, ""beta"": 80.6519495773717, ""gamma"": 70.92700969794512, ""volume"": 218.79390568055214}, ""properties"": {}, ""sites"": [{""species"": [{""element"": ""Cu"", ""occu"": 1.0}], ""abc"": [0.13997048, 0.030595650000000002, 0.16998732], ""properties"": {""magmom"": -0.0}, ""label"": ""Cu"", ""xyz"": [0.9431726789853216, 0.1688615170839984, 1.337289004063716]}, {""species"": [{""element"": ""Cu"", ""occu"": 1.0}], ""abc"": [0.13975716, 0.37284027000000003, 0.49610808], ""properties"": {""magmom"": -0.0}, ""label"": ""Cu"", ""xyz"": [1.4948434979259273, 2.0006429612334182, 4.529622756256378]}, {""species"": [{""element"": ""Cu"", ""occu"": 1.0}], ""abc"": [0.63997048, 0.20058197, 0.8300126800000001], ""properties"": {""magmom"": -0.0}, ""label"": ""Cu"", ""xyz"": [4.410296152188916, 1.0968712338004103, 6.6479937748402]}, {""species"": [{""element"": ""Cu"", ""occu"": 1.0}], ""abc"": [0.63975716, 0.8689473400000001, 0.50389192], ""properties"": {""magmom"": -0.0}, ""label"": ""Cu"", ""xyz"": [5.463357746663509, 4.66639462755328, 6.665900815388012]}, {""species"": [{""element"": ""Ge"", ""occu"": 1.0}], ""abc"": [0.12080808, 0.7235890700000001, 0.82512975], ""properties"": {""magmom"": 0.0}, ""label"": ""Ge"", ""xyz"": [1.940987855323313, 3.877367553449966, 7.748593414931136]}, {""species"": [{""element"": ""Ge"", ""occu"": 1.0}], ""abc"": [0.62080808, 0.54871782, 0.17487125], ""properties"": {""magmom"": 0.0}, ""label"": ""Ge"", ""xyz"": [4.8247836602859016, 2.951708170255301, 3.5052458251956633]}, {""species"": [{""element"": ""S"", ""occu"": 1.0}], ""abc"": [0.512782899999999, 0.25028768, 0.49427233000000004], ""properties"": {""magmom"": 0.0}, ""label"": ""S"", ""xyz"": [3.6717242715806724, 1.356218716826831, 4.508848271100838]}, {""species"": [{""element"": ""S"", ""occu"": 1.0}], ""abc"": [0.0127829, 0.74456101, 0.50572767], ""properties"": {""magmom"": 0.0}, ""label"": ""S"", ""xyz"": [1.2789897236264152, 3.983819469533334, 5.643174591817356]}, {""species"": [{""element"": ""S"", ""occu"": 1.0}], ""abc"": [0.51522858, 0.91580379, 0.16886109], ""properties"": {""magmom"": -0.0}, ""label"": ""S"", ""xyz"": [4.737179833596527, 4.910595094324864, 4.5249952827497015]}, {""species"": [{""element"": ""S"", ""occu"": 1.0}], ""abc"": [0.01522858, 0.08466388, 0.8311389100000001], ""properties"": {""magmom"": -0.0}, ""label"": ""S"", ""xyz"": [0.25357290681884137, 0.4596131684703629, 5.649867243081234]}, {""species"": [{""element"": ""S"", ""occu"": 1.0}], ""abc"": [0.0064528, 0.41344061, 0.16452931], ""properties"": {""magmom"": 0.0}, ""label"": ""S"", ""xyz"": [0.7030063333213153, 2.2111856682726954, 2.3821765270091575]}, {""species"": [{""element"": ""S"", ""occu"": 1.0}], ""abc"": [0.506452799999999, 0.57796992, 0.8354706900000001], ""properties"": {""magmom"": 0.0}, ""label"": ""S"", ""xyz"": [4.161740039384864, 3.1101175972347566, 7.746012195181864]}]}",0.0,0.111099999999999,72.817,0.0
9,mp-15896,Cu2SiSe3,"{""@module"": ""pymatgen.core.structure"", ""@class"": ""Structure"", ""charge"": 0, ""lattice"": {""matrix"": [[6.60776734, 0.03373589, 1.01661608], [1.60442141, 5.5812981, 3.2828149], [0.0313154, 0.01082897, 6.74429778]], ""pbc"": [true, true, true], ""a"": 6.685599119298085, ""b"": 6.670976705819921, ""c"": 6.744379175741926, ""alpha"": 60.35937657720765, ""beta"": 80.98714984834021, ""gamma"": 71.53295011946999, ""volume"": 247.9726555194205}, ""properties"": {}, ""sites"": [{""species"": [{""element"": ""Cu"", ""occu"": 1.0}], ""abc"": [0.50262342, 0.23318964, 0.50960673], ""properties"": {""magmom"": 0.0}, ""label"": ""Cu"", ""xyz"": [3.7113116085939373, 1.3239758590711959, 4.71343301348629]}, {""species"": [{""element"": ""Cu"", ""occu"": 1.0}], ""abc"": [0.00262342, 0.74279636, 0.49039327], ""properties"": {""magmom"": 0.0}, ""label"": ""Cu"", ""xyz"": [1.2244501936565286, 4.151166870172492, 5.748488211418298]}, {""species"": [{""element"": ""Cu"", ""occu"": 1.0}], ""abc"": [0.50015775, 0.58408142, 0.82600655], ""properties"": {""magmom"": -0.0}, ""label"": ""Cu"", ""xyz"": [4.267905506244957, 3.2857505866777026, 7.996733741006237]}, {""species"": [{""element"": ""Cu"", ""occu"": 1.0}], ""abc"": [0.00015775, 0.41008898, 0.17399345], ""properties"": {""magmom"": -0.0}, ""label"": ""Cu"", ""xyz"": [0.6644465892990767, 2.2907183365918313, 2.519870223625963]}, {""species"": [{""element"": ""Si"", ""occu"": 1.0}], ""abc"": [0.52432198, 0.88575359, 0.16972488], ""properties"": {""magmom"": 0.0}, ""label"": ""Si"", ""xyz"": [4.891034681375647, 4.963181243210815, 4.5854743703406955]}, {""species"": [{""element"": ""Si"", ""occu"": 1.0}], ""abc"": [0.02432198, 0.05547947, 0.83027512], ""properties"": {""magmom"": 0.0}, ""label"": ""Si"", ""xyz"": [0.2757268320644339, 0.3194590085080956, 5.806477595330775]}, {""species"": [{""element"": ""Se"", ""occu"": 1.0}], ""abc"": [0.12257408, 0.6986897400000001, 0.83051447], ""properties"": {""magmom"": -0.0}, ""label"": ""Se"", ""xyz"": [1.9569416731917186, 3.912724480311421, 8.019516765947209]}, {""species"": [{""element"": ""Se"", ""occu"": 1.0}], ""abc"": [0.62257408, 0.5292042, 0.16948553], ""properties"": {""magmom"": -0.0}, ""label"": ""Se"", ""xyz"": [4.968198728462631, 2.976484840371555, 3.51325913734291]}, {""species"": [{""element"": ""Se"", ""occu"": 1.0}], ""abc"": [0.62687497, 0.86713526, 0.48386814], ""properties"": {""magmom"": -0.0}, ""label"": ""Se"", ""xyz"": [5.5486468538907525, 4.866128357684695, 6.747286548909621]}, {""species"": [{""element"": ""Se"", ""occu"": 1.0}], ""abc"": [0.12687497, 0.351003399999999, 0.51613186], ""properties"": {""magmom"": -0.0}, ""label"": ""Se"", ""xyz"": [1.4176805286209162, 1.968924025973192, 4.7622092837074455]}, {""species"": [{""element"": ""Se"", ""occu"": 1.0}], ""abc"": [0.14494781, 0.030647010000000002, 0.15708293], ""properties"": {""magmom"": -0.0}, ""label"": ""Se"", ""xyz"": [1.0118712387051316, 0.177641088394064, 1.3073787915501294]}, {""species"": [{""element"": ""Se"", ""occu"": 1.0}], ""abc"": [0.64494781, 0.18773093, 0.84291707], ""properties"": {""magmom"": -0.0}, ""label"": ""Se"", ""xyz"": [4.589260883547615, 1.0786680949576517, 6.956833932526747]}]}",0.0,0.23869999999999902,63.392,0.0
9,mp-539,Ga2S3,"{""@module"": ""pymatgen.core.structure"", ""@class"": ""Structure"", ""charge"": 0, ""lattice"": {""matrix"": [[6.45523076, 1e-08, 0.0], [-3.22761436, 4.8121616, -2.8934126300000003], [0.0, 4.2430000000000005e-05, 7.05343939]], ""pbc"": [true, true, true], ""a"": 6.45523076, ""b"": 6.476590952718589, ""c"": 7.053439390127619, ""alpha"": 116.53502819836484, ""beta"": 89.99999999999946, ""gamma"": 119.89095037027656, ""volume"": 219.106108358102}, ""properties"": {}, ""sites"": [{""species"": [{""element"": ""Ga"", ""occu"": 1.0}], ""abc"": [0.13653814, 0.40574596, 0.61964728], ""properties"": {""magmom"": -0.0}, ""label"": ""Ga"", ""xyz"": [-0.4282062857667992, 1.9525414210666077, 3.196654047422885]}, {""species"": [{""element"": ""Ga"", ""occu"": 1.0}], ""abc"": [0.26920781, 0.40574596, 0.11964728000000001], ""properties"": {""magmom"": -0.0}, ""label"": ""Ga"", ""xyz"": [0.42820704893624995, 1.9525202073933046, -0.33006564757711565]}, {""species"": [{""element"": ""Ga"", ""occu"": 1.0}], ""abc"": [0.44718999, 0.08814768, 0.62905923], ""properties"": {""magmom"": -0.0}, ""label"": ""Ga"", ""xyz"": [2.6022078612434076, 0.4242075762801168, 4.181983540907871]}, {""species"": [{""element"": ""Ga"", ""occu"": 1.0}], ""abc"": [0.6409587, 0.08814768, 0.12905923], ""properties"": {""magmom"": -0.0}, ""label"": ""Ga"", ""xyz"": [3.8530295983609273, 0.42418636321780384, 0.6552638459078712]}, {""species"": [{""element"": ""S"", ""occu"": 1.0}], ""abc"": [0.42851516, 0.67989794, 0.50284171], ""properties"": {""magmom"": 0.0}, ""label"": ""S"", ""xyz"": [0.5717158874799031, 3.2718000986460107, 1.5795382375419746]}, {""species"": [{""element"": ""S"", ""occu"": 1.0}], ""abc"": [0.25138278000000003, 0.67989794, 0.00284171], ""properties"": {""magmom"": 0.0}, ""label"": ""S"", ""xyz"": [-0.5717145004881057, 3.271778881874687, -1.9471814574580255]}, {""species"": [{""element"": ""S"", ""occu"": 1.0}], ""abc"": [0.76053466, 0.34699161, 0.51185829], ""properties"": {""magmom"": -0.0}, ""label"": ""S"", ""xyz"": [3.789471628042622, 1.6698014269167671, 2.606371517906009]}, {""species"": [{""element"": ""S"", ""occu"": 1.0}], ""abc"": [0.5864579600000001, 0.34699161, 0.01185829], ""properties"": {""magmom"": -0.0}, ""label"": ""S"", ""xyz"": [2.6657663596033303, 1.6697802101760004, -0.9203481770939914]}, {""species"": [{""element"": ""S"", ""occu"": 1.0}], ""abc"": [0.91099758, 0.00121681, 0.98559649], ""properties"": {""magmom"": 0.0}, ""label"": ""S"", ""xyz"": [5.876772207272169, 0.005897314325542499, 6.948324371789432]}, {""species"": [{""element"": ""S"", ""occu"": 1.0}], ""abc"": [0.09021723, 0.00121681, 0.48559649], ""properties"": {""magmom"": 0.0}, ""label"": ""S"", ""xyz"": [0.5784456447486032, 0.005876091117739, 3.4216046767894306]}]}",0.0,1.7106,31.225,0.0
11,mp-4691,Ag2CO3,"{""@module"": ""pymatgen.core.structure"", ""@class"": ""Structure"", ""charge"": 0, ""lattice"": {""matrix"": [[3.16750975, -0.06045884, 0.0], [-0.24515284, 4.90908291, 0.0], [0.0, 0.0, 9.658440389999999]], ""pbc"": [true, true, true], ""a"": 3.1680866919450303, ""b"": 4.9152003959364805, ""c"": 9.658440389999999, ""alpha"": 90.0, ""beta"": 90.0, ""gamma"": 93.95237961414375, ""volume"": 150.0414213504448}, ""properties"": {}, ""sites"": [{""species"": [{""element"": ""Ag"", ""occu"": 1.0}], ""abc"": [0.23950217000000001, 0.20072687, 0.42897651000000003], ""properties"": {""magmom"": 0.0}, ""label"": ""Ag"", ""xyz"": [0.7094166963763466, 0.970904823719109, 4.143244050545239]}, {""species"": [{""element"": ""Ag"", ""occu"": 1.0}], ""abc"": [0.76049783, 0.79927313, 0.92897651], ""properties"": {""magmom"": 0.0}, ""label"": ""Ag"", ""xyz"": [2.212940213623653, 3.877719246280891, 8.972464245545238]}, {""species"": [{""element"": ""Ag"", ""occu"": 1.0}], ""abc"": [0.76049783, 0.79927313, 0.57102349], ""properties"": {""magmom"": 0.0}, ""label"": ""Ag"", ""xyz"": [2.212940213623653, 3.877719246280891, 5.51519633945476]}, {""species"": [{""element"": ""Ag"", ""occu"": 1.0}], ""abc"": [0.23950217000000001, 0.20072687, 0.07102349], ""properties"": {""magmom"": 0.0}, ""label"": ""Ag"", ""xyz"": [0.7094166963763466, 0.970904823719109, 0.685976144454761]}, {""species"": [{""element"": ""C"", ""occu"": 1.0}], ""abc"": [0.8090346700000001, 0.7137656, 0.25], ""properties"": {""magmom"": -0.0}, ""label"": ""C"", ""xyz"": [2.3876435413787287, 3.4550212110379133, 2.4146100974999998]}, {""species"": [{""element"": ""C"", ""occu"": 1.0}], ""abc"": [0.19096533000000002, 0.2862344, 0.75], ""properties"": {""magmom"": -0.0}, ""label"": ""C"", ""xyz"": [0.5347133686212715, 1.3936028589620868, 7.243830292499999]}, {""species"": [{""element"": ""O"", ""occu"": 1.0}], ""abc"": [0.28159615, 0.40770614, 0.86544446], ""properties"": {""magmom"": -0.0}, ""label"": ""O"", ""xyz"": [0.7920082325810248, 1.9844382675986016, 8.358843727765738]}, {""species"": [{""element"": ""O"", ""occu"": 1.0}], ""abc"": [0.7184038500000001, 0.5922938600000001, 0.36544446], ""properties"": {""magmom"": -0.0}, ""label"": ""O"", ""xyz"": [2.1303486774189753, 2.864185802401399, 3.5296235327657395]}, {""species"": [{""element"": ""O"", ""occu"": 1.0}], ""abc"": [-0.00677486, 0.95858453, 0.25], ""properties"": {""magmom"": 0.0}, ""label"": ""O"", ""xyz"": [-0.2564591550144502, 4.706180534190145, 2.4146100974999998]}, {""species"": [{""element"": ""O"", ""occu"": 1.0}], ""abc"": [0.00677486, 0.04141547, 0.75], ""properties"": {""magmom"": 0.0}, ""label"": ""O"", ""xyz"": [0.011306315014450197, 0.20290237580985535, 7.243830292499999]}, {""species"": [{""element"": ""O"", ""occu"": 1.0}], ""abc"": [0.28159615, 0.40770614, 0.63455554], ""properties"": {""magmom"": -0.0}, ""label"": ""O"", ""xyz"": [0.7920082325810248, 1.9844382675986016, 6.12881685723426]}, {""species"": [{""element"": ""O"", ""occu"": 1.0}], ""abc"": [0.7184038500000001, 0.5922938600000001, 0.13455554], ""properties"": {""magmom"": -0.0}, ""label"": ""O"", ""xyz"": [2.1303486774189753, 2.864185802401399, 1.2995966622342605]}]}",0.0,0.4736,47.972,0.0
11,mp-5431,BaTeO3,"{""@module"": ""pymatgen.core.structure"", ""@class"": ""Structure"", ""charge"": 0, ""lattice"": {""matrix"": [[4.4614496, 0.0, -1.31226981], [0.0, 5.95910517, 0.0], [-0.0070332300000000006, 0.0, 7.12092928]], ""pbc"": [true, true, true], ""a"": 4.650439182225438, ""b"": 5.95910517, ""c"": 7.120932753304553, ""alpha"": 90.0, ""beta"": 106.44706128590025, ""gamma"": 90.0, ""volume"": 189.26378785886058}, ""properties"": {}, ""sites"": [{""species"": [{""element"": ""Ba"", ""occu"": 1.0}], ""abc"": [0.66019226, 0.75, 0.31039579], ""properties"": {""magmom"": 0.0}, ""label"": ""Ba"", ""xyz"": [2.943231409317994, 4.4693288775, 1.3439560978060605]}, {""species"": [{""element"": ""Ba"", ""occu"": 1.0}], ""abc"": [0.33980774, 0.25, 0.68960421], ""properties"": {""magmom"": 0.0}, ""label"": ""Ba"", ""xyz"": [1.5111849606820058, 1.4897762925, 4.46470337219394]}, {""species"": [{""element"": ""Te"", ""occu"": 1.0}], ""abc"": [0.93052636, 0.75, 0.8519097], ""properties"": {""magmom"": -0.0}, ""label"": ""Te"", ""xyz"": [4.145504779752125, 4.4693288775, 4.845287077008825]}, {""species"": [{""element"": ""Te"", ""occu"": 1.0}], ""abc"": [0.06947364, 0.25, 0.148090299999999], ""properties"": {""magmom"": -0.0}, ""label"": ""Te"", ""xyz"": [0.308911590247875, 1.4897762925, 0.9633723929911685]}, {""species"": [{""element"": ""O"", ""occu"": 1.0}], ""abc"": [0.17606626, 0.48656914, 0.32639096], ""properties"": {""magmom"": -0.0}, ""label"": ""O"", ""xyz"": [0.7832151625588952, 2.899516677736454, 2.093160506233698]}, {""species"": [{""element"": ""O"", ""occu"": 1.0}], ""abc"": [0.82393374, 0.9865691400000001, 0.67360904], ""properties"": {""magmom"": -0.0}, ""label"": ""O"", ""xyz"": [3.6712012074411047, 5.879069262736454, 3.7154989637663016]}, {""species"": [{""element"": ""O"", ""occu"": 1.0}], ""abc"": [0.82393374, 0.51343086, 0.67360904], ""properties"": {""magmom"": -0.0}, ""label"": ""O"", ""xyz"": [3.6712012074411047, 3.0595884922635466, 3.7154989637663016]}, {""species"": [{""element"": ""O"", ""occu"": 1.0}], ""abc"": [0.17606626, 0.013430860000000001, 0.32639096], ""properties"": {""magmom"": -0.0}, ""label"": ""O"", ""xyz"": [0.7832151625588952, 0.0800359072635462, 2.093160506233698]}, {""species"": [{""element"": ""O"", ""occu"": 1.0}], ""abc"": [0.6542853200000001, 0.25, 0.11200507], ""properties"": {""magmom"": -0.0}, ""label"": ""O"", ""xyz"": [2.918273221781396, 1.4897762925, -0.06101869009073979]}, {""species"": [{""element"": ""O"", ""occu"": 1.0}], ""abc"": [0.34571468, 0.75, 0.8879949300000001], ""properties"": {""magmom"": -0.0}, ""label"": ""O"", ""xyz"": [1.5361431482186039, 4.4693288775, 5.86967816009074]}]}",0.0,2.7149,43.028,0.0
11,mp-9922,HfS3,"{""@module"": ""pymatgen.core.structure"", ""@class"": ""Structure"", ""charge"": 0, ""lattice"": {""matrix"": [[3.59888445, 0.0, 0.0], [0.0, 5.09018752, -0.66937674], [0.0, -0.01049786, 9.1690902]], ""pbc"": [true, true, true], ""a"": 3.59888445, ""b"": 5.134011512337772, ""c"": 9.169096209594521, ""alpha"": 97.55719918536104, ""beta"": 90.0, ""gamma"": 90.0, ""volume"": 167.9432437929641}, ""properties"": {}, ""sites"": [{""species"": [{""element"": ""Hf"", ""occu"": 1.0}], ""abc"": [0.25, 0.28558485, 0.65135954], ""properties"": {""magmom"": 0.0}, ""label"": ""Hf"", ""xyz"": [0.8997211125, 1.4468425581104873, 5.7812105190041185]}, {""species"": [{""element"": ""Hf"", ""occu"": 1.0}], ""abc"": [0.75, 0.71441515, 0.34864046], ""properties"": {""magmom"": 0.0}, ""label"": ""Hf"", ""xyz"": [2.6991633375, 3.6328471018895123, 2.7185029409958807]}, {""species"": [{""element"": ""S"", ""occu"": 1.0}], ""abc"": [0.25, 0.8757290400000001, 0.17818478000000001], ""properties"": {""magmom"": 0.0}, ""label"": ""S"", ""xyz"": [0.8997211125, 4.45575447143501, 1.0475996701686263]}, {""species"": [{""element"": ""S"", ""occu"": 1.0}], ""abc"": [0.75, 0.12427096, 0.82181422], ""properties"": {""magmom"": 0.0}, ""label"": ""S"", ""xyz"": [2.6991633375, 0.62393519906285, 7.452104620741173]}, {""species"": [{""element"": ""S"", ""occu"": 1.0}], ""abc"": [0.75, 0.23770236, 0.44809899000000003], ""properties"": {""magmom"": 0.0}, ""label"": ""S"", ""xyz"": [2.6991633375, 1.2052455058833857, 3.9495476270117913]}, {""species"": [{""element"": ""S"", ""occu"": 1.0}], ""abc"": [0.25, 0.76229764, 0.55190101], ""properties"": {""magmom"": 0.0}, ""label"": ""S"", ""xyz"": [0.8997211125, 3.8744441541166137, 4.550165832988208]}, {""species"": [{""element"": ""S"", ""occu"": 1.0}], ""abc"": [0.75, 0.52715722, 0.82195145], ""properties"": {""magmom"": -0.0}, ""label"": ""S"", ""xyz"": [2.6991633375, 2.6747003710729973, 7.183680203679727]}, {""species"": [{""element"": ""S"", ""occu"": 1.0}], ""abc"": [0.25, 0.47284278, 0.17804855], ""properties"": {""magmom"": -0.0}, ""label"": ""S"", ""xyz"": [0.8997211125, 2.404989288927003, 1.3160332563202726]}]}",0.0,1.1326,16.695,0.0
12,mp-9254,Al2Te5,"{""@module"": ""pymatgen.core.structure"", ""@class"": ""Structure"", ""charge"": 0, ""lattice"": {""matrix"": [[4.05182118, -1e-08, 1.06358424], [1.8354978100000001, 7.00411762, 1.25718679], [-0.051755920000000004, -0.05531004, 8.44685706]], ""pbc"": [true, true, true], ""a"": 4.189088959460395, ""b"": 7.3489614552166325, ""c"": 8.447196698778338, ""alpha"": 80.60195332738428, ""beta"": 75.64332003856903, ""gamma"": 73.4404161071931, ""volume"": 240.2763278172873}, ""properties"": {}, ""sites"": [{""species"": [{""element"": ""Al"", ""occu"": 1.0}], ""abc"": [0.37049554, 0.85711592, 0.40189401], ""properties"": {""magmom"": -0.0}, ""label"": ""Al"", ""xyz"": [3.0536156759136333, 5.9811119401806945, 4.866349285197197]}, {""species"": [{""element"": ""Al"", ""occu"": 1.0}], ""abc"": [0.62950446, 0.14288408, 0.59810599], ""properties"": {""magmom"": -0.0}, ""label"": ""Al"", ""xyz"": [2.7819473940863673, 0.9676956298193052, 5.901278804802803]}, {""species"": [{""element"": ""Te"", ""occu"": 1.0}], ""abc"": [0.58145482, 0.71083772, 0.12625265], ""properties"": {""magmom"": 0.0}, ""label"": ""Te"", ""xyz"": [3.654157711161293, 4.971807954676472, 2.5785200622379643]}, {""species"": [{""element"": ""Te"", ""occu"": 1.0}], ""abc"": [0.41854518, 0.28916228, 0.87374735], ""properties"": {""magmom"": 0.0}, ""label"": ""Te"", ""xyz"": [2.1814053588387075, 1.9769996153235276, 8.189108027762035]}, {""species"": [{""element"": ""Te"", ""occu"": 1.0}], ""abc"": [0.0, -0.0, -0.0], ""properties"": {""magmom"": 0.0}, ""label"": ""Te"", ""xyz"": [0.0, 0.0, 0.0]}, {""species"": [{""element"": ""Te"", ""occu"": 1.0}], ""abc"": [0.18147757, 0.23697652, 0.40006834], ""properties"": {""magmom"": -0.0}, ""label"": ""Te"", ""xyz"": [1.149578640302781, 1.637683621555373, 3.8702605160611476]}, {""species"": [{""element"": ""Te"", ""occu"": 1.0}], ""abc"": [0.81852243, 0.76302348, 0.59993166], ""properties"": {""magmom"": -0.0}, ""label"": ""Te"", ""xyz"": [4.6859844296972195, 5.311123948444626, 6.897367573938851]}]}",0.0,1.046099999999999,5.745,0.0
12,mp-25469,AlCl3,"{""@module"": ""pymatgen.core.structure"", ""@class"": ""Structure"", ""charge"": 0, ""lattice"": {""matrix"": [[5.88093768, 0.00059775, -0.92763513], [-3.15786394, 4.96118241, -0.92763513], [0.02183025, 0.03977624, 6.29196582]], ""pbc"": [true, true, true], ""a"": 5.953648905315038, ""b"": 5.953649511287665, ""c"": 6.292129416114379, ""alpha"": 98.76475379775628, ""beta"": 98.76474557705527, ""gamma"": 119.97155710496942, ""volume"": 184.02278370440553}, ""properties"": {}, ""sites"": [{""species"": [{""element"": ""Al"", ""occu"": 1.0}], ""abc"": [0.83339891, 0.16660109, 0.0], ""properties"": {""magmom"": -0.0}, ""label"": ""Al"", ""xyz"": [4.375063477814234, 0.8270365613932794, -0.92763513]}, {""species"": [{""element"": ""Al"", ""occu"": 1.0}], ""abc"": [0.16660109, 0.83339891, -0.0], ""properties"": {""magmom"": -0.0}, ""label"": ""Al"", ""xyz"": [-1.651989737814234, 4.134743598606721, -0.92763513]}, {""species"": [{""element"": ""Cl"", ""occu"": 1.0}], ""abc"": [0.7888121, 0.7888121, 0.77849366], ""properties"": {""magmom"": -0.0}, ""label"": ""Cl"", ""xyz"": [2.164988226525469, 3.9448777784065747, 3.434795869948555]}, {""species"": [{""element"": ""Cl"", ""occu"": 1.0}], ""abc"": [0.211187899999999, 0.211187899999999, 0.22150634], ""properties"": {""magmom"": -0.0}, ""label"": ""Cl"", ""xyz"": [0.5799157634745282, 1.0566786215934207, 1.0018996900514465]}, {""species"": [{""element"": ""Cl"", ""occu"": 1.0}], ""abc"": [0.57096181, 0.93030843, 0.22057693], ""properties"": {""magmom"": -0.0}, ""label"": ""Cl"", ""xyz"": [0.42481862762111927, 4.6245448321187865, -0.0047685100069987385]}, {""species"": [{""element"": ""Cl"", ""occu"": 1.0}], ""abc"": [0.06969157000000001, 0.42903819, 0.77942307], ""properties"": {""magmom"": -0.0}, ""label"": ""Cl"", ""xyz"": [-0.9279774486186433, 2.159580898676062, 4.441464070006999]}, {""species"": [{""element"": ""Cl"", ""occu"": 1.0}], ""abc"": [0.42903819, 0.06969157000000001, 0.77942307], ""properties"": {""magmom"": -0.0}, ""label"": ""Cl"", ""xyz"": [2.320085362378881, 0.3770115678812131, 4.441464070006999]}, {""species"": [{""element"": ""Cl"", ""occu"": 1.0}], ""abc"": [0.93030843, 0.57096181, 0.22057693], ""properties"": {""magmom"": -0.0}, ""label"": ""Cl"", ""xyz"": [3.6728814386186435, 2.841975501323938, -0.0047685100069987385]}]}",0.0,5.263,10.009,0.0
12,mp-2793,AuSe,"{""@module"": ""pymatgen.core.structure"", ""@class"": ""Structure"", ""charge"": 0, ""lattice"": {""matrix"": [[3.69376625, 5e-08, 1e-08], [-1.84688258, 4.24442268, -1.1393997200000001], [2e-08, 0.04918552, 6.35916403]], ""pbc"": [true, true, true], ""a"": 3.69376625, ""b"": 4.767004391936504, ""c"": 6.359354242045611, ""alpha"": 103.42217303346608, ""beta"": 89.99999965869758, ""gamma"": 112.79470697984118, ""volume"": 99.90537762212159}, ""properties"": {}, ""sites"": [{""species"": [{""element"": ""Au"", ""occu"": 1.0}], ""abc"": [0.5, 0.0, 0.5], ""properties"": {""magmom"": -0.0}, ""label"": ""Au"", ""xyz"": [1.846883135, 0.024592785000000002, 3.17958202]}, {""species"": [{""element"": ""Au"", ""occu"": 1.0}], ""abc"": [0.0, 0.0, 0.0], ""properties"": {""magmom"": -0.0}, ""label"": ""Au"", ""xyz"": [0.0, 0.0, 0.0]}, {""species"": [{""element"": ""Se"", ""occu"": 1.0}], ""abc"": [0.8508006100000001, 0.70160221, 0.27314411], ""properties"": {""magmom"": -0.0}, ""label"": ""Se"", ""xyz"": [1.846881684421793, 2.9913311100874402, 0.937562846200988]}, {""species"": [{""element"": ""Se"", ""occu"": 1.0}], ""abc"": [0.14919939000000002, 0.29839779, 0.7268558900000001], ""properties"": {""magmom"": -0.0}, ""label"": ""Se"", ""xyz"": [2.0055782071331232e-06, 1.3022771399125592, 4.282201473799012]}]}",0.0,0.26279999999999903,9.015,0.0
13,mp-9595,NbInO4,"{""@module"": ""pymatgen.core.structure"", ""@class"": ""Structure"", ""charge"": 0, ""lattice"": {""matrix"": [[4.87876381, 0.011645899999999001, 0.0], [-0.09023216, 5.18403892, 0.0], [0.0, 0.0, 5.82994811]], ""pbc"": [true, true, true], ""a"": 4.878777709708911, ""b"": 5.184824140390205, ""c"": 5.82994811, ""alpha"": 90.0, ""beta"": 90.0, ""gamma"": 90.86040796395467, ""volume"": 147.4554335102898}, ""properties"": {}, ""sites"": [{""species"": [{""element"": ""Nb"", ""occu"": 1.0}], ""abc"": [0.0, 0.75, 0.17928201], ""properties"": {""magmom"": 0.0}, ""label"": ""Nb"", ""xyz"": [-0.06767412, 3.88802919, 1.045204815356501]}, {""species"": [{""element"": ""Nb"", ""occu"": 1.0}], ""abc"": [0.0, 0.25, 0.82071799], ""properties"": {""magmom"": 0.0}, ""label"": ""Nb"", ""xyz"": [-0.02255804, 1.29600973, 4.784743294643499]}, {""species"": [{""element"": ""In"", ""occu"": 1.0}], ""abc"": [0.5, 0.75, 0.68065609], ""properties"": {""magmom"": -0.0}, ""label"": ""In"", ""xyz"": [2.371707785, 3.8938521399999995, 3.9681896854554903]}, {""species"": [{""element"": ""In"", ""occu"": 1.0}], ""abc"": [0.5, 0.25, 0.31934391], ""properties"": {""magmom"": -0.0}, ""label"": ""In"", ""xyz"": [2.416823865, 1.3018326799999995, 1.8617584245445102]}, {""species"": [{""element"": ""O"", ""occu"": 1.0}], ""abc"": [0.26128054, 0.40289892, 0.61712216], ""properties"": {""magmom"": 0.0}, ""label"": ""O"", ""xyz"": [1.2383716029959901, 2.091686529146752, 3.5977901703311175]}, {""species"": [{""element"": ""O"", ""occu"": 1.0}], ""abc"": [0.73871946, 0.09710108, 0.61712216], ""properties"": {""magmom"": 0.0}, ""label"": ""O"", ""xyz"": [3.5952761270040097, 0.5119788308532469, 3.5977901703311175]}, {""species"": [{""element"": ""O"", ""occu"": 1.0}], ""abc"": [0.73871946, 0.5971010800000001, 0.38287784], ""properties"": {""magmom"": 0.0}, ""label"": ""O"", ""xyz"": [3.5501600470040096, 3.103998290853247, 2.2321579396688827]}, {""species"": [{""element"": ""O"", ""occu"": 1.0}], ""abc"": [0.26128054, 0.90289892, 0.38287784], ""properties"": {""magmom"": 0.0}, ""label"": ""O"", ""xyz"": [1.19325552299599, 4.683705989146752, 2.2321579396688827]}, {""species"": [{""element"": ""O"", ""occu"": 1.0}], ""abc"": [0.21611699, 0.43666812, 0.10285143000000001], ""properties"": {""magmom"": -0.0}, ""label"": ""O"", ""xyz"": [1.0149822418673926, 2.266221406057071, 0.5996184999392974]}, {""species"": [{""element"": ""O"", ""occu"": 1.0}], ""abc"": [0.78388301, 0.06333188000000001, 0.10285143000000001], ""properties"": {""magmom"": -0.0}, ""label"": ""O"", ""xyz"": [3.8186654881326074, 0.33744395394292787, 0.5996184999392974]}, {""species"": [{""element"": ""O"", ""occu"": 1.0}], ""abc"": [0.78388301, 0.56333188, 0.89714857], ""properties"": {""magmom"": -0.0}, ""label"": ""O"", ""xyz"": [3.7735494081326073, 2.9294634139429276, 5.230329610060703]}, {""species"": [{""element"": ""O"", ""occu"": 1.0}], ""abc"": [0.21611699, 0.93666812, 0.89714857], ""properties"": {""magmom"": -0.0}, ""label"": ""O"", ""xyz"": [0.9698661618673926, 4.858240866057072, 5.230329610060703]}]}",0.0,3.0277,161.141,0.0
13,mp-540924,NbTeI3,"{""@module"": ""pymatgen.core.structure"", ""@class"": ""Structure"", ""charge"": 0, ""lattice"": {""matrix"": [[7.68762163, 0.0, 0.0], [0.0, 7.36707147, -0.14104184], [0.0, 2.24052205, 13.49314375]], ""pbc"": [true, true, true], ""a"": 7.68762163, ""b"": 7.368421462207394, ""c"": 13.677897035535114, ""alpha"": 81.6689064176699, ""beta"": 90.0, ""gamma"": 90.0, ""volume"": 766.6170222348447}, ""properties"": {}, ""sites"": [{""species"": [{""element"": ""Nb"", ""occu"": 1.0}], ""abc"": [0.63884227, 0.06571136, 0.84650448], ""properties"": {""magmom"": 0.0}, ""label"": ""Nb"", ""xyz"": [4.9111776530103, 2.3807122383746835, 11.412738582535699]}, {""species"": [{""element"": ""Nb"", ""occu"": 1.0}], ""abc"": [0.63884227, 0.93428864, 0.65349552], ""properties"": {""magmom"": 0.0}, ""label"": ""Nb"", ""xyz"": [4.9111776530103, 8.347142306625317, 8.685935202464302]}, {""species"": [{""element"": ""Nb"", ""occu"": 1.0}], ""abc"": [0.36115773, 0.93428864, 0.15349552], ""properties"": {""magmom"": 0.0}, ""label"": ""Nb"", ""xyz"": [2.7764439769897, 7.2268812816253165, 1.939363327464302]}, {""species"": [{""element"": ""Nb"", ""occu"": 1.0}], ""abc"": [0.36115773, 0.06571136, 0.34650448], ""properties"": {""magmom"": 0.0}, ""label"": ""Nb"", ""xyz"": [2.7764439769897, 1.2604512133746832, 4.666166707535697]}, {""species"": [{""element"": ""Te"", ""occu"": 1.0}], ""abc"": [0.9023057600000001, 0.82951564, 0.8015748300000001], ""properties"": {""magmom"": 0.0}, ""label"": ""Te"", ""xyz"": [6.9365852774495895, 7.907047086702793, 10.698767995397436]}, {""species"": [{""element"": ""Te"", ""occu"": 1.0}], ""abc"": [0.9023057600000001, 0.17048436, 0.69842517], ""properties"": {""magmom"": 0.0}, ""label"": ""Te"", ""xyz"": [6.9365852774495895, 2.8208074582972076, 9.399905789602565]}, {""species"": [{""element"": ""Te"", ""occu"": 1.0}], ""abc"": [0.09769424, 0.17048436, 0.19842517], ""properties"": {""magmom"": 0.0}, ""label"": ""Te"", ""xyz"": [0.7510363525504112, 1.7005464332972078, 2.653333914602565]}, {""species"": [{""element"": ""Te"", ""occu"": 1.0}], ""abc"": [0.09769424, 0.82951564, 0.30157483], ""properties"": {""magmom"": 0.0}, ""label"": ""Te"", ""xyz"": [0.7510363525504112, 6.786786061702792, 3.952196120397435]}, {""species"": [{""element"": ""I"", ""occu"": 1.0}], ""abc"": [0.68429478, 0.85367126, 0.04190328], ""properties"": {""magmom"": -0.0}, ""label"": ""I"", ""xyz"": [5.260599352024091, 6.382942407112276, 0.44500361537098154]}, {""species"": [{""element"": ""I"", ""occu"": 1.0}], ""abc"": [0.68429478, 0.14632874, 0.45809672], ""properties"": {""magmom"": -0.0}, ""label"": ""I"", ""xyz"": [5.260599352024091, 2.104390087887724, 6.160526419629019]}, {""species"": [{""element"": ""I"", ""occu"": 1.0}], ""abc"": [0.31570522, 0.14632874, 0.95809672], ""properties"": {""magmom"": -0.0}, ""label"": ""I"", ""xyz"": [2.4270222779759085, 3.2246511128877238, 12.90709829462902]}, {""species"": [{""element"": ""I"", ""occu"": 1.0}], ""abc"": [0.31570522, 0.85367126, 0.54190328], ""properties"": {""magmom"": -0.0}, ""label"": ""I"", ""xyz"": [2.4270222779759085, 7.503203432112276, 7.1915754903709805]}, {""species"": [{""element"": ""I"", ""occu"": 1.0}], ""abc"": [0.78494831, 0.361421999999999, 0.9252764800000001], ""properties"": {""magmom"": -0.0}, ""label"": ""I"", ""xyz"": [6.034385606387945, 4.735724060616717, 12.43391292923752]}, {""species"": [{""element"": ""I"", ""occu"": 1.0}], ""abc"": [0.78494831, 0.638578, 0.57472352], ""properties"": {""magmom"": -0.0}, ""label"": ""I"", ""xyz"": [6.034385606387945, 5.992130484383276, 7.664760855762481]}, {""species"": [{""element"": ""I"", ""occu"": 1.0}], ""abc"": [0.21505169000000002, 0.638578, 0.07472352], ""properties"": {""magmom"": -0.0}, ""label"": ""I"", ""xyz"": [1.6532360236120547, 4.871869459383276, 0.9181889807624801]}, {""species"": [{""element"": ""I"", ""occu"": 1.0}], ""abc"": [0.21505169000000002, 0.361421999999999, 0.42527648], ""properties"": {""magmom"": -0.0}, ""label"": ""I"", ""xyz"": [1.6532360236120547, 3.615463035616717, 5.68734105423752]}, {""species"": [{""element"": ""I"", ""occu"": 1.0}], ""abc"": [0.43480118, 0.25154803, 0.69403737], ""properties"": {""magmom"": 0.0}, ""label"": ""I"", ""xyz"": [3.342586956117523, 3.4081783461567126, 9.329267204282361]}, {""species"": [{""element"": ""I"", ""occu"": 1.0}], ""abc"": [0.43480118, 0.74845197, 0.80596263], ""properties"": {""magmom"": 0.0}, ""label"": ""I"", ""xyz"": [3.342586956117523, 7.319676198843287, 10.769406580717638]}, {""species"": [{""element"": ""I"", ""occu"": 1.0}], ""abc"": [0.56519882, 0.74845197, 0.30596263], ""properties"": {""magmom"": 0.0}, ""label"": ""I"", ""xyz"": [4.345034673882476, 6.199415173843287, 4.022834705717638]}, {""species"": [{""element"": ""I"", ""occu"": 1.0}], ""abc"": [0.56519882, 0.25154803, 0.19403737000000001], ""properties"": {""magmom"": 0.0}, ""label"": ""I"", ""xyz"": [4.345034673882476, 2.2879173211567125, 2.5826953292823625]}]}",0.0,0.45779999999999904,5.474,0.0
13,mp-553961,ScNbO4,"{""@module"": ""pymatgen.core.structure"", ""@class"": ""Structure"", ""charge"": 0, ""lattice"": {""matrix"": [[4.84267527, 0.02955881, 0.0], [-0.11027653, 5.12636188, 0.0], [0.0, 0.0, 5.7282192]], ""pbc"": [true, true, true], ""a"": 4.842765479962682, ""b"": 5.127547858166316, ""c"": 5.7282192, ""alpha"": 90.0, ""beta"": 90.0, ""gamma"": 90.88261831202979, ""volume"": 142.22346585957226}, ""properties"": {}, ""sites"": [{""species"": [{""element"": ""Sc"", ""occu"": 1.0}], ""abc"": [0.5, 0.75, 0.68038646], ""properties"": {""magmom"": -0.0}, ""label"": ""Sc"", ""xyz"": [2.3386302375, 3.859550815, 3.897402783592032]}, {""species"": [{""element"": ""Sc"", ""occu"": 1.0}], ""abc"": [0.5, 0.25, 0.31961354000000003], ""properties"": {""magmom"": -0.0}, ""label"": ""Sc"", ""xyz"": [2.3937685025, 1.2963698750000001, 1.830816416407968]}, {""species"": [{""element"": ""Nb"", ""occu"": 1.0}], ""abc"": [0.0, 0.25, 0.81623399], ""properties"": {""magmom"": -0.0}, ""label"": ""Nb"", ""xyz"": [-0.0275691325, 1.28159047, 4.675567213210607]}, {""species"": [{""element"": ""Nb"", ""occu"": 1.0}], ""abc"": [0.0, 0.75, 0.18376601], ""properties"": {""magmom"": -0.0}, ""label"": ""Nb"", ""xyz"": [-0.0827073975, 3.84477141, 1.052651986789392]}, {""species"": [{""element"": ""O"", ""occu"": 1.0}], ""abc"": [0.78082266, 0.56484335, 0.89323544], ""properties"": {""magmom"": 0.0}, ""label"": ""O"", ""xyz"": [3.7189816212060425, 2.9186716062621323, 5.116648397528448]}, {""species"": [{""element"": ""O"", ""occu"": 1.0}], ""abc"": [0.21917734, 0.93515665, 0.89323544], ""properties"": {""magmom"": 0.0}, ""label"": ""O"", ""xyz"": [0.9582788537939574, 4.800430023737867, 5.116648397528448]}, {""species"": [{""element"": ""O"", ""occu"": 1.0}], ""abc"": [0.78082266, 0.06484335000000001, 0.10676456000000001], ""properties"": {""magmom"": 0.0}, ""label"": ""O"", ""xyz"": [3.7741198862060426, 0.35549066626213266, 0.611570802471552]}, {""species"": [{""element"": ""O"", ""occu"": 1.0}], ""abc"": [0.26545937000000003, 0.90807128, 0.38648021], ""properties"": {""magmom"": 0.0}, ""label"": ""O"", ""xyz"": [1.1853945765377216, 4.662948657195356, 2.213843359342032]}, {""species"": [{""element"": ""O"", ""occu"": 1.0}], ""abc"": [0.73454063, 0.09192872, 0.61351979], ""properties"": {""magmom"": 0.0}, ""label"": ""O"", ""xyz"": [3.5470041634622786, 0.4929720328046439, 3.514375840657968]}, {""species"": [{""element"": ""O"", ""occu"": 1.0}], ""abc"": [0.21917734, 0.43515665000000003, 0.10676456000000001], ""properties"": {""magmom"": 0.0}, ""label"": ""O"", ""xyz"": [1.0134171187939573, 2.2372490837378676, 0.611570802471552]}, {""species"": [{""element"": ""O"", ""occu"": 1.0}], ""abc"": [0.26545937000000003, 0.40807128000000004, 0.61351979], ""properties"": {""magmom"": 0.0}, ""label"": ""O"", ""xyz"": [1.2405328415377215, 2.0997677171953564, 3.514375840657968]}, {""species"": [{""element"": ""O"", ""occu"": 1.0}], ""abc"": [0.73454063, 0.59192872, 0.38648021], ""properties"": {""magmom"": 0.0}, ""label"": ""O"", ""xyz"": [3.4918658984622786, 3.056152972804644, 2.213843359342032]}]}",0.0,3.3026,166.644,0.0
14,mp-23288,AlBr3,"{""@module"": ""pymatgen.core.structure"", ""@class"": ""Structure"", ""charge"": 0, ""lattice"": {""matrix"": [[7.19501765, 0.0, 0.0], [0.0, 7.5247052, -0.88882225], [0.0, -0.04267004, 10.42120576]], ""pbc"": [true, true, true], ""a"": 7.19501765, ""b"": 7.5770174434933235, ""c"": 10.421293116718806, ""alpha"": 96.97119204651702, ""beta"": 90.0, ""gamma"": 90.0, ""volume"": 563.9352311657796}, ""properties"": {}, ""sites"": [{""species"": [{""element"": ""Al"", ""occu"": 1.0}], ""abc"": [0.09174784, 0.8028363, 0.44906921], ""properties"": {""magmom"": -0.0}, ""label"": ""Al"", ""xyz"": [0.6601273281493759, 6.021944680205291, 3.9662638713429743]}, {""species"": [{""element"": ""Al"", ""occu"": 1.0}], ""abc"": [0.59174784, 0.1971637, 0.050930790000000004], ""properties"": {""magmom"": -0.0}, ""label"": ""Al"", ""xyz"": [4.257636153149376, 1.4814254997947083, 0.35551675865702537]}, {""species"": [{""element"": ""Al"", ""occu"": 1.0}], ""abc"": [0.90825216, 0.1971637, 0.55093079], ""properties"": {""magmom"": -0.0}, ""label"": ""Al"", ""xyz"": [6.534890321850623, 1.4600904797947083, 5.566119638657025]}, {""species"": [{""element"": ""Al"", ""occu"": 1.0}], ""abc"": [0.40825216000000003, 0.8028363, 0.94906921], ""properties"": {""magmom"": -0.0}, ""label"": ""Al"", ""xyz"": [2.937381496850624, 6.000609660205291, 9.176866751342974]}, {""species"": [{""element"": ""Br"", ""occu"": 1.0}], ""abc"": [0.91760631, 0.59675709, 0.33235413], ""properties"": {""magmom"": 0.0}, ""label"": ""Br"", ""xyz"": [6.602193596201372, 4.476239614238603, 2.9331197944785363]}, {""species"": [{""element"": ""Br"", ""occu"": 1.0}], ""abc"": [0.41760631000000004, 0.40324291, 0.16764587], ""properties"": {""magmom"": 0.0}, ""label"": ""Br"", ""xyz"": [3.004684771201372, 3.027130565761397, 1.3886608355214636]}, {""species"": [{""element"": ""Br"", ""occu"": 1.0}], ""abc"": [0.08239369, 0.40324291, 0.66764587], ""properties"": {""magmom"": 0.0}, ""label"": ""Br"", ""xyz"": [0.5928240537986285, 3.005795545761397, 6.599263715521463]}, {""species"": [{""element"": ""Br"", ""occu"": 1.0}], ""abc"": [0.58239369, 0.59675709, 0.83235413], ""properties"": {""magmom"": 0.0}, ""label"": ""Br"", ""xyz"": [4.190332878798628, 4.454904594238602, 8.143722674478536]}, {""species"": [{""element"": ""Br"", ""occu"": 1.0}], ""abc"": [0.39058598, 0.7502664, 0.48999463], ""properties"": {""magmom"": 0.0}, ""label"": ""Br"", ""xyz"": [2.8102730199425467, 5.624625391003394, 4.439481390777669]}, {""species"": [{""element"": ""Br"", ""occu"": 1.0}], ""abc"": [0.89058598, 0.2497336, 0.01000537], ""properties"": {""magmom"": 0.0}, ""label"": ""Br"", ""xyz"": [6.407781844942547, 1.8787447889966051, -0.1177007607776688]}, {""species"": [{""element"": ""Br"", ""occu"": 1.0}], ""abc"": [0.60941402, 0.2497336, 0.51000537], ""properties"": {""magmom"": 0.0}, ""label"": ""Br"", ""xyz"": [4.384744630057453, 1.8574097689966051, 5.092902119222331]}, {""species"": [{""element"": ""Br"", ""occu"": 1.0}], ""abc"": [0.10941402, 0.7502664, 0.98999463], ""properties"": {""magmom"": 0.0}, ""label"": ""Br"", ""xyz"": [0.7872358050574529, 5.6032903710033946, 9.650084270777668]}, {""species"": [{""element"": ""Br"", ""occu"": 1.0}], ""abc"": [0.0667137, 0.07982016, 0.35403892000000003], ""properties"": {""magmom"": -0.0}, ""label"": ""Br"", ""xyz"": [0.480006248996805, 0.5855163181388752, 3.618566498161619]}, {""species"": [{""element"": ""Br"", ""occu"": 1.0}], ""abc"": [0.5667137, 0.92017984, 0.14596108], ""properties"": {""magmom"": -0.0}, ""label"": ""Br"", ""xyz"": [4.077515073996804, 6.917853861861124, 0.7032141318383806]}, {""species"": [{""element"": ""Br"", ""occu"": 1.0}], ""abc"": [0.9332863, 0.92017984, 0.64596108], ""properties"": {""magmom"": -0.0}, ""label"": ""Br"", ""xyz"": [6.715011401003195, 6.896518841861124, 5.91381701183838]}, {""species"": [{""element"": ""Br"", ""occu"": 1.0}], ""abc"": [0.433286299999999, 0.07982016, 0.85403892], ""properties"": {""magmom"": -0.0}, ""label"": ""Br"", ""xyz"": [3.117502576003188, 0.5641812981388752, 8.82916937816162]}]}",0.0,4.0992,0.983,0.0
14,mp-30930,AlI3,"{""@module"": ""pymatgen.core.structure"", ""@class"": ""Structure"", ""charge"": 0, ""lattice"": {""matrix"": [[6.312819, 0.0, 0.0], [0.0, 9.36654779, -3.054147], [0.0, 0.012820080000000001, 12.26360289]], ""pbc"": [true, true, true], ""a"": 6.312819, ""b"": 9.851904962998928, ""c"": 12.263609590902165, ""alpha"": 107.99968023987057, ""beta"": 90.0, ""gamma"": 90.0, ""volume"": 725.3856847943193}, ""properties"": {}, ""sites"": [{""species"": [{""element"": ""Al"", ""occu"": 1.0}], ""abc"": [0.00363998, 0.80905053, 0.95323532], ""properties"": {""magmom"": -0.0}, ""label"": ""Al"", ""xyz"": [0.02297853490362, 7.590231006831055, 9.219140176154164]}, {""species"": [{""element"": ""Al"", ""occu"": 1.0}], ""abc"": [0.50363998, 0.19094947, 0.54676468], ""properties"": {""magmom"": -0.0}, ""label"": ""Al"", ""xyz"": [3.17938803490362, 1.795546903168946, 6.122117158845835]}, {""species"": [{""element"": ""Al"", ""occu"": 1.0}], ""abc"": [0.99636002, 0.19094947, 0.04676468], ""properties"": {""magmom"": -0.0}, ""label"": ""Al"", ""xyz"": [6.28984046509638, 1.789136863168946, -0.009684286154164723]}, {""species"": [{""element"": ""Al"", ""occu"": 1.0}], ""abc"": [0.49636002, 0.80905053, 0.45323532], ""properties"": {""magmom"": -0.0}, ""label"": ""Al"", ""xyz"": [3.1334309650963803, 7.583820966831055, 3.0873387311541647]}, {""species"": [{""element"": ""I"", ""occu"": 1.0}], ""abc"": [0.76845431, 0.67410075, 0.79468984], ""properties"": {""magmom"": 0.0}, ""label"": ""I"", ""xyz"": [4.85111296879989, 6.32418487747383, 7.686957835167387]}, {""species"": [{""element"": ""I"", ""occu"": 1.0}], ""abc"": [0.26845431000000003, 0.32589925000000003, 0.70531016], ""properties"": {""magmom"": 0.0}, ""label"": ""I"", ""xyz"": [1.6947034687998903, 3.061593032526171, 7.654299499832613]}, {""species"": [{""element"": ""I"", ""occu"": 1.0}], ""abc"": [0.23154569, 0.32589925000000003, 0.20531016], ""properties"": {""magmom"": 0.0}, ""label"": ""I"", ""xyz"": [1.46170603120011, 3.055182992526171, 1.5224980548326124]}, {""species"": [{""element"": ""I"", ""occu"": 1.0}], ""abc"": [0.73154569, 0.67410075, 0.29468984], ""properties"": {""magmom"": 0.0}, ""label"": ""I"", ""xyz"": [4.61811553120011, 6.317774837473831, 1.555156390167387]}, {""species"": [{""element"": ""I"", ""occu"": 1.0}], ""abc"": [0.24484268, 0.67969134, 0.0466173], ""properties"": {""magmom"": -0.0}, ""label"": ""I"", ""xyz"": [1.5456475223149202, 6.366959056074523, -1.5041812119829827]}, {""species"": [{""element"": ""I"", ""occu"": 1.0}], ""abc"": [0.74484268, 0.32030866, 0.45338269999999903], ""properties"": {""magmom"": -0.0}, ""label"": ""I"", ""xyz"": [4.70205702231492, 3.005998773925478, 4.581835656982971]}, {""species"": [{""element"": ""I"", ""occu"": 1.0}], ""abc"": [0.75515732, 0.32030866, 0.953382699999999], ""properties"": {""magmom"": -0.0}, ""label"": ""I"", ""xyz"": [4.76717147768508, 3.012408813925478, 10.71363710198297]}, {""species"": [{""element"": ""I"", ""occu"": 1.0}], ""abc"": [0.25515732, 0.67969134, 0.5466173], ""properties"": {""magmom"": -0.0}, ""label"": ""I"", ""xyz"": [1.6107619776850801, 6.373369096074523, 4.627620233017016]}, {""species"": [{""element"": ""I"", ""occu"": 1.0}], ""abc"": [0.77855681, 0.99869589, 0.11347754], ""properties"": {""magmom"": 0.0}, ""label"": ""I"", ""xyz"": [4.91488822274739, 9.355787572502585, -1.6585205688617393]}, {""species"": [{""element"": ""I"", ""occu"": 1.0}], ""abc"": [0.27855681, 0.00130411, 0.38652246], ""properties"": {""magmom"": 0.0}, ""label"": ""I"", ""xyz"": [1.75847872274739, 0.017170257497413702, 4.73617501386174]}, {""species"": [{""element"": ""I"", ""occu"": 1.0}], ""abc"": [0.22144319, 0.00130411, 0.88652246], ""properties"": {""magmom"": 0.0}, ""label"": ""I"", ""xyz"": [1.3979307772526102, 0.0235802974974137, 10.86797645886174]}, {""species"": [{""element"": ""I"", ""occu"": 1.0}], ""abc"": [0.72144319, 0.99869589, 0.61347754], ""properties"": {""magmom"": 0.0}, ""label"": ""I"", ""xyz"": [4.55434027725261, 9.362197612502586, 4.4732808761382605]}]}",0.0,3.2639,1.042,0.0
14,mp-15649,As2Ir,"{""@module"": ""pymatgen.core.structure"", ""@class"": ""Structure"", ""charge"": 0, ""lattice"": {""matrix"": [[5.60913057, 0.0, -2.38140325], [0.0, 6.09813098, 0.0], [0.0184773, 0.0, 6.19397962]], ""pbc"": [true, true, true], ""a"": 6.093720307859484, ""b"": 6.09813098, ""c"": 6.194007179814263, ""alpha"": 90.0, ""beta"": 112.83313667352651, ""gamma"": 90.0, ""volume"": 212.13472096243026}, ""properties"": {}, ""sites"": [{""species"": [{""element"": ""As"", ""occu"": 1.0}], ""abc"": [0.15441666, 0.87400115, 0.87411563], ""properties"": {""magmom"": -0.0}, ""label"": ""As"", ""xyz"": [0.8822945048534951, 5.329773489370627, 5.046526061765316]}, {""species"": [{""element"": ""As"", ""occu"": 1.0}], ""abc"": [0.84558334, 0.37400115, 0.62588437], ""properties"": {""magmom"": -0.0}, ""label"": ""As"", ""xyz"": [4.754552015146504, 2.2807079993706267, 1.8630401182346845]}, {""species"": [{""element"": ""As"", ""occu"": 1.0}], ""abc"": [0.84558334, 0.12599885, 0.12588437], ""properties"": {""magmom"": -0.0}, ""label"": ""As"", ""xyz"": [4.7453133651465045, 0.768357490629373, -1.2339496917653157]}, {""species"": [{""element"": ""As"", ""occu"": 1.0}], ""abc"": [0.15441666, 0.62599885, 0.37411563000000003], ""properties"": {""magmom"": -0.0}, ""label"": ""As"", ""xyz"": [0.8730558548534951, 3.817422980629373, 1.9495362517653159]}, {""species"": [{""element"": ""As"", ""occu"": 1.0}], ""abc"": [0.33827041, 0.37113815, 0.18387911], ""properties"": {""magmom"": -0.0}, ""label"": ""As"", ""xyz"": [1.9008004871366369, 2.263249050374887, 0.3333852061309057]}, {""species"": [{""element"": ""As"", ""occu"": 1.0}], ""abc"": [0.66172959, 0.87113815, 0.31612089], ""properties"": {""magmom"": -0.0}, ""label"": ""As"", ""xyz"": [3.717568732863363, 5.312314540374887, 0.3822013538690945]}, {""species"": [{""element"": ""As"", ""occu"": 1.0}], ""abc"": [0.66172959, 0.6288618500000001, 0.81612089], ""properties"": {""magmom"": -0.0}, ""label"": ""As"", ""xyz"": [3.7268073828633628, 3.834881929625113, 3.4791911638690944]}, {""species"": [{""element"": ""As"", ""occu"": 1.0}], ""abc"": [0.33827041, 0.12886185, 0.68387911], ""properties"": {""magmom"": -0.0}, ""label"": ""As"", ""xyz"": [1.9100391371366368, 0.7858164396251129, 3.430375016130906]}, {""species"": [{""element"": ""Ir"", ""occu"": 1.0}], ""abc"": [0.27221259000000003, 0.49955255, 0.79151832], ""properties"": {""magmom"": 0.0}, ""label"": ""Ir"", ""xyz"": [1.5415010815620123, 3.0463368812929987, 4.254400396419721]}, {""species"": [{""element"": ""Ir"", ""occu"": 1.0}], ""abc"": [0.72778741, -0.00044745, 0.70848168], ""properties"": {""magmom"": 0.0}, ""label"": ""Ir"", ""xyz"": [4.095345438437987, -0.002728608707001, 2.65516578358028]}, {""species"": [{""element"": ""Ir"", ""occu"": 1.0}], ""abc"": [0.72778741, 0.50044745, 0.20848168], ""properties"": {""magmom"": 0.0}, ""label"": ""Ir"", ""xyz"": [4.086106788437987, 3.051794098707001, -0.44182402641972085]}, {""species"": [{""element"": ""Ir"", ""occu"": 1.0}], ""abc"": [0.27221259000000003, 0.00044745, 0.29151832], ""properties"": {""magmom"": 0.0}, ""label"": ""Ir"", ""xyz"": [1.5322624315620124, 0.002728608707001, 1.157410586419721]}]}",0.0,0.8155000000000001,152.046,0.0
15,mp-3751,AlTlF4,"{""@module"": ""pymatgen.core.structure"", ""@class"": ""Structure"", ""charge"": 0, ""lattice"": {""matrix"": [[4.73856985, 0.0, -1.7688480100000001], [-0.6545591900000001, 4.73023504, -1.753498169999999], [0.00154587, 0.011465620000000001, 7.23564963]], ""pbc"": [true, true, true], ""a"": 5.057950919671916, ""b"": 5.087074512826661, ""c"": 7.235658879347145, ""alpha"": 110.07502882220078, ""beta"": 110.45769743179184, ""gamma"": 90.00000599949641, ""volume"": 162.30530237278367}, ""properties"": {}, ""sites"": [{""species"": [{""element"": ""Al"", ""occu"": 1.0}], ""abc"": [0.5, 0.5, -0.0], ""properties"": {""magmom"": 0.0}, ""label"": ""Al"", ""xyz"": [2.0420053300000003, 2.36511752, -1.7611730899999996]}, {""species"": [{""element"": ""Al"", ""occu"": 1.0}], ""abc"": [0.0, 0.0, -0.0], ""properties"": {""magmom"": 0.0}, ""label"": ""Al"", ""xyz"": [0.0, 0.0, 0.0]}, {""species"": [{""element"": ""Tl"", ""occu"": 1.0}], ""abc"": [0.73603274, 0.25, 0.5], ""properties"": {""magmom"": 0.0}, ""label"": ""Tl"", ""xyz"": [3.324875687876889, 1.18829157, 1.877520225056153]}, {""species"": [{""element"": ""Tl"", ""occu"": 1.0}], ""abc"": [0.26396726, 0.75, 0.5], ""properties"": {""magmom"": 0.0}, ""label"": ""Tl"", ""xyz"": [0.7606808421231108, 3.55340909, 1.8357832249438482]}, {""species"": [{""element"": ""F"", ""occu"": 1.0}], ""abc"": [0.7038692, 0.64389049, 0.2752514], ""properties"": {""magmom"": 0.0}, ""label"": ""F"", ""xyz"": [2.9142944347622346, 3.0489092856776376, -0.3824757390487128]}, {""species"": [{""element"": ""F"", ""occu"": 1.0}], ""abc"": [0.928617799999999, 0.85610951, 0.7247486], ""properties"": {""magmom"": 0.0}, ""label"": ""F"", ""xyz"": [3.8410663289547107, 4.057908894322362, 2.1002567327478454]}, {""species"": [{""element"": ""F"", ""occu"": 1.0}], ""abc"": [0.29613079999999903, 0.35610951, 0.7247486], ""properties"": {""magmom"": 0.0}, ""label"": ""F"", ""xyz"": [1.1712620952377606, 1.6927913743223626, 4.095779189048715]}, {""species"": [{""element"": ""F"", ""occu"": 1.0}], ""abc"": [0.071381199999999, 0.14389049, 0.2752514], ""properties"": {""magmom"": 0.0}, ""label"": ""F"", ""xyz"": [0.24448546247543018, 0.6837917656776377, 1.6130484861001684]}, {""species"": [{""element"": ""F"", ""occu"": 1.0}], ""abc"": [0.23459989, 0.73503874, 0.04324649], ""properties"": {""magmom"": 0.0}, ""label"": ""F"", ""xyz"": [0.6306084567457921, 3.4774018515261234, -1.3909441846745254]}, {""species"": [{""element"": ""F"", ""occu"": 1.0}], ""abc"": [0.69135439, 0.76496126, 0.95675351], ""properties"": {""magmom"": 0.0}, ""label"": ""F"", ""xyz"": [2.776797661940666, 3.6294163284738765, 4.358474174145544]}, {""species"": [{""element"": ""F"", ""occu"": 1.0}], ""abc"": [0.76540011, 0.26496126000000003, 0.95675351], ""properties"": {""magmom"": 0.0}, ""label"": ""F"", ""xyz"": [3.454948073254208, 1.2642988084738769, 5.104247634674527]}, {""species"": [{""element"": ""F"", ""occu"": 1.0}], ""abc"": [0.30864561, 0.23503874, 0.04324649], ""properties"": {""magmom"": 0.0}, ""label"": ""F"", ""xyz"": [1.3087588680593343, 1.1122843315261235, -0.6451707241455431]}]}",0.0,4.433300000000001,45.26,0.0
15,mp-7547,BaSe2,"{""@module"": ""pymatgen.core.structure"", ""@class"": ""Structure"", ""charge"": 0, ""lattice"": {""matrix"": [[4.77762161, -2e-08, 1.43274335], [2.30608959, 4.89481329, 0.9922097400000001], [-0.01494719, 0.02759915, 8.73193401]], ""pbc"": [true, true, true], ""a"": 4.987827358210006, ""b"": 5.50106594299849, ""c"": 8.731990419518581, ""alpha"": 79.48689443477889, ""beta"": 73.40489490604435, ""gamma"": 63.04112916008104, ""volume"": 204.26639959932737}, ""properties"": {}, ""sites"": [{""species"": [{""element"": ""Ba"", ""occu"": 1.0}], ""abc"": [0.12802229, 0.25, 0.75], ""properties"": {""magmom"": 0.0}, ""label"": ""Ba"", ""xyz"": [1.176954064265687, 1.2444026824395542, 6.980426027149272]}, {""species"": [{""element"": ""Ba"", ""occu"": 1.0}], ""abc"": [0.87197771, 0.75, 0.25], ""properties"": {""magmom"": 0.0}, ""label"": ""Ba"", ""xyz"": [5.891809945734313, 3.678009737560446, 4.176461072850729]}, {""species"": [{""element"": ""Se"", ""occu"": 1.0}], ""abc"": [0.47303523000000003, 0.28736039, 0.0250273], ""properties"": {""magmom"": 0.0}, ""label"": ""Se"", ""xyz"": [2.9222880532883733, 1.4072661787376737, 1.1813965899948922]}, {""species"": [{""element"": ""Se"", ""occu"": 1.0}], ""abc"": [0.78542392, 0.21263961, 0.474972699999999], ""properties"": {""magmom"": 0.0}, ""label"": ""Se"", ""xyz"": [4.235724777053858, 1.0539400160931436, 5.483724263414252]}, {""species"": [{""element"": ""Se"", ""occu"": 1.0}], ""abc"": [0.21457608, 0.78736039, 0.5250273], ""properties"": {""magmom"": 0.0}, ""label"": ""Se"", ""xyz"": [2.833039232946142, 3.8684724039068565, 5.673162836585739]}, {""species"": [{""element"": ""Se"", ""occu"": 1.0}], ""abc"": [0.52696477, 0.71263961, 0.974972699999999], ""properties"": {""magmom"": 0.0}, ""label"": ""Se"", ""xyz"": [4.146475956711626, 3.5151462412623267, 9.9754905100051]}]}",0.0,0.6166,30.263,0.0
15,mp-557993,BiO2,"{""@module"": ""pymatgen.core.structure"", ""@class"": ""Structure"", ""charge"": 0, ""lattice"": {""matrix"": [[4.80147888, 0.0, -1.98709073], [-0.6628743300000001, 5.3131198, -1.601726569999999], [-0.02952461, -0.02629006, 6.72319538]], ""pbc"": [true, true, true], ""a"": 5.196415014636339, ""b"": 5.588754100116496, ""c"": 6.723311608686883, ""alpha"": 106.84537019031258, ""beta"": 112.73363108600277, ""gamma"": 90.00000212351969, ""volume"": 170.96578385970207}, ""properties"": {}, ""sites"": [{""species"": [{""element"": ""Bi"", ""occu"": 1.0}], ""abc"": [0.73344327, 0.25, 0.0], ""properties"": {""magmom"": 0.0}, ""label"": ""Bi"", ""xyz"": [3.355893788083138, 1.32827995, -1.8578499652978868]}, {""species"": [{""element"": ""Bi"", ""occu"": 1.0}], ""abc"": [0.26655673, 0.75, -0.0], ""properties"": {""magmom"": 0.0}, ""label"": ""Bi"", ""xyz"": [0.7827107619168626, 3.98483985, -1.7309673347021124]}, {""species"": [{""element"": ""Bi"", ""occu"": 1.0}], ""abc"": [0.0, -0.0, 0.5], ""properties"": {""magmom"": -0.0}, ""label"": ""Bi"", ""xyz"": [-0.014762305, -0.01314503, 3.36159769]}, {""species"": [{""element"": ""Bi"", ""occu"": 1.0}], ""abc"": [0.5, 0.5, 0.5], ""properties"": {""magmom"": -0.0}, ""label"": ""Bi"", ""xyz"": [2.05453997, 2.64341487, 1.5671890400000006]}, {""species"": [{""element"": ""O"", ""occu"": 1.0}], ""abc"": [0.32305956, 0.019892840000000002, 0.8128375], ""properties"": {""magmom"": 0.0}, ""label"": ""O"", ""xyz"": [1.513978491154421, 0.08432349543698202, 4.791053777396112]}, {""species"": [{""element"": ""O"", ""occu"": 1.0}], ""abc"": [0.11370006, 0.64818856, 0.35226067], ""properties"": {""magmom"": -0.0}, ""label"": ""O"", ""xyz"": [0.10586052042097935, 3.434642518119548, 1.1041641349512223]}, {""species"": [{""element"": ""O"", ""occu"": 1.0}], ""abc"": [0.88629994, 0.35181144000000003, 0.6477393300000001], ""properties"": {""magmom"": -0.0}, ""label"": ""O"", ""xyz"": [4.003219419579021, 1.8521872218804523, 2.0302139450487786]}, {""species"": [{""element"": ""O"", ""occu"": 1.0}], ""abc"": [0.7614394, 0.85181144, 0.6477393300000001], ""properties"": {""magmom"": -0.0}, ""label"": ""O"", ""xyz"": [3.0722670088236255, 4.508747121880452, 1.477459881625574]}, {""species"": [{""element"": ""O"", ""occu"": 1.0}], ""abc"": [0.238560599999999, 0.14818856, 0.35226067], ""properties"": {""magmom"": -0.0}, ""label"": ""O"", ""xyz"": [1.0368129311763699, 0.7780826181195477, 1.6569181983744297]}, {""species"": [{""element"": ""O"", ""occu"": 1.0}], ""abc"": [0.48977893, 0.51989284, 0.8128375], ""properties"": {""magmom"": 0.0}, ""label"": ""O"", ""xyz"": [1.9830408600963263, 2.740883395436982, 3.658903977757672]}, {""species"": [{""element"": ""O"", ""occu"": 1.0}], ""abc"": [0.51022107, 0.48010716000000003, 0.187162499999999], ""properties"": {""magmom"": 0.0}, ""label"": ""O"", ""xyz"": [2.126039079903674, 2.545946344563018, -0.5245258977576785]}, {""species"": [{""element"": ""O"", ""occu"": 1.0}], ""abc"": [0.67694044, 0.98010716, 0.187162499999999], ""properties"": {""magmom"": 0.0}, ""label"": ""O"", ""xyz"": [2.5951014488455795, 5.2025062445630175, -1.656675697396118]}]}",0.0,1.1596,51.48,0.0
19,mp-23280,AsCl3,"{""@module"": ""pymatgen.core.structure"", ""@class"": ""Structure"", ""charge"": 0, ""lattice"": {""matrix"": [[4.29798559, 0.0, 0.0], [0.0, 9.65158689, 0.0], [0.0, 0.0, 11.65659773]], ""pbc"": [true, true, true], ""a"": 4.29798559, ""b"": 9.65158689, ""c"": 11.65659773, ""alpha"": 90.0, ""beta"": 90.0, ""gamma"": 90.0, ""volume"": 483.54343255744817}, ""properties"": {}, ""sites"": [{""species"": [{""element"": ""As"", ""occu"": 1.0}], ""abc"": [0.013479930000000001, 0.69840117, 0.78611849], ""properties"": {""magmom"": -0.0}, ""label"": ""As"", ""xyz"": [0.0579365448942087, 6.740679576332662, 9.163467006045028]}, {""species"": [{""element"": ""As"", ""occu"": 1.0}], ""abc"": [0.51347993, 0.80159883, 0.21388151], ""properties"": {""magmom"": -0.0}, ""label"": ""As"", ""xyz"": [2.2069293398942085, 7.7367007586673395, 2.4931307239549723]}, {""species"": [{""element"": ""As"", ""occu"": 1.0}], ""abc"": [0.98652007, 0.19840117000000002, 0.71388151], ""properties"": {""magmom"": -0.0}, ""label"": ""As"", ""xyz"": [4.240049045105791, 1.9148861313326615, 8.321429588954972]}, {""species"": [{""element"": ""As"", ""occu"": 1.0}], ""abc"": [0.48652007, 0.30159883, 0.28611849], ""properties"": {""magmom"": -0.0}, ""label"": ""As"", ""xyz"": [2.091056250105791, 2.9109073136673387, 3.3351681410450276]}, {""species"": [{""element"": ""Cl"", ""occu"": 1.0}], ""abc"": [0.24923667, 0.52152347, 0.86538923], ""properties"": {""magmom"": -0.0}, ""label"": ""Cl"", ""xyz"": [1.0712156161595852, 5.033529085879309, 10.087494133984448]}, {""species"": [{""element"": ""Cl"", ""occu"": 1.0}], ""abc"": [0.74923667, 0.97847653, 0.13461077], ""properties"": {""magmom"": -0.0}, ""label"": ""Cl"", ""xyz"": [3.2202084111595854, 9.443851249120693, 1.569103596015552]}, {""species"": [{""element"": ""Cl"", ""occu"": 1.0}], ""abc"": [0.7507633300000001, 0.02152347, 0.63461077], ""properties"": {""magmom"": -0.0}, ""label"": ""Cl"", ""xyz"": [3.2267699738404145, 0.20773564087930832, 7.3974024610155515]}, {""species"": [{""element"": ""Cl"", ""occu"": 1.0}], ""abc"": [0.25076333, 0.47847653, 0.36538923], ""properties"": {""magmom"": -0.0}, ""label"": ""Cl"", ""xyz"": [1.0777771788404147, 4.618057804120692, 4.259195268984448]}, {""species"": [{""element"": ""Cl"", ""occu"": 1.0}], ""abc"": [0.22855538, 0.29672138, 0.12415686000000001], ""properties"": {""magmom"": 0.0}, ""label"": ""Cl"", ""xyz"": [0.9823277297569741, 2.863832181190708, 1.447246572439928]}, {""species"": [{""element"": ""Cl"", ""occu"": 1.0}], ""abc"": [0.72855538, 0.20327862, 0.87584314], ""properties"": {""magmom"": 0.0}, ""label"": ""Cl"", ""xyz"": [3.131320524756974, 1.9619612638092918, 10.209351157560071]}, {""species"": [{""element"": ""Cl"", ""occu"": 1.0}], ""abc"": [0.77144462, 0.79672138, 0.37584314], ""properties"": {""magmom"": 0.0}, ""label"": ""Cl"", ""xyz"": [3.3156578602430256, 7.689625626190709, 4.381052292560073]}, {""species"": [{""element"": ""Cl"", ""occu"": 1.0}], ""abc"": [0.27144462, 0.70327862, 0.62415686], ""properties"": {""magmom"": 0.0}, ""label"": ""Cl"", ""xyz"": [1.166665065243026, 6.787754708809292, 7.275545437439928]}, {""species"": [{""element"": ""Cl"", ""occu"": 1.0}], ""abc"": [0.23687524000000001, 0.13680089, 0.37769136000000003], ""properties"": {""magmom"": -0.0}, ""label"": ""Cl"", ""xyz"": [1.0180863681477916, 1.3203456764643322, 4.402596249616613]}, {""species"": [{""element"": ""Cl"", ""occu"": 1.0}], ""abc"": [0.73687524, 0.36319911, 0.62230864], ""properties"": {""magmom"": -0.0}, ""label"": ""Cl"", ""xyz"": [3.1670791631477915, 3.505447768535668, 7.254001480383387]}, {""species"": [{""element"": ""Cl"", ""occu"": 1.0}], ""abc"": [0.7631247600000001, 0.6368008900000001, 0.12230864], ""properties"": {""magmom"": -0.0}, ""label"": ""Cl"", ""xyz"": [3.2798992218522085, 6.1461391214643335, 1.4257026153833872]}, {""species"": [{""element"": ""Cl"", ""occu"": 1.0}], ""abc"": [0.26312476, 0.86319911, 0.87769136], ""properties"": {""magmom"": -0.0}, ""label"": ""Cl"", ""xyz"": [1.1309064268522084, 8.33124121353567, 10.230895114616613]}]}",0.0,3.9873000000000003,0.557,0.0
19,mp-7440,NaP,"{""@module"": ""pymatgen.core.structure"", ""@class"": ""Structure"", ""charge"": 0, ""lattice"": {""matrix"": [[5.58246188, 0.0, 0.0], [0.0, 6.0007586, 0.0], [0.0, 0.0, 10.05371571]], ""pbc"": [true, true, true], ""a"": 5.58246188, ""b"": 6.0007586, ""c"": 10.05371571, ""alpha"": 90.0, ""beta"": 90.0, ""gamma"": 90.0, ""volume"": 336.7894842546889}, ""properties"": {}, ""sites"": [{""species"": [{""element"": ""Na"", ""occu"": 1.0}], ""abc"": [0.09574138, 0.586284, 0.9657618], ""properties"": {""magmom"": -0.0}, ""label"": ""Na"", ""xyz"": [0.5344726041885944, 3.5181487550424, 9.709494580777879]}, {""species"": [{""element"": ""Na"", ""occu"": 1.0}], ""abc"": [0.59574138, 0.413716, 0.5342382], ""properties"": {""magmom"": -0.0}, ""label"": ""Na"", ""xyz"": [3.3257035441885945, 2.4826098449576, 5.371078984222122]}, {""species"": [{""element"": ""Na"", ""occu"": 1.0}], ""abc"": [0.40425862, 0.086284, 0.034238199999999004], ""properties"": {""magmom"": -0.0}, ""label"": ""Na"", ""xyz"": [2.256758335811406, 0.5177694550424, 0.344221129222112]}, {""species"": [{""element"": ""Na"", ""occu"": 1.0}], ""abc"": [0.90425862, 0.913716, 0.4657618], ""properties"": {""magmom"": -0.0}, ""label"": ""Na"", ""xyz"": [5.047989275811406, 5.4829891449576, 4.682636725777878]}, {""species"": [{""element"": ""Na"", ""occu"": 1.0}], ""abc"": [0.3666657, 0.8632187100000001, 0.66764315], ""properties"": {""magmom"": 0.0}, ""label"": ""Na"", ""xyz"": [2.046897292953516, 5.179967097713407, 6.712294425828887]}, {""species"": [{""element"": ""Na"", ""occu"": 1.0}], ""abc"": [0.8666657, 0.13678129, 0.83235685], ""properties"": {""magmom"": 0.0}, ""label"": ""Na"", ""xyz"": [4.838128232953516, 0.820791502286594, 8.368279139171115]}, {""species"": [{""element"": ""Na"", ""occu"": 1.0}], ""abc"": [0.1333343, 0.36321871, 0.33235685], ""properties"": {""magmom"": 0.0}, ""label"": ""Na"", ""xyz"": [0.744333647046484, 2.179587797713406, 3.3414212841711133]}, {""species"": [{""element"": ""Na"", ""occu"": 1.0}], ""abc"": [0.6333343, 0.63678129, 0.16764315], ""properties"": {""magmom"": 0.0}, ""label"": ""Na"", ""xyz"": [3.5355645870464842, 3.8211708022865944, 1.6854365708288865]}, {""species"": [{""element"": ""P"", ""occu"": 1.0}], ""abc"": [0.86339102, 0.69318543, 0.71598322], ""properties"": {""magmom"": -0.0}, ""label"": ""P"", ""xyz"": [4.819847456684318, 4.159638430467198, 7.198291747010387]}, {""species"": [{""element"": ""P"", ""occu"": 1.0}], ""abc"": [0.36339102, 0.30681357, 0.78401678], ""properties"": {""magmom"": -0.0}, ""label"": ""P"", ""xyz"": [2.028616516684318, 1.8411141687742019, 7.882281817989614]}, {""species"": [{""element"": ""P"", ""occu"": 1.0}], ""abc"": [0.63660898, 0.19318643, 0.28401678], ""properties"": {""magmom"": -0.0}, ""label"": ""P"", ""xyz"": [3.5538453633156823, 1.159265131225798, 2.8554239629896143]}, {""species"": [{""element"": ""P"", ""occu"": 1.0}], ""abc"": [0.13660898, 0.80681457, 0.21598322], ""properties"": {""magmom"": -0.0}, ""label"": ""P"", ""xyz"": [0.7626144233156824, 4.841499469532802, 2.1714338920103864]}, {""species"": [{""element"": ""P"", ""occu"": 1.0}], ""abc"": [0.59688937, 0.57063115, 0.86658965], ""properties"": {""magmom"": 0.0}, ""label"": ""P"", ""xyz"": [3.3321121546022154, 3.42421978079039, 8.712445978328402]}, {""species"": [{""element"": ""P"", ""occu"": 1.0}], ""abc"": [0.09688937, 0.42936885, 0.63341035], ""properties"": {""magmom"": 0.0}, ""label"": ""P"", ""xyz"": [0.5408812146022156, 2.57653881920961, 6.368127586671599]}, {""species"": [{""element"": ""P"", ""occu"": 1.0}], ""abc"": [0.90311063, 0.07063115, 0.13341035], ""properties"": {""magmom"": 0.0}, ""label"": ""P"", ""xyz"": [5.041580665397785, 0.42384048079039005, 1.3412697316715987]}, {""species"": [{""element"": ""P"", ""occu"": 1.0}], ""abc"": [0.40311063, 0.92936885, 0.36658965], ""properties"": {""magmom"": 0.0}, ""label"": ""P"", ""xyz"": [2.250349725397785, 5.57691811920961, 3.685588123328402]}]}",0.0,0.8684000000000001,29.048,0.0
19,mp-561664,TeF4,"{""@module"": ""pymatgen.core.structure"", ""@class"": ""Structure"", ""charge"": 0, ""lattice"": {""matrix"": [[5.2724388300000005, 0.0, 0.0], [0.0, 6.19096135, 0.0], [0.0, 0.0, 9.31712309]], ""pbc"": [true, true, true], ""a"": 5.2724388300000005, ""b"": 6.19096135, ""c"": 9.31712309, ""alpha"": 90.0, ""beta"": 90.0, ""gamma"": 90.0, ""volume"": 304.1245473991678}, ""properties"": {}, ""sites"": [{""species"": [{""element"": ""Te"", ""occu"": 1.0}], ""abc"": [0.14713253, 0.9979345, 0.62163188], ""properties"": {""magmom"": -0.0}, ""label"": ""Te"", ""xyz"": [0.77574726432814, 6.178173919331575, 5.79182074262811]}, {""species"": [{""element"": ""Te"", ""occu"": 1.0}], ""abc"": [0.35286747, 0.0020655, 0.12163188], ""properties"": {""magmom"": -0.0}, ""label"": ""Te"", ""xyz"": [1.8604721506718604, 0.012787430668425, 1.1332591976281092]}, {""species"": [{""element"": ""Te"", ""occu"": 1.0}], ""abc"": [0.64713253, 0.502065499999999, 0.37836812000000003], ""properties"": {""magmom"": -0.0}, ""label"": ""Te"", ""xyz"": [3.4119666793281405, 3.108268105668419, 3.525302347371891]}, {""species"": [{""element"": ""Te"", ""occu"": 1.0}], ""abc"": [0.8528674700000001, 0.4979345, 0.87836812], ""properties"": {""magmom"": -0.0}, ""label"": ""Te"", ""xyz"": [4.496691565671861, 3.0826932443315753, 8.18386389237189]}, {""species"": [{""element"": ""F"", ""occu"": 1.0}], ""abc"": [0.71021873, 0.23352506, 0.94303177], ""properties"": {""magmom"": 0.0}, ""label"": ""F"", ""xyz"": [3.7445848098452865, 1.445744620716431, 8.786343078870571]}, {""species"": [{""element"": ""F"", ""occu"": 1.0}], ""abc"": [0.06078344, 0.86226285, 0.04395618], ""properties"": {""magmom"": 0.0}, ""label"": ""F"", ""xyz"": [0.3204769692769752, 5.3382359778908475, 0.4095451396261962]}, {""species"": [{""element"": ""F"", ""occu"": 1.0}], ""abc"": [0.56078344, 0.63773715, 0.95604382], ""properties"": {""magmom"": 0.0}, ""label"": ""F"", ""xyz"": [2.9566963842769756, 3.9482060471091525, 8.907577950373804]}, {""species"": [{""element"": ""F"", ""occu"": 1.0}], ""abc"": [0.41302857, 0.70402759, 0.24856435000000002], ""properties"": {""magmom"": -0.0}, ""label"": ""F"", ""xyz"": [2.1776678703673733, 4.358607599023647, 2.315904644735842]}, {""species"": [{""element"": ""F"", ""occu"": 1.0}], ""abc"": [0.14945749, 0.04061425, 0.2828991], ""properties"": {""magmom"": 0.0}, ""label"": ""F"", ""xyz"": [0.7880054737103368, 0.2514412520092375, 2.6358057367502195]}, {""species"": [{""element"": ""F"", ""occu"": 1.0}], ""abc"": [0.35054251000000003, 0.95938575, 0.7828991], ""properties"": {""magmom"": 0.0}, ""label"": ""F"", ""xyz"": [1.8482139412896637, 5.939520097990763, 7.294367281750219]}, {""species"": [{""element"": ""F"", ""occu"": 1.0}], ""abc"": [0.64945749, 0.45938575000000004, 0.717100899999999], ""properties"": {""magmom"": 0.0}, ""label"": ""F"", ""xyz"": [3.424224888710337, 2.844039422990763, 6.6813173532497725]}, {""species"": [{""element"": ""F"", ""occu"": 1.0}], ""abc"": [0.43921656000000003, 0.13773715, 0.54395618], ""properties"": {""magmom"": 0.0}, ""label"": ""F"", ""xyz"": [2.3157424457230253, 0.8527253721091526, 5.068106684626197]}, {""species"": [{""element"": ""F"", ""occu"": 1.0}], ""abc"": [0.08697143, 0.29597241, 0.74856435], ""properties"": {""magmom"": -0.0}, ""label"": ""F"", ""xyz"": [0.45855154463262693, 1.8323537509763537, 6.974466189735842]}, {""species"": [{""element"": ""F"", ""occu"": 1.0}], ""abc"": [0.85054251, 0.54061425, 0.21710089999999901], ""properties"": {""magmom"": 0.0}, ""label"": ""F"", ""xyz"": [4.484433356289664, 3.3469219270092374, 2.022755808249772]}, {""species"": [{""element"": ""F"", ""occu"": 1.0}], ""abc"": [0.93921656, 0.36226285, 0.45604382], ""properties"": {""magmom"": 0.0}, ""label"": ""F"", ""xyz"": [4.951961860723025, 2.242755302890848, 4.249016405373804]}, {""species"": [{""element"": ""F"", ""occu"": 1.0}], ""abc"": [0.28978127, 0.7335250600000001, 0.5569682300000001], ""properties"": {""magmom"": 0.0}, ""label"": ""F"", ""xyz"": [1.5278540201547142, 4.541225295716432, 5.189341556129432]}, {""species"": [{""element"": ""F"", ""occu"": 1.0}], ""abc"": [0.58697143, 0.20402759, 0.25143565], ""properties"": {""magmom"": -0.0}, ""label"": ""F"", ""xyz"": [3.094770959632627, 1.2631269240236467, 2.3426569002641586]}, {""species"": [{""element"": ""F"", ""occu"": 1.0}], ""abc"": [0.78978127, 0.76647494, 0.44303177], ""properties"": {""magmom"": 0.0}, ""label"": ""F"", ""xyz"": [4.164073435154714, 4.74521672928357, 4.12778153387057]}, {""species"": [{""element"": ""F"", ""occu"": 1.0}], ""abc"": [0.91302857, 0.79597241, 0.75143565], ""properties"": {""magmom"": -0.0}, ""label"": ""F"", ""xyz"": [4.8138872853673735, 4.927834425976354, 7.0012184452641595]}, {""species"": [{""element"": ""F"", ""occu"": 1.0}], ""abc"": [0.21021873, 0.26647494, 0.05696823], ""properties"": {""magmom"": 0.0}, ""label"": ""F"", ""xyz"": [1.108365394845286, 1.649736054283569, 0.5307800111294307]}]}",0.0,4.0186,11.814,0.0
29,mp-20817,GePtSe,"{""@module"": ""pymatgen.core.structure"", ""@class"": ""Structure"", ""charge"": 0, ""lattice"": {""matrix"": [[6.02894882, 0.0, 0.0], [0.0, 6.05269499, 0.0], [0.0, 0.0, 6.11051989]], ""pbc"": [true, true, true], ""a"": 6.02894882, ""b"": 6.05269499, ""c"": 6.11051989, ""alpha"": 90.0, ""beta"": 90.0, ""gamma"": 90.0, ""volume"": 222.98135412951086}, ""properties"": {}, ""sites"": [{""species"": [{""element"": ""Ge"", ""occu"": 1.0}], ""abc"": [0.88147527, 0.8824761600000001, 0.37477802], ""properties"": {""magmom"": 0.0}, ""label"": ""Ge"", ""xyz"": [5.314369288925682, 5.341359032426439, 2.2900885455448177]}, {""species"": [{""element"": ""Ge"", ""occu"": 1.0}], ""abc"": [0.88147527, 0.38247616, 0.6252219800000001], ""properties"": {""magmom"": 0.0}, ""label"": ""Ge"", ""xyz"": [5.314369288925682, 2.3150115374264386, 3.8204313444551827]}, {""species"": [{""element"": ""Ge"", ""occu"": 1.0}], ""abc"": [0.38147527000000003, 0.61752384, 0.37477802], ""properties"": {""magmom"": 0.0}, ""label"": ""Ge"", ""xyz"": [2.2998948789256817, 3.737683452573562, 2.2900885455448177]}, {""species"": [{""element"": ""Ge"", ""occu"": 1.0}], ""abc"": [0.38147527000000003, 0.11752484, 0.6252219800000001], ""properties"": {""magmom"": 0.0}, ""label"": ""Ge"", ""xyz"": [2.2998948789256817, 0.7113420102685516, 3.8204313444551827]}, {""species"": [{""element"": ""Pt"", ""occu"": 1.0}], ""abc"": [0.00253165, 0.50935953, 0.26019834000000003], ""properties"": {""magmom"": -0.0}, ""label"": ""Pt"", ""xyz"": [0.015263188280153, 3.0829978753397547, 1.5899471319149827]}, {""species"": [{""element"": ""Pt"", ""occu"": 1.0}], ""abc"": [0.50253165, 0.49064047, 0.73980166], ""properties"": {""magmom"": -0.0}, ""label"": ""Pt"", ""xyz"": [3.029737598280153, 2.9696971146602453, 4.5205727580850175]}, {""species"": [{""element"": ""Pt"", ""occu"": 1.0}], ""abc"": [0.50253165, 0.99064047, 0.26019834000000003], ""properties"": {""magmom"": -0.0}, ""label"": ""Pt"", ""xyz"": [3.029737598280153, 5.996044609660245, 1.5899471319149827]}, {""species"": [{""element"": ""Pt"", ""occu"": 1.0}], ""abc"": [0.00253165, 0.00935953, 0.73980166], ""properties"": {""magmom"": -0.0}, ""label"": ""Pt"", ""xyz"": [0.015263188280153, 0.0566503803397547, 4.5205727580850175]}, {""species"": [{""element"": ""Se"", ""occu"": 1.0}], ""abc"": [0.11409208, 0.61668083, 0.86326167], ""properties"": {""magmom"": -0.0}, ""label"": ""Se"", ""xyz"": [0.6878553110873457, 3.7325809701700416, 5.274977604809616]}, {""species"": [{""element"": ""Se"", ""occu"": 1.0}], ""abc"": [0.11409208, 0.11668083, 0.13673833], ""properties"": {""magmom"": -0.0}, ""label"": ""Se"", ""xyz"": [0.6878553110873457, 0.7062334751700416, 0.8355422851903836]}, {""species"": [{""element"": ""Se"", ""occu"": 1.0}], ""abc"": [0.61409208, 0.88331917, 0.86326167], ""properties"": {""magmom"": -0.0}, ""label"": ""Se"", ""xyz"": [3.702329721087346, 5.346461514829959, 5.274977604809616]}, {""species"": [{""element"": ""Se"", ""occu"": 1.0}], ""abc"": [0.61409208, 0.38331917, 0.13673833], ""properties"": {""magmom"": -0.0}, ""label"": ""Se"", ""xyz"": [3.702329721087346, 2.3201140198299584, 0.8355422851903836]}]}",0.0,0.6596000000000001,120.097,0.0
29,mp-27367,SeOF2,"{""@module"": ""pymatgen.core.structure"", ""@class"": ""Structure"", ""charge"": 0, ""lattice"": {""matrix"": [[5.50715117, 0.0, 0.0], [0.0, 6.08236604, 0.0], [0.0, 0.0, 7.55280572]], ""pbc"": [true, true, true], ""a"": 5.50715117, ""b"": 6.08236604, ""c"": 7.55280572, ""alpha"": 90.0, ""beta"": 90.0, ""gamma"": 90.0, ""volume"": 252.99262669027766}, ""properties"": {}, ""sites"": [{""species"": [{""element"": ""Se"", ""occu"": 1.0}], ""abc"": [0.46091103, 0.75477598, 0.1847375], ""properties"": {""magmom"": 0.0}, ""label"": ""Se"", ""xyz"": [2.5383067181304053, 4.590823788559719, 1.3952864466985]}, {""species"": [{""element"": ""Se"", ""occu"": 1.0}], ""abc"": [0.53908897, 0.25477598, 0.8152625], ""properties"": {""magmom"": 0.0}, ""label"": ""Se"", ""xyz"": [2.968844451869595, 1.5496407685597193, 6.1575192733015]}, {""species"": [{""element"": ""Se"", ""occu"": 1.0}], ""abc"": [0.03908897, 0.25477598, 0.1847375], ""properties"": {""magmom"": 0.0}, ""label"": ""Se"", ""xyz"": [0.2152688668695949, 1.5496407685597193, 1.3952864466985]}, {""species"": [{""element"": ""Se"", ""occu"": 1.0}], ""abc"": [0.96091103, 0.75477598, 0.8152625], ""properties"": {""magmom"": 0.0}, ""label"": ""Se"", ""xyz"": [5.291882303130405, 4.590823788559719, 6.1575192733015]}, {""species"": [{""element"": ""O"", ""occu"": 1.0}], ""abc"": [0.25977465, 0.38861995, 0.09147007], ""properties"": {""magmom"": 0.0}, ""label"": ""O"", ""xyz"": [1.4306182676838406, 2.363728786346498, 0.6908556679048005]}, {""species"": [{""element"": ""O"", ""occu"": 1.0}], ""abc"": [0.24022535, 0.88861995, 0.09147007], ""properties"": {""magmom"": 0.0}, ""label"": ""O"", ""xyz"": [1.3229573173161595, 5.404911806346498, 0.6908556679048005]}, {""species"": [{""element"": ""O"", ""occu"": 1.0}], ""abc"": [0.75977465, 0.38861995, 0.90852993], ""properties"": {""magmom"": 0.0}, ""label"": ""O"", ""xyz"": [4.1841938526838405, 2.363728786346498, 6.8619500520952]}, {""species"": [{""element"": ""O"", ""occu"": 1.0}], ""abc"": [0.74022535, 0.88861995, 0.90852993], ""properties"": {""magmom"": 0.0}, ""label"": ""O"", ""xyz"": [4.07653290231616, 5.404911806346498, 6.8619500520952]}, {""species"": [{""element"": ""F"", ""occu"": 1.0}], ""abc"": [0.12400837, 0.97767468, 0.72517872], ""properties"": {""magmom"": 0.0}, ""label"": ""F"", ""xyz"": [0.682932839935293, 5.946575271799867, 5.477133984438279]}, {""species"": [{""element"": ""F"", ""occu"": 1.0}], ""abc"": [0.62400837, 0.97767468, 0.27482128], ""properties"": {""magmom"": 0.0}, ""label"": ""F"", ""xyz"": [3.436508424935293, 5.946575271799867, 2.0756717355617216]}, {""species"": [{""element"": ""F"", ""occu"": 1.0}], ""abc"": [0.87599163, 0.47767468, 0.27482128], ""properties"": {""magmom"": 0.0}, ""label"": ""F"", ""xyz"": [4.824218330064707, 2.9053922517998676, 2.0756717355617216]}, {""species"": [{""element"": ""F"", ""occu"": 1.0}], ""abc"": [0.37599163, 0.47767468, 0.72517872], ""properties"": {""magmom"": 0.0}, ""label"": ""F"", ""xyz"": [2.070642745064707, 2.9053922517998676, 5.477133984438279]}, {""species"": [{""element"": ""F"", ""occu"": 1.0}], ""abc"": [0.83606533, 0.6969274, 0.6088160300000001], ""properties"": {""magmom"": -0.0}, ""label"": ""F"", ""xyz"": [4.604338160305937, 4.238967550105496, 4.598269193811692]}, {""species"": [{""element"": ""F"", ""occu"": 1.0}], ""abc"": [0.16393467, 0.1969274, 0.39118397], ""properties"": {""magmom"": -0.0}, ""label"": ""F"", ""xyz"": [0.902813009694064, 1.1977845301054961, 2.9545365261883085]}, {""species"": [{""element"": ""F"", ""occu"": 1.0}], ""abc"": [0.6639346700000001, 0.1969274, 0.6088160300000001], ""properties"": {""magmom"": -0.0}, ""label"": ""F"", ""xyz"": [3.6563885946940644, 1.1977845301054961, 4.598269193811692]}, {""species"": [{""element"": ""F"", ""occu"": 1.0}], ""abc"": [0.33606533, 0.6969274, 0.39118397], ""properties"": {""magmom"": -0.0}, ""label"": ""F"", ""xyz"": [1.8507625753059362, 4.238967550105496, 2.9545365261883085]}]}",0.0,4.083299999999999,8.58,0.0
31,mp-3934,Cu3PS4,"{""@module"": ""pymatgen.core.structure"", ""@class"": ""Structure"", ""charge"": 0, ""lattice"": {""matrix"": [[6.03301481, 0.0, 0.0], [0.0, 6.28028061, 0.0], [0.0, 0.0, 7.21836939]], ""pbc"": [true, true, true], ""a"": 6.03301481, ""b"": 6.28028061, ""c"": 7.21836939, ""alpha"": 90.0, ""beta"": 90.0, ""gamma"": 90.0, ""volume"": 273.49698499786626}, ""properties"": {}, ""sites"": [{""species"": [{""element"": ""Cu"", ""occu"": 1.0}], ""abc"": [0.91090179, 0.82445531, 0.25094645], ""properties"": {""magmom"": -0.0}, ""label"": ""Cu"", ""xyz"": [5.4954839895255105, 5.1778106972045395, 1.8114241732091656]}, {""species"": [{""element"": ""Cu"", ""occu"": 1.0}], ""abc"": [0.41090179, 0.17554469, 0.24905355], ""properties"": {""magmom"": -0.0}, ""label"": ""Cu"", ""xyz"": [2.47897658452551, 1.102469912795461, 1.7977605217908346]}, {""species"": [{""element"": ""Cu"", ""occu"": 1.0}], ""abc"": [0.41090179, 0.17554469, 0.75094645], ""properties"": {""magmom"": -0.0}, ""label"": ""Cu"", ""xyz"": [2.47897658452551, 1.102469912795461, 5.420608868209166]}, {""species"": [{""element"": ""Cu"", ""occu"": 1.0}], ""abc"": [0.91090179, 0.82445531, 0.7490535500000001], ""properties"": {""magmom"": -0.0}, ""label"": ""Cu"", ""xyz"": [5.4954839895255105, 5.1778106972045395, 5.406945216790835]}, {""species"": [{""element"": ""Cu"", ""occu"": 1.0}], ""abc"": [0.40687546, 0.65222846, 0.5], ""properties"": {""magmom"": 0.0}, ""label"": ""Cu"", ""xyz"": [2.4546856760055626, 4.0961777506281605, 3.609184695]}, {""species"": [{""element"": ""Cu"", ""occu"": 1.0}], ""abc"": [0.90687546, 0.34777154, -0.0], ""properties"": {""magmom"": 0.0}, ""label"": ""Cu"", ""xyz"": [5.471193081005563, 2.1841028593718392, 0.0]}, {""species"": [{""element"": ""P"", ""occu"": 1.0}], ""abc"": [0.40147028, 0.6747582400000001, -0.0], ""properties"": {""magmom"": 0.0}, ""label"": ""P"", ""xyz"": [2.422076145014847, 4.237671091109727, 0.0]}, {""species"": [{""element"": ""P"", ""occu"": 1.0}], ""abc"": [0.9014702800000001, 0.32524176, 0.5], ""properties"": {""magmom"": 0.0}, ""label"": ""P"", ""xyz"": [5.438583550014847, 2.0426095188902735, 3.609184695]}, {""species"": [{""element"": ""S"", ""occu"": 1.0}], ""abc"": [0.2860521, 0.83171335, 0.76330372], ""properties"": {""magmom"": -0.0}, ""label"": ""S"", ""xyz"": [1.7257565557316008, 5.223393225083144, 5.5098082077211314]}, {""species"": [{""element"": ""S"", ""occu"": 1.0}], ""abc"": [0.786052099999999, 0.16828665, 0.73669628], ""properties"": {""magmom"": -0.0}, ""label"": ""S"", ""xyz"": [4.742263960731595, 1.0568873849168565, 5.3177458772788695]}, {""species"": [{""element"": ""S"", ""occu"": 1.0}], ""abc"": [0.7829042700000001, 0.63525603, 0.5], ""properties"": {""magmom"": -0.0}, ""label"": ""S"", ""xyz"": [4.723273055722239, 3.989586127594578, 3.609184695]}, {""species"": [{""element"": ""S"", ""occu"": 1.0}], ""abc"": [0.28290427, 0.36474397000000003, -0.0], ""properties"": {""magmom"": -0.0}, ""label"": ""S"", ""xyz"": [1.7067656507222388, 2.290694482405422, 0.0]}, {""species"": [{""element"": ""S"", ""occu"": 1.0}], ""abc"": [0.786052099999999, 0.16828665, 0.26330372], ""properties"": {""magmom"": -0.0}, ""label"": ""S"", ""xyz"": [4.742263960731595, 1.0568873849168565, 1.900623512721131]}, {""species"": [{""element"": ""S"", ""occu"": 1.0}], ""abc"": [0.2860521, 0.83171335, 0.23669628], ""properties"": {""magmom"": -0.0}, ""label"": ""S"", ""xyz"": [1.7257565557316008, 5.223393225083144, 1.7085611822788693]}, {""species"": [{""element"": ""S"", ""occu"": 1.0}], ""abc"": [0.74559922, 0.6776174500000001, -0.0], ""properties"": {""magmom"": -0.0}, ""label"": ""S"", ""xyz"": [4.498211136584448, 4.255627732232645, 0.0]}, {""species"": [{""element"": ""S"", ""occu"": 1.0}], ""abc"": [0.24559922, 0.32238255, 0.5], ""properties"": {""magmom"": -0.0}, ""label"": ""S"", ""xyz"": [1.4817037315844483, 2.0246528777673554, 3.609184695]}]}",0.0,1.0202,78.018,0.0
31,mp-13725,Li3PO4,"{""@module"": ""pymatgen.core.structure"", ""@class"": ""Structure"", ""charge"": 0, ""lattice"": {""matrix"": [[4.81341133, 0.0, 0.0], [0.0, 5.20197613, 0.0], [0.0, 0.0, 6.05746678]], ""pbc"": [true, true, true], ""a"": 4.81341133, ""b"": 5.20197613, ""c"": 6.05746678, ""alpha"": 90.0, ""beta"": 90.0, ""gamma"": 90.0, ""volume"": 151.67443017472192}, ""properties"": {}, ""sites"": [{""species"": [{""element"": ""Li"", ""occu"": 1.0}], ""abc"": [0.50971606, 0.8421350400000001, 0.0], ""properties"": {""magmom"": -0.0}, ""label"": ""Li"", ""xyz"": [2.45347305828696, 4.380766376316596, 0.0]}, {""species"": [{""element"": ""Li"", ""occu"": 1.0}], ""abc"": [0.00971606, 0.15786496, 0.5], ""properties"": {""magmom"": -0.0}, ""label"": ""Li"", ""xyz"": [0.0467673932869598, 0.8212097536834049, 3.02873339]}, {""species"": [{""element"": ""Li"", ""occu"": 1.0}], ""abc"": [0.50905824, 0.32771537, 0.74847434], ""properties"": {""magmom"": 0.0}, ""label"": ""Li"", ""xyz"": [2.4503067000458594, 1.7047675321741182, 4.533858450232426]}, {""species"": [{""element"": ""Li"", ""occu"": 1.0}], ""abc"": [0.00905824, 0.67228463, 0.75152566], ""properties"": {""magmom"": 0.0}, ""label"": ""Li"", ""xyz"": [0.0436010350458592, 3.4972085978258822, 4.552341719767575]}, {""species"": [{""element"": ""Li"", ""occu"": 1.0}], ""abc"": [0.00905824, 0.67228463, 0.24847434000000002], ""properties"": {""magmom"": 0.0}, ""label"": ""Li"", ""xyz"": [0.0436010350458592, 3.4972085978258822, 1.5051250602324253]}, {""species"": [{""element"": ""Li"", ""occu"": 1.0}], ""abc"": [0.50905824, 0.32771537, 0.25152566], ""properties"": {""magmom"": 0.0}, ""label"": ""Li"", ""xyz"": [2.4503067000458594, 1.7047675321741182, 1.5236083297675749]}, {""species"": [{""element"": ""P"", ""occu"": 1.0}], ""abc"": [0.50098351, 0.82543738, 0.5], ""properties"": {""magmom"": -0.0}, ""label"": ""P"", ""xyz"": [2.411439703177168, 4.293905547569739, 3.02873339]}, {""species"": [{""element"": ""P"", ""occu"": 1.0}], ""abc"": [0.00098351, 0.17456262, 0.0], ""properties"": {""magmom"": -0.0}, ""label"": ""P"", ""xyz"": [0.0047340381771682994, 0.9080705824302606, 0.0]}, {""species"": [{""element"": ""O"", ""occu"": 1.0}], ""abc"": [0.10794221, 0.31319798, 0.20870243], ""properties"": {""magmom"": 0.0}, ""label"": ""O"", ""xyz"": [0.5195702565992393, 1.6292484159242173, 1.2642080366302755]}, {""species"": [{""element"": ""O"", ""occu"": 1.0}], ""abc"": [0.60306062, 0.10647078, 0.5], ""properties"": {""magmom"": 0.0}, ""label"": ""O"", ""xyz"": [2.902778820984825, 0.5538584561024814, 3.02873339]}, {""species"": [{""element"": ""O"", ""occu"": 1.0}], ""abc"": [0.18114191000000002, 0.81982067, 0.5], ""properties"": {""magmom"": 0.0}, ""label"": ""O"", ""xyz"": [0.8719105219318404, 4.264687556220608, 3.02873339]}, {""species"": [{""element"": ""O"", ""occu"": 1.0}], ""abc"": [0.68114291, 0.18017933, 0.0], ""properties"": {""magmom"": 0.0}, ""label"": ""O"", ""xyz"": [3.2786210003431706, 0.9372885737793929, 0.0]}, {""species"": [{""element"": ""O"", ""occu"": 1.0}], ""abc"": [0.60794221, 0.68680202, 0.70870243], ""properties"": {""magmom"": 0.0}, ""label"": ""O"", ""xyz"": [2.9262759215992395, 3.572727714075783, 4.292941426630276]}, {""species"": [{""element"": ""O"", ""occu"": 1.0}], ""abc"": [0.10794221, 0.31319798, 0.79129757], ""properties"": {""magmom"": 0.0}, ""label"": ""O"", ""xyz"": [0.5195702565992393, 1.6292484159242173, 4.793258743369725]}, {""species"": [{""element"": ""O"", ""occu"": 1.0}], ""abc"": [0.10305962, 0.89352922, 0.0], ""properties"": {""magmom"": 0.0}, ""label"": ""O"", ""xyz"": [0.49606834257349464, 4.648117673897519, 0.0]}, {""species"": [{""element"": ""O"", ""occu"": 1.0}], ""abc"": [0.60794221, 0.68680202, 0.29129757], ""properties"": {""magmom"": 0.0}, ""label"": ""O"", ""xyz"": [2.9262759215992395, 3.572727714075783, 1.7645253533697247]}]}",0.0,5.818099999999999,70.982,0.0
31,mp-570506,ZrI2,"{""@module"": ""pymatgen.core.structure"", ""@class"": ""Structure"", ""charge"": 0, ""lattice"": {""matrix"": [[3.77437288, 0.0, 0.0], [0.0, 6.9182467800000005, 0.0], [0.0, 0.0, 15.61077985]], ""pbc"": [true, true, true], ""a"": 3.77437288, ""b"": 6.9182467800000005, ""c"": 15.61077985, ""alpha"": 90.0, ""beta"": 90.0, ""gamma"": 90.0, ""volume"": 407.62935507482524}, ""properties"": {}, ""sites"": [{""species"": [{""element"": ""Zr"", ""occu"": 1.0}], ""abc"": [-0.0, 0.48941501, 0.0067354], ""properties"": {""magmom"": -0.0}, ""label"": ""Zr"", ""xyz"": [0.0, 3.385893817016168, 0.10514484660169]}, {""species"": [{""element"": ""Zr"", ""occu"": 1.0}], ""abc"": [-0.0, 0.88265308, 0.50058586], ""properties"": {""magmom"": 0.0}, ""label"": ""Zr"", ""xyz"": [0.0, 6.106411828567083, 7.814535656482922]}, {""species"": [{""element"": ""Zr"", ""occu"": 1.0}], ""abc"": [0.5, 0.11734692000000001, 0.00058586], ""properties"": {""magmom"": 0.0}, ""label"": ""Zr"", ""xyz"": [1.88718644, 0.8118349514329177, 0.009145731482921]}, {""species"": [{""element"": ""Zr"", ""occu"": 1.0}], ""abc"": [0.5, 0.51058499, 0.5067354], ""properties"": {""magmom"": -0.0}, ""label"": ""Zr"", ""xyz"": [1.88718644, 3.5323529629838326, 7.910534771601689]}, {""species"": [{""element"": ""I"", ""occu"": 1.0}], ""abc"": [0.0, 0.88363083, 0.10853806], ""properties"": {""magmom"": 0.0}, ""label"": ""I"", ""xyz"": [0.0, 6.113176144356228, 1.694363760006091]}, {""species"": [{""element"": ""I"", ""occu"": 1.0}], ""abc"": [0.5, 0.77827704, 0.36257773], ""properties"": {""magmom"": -0.0}, ""label"": ""I"", ""xyz"": [1.88718644, 5.384312625927931, 5.6601211215427405]}, {""species"": [{""element"": ""I"", ""occu"": 1.0}], ""abc"": [0.0, 0.22172296, 0.86257773], ""properties"": {""magmom"": -0.0}, ""label"": ""I"", ""xyz"": [0.0, 1.5339341540720688, 13.46551104654274]}, {""species"": [{""element"": ""I"", ""occu"": 1.0}], ""abc"": [0.5, 0.72349233, 0.89919562], ""properties"": {""magmom"": 0.0}, ""label"": ""I"", ""xyz"": [1.88718644, 5.0052984823771975, 14.037144865904256]}, {""species"": [{""element"": ""I"", ""occu"": 1.0}], ""abc"": [0.5, 0.11636917000000001, 0.60853806], ""properties"": {""magmom"": 0.0}, ""label"": ""I"", ""xyz"": [1.88718644, 0.8050706356437727, 9.499753685006091]}, {""species"": [{""element"": ""I"", ""occu"": 1.0}], ""abc"": [0.5, 0.38432104, 0.14466832000000002], ""properties"": {""magmom"": -0.0}, ""label"": ""I"", ""xyz"": [1.88718644, 2.6588277974662513, 2.258385294789352]}, {""species"": [{""element"": ""I"", ""occu"": 1.0}], ""abc"": [-0.0, 0.27650767, 0.39919562000000003], ""properties"": {""magmom"": 0.0}, ""label"": ""I"", ""xyz"": [0.0, 1.9129482976228027, 6.231754940904257]}, {""species"": [{""element"": ""I"", ""occu"": 1.0}], ""abc"": [0.0, 0.61567896, 0.64466832], ""properties"": {""magmom"": -0.0}, ""label"": ""I"", ""xyz"": [0.0, 4.259418982533749, 10.06377521978935]}]}",0.0,0.284599999999999,10.273,0.0
33,mp-7913,BeSiN2,"{""@module"": ""pymatgen.core.structure"", ""@class"": ""Structure"", ""charge"": 0, ""lattice"": {""matrix"": [[4.67669321, 0.0, 0.0], [0.0, 4.97589847, 0.0], [0.0, 0.0, 5.74861258]], ""pbc"": [true, true, true], ""a"": 4.67669321, ""b"": 4.97589847, ""c"": 5.74861258, ""alpha"": 90.0, ""beta"": 90.0, ""gamma"": 90.0, ""volume"": 133.77452957793452}, ""properties"": {}, ""sites"": [{""species"": [{""element"": ""Be"", ""occu"": 1.0}], ""abc"": [0.99908905, 0.08273886, 0.62514829], ""properties"": {""magmom"": 0.0}, ""label"": ""Be"", ""xyz"": [4.6724329763203505, 0.41170016688354416, 3.5937353242594883]}, {""species"": [{""element"": ""Be"", ""occu"": 1.0}], ""abc"": [0.49908905000000003, 0.91726114, 0.37485171], ""properties"": {""magmom"": 0.0}, ""label"": ""Be"", ""xyz"": [2.3340863713203506, 4.564198303116456, 2.154877255740512]}, {""species"": [{""element"": ""Be"", ""occu"": 1.0}], ""abc"": [0.49908905000000003, 0.41726114000000003, 0.12514829], ""properties"": {""magmom"": 0.0}, ""label"": ""Be"", ""xyz"": [2.3340863713203506, 2.076249068116456, 0.7194290342594881]}, {""species"": [{""element"": ""Be"", ""occu"": 1.0}], ""abc"": [0.99908905, 0.58273886, 0.8748517100000001], ""properties"": {""magmom"": 0.0}, ""label"": ""Be"", ""xyz"": [4.6724329763203505, 2.899649401883544, 5.029183545740512]}, {""species"": [{""element"": ""Si"", ""occu"": 1.0}], ""abc"": [0.99959476, 0.08519583, 0.12502487], ""properties"": {""magmom"": 0.0}, ""label"": ""Si"", ""xyz"": [4.67479802684358, 0.42392580014738007, 0.7187195404948646]}, {""species"": [{""element"": ""Si"", ""occu"": 1.0}], ""abc"": [0.99959476, 0.58519683, 0.37497513], ""properties"": {""magmom"": 0.0}, ""label"": ""Si"", ""xyz"": [4.67479802684358, 2.91188001104585, 2.1555867495051353]}, {""species"": [{""element"": ""Si"", ""occu"": 1.0}], ""abc"": [0.49959476, 0.41480417, 0.6250248700000001], ""properties"": {""magmom"": 0.0}, ""label"": ""Si"", ""xyz"": [2.3364514218435795, 2.06402343485262, 3.593025830494865]}, {""species"": [{""element"": ""Si"", ""occu"": 1.0}], ""abc"": [0.49959476, 0.91480317, 0.87497513], ""properties"": {""magmom"": 0.0}, ""label"": ""Si"", ""xyz"": [2.3364514218435795, 4.55196769395415, 5.0298930395051356]}, {""species"": [{""element"": ""N"", ""occu"": 1.0}], ""abc"": [0.37965419, 0.58478788, 0.87159058], ""properties"": {""magmom"": -0.0}, ""label"": ""N"", ""xyz"": [1.7755261725210498, 2.909845117366544, 5.010436572797496]}, {""species"": [{""element"": ""N"", ""occu"": 1.0}], ""abc"": [0.37366201, 0.07893175, 0.12176876], ""properties"": {""magmom"": -0.0}, ""label"": ""N"", ""xyz"": [1.7475025850019519, 0.39275637405942243, 0.7000014255870007]}, {""species"": [{""element"": ""N"", ""occu"": 1.0}], ""abc"": [0.87965419, 0.41521212, 0.12840942], ""properties"": {""magmom"": -0.0}, ""label"": ""N"", ""xyz"": [4.11387277752105, 2.0660533526334564, 0.7381760072025035]}, {""species"": [{""element"": ""N"", ""occu"": 1.0}], ""abc"": [0.87965419, 0.9152121200000001, 0.37159058], ""properties"": {""magmom"": -0.0}, ""label"": ""N"", ""xyz"": [4.11387277752105, 4.554002587633456, 2.136130282797496]}, {""species"": [{""element"": ""N"", ""occu"": 1.0}], ""abc"": [0.87366201, 0.42106825000000003, 0.62176876], ""properties"": {""magmom"": -0.0}, ""label"": ""N"", ""xyz"": [4.085849190001952, 2.0951928609405774, 3.574307715587001]}, {""species"": [{""element"": ""N"", ""occu"": 1.0}], ""abc"": [0.87366201, 0.92106825, 0.87823124], ""properties"": {""magmom"": -0.0}, ""label"": ""N"", ""xyz"": [4.085849190001952, 4.583142095940578, 5.048611154412999]}, {""species"": [{""element"": ""N"", ""occu"": 1.0}], ""abc"": [0.37366201, 0.57893175, 0.37823124], ""properties"": {""magmom"": -0.0}, ""label"": ""N"", ""xyz"": [1.7475025850019519, 2.8807056090594223, 2.174304864412999]}, {""species"": [{""element"": ""N"", ""occu"": 1.0}], ""abc"": [0.37965419, 0.08478788, 0.62840942], ""properties"": {""magmom"": -0.0}, ""label"": ""N"", ""xyz"": [1.7755261725210498, 0.4218958823665436, 3.6124822972025035]}]}",0.0,5.1459,220.956,0.0
33,mp-11582,LiGaSe2,"{""@module"": ""pymatgen.core.structure"", ""@class"": ""Structure"", ""charge"": 0, ""lattice"": {""matrix"": [[6.58957376, 0.0, 0.0], [0.0, 6.86953237, 0.0], [0.0, 0.0, 8.26428029]], ""pbc"": [true, true, true], ""a"": 6.58957376, ""b"": 6.86953237, ""c"": 8.26428029, ""alpha"": 90.0, ""beta"": 90.0, ""gamma"": 90.0, ""volume"": 374.1015745850539}, ""properties"": {}, ""sites"": [{""species"": [{""element"": ""Li"", ""occu"": 1.0}], ""abc"": [0.119608899999999, 0.91360938, 0.6215858400000001], ""properties"": {""magmom"": 0.0}, ""label"": ""Li"", ""xyz"": [0.7881716689024575, 6.27606920944563, 5.136959606055094]}, {""species"": [{""element"": ""Li"", ""occu"": 1.0}], ""abc"": [0.6196089, 0.08639062, 0.37841416], ""properties"": {""magmom"": 0.0}, ""label"": ""Li"", ""xyz"": [4.0829585489024645, 0.5934631605543694, 3.1273206839449066]}, {""species"": [{""element"": ""Li"", ""occu"": 1.0}], ""abc"": [0.6196089, 0.58639062, 0.12158584], ""properties"": {""magmom"": 0.0}, ""label"": ""Li"", ""xyz"": [4.0829585489024645, 4.02822934555437, 1.0048194610550936]}, {""species"": [{""element"": ""Li"", ""occu"": 1.0}], ""abc"": [0.119608899999999, 0.41360938, 0.87841416], ""properties"": {""magmom"": 0.0}, ""label"": ""Li"", ""xyz"": [0.7881716689024575, 2.8413030244456308, 7.259460828944907]}, {""species"": [{""element"": ""Ga"", ""occu"": 1.0}], ""abc"": [0.62273089, 0.57334526, 0.62580377], ""properties"": {""magmom"": 0.0}, ""label"": ""Ga"", ""xyz"": [4.103531132285447, 3.938613822756066, 5.171817761818693]}, {""species"": [{""element"": ""Ga"", ""occu"": 1.0}], ""abc"": [0.12273089000000001, 0.42665474000000003, 0.37419623], ""properties"": {""magmom"": 0.0}, ""label"": ""Ga"", ""xyz"": [0.8087442522854466, 2.930918547243934, 3.092462528181307]}, {""species"": [{""element"": ""Ga"", ""occu"": 1.0}], ""abc"": [0.12273089000000001, 0.92665474, 0.12580377], ""properties"": {""magmom"": 0.0}, ""label"": ""Ga"", ""xyz"": [0.8087442522854466, 6.365684732243934, 1.0396776168186934]}, {""species"": [{""element"": ""Ga"", ""occu"": 1.0}], ""abc"": [0.62273089, 0.07334526, 0.87419623], ""properties"": {""magmom"": 0.0}, ""label"": ""Ga"", ""xyz"": [4.103531132285447, 0.5038476377560661, 7.224602673181307]}, {""species"": [{""element"": ""Se"", ""occu"": 1.0}], ""abc"": [0.50583385, 0.90660799, 0.63443971], ""properties"": {""magmom"": -0.0}, ""label"": ""Se"", ""xyz"": [3.3332294648797762, 6.227972934205637, 5.243187590546316]}, {""species"": [{""element"": ""Se"", ""occu"": 1.0}], ""abc"": [0.00583385, 0.09339201, 0.36556029], ""properties"": {""magmom"": -0.0}, ""label"": ""Se"", ""xyz"": [0.038442584879776004, 0.6415594357943637, 3.021092699453684]}, {""species"": [{""element"": ""Se"", ""occu"": 1.0}], ""abc"": [0.00583385, 0.59339201, 0.13443971], ""properties"": {""magmom"": -0.0}, ""label"": ""Se"", ""xyz"": [0.038442584879776004, 4.076325620794363, 1.111047445546316]}, {""species"": [{""element"": ""Se"", ""occu"": 1.0}], ""abc"": [0.50583385, 0.40660799000000003, 0.86556029], ""properties"": {""magmom"": -0.0}, ""label"": ""Se"", ""xyz"": [3.3332294648797762, 2.7932067492056363, 7.153232844453685]}, {""species"": [{""element"": ""Se"", ""occu"": 1.0}], ""abc"": [0.98982535, 0.06671919, 0.88119243], ""properties"": {""magmom"": -0.0}, ""label"": ""Se"", ""xyz"": [6.522527153342817, 0.4583296354051803, 7.2824212309462055]}, {""species"": [{""element"": ""Se"", ""occu"": 1.0}], ""abc"": [0.48982635, 0.9332808100000001, 0.11880757], ""properties"": {""magmom"": -0.0}, ""label"": ""Se"", ""xyz"": [3.227746862916576, 6.41120273459482, 0.9818590590537953]}, {""species"": [{""element"": ""Se"", ""occu"": 1.0}], ""abc"": [0.48982635, 0.43328081, 0.38119243], ""properties"": {""magmom"": -0.0}, ""label"": ""Se"", ""xyz"": [3.227746862916576, 2.97643654959482, 3.150281085946205]}, {""species"": [{""element"": ""Se"", ""occu"": 1.0}], ""abc"": [0.98982535, 0.56671919, 0.61880757], ""properties"": {""magmom"": -0.0}, ""label"": ""Se"", ""xyz"": [6.522527153342817, 3.8930958204051804, 5.113999204053795]}]}",0.0,2.0656,34.67,0.0
33,mp-7798,MgGeN2,"{""@module"": ""pymatgen.core.structure"", ""@class"": ""Structure"", ""charge"": 0, ""lattice"": {""matrix"": [[5.17443786, 0.0, 0.0], [0.0, 5.50099505, 0.0], [0.0, 0.0, 6.60892969]], ""pbc"": [true, true, true], ""a"": 5.17443786, ""b"": 5.50099505, ""c"": 6.60892969, ""alpha"": 90.0, ""beta"": 90.0, ""gamma"": 90.0, ""volume"": 188.12025622947417}, ""properties"": {}, ""sites"": [{""species"": [{""element"": ""Mg"", ""occu"": 1.0}], ""abc"": [0.9996840100000001, 0.58530176, 0.87704317], ""properties"": {""magmom"": -0.0}, ""label"": ""Mg"", ""xyz"": [5.172802789380619, 3.2197420845162883, 5.796316645624717]}, {""species"": [{""element"": ""Mg"", ""occu"": 1.0}], ""abc"": [0.49968401, 0.91469824, 0.37704317], ""properties"": {""magmom"": -0.0}, ""label"": ""Mg"", ""xyz"": [2.585583859380619, 5.031750490483712, 2.4918518006247172]}, {""species"": [{""element"": ""Mg"", ""occu"": 1.0}], ""abc"": [0.49968401, 0.41469824, 0.12295683], ""properties"": {""magmom"": -0.0}, ""label"": ""Mg"", ""xyz"": [2.585583859380619, 2.281252965483712, 0.8126130443752827]}, {""species"": [{""element"": ""Mg"", ""occu"": 1.0}], ""abc"": [0.9996840100000001, 0.08530176, 0.62295683], ""properties"": {""magmom"": -0.0}, ""label"": ""Mg"", ""xyz"": [5.172802789380619, 0.469244559516288, 4.117077889375283]}, {""species"": [{""element"": ""Ge"", ""occu"": 1.0}], ""abc"": [0.00758118, 0.07348023000000001, 0.12582092], ""properties"": {""magmom"": -0.0}, ""label"": ""Ge"", ""xyz"": [0.039228344815474804, 0.40421438150286154, 0.8315416138111148]}, {""species"": [{""element"": ""Ge"", ""occu"": 1.0}], ""abc"": [0.50758118, 0.92651977, 0.87417908], ""properties"": {""magmom"": -0.0}, ""label"": ""Ge"", ""xyz"": [2.6264472748154746, 5.096780668497138, 5.777388076188886]}, {""species"": [{""element"": ""Ge"", ""occu"": 1.0}], ""abc"": [0.50758118, 0.42651977, 0.62582092], ""properties"": {""magmom"": -0.0}, ""label"": ""Ge"", ""xyz"": [2.6264472748154746, 2.3462831434971387, 4.1360064588111145]}, {""species"": [{""element"": ""Ge"", ""occu"": 1.0}], ""abc"": [0.00758118, 0.57348023, 0.37417908], ""properties"": {""magmom"": -0.0}, ""label"": ""Ge"", ""xyz"": [0.039228344815474804, 3.154711906502862, 2.472923231188885]}, {""species"": [{""element"": ""N"", ""occu"": 1.0}], ""abc"": [0.40563921000000003, 0.60069075, 0.85613773], ""properties"": {""magmom"": 0.0}, ""label"": ""N"", ""xyz"": [2.098954885724491, 3.304396842330788, 5.658154062526204]}, {""species"": [{""element"": ""N"", ""occu"": 1.0}], ""abc"": [0.90563921, 0.39930925, 0.14386227000000001], ""properties"": {""magmom"": 0.0}, ""label"": ""N"", ""xyz"": [4.686173815724491, 2.1965982076692128, 0.9507756274737964]}, {""species"": [{""element"": ""N"", ""occu"": 1.0}], ""abc"": [0.90563921, 0.8993092500000001, 0.35613773], ""properties"": {""magmom"": 0.0}, ""label"": ""N"", ""xyz"": [4.686173815724491, 4.947095732669213, 2.3536892175262034]}, {""species"": [{""element"": ""N"", ""occu"": 1.0}], ""abc"": [0.40563921000000003, 0.10069075, 0.64386227], ""properties"": {""magmom"": 0.0}, ""label"": ""N"", ""xyz"": [2.098954885724491, 0.5538993173307875, 4.255240472473796]}, {""species"": [{""element"": ""N"", ""occu"": 1.0}], ""abc"": [0.367095599999999, 0.55971704, 0.39326077], ""properties"": {""magmom"": 0.0}, ""label"": ""N"", ""xyz"": [1.899513370879411, 3.079000666440652, 2.5990327787652614]}, {""species"": [{""element"": ""N"", ""occu"": 1.0}], ""abc"": [0.367095599999999, 0.05971704, 0.10673923], ""properties"": {""magmom"": 0.0}, ""label"": ""N"", ""xyz"": [1.899513370879411, 0.328503141440652, 0.7054320662347388]}, {""species"": [{""element"": ""N"", ""occu"": 1.0}], ""abc"": [0.8670956, 0.94028296, 0.89326077], ""properties"": {""magmom"": 0.0}, ""label"": ""N"", ""xyz"": [4.486732300879416, 5.172491908559349, 5.903497623765261]}, {""species"": [{""element"": ""N"", ""occu"": 1.0}], ""abc"": [0.8670956, 0.44028296, 0.60673923], ""properties"": {""magmom"": 0.0}, ""label"": ""N"", ""xyz"": [4.486732300879416, 2.421994383559348, 4.009896911234739]}]}",0.0,2.6358,146.174,0.0
36,mp-3881,BaZnF4,"{""@module"": ""pymatgen.core.structure"", ""@class"": ""Structure"", ""charge"": 0, ""lattice"": {""matrix"": [[4.05851143, -0.0, -1.17149799], [-0.0, 5.84499073, -0.0], [-0.02037336, 0.0, 7.54527716]], ""pbc"": [true, true, true], ""a"": 4.224206738313678, ""b"": 5.84499073, ""c"": 7.5453046654867, ""alpha"": 90.0, ""beta"": 106.25560401328993, ""gamma"": 90.0, ""volume"": 178.8492712581944}, ""properties"": {}, ""sites"": [{""species"": [{""element"": ""Ba"", ""occu"": 1.0}], ""abc"": [0.85454513, 0.962842699999999, 0.70909026], ""properties"": {""magmom"": 0.0}, ""label"": ""Ba"", ""xyz"": [3.4537346264163626, 5.627806655948166, 4.349184640997173]}, {""species"": [{""element"": ""Ba"", ""occu"": 1.0}], ""abc"": [0.14545487, 0.4628427, 0.29090974], ""properties"": {""magmom"": 0.0}, ""label"": ""Ba"", ""xyz"": [0.5844034435836377, 2.705311290948171, 2.0245945290028273]}, {""species"": [{""element"": ""Zn"", ""occu"": 1.0}], ""abc"": [0.41206361, 0.50001728, 0.82412621], ""properties"": {""magmom"": 0.0}, ""label"": ""Zn"", ""xyz"": [1.655574651110297, 2.9225963664398145, 5.735528978403219]}, {""species"": [{""element"": ""Zn"", ""occu"": 1.0}], ""abc"": [0.58793639, 1.728e-05, 0.17587379], ""properties"": {""magmom"": 0.0}, ""label"": ""Zn"", ""xyz"": [2.3825634188897036, 0.0001010014398144, 0.6382501915967804]}, {""species"": [{""element"": ""F"", ""occu"": 1.0}], ""abc"": [0.92374024, 0.5104181, 0.8474814900000001], ""properties"": {""magmom"": -0.0}, ""label"": ""F"", ""xyz"": [3.731744276901837, 2.983389062924213, 5.312322895577651]}, {""species"": [{""element"": ""F"", ""occu"": 1.0}], ""abc"": [0.07625976, 0.0104181, 0.15251851], ""properties"": {""magmom"": -0.0}, ""label"": ""F"", ""xyz"": [0.3063937930981632, 0.060893697924213, 1.0614562744223492]}, {""species"": [{""element"": ""F"", ""occu"": 1.0}], ""abc"": [0.47194341, 0.82256522, 0.94388581], ""properties"": {""magmom"": 0.0}, ""label"": ""F"", ""xyz"": [1.8961575983921548, 4.80788608572041, 6.568999287632355]}, {""species"": [{""element"": ""F"", ""occu"": 1.0}], ""abc"": [0.52805659, 0.32256522, 0.05611419], ""properties"": {""magmom"": 0.0}, ""label"": ""F"", ""xyz"": [2.141980471607846, 1.8853907207204106, -0.1952201176323537]}, {""species"": [{""element"": ""F"", ""occu"": 1.0}], ""abc"": [0.69870073, 0.2019944, 0.39740245], ""properties"": {""magmom"": 0.0}, ""label"": ""F"", ""xyz"": [2.827588475675612, 1.180655395511912, 2.1799851285065097]}, {""species"": [{""element"": ""F"", ""occu"": 1.0}], ""abc"": [0.30129927, 0.7019944, 0.60259755], ""properties"": {""magmom"": 0.0}, ""label"": ""F"", ""xyz"": [1.2105495943243882, 4.103150760511912, 4.193794041493491]}, {""species"": [{""element"": ""F"", ""occu"": 1.0}], ""abc"": [0.66919951, 0.730641299999999, 0.33839802], ""properties"": {""magmom"": -0.0}, ""label"": ""F"", ""xyz"": [2.7090595556006525, 4.270591625455143, 1.7693409704212384]}, {""species"": [{""element"": ""F"", ""occu"": 1.0}], ""abc"": [0.33080049, 0.2306413, 0.66160198], ""properties"": {""magmom"": -0.0}, ""label"": ""F"", ""xyz"": [1.329078514399348, 1.348096260455149, 4.604438199578762]}]}",0.0,4.5489,57.665,0.0
36,mp-23297,BrF3,"{""@module"": ""pymatgen.core.structure"", ""@class"": ""Structure"", ""charge"": 0, ""lattice"": {""matrix"": [[4.62248022, -0.07634148, 0.0], [-1.50109861, 4.37262579, 0.0], [0.0, 0.0, 6.22369746]], ""pbc"": [true, true, true], ""a"": 4.623110576858381, ""b"": 4.623110785641747, ""c"": 6.22369746, ""alpha"": 90.0, ""beta"": 90.0, ""gamma"": 109.8932358308071, ""volume"": 125.08250317300545}, ""properties"": {}, ""sites"": [{""species"": [{""element"": ""Br"", ""occu"": 1.0}], ""abc"": [0.83880454, 0.16119546, 0.25736027], ""properties"": {""magmom"": 0.0}, ""label"": ""Br"", ""xyz"": [3.635387113651888, 0.6408118456125942, 1.6017324587039143]}, {""species"": [{""element"": ""Br"", ""occu"": 1.0}], ""abc"": [0.16119546, 0.83880454, 0.7573602700000001], ""properties"": {""magmom"": 0.0}, ""label"": ""Br"", ""xyz"": [-0.5140055036518884, 3.655472464387406, 4.713581188703915]}, {""species"": [{""element"": ""F"", ""occu"": 1.0}], ""abc"": [0.07097323, 0.92902677, 0.09074423], ""properties"": {""magmom"": 0.0}, ""label"": ""F"", ""xyz"": [-1.0664884412752793, 4.056868212683818, 0.5647646337606558]}, {""species"": [{""element"": ""F"", ""occu"": 1.0}], ""abc"": [0.92902677, 0.07097323, 0.59074423], ""properties"": {""magmom"": 0.0}, ""label"": ""F"", ""xyz"": [4.187870051275279, 0.23941609731618207, 3.676613363760656]}, {""species"": [{""element"": ""F"", ""occu"": 1.0}], ""abc"": [0.26493775, 0.73506225, 0.50169156], ""properties"": {""magmom"": -0.0}, ""label"": ""F"", ""xyz"": [0.12126858716783251, 3.1939264116625576, 3.122376487675438]}, {""species"": [{""element"": ""F"", ""occu"": 1.0}], ""abc"": [0.73506225, 0.26493775, 0.00169156], ""properties"": {""magmom"": -0.0}, ""label"": ""F"", ""xyz"": [3.0001130228321675, 1.1023578983374427, 0.0105277576754376]}, {""species"": [{""element"": ""F"", ""occu"": 1.0}], ""abc"": [0.37600987, 0.62399013, 0.88020394], ""properties"": {""magmom"": 0.0}, ""label"": ""F"", ""xyz"": [0.8014274698030521, 2.699770185173045, 5.478123025659992]}, {""species"": [{""element"": ""F"", ""occu"": 1.0}], ""abc"": [0.62399013, 0.37600987, 0.38020394], ""properties"": {""magmom"": 0.0}, ""label"": ""F"", ""xyz"": [2.319954140196948, 1.596514124826955, 2.3662742956599927]}]}",0.0,2.211,6.798,0.0
36,mp-28369,GeH3Cl,"{""@module"": ""pymatgen.core.structure"", ""@class"": ""Structure"", ""charge"": 0, ""lattice"": {""matrix"": [[4.58625805, -0.023329, -0.0], [-1.15099582, 4.43954157, 0.0], [0.0, -0.0, 8.35736286]], ""pbc"": [true, true, true], ""a"": 4.586317383634804, ""b"": 4.58631886477767, ""c"": 8.35736286, ""alpha"": 90.0, ""beta"": 90.0, ""gamma"": 104.82594308701053, ""volume"": 169.9388811751938}, ""properties"": {}, ""sites"": [{""species"": [{""element"": ""Ge"", ""occu"": 1.0}], ""abc"": [0.55854033, 0.55854033, 0.95141039], ""properties"": {""magmom"": 0.0}, ""label"": ""Ge"", ""xyz"": [1.9187324995807358, 2.4666328261979484, 7.9512818580041165]}, {""species"": [{""element"": ""Ge"", ""occu"": 1.0}], ""abc"": [0.44145967, 0.44145967, 0.45141039], ""properties"": {""magmom"": 0.0}, ""label"": ""Ge"", ""xyz"": [1.516529730419264, 1.9495797438020521, 3.7726004280041154]}, {""species"": [{""element"": ""H"", ""occu"": 1.0}], ""abc"": [0.20960944, 0.55968652, 0.54211527], ""properties"": {""magmom"": 0.0}, ""label"": ""H"", ""xyz"": [0.3171261365256456, 2.4798615930828767, 4.530654023336873]}, {""species"": [{""element"": ""H"", ""occu"": 1.0}], ""abc"": [0.79039056, 0.44031348000000003, 0.04211527], ""properties"": {""magmom"": 0.0}, ""label"": ""H"", ""xyz"": [3.1181360934743543, 1.9363509769171239, 0.35197259333687225]}, {""species"": [{""element"": ""H"", ""occu"": 1.0}], ""abc"": [0.44031348000000003, 0.79039056, 0.04211527], ""properties"": {""magmom"": 0.0}, ""label"": ""H"", ""xyz"": [1.1096550114460548, 3.498699674480659, 0.35197259333687225]}, {""species"": [{""element"": ""H"", ""occu"": 1.0}], ""abc"": [0.55968652, 0.20960944, 0.54211527], ""properties"": {""magmom"": 0.0}, ""label"": ""H"", ""xyz"": [2.325607218553945, 0.9175128955193409, 4.530654023336873]}, {""species"": [{""element"": ""H"", ""occu"": 1.0}], ""abc"": [0.68297844, 0.68297844, 0.36940422], ""properties"": {""magmom"": 0.0}, ""label"": ""H"", ""xyz"": [2.346210038836321, 3.0161779717669908, 3.0872451085552695]}, {""species"": [{""element"": ""H"", ""occu"": 1.0}], ""abc"": [0.31702156, 0.31702156, 0.8694042200000001], ""properties"": {""magmom"": 0.0}, ""label"": ""H"", ""xyz"": [1.0890521911636788, 1.4000345982330091, 7.26592653855527]}, {""species"": [{""element"": ""Cl"", ""occu"": 1.0}], ""abc"": [0.81800178, 0.81800178, 0.75212084], ""properties"": {""magmom"": -0.0}, ""label"": ""Cl"", ""xyz"": [2.8100506189067693, 3.6124697431183748, 6.285746774448003]}, {""species"": [{""element"": ""Cl"", ""occu"": 1.0}], ""abc"": [0.18199822000000002, 0.18199822000000002, 0.25212084], ""properties"": {""magmom"": -0.0}, ""label"": ""Cl"", ""xyz"": [0.6252116110932306, 0.8037428268816255, 2.1070653444480025]}]}",0.0,4.7492,1.242999999999999,0.0
37,mp-4117,Li2Si2O5,"{""@module"": ""pymatgen.core.structure"", ""@class"": ""Structure"", ""charge"": 0, ""lattice"": {""matrix"": [[4.76947852, -0.0006845, 0.00027204000000000003], [-3.9540000000000004e-05, 5.38213508, -2.1367005], [2.0270000000000004e-05, 0.00502949, 7.85954686]], ""pbc"": [true, true, true], ""a"": 4.769478576876869, ""b"": 5.790757035796811, ""c"": 7.859548469264401, ""alpha"": 111.61634731803383, ""beta"": 89.99658947680201, ""gamma"": 90.0092397294251, ""volume"": 201.80564733481847}, ""properties"": {}, ""sites"": [{""species"": [{""element"": ""Li"", ""occu"": 1.0}], ""abc"": [0.59453239, 0.7052683200000001, 0.11468048], ""properties"": {""magmom"": -0.0}, ""label"": ""Li"", ""xyz"": [2.8355839018132194, 3.7960191927910665, -0.6054488288994916]}, {""species"": [{""element"": ""Li"", ""occu"": 1.0}], ""abc"": [0.09453239000000001, 0.59058784, 0.88531952], ""properties"": {""magmom"": -0.0}, ""label"": ""Li"", ""xyz"": [0.45086479713273964, 3.183011529737117, 5.696326637082162]}, {""species"": [{""element"": ""Li"", ""occu"": 1.0}], ""abc"": [0.09471422, 0.40229409, 0.11435086], ""properties"": {""magmom"": -0.0}, ""label"": ""Li"", ""xyz"": [0.45172384901216805, 2.1657114288889487, 0.039189725457663416]}, {""species"": [{""element"": ""Li"", ""occu"": 1.0}], ""abc"": [0.59471422, 0.28794322, 0.8856491400000001], ""properties"": {""magmom"": -0.0}, ""label"": ""Li"", ""xyz"": [2.836483264661703, 1.5537965870197064, 6.3457142812595]}, {""species"": [{""element"": ""Si"", ""occu"": 1.0}], ""abc"": [0.09458141, 0.98865368, 0.29547092], ""properties"": {""magmom"": 0.0}, ""label"": ""Si"", ""xyz"": [0.45107090121535437, 5.32248898016138, 0.20983645905124781]}, {""species"": [{""element"": ""Si"", ""occu"": 1.0}], ""abc"": [0.09459775000000001, 0.00512409, 0.70448957], ""properties"": {""magmom"": -0.0}, ""label"": ""Si"", ""xyz"": [0.4511960140623953, 0.0310570156296215, 5.526045876503115]}, {""species"": [{""element"": ""Si"", ""occu"": 1.0}], ""abc"": [0.59459775, 0.30063452, 0.29551043], ""properties"": {""magmom"": -0.0}, ""label"": ""Si"", ""xyz"": [2.8359152995728256, 1.6191348609436675, 1.6803738973743996]}, {""species"": [{""element"": ""Si"", ""occu"": 1.0}], ""abc"": [0.59458141, 0.6931807600000001, 0.70452908], ""properties"": {""magmom"": 0.0}, ""label"": ""Si"", ""xyz"": [2.835830135823514, 3.7339289161644857, 4.056321391937085]}, {""species"": [{""element"": ""O"", ""occu"": 1.0}], ""abc"": [0.49798387, 0.39944095, 0.14213392], ""properties"": {""magmom"": 0.0}, ""label"": ""O"", ""xyz"": [2.3751104584308678, 2.1502191405538116, 0.263757998582011]}, {""species"": [{""element"": ""O"", ""occu"": 1.0}], ""abc"": [0.99798387, 0.25730603, 0.85786608], ""properties"": {""magmom"": 0.0}, ""label"": ""O"", ""xyz"": [4.759869846336488, 1.388487319270217, 6.192924223942488]}, {""species"": [{""element"": ""O"", ""occu"": 1.0}], ""abc"": [0.53635748, 0.49699489, 0.49997575], ""properties"": {""magmom"": 0.0}, ""label"": ""O"", ""xyz"": [2.5581359632318317, 2.677041118389549, 2.867799516717059]}, {""species"": [{""element"": ""O"", ""occu"": 1.0}], ""abc"": [0.49813575, 0.59418538, 0.85786428], ""properties"": {""magmom"": 0.0}, ""label"": ""O"", ""xyz"": [2.37584165448812, 3.2019596236178725, 5.472963822490901]}, {""species"": [{""element"": ""O"", ""occu"": 1.0}], ""abc"": [0.03635748, 0.99701914, 0.5000242500000001], ""properties"": {""magmom"": 0.0}, ""label"": ""O"", ""xyz"": [0.17337693325608147, 5.368581669095503, 1.7996426197526447]}, {""species"": [{""element"": ""O"", ""occu"": 1.0}], ""abc"": [0.93105625, 0.7646780200000001, 0.72554005], ""properties"": {""magmom"": -0.0}, ""label"": ""O"", ""xyz"": [4.440637256614653, 4.118612184769892, 4.068781398650983]}, {""species"": [{""element"": ""O"", ""occu"": 1.0}], ""abc"": [0.43105625000000003, 0.03913797, 0.27445995], ""properties"": {""magmom"": -0.0}, ""label"": ""O"", ""xyz"": [2.055917541074603, 0.21173117686778814, 2.073621982692522]}, {""species"": [{""element"": ""O"", ""occu"": 1.0}], ""abc"": [0.43104388, 0.95468189, 0.72553278], ""properties"": {""magmom"": 0.0}, ""label"": ""O"", ""xyz"": [2.0558314852649775, 5.141580900735524, 3.6626068723492406]}, {""species"": [{""element"": ""O"", ""occu"": 1.0}], ""abc"": [0.93104388, 0.22915011000000002, 0.27446722], ""properties"": {""magmom"": 0.0}, ""label"": ""O"", ""xyz"": [4.440590289692658, 1.234059976219317, 1.6678161036889896]}, {""species"": [{""element"": ""O"", ""occu"": 1.0}], ""abc"": [0.99813575, 0.736320099999999, 0.14213572], ""properties"": {""magmom"": 0.0}, ""label"": ""O"", ""xyz"": [4.76056078666338, 3.9630058865806106, -0.4559016411607786]}]}",0.0,5.154,78.037,0.0
38,mp-5777,BaTiO3,"{""@module"": ""pymatgen.core.structure"", ""@class"": ""Structure"", ""charge"": 0, ""lattice"": {""matrix"": [[3.98333387, 0.0, 0.0], [0.0, 4.05731721, -0.01436641], [0.0, -0.00365691, 4.05734071]], ""pbc"": [true, true, true], ""a"": 3.98333387, ""b"": 4.0573426446750185, ""c"": 4.0573423579991434, ""alpha"": 90.25451681616497, ""beta"": 90.0, ""gamma"": 90.0, ""volume"": 65.57310741671338}, ""properties"": {}, ""sites"": [{""species"": [{""element"": ""Ba"", ""occu"": 1.0}], ""abc"": [0.0, 0.00341385, 0.9965861500000001], ""properties"": {""magmom"": 0.0}, ""label"": ""Ba"", ""xyz"": [0.0, 0.010206646499562, 4.043440512648388]}, {""species"": [{""element"": ""Ti"", ""occu"": 1.0}], ""abc"": [0.5, 0.5185038200000001, 0.48149618], ""properties"": {""magmom"": 0.0}, ""label"": ""Ti"", ""xyz"": [1.991666935, 2.1019736841411385, 1.9461450143588017]}, {""species"": [{""element"": ""O"", ""occu"": 1.0}], ""abc"": [0.5, 0.49135189999999906, 0.02157433], ""properties"": {""magmom"": -0.0}, ""label"": ""O"", ""xyz"": [1.991666935, 1.9934916246530747, 0.08047544455029532]}, {""species"": [{""element"": ""O"", ""occu"": 1.0}], ""abc"": [0.5, 0.97842567, 0.508648099999999], ""properties"": {""magmom"": -0.0}, ""label"": ""O"", ""xyz"": [1.991666935, 3.96792322927341, 2.0497021788644028]}, {""species"": [{""element"": ""O"", ""occu"": 1.0}], ""abc"": [0.0, 0.48820476, 0.51179524], ""properties"": {""magmom"": 0.0}, ""label"": ""O"", ""xyz"": [0.0, 1.9789299856208113, 2.069513912690109]}]}",0.0,2.2929999999999993,97.867,0.0
38,mp-569450,LiB6C,"{""@module"": ""pymatgen.core.structure"", ""@class"": ""Structure"", ""charge"": 0, ""lattice"": {""matrix"": [[4.69220026, 0.0, 0.0], [0.0, 4.77343857, -2.30459873], [0.0, 0.00256034, 5.30064958]], ""pbc"": [true, true, true], ""a"": 4.69220026, ""b"": 5.300650062764118, ""c"": 5.300650198352566, ""alpha"": 115.7434056345368, ""beta"": 90.0, ""gamma"": 90.0, ""volume"": 118.75126324505163}, ""properties"": {}, ""sites"": [{""species"": [{""element"": ""Li"", ""occu"": 1.0}], ""abc"": [0.5, 0.52631807, 0.11339325], ""properties"": {""magmom"": -0.0}, ""label"": ""Li"", ""xyz"": [2.34610013, 2.5126373006996645, -0.611894072710716]}, {""species"": [{""element"": ""Li"", ""occu"": 1.0}], ""abc"": [0.5, 0.11339325, 0.52631807], ""properties"": {""magmom"": -0.0}, ""label"": ""Li"", ""xyz"": [2.34610013, 0.5426232663349962, 2.5285017167513377]}, {""species"": [{""element"": ""B"", ""occu"": 1.0}], ""abc"": [0.81703377, 0.25783804, 0.25783804], ""properties"": {""magmom"": -0.0}, ""label"": ""B"", ""xyz"": [3.83368606802278, 1.2314341979965362, 0.7724958789043339]}, {""species"": [{""element"": ""B"", ""occu"": 1.0}], ""abc"": [0.69361145, 0.90199112, 0.09786558000000001], ""properties"": {""magmom"": -0.0}, ""label"": ""B"", ""xyz"": [3.254563826028977, 4.3058497711645956, -1.5599764440998212]}, {""species"": [{""element"": ""B"", ""occu"": 1.0}], ""abc"": [0.69361145, 0.09786558000000001, 0.90199112], ""properties"": {""magmom"": -0.0}, ""label"": ""B"", ""xyz"": [3.254563826028977, 0.4694647381916014, 4.555597960013016]}, {""species"": [{""element"": ""B"", ""occu"": 1.0}], ""abc"": [0.18343855, 0.7434620200000001, 0.7434620200000001], ""properties"": {""magmom"": 0.0}, ""label"": ""B"", ""xyz"": [0.860730412004023, 3.550773797146398, 2.227450016963717]}, {""species"": [{""element"": ""B"", ""occu"": 1.0}], ""abc"": [-0.0, 0.33267686, 0.99370008], ""properties"": {""magmom"": 0.0}, ""label"": ""B"", ""xyz"": [0.0, 1.5905567649333174, 4.500569242641578]}, {""species"": [{""element"": ""B"", ""occu"": 1.0}], ""abc"": [0.30638855, 0.09786558000000001, 0.90199112], ""properties"": {""magmom"": -0.0}, ""label"": ""B"", ""xyz"": [1.4376364339710228, 0.4694647381916014, 4.555597960013016]}, {""species"": [{""element"": ""B"", ""occu"": 1.0}], ""abc"": [-0.0, 0.00776442, 0.66948373], ""properties"": {""magmom"": 0.0}, ""label"": ""B"", ""xyz"": [0.0, 0.0387770878749476, 3.530804779770147]}, {""species"": [{""element"": ""B"", ""occu"": 1.0}], ""abc"": [-0.0, 0.99370008, 0.33267686], ""properties"": {""magmom"": 0.0}, ""label"": ""B"", ""xyz"": [0.0, 4.744218054755818, -0.5266764841341796]}, {""species"": [{""element"": ""B"", ""occu"": 1.0}], ""abc"": [0.30638855, 0.90199112, 0.09786558000000001], ""properties"": {""magmom"": -0.0}, ""label"": ""B"", ""xyz"": [1.4376364339710228, 4.3058497711645956, -1.5599764440998212]}, {""species"": [{""element"": ""B"", ""occu"": 1.0}], ""abc"": [0.18296623, 0.25783804, 0.25783804], ""properties"": {""magmom"": -0.0}, ""label"": ""B"", ""xyz"": [0.8585141919772198, 1.2314341979965362, 0.7724958789043339]}, {""species"": [{""element"": ""B"", ""occu"": 1.0}], ""abc"": [-0.0, 0.66948373, 0.00776442], ""properties"": {""magmom"": 0.0}, ""label"": ""B"", ""xyz"": [0.0, 3.195759338324569, -1.5017348843017195]}, {""species"": [{""element"": ""B"", ""occu"": 1.0}], ""abc"": [0.81656145, 0.7434620200000001, 0.7434620200000001], ""properties"": {""magmom"": 0.0}, ""label"": ""B"", ""xyz"": [3.8314698479959772, 3.550773797146398, 2.227450016963717]}, {""species"": [{""element"": ""C"", ""occu"": 1.0}], ""abc"": [0.64621923, 0.50187604, 0.50187604], ""properties"": {""magmom"": 0.0}, ""label"": ""C"", ""xyz"": [3.032190039023, 2.3969594199951163, 1.5036461362366338]}, {""species"": [{""element"": ""C"", ""occu"": 1.0}], ""abc"": [0.35378077, 0.50187604, 0.50187604], ""properties"": {""magmom"": 0.0}, ""label"": ""C"", ""xyz"": [1.6600102209770002, 2.3969594199951163, 1.5036461362366338]}]}",0.0,1.392199999999999,196.324,0.0
40,mp-1880,SbF3,"{""@module"": ""pymatgen.core.structure"", ""@class"": ""Structure"", ""charge"": 0, ""lattice"": {""matrix"": [[4.36664076, 0.0017737999999990002, 0.0], [-1.71016549, 4.01782009, 0.0], [0.0, 0.0, 7.13727701]], ""pbc"": [true, true, true], ""a"": 4.366641120273089, ""b"": 4.366639930060017, ""c"": 7.13727701, ""alpha"": 90.0, ""beta"": 90.0, ""gamma"": 113.03351767285307, ""volume"": 125.24072928179703}, ""properties"": {}, ""sites"": [{""species"": [{""element"": ""Sb"", ""occu"": 1.0}], ""abc"": [0.20550062, 0.79353646, 0.25], ""properties"": {""magmom"": -0.0}, ""label"": ""Sb"", ""xyz"": [-0.45973128545149433, 3.188651248135237, 1.7843192525]}, {""species"": [{""element"": ""Sb"", ""occu"": 1.0}], ""abc"": [0.79353646, 0.20550062, 0.75], ""properties"": {""magmom"": -0.0}, ""label"": ""Sb"", ""xyz"": [3.113648582284506, 0.827072094516203, 5.3529577575000005]}, {""species"": [{""element"": ""F"", ""occu"": 1.0}], ""abc"": [0.31783102, 0.39721304, 0.25], ""properties"": {""magmom"": 0.0}, ""label"": ""F"", ""xyz"": [0.7085538535383856, 1.5964943007852495, 1.7843192525]}, {""species"": [{""element"": ""F"", ""occu"": 1.0}], ""abc"": [0.39721304, 0.31783102, 0.75], ""properties"": {""magmom"": 0.0}, ""label"": ""F"", ""xyz"": [1.1909430088120105, 1.2776924338715434, 5.3529577575000005]}, {""species"": [{""element"": ""F"", ""occu"": 1.0}], ""abc"": [0.9814039600000001, 0.57255597, 0.9313193200000001], ""properties"": {""magmom"": 0.0}, ""label"": ""F"", ""xyz"": [3.306273072773935, 2.302167693259684, 6.647083971604833]}, {""species"": [{""element"": ""F"", ""occu"": 1.0}], ""abc"": [0.57255597, 0.9814039600000001, 0.06868068000000001], ""properties"": {""magmom"": 0.0}, ""label"": ""F"", ""xyz"": [0.8217830518419966, 3.944120146673142, 0.49019303839516687]}, {""species"": [{""element"": ""F"", ""occu"": 1.0}], ""abc"": [0.9814039600000001, 0.57255597, 0.56868068], ""properties"": {""magmom"": 0.0}, ""label"": ""F"", ""xyz"": [3.306273072773935, 2.302167693259684, 4.058831543395168]}, {""species"": [{""element"": ""F"", ""occu"": 1.0}], ""abc"": [0.57255597, 0.9814039600000001, 0.43131932], ""properties"": {""magmom"": 0.0}, ""label"": ""F"", ""xyz"": [0.8217830518419966, 3.944120146673142, 3.0784454666048333]}]}",0.0,4.4396,13.266,0.0
41,mp-27726,SO2,"{""@module"": ""pymatgen.core.structure"", ""@class"": ""Structure"", ""charge"": 0, ""lattice"": {""matrix"": [[4.20825083, -0.03761526, 0.0], [-0.17690142, 4.20470011, 0.0], [0.0, 0.0, 5.90349217]], ""pbc"": [true, true, true], ""a"": 4.208418937793688, ""b"": 4.20841978982991, ""c"": 5.90349217, ""alpha"": 90.0, ""beta"": 90.0, ""gamma"": 92.92126674739784, ""volume"": 104.41966208548168}, ""properties"": {}, ""sites"": [{""species"": [{""element"": ""S"", ""occu"": 1.0}], ""abc"": [0.49613037, 0.50386963, 0.5], ""properties"": {""magmom"": 0.0}, ""label"": ""S"", ""xyz"": [1.9987057882988324, 2.099958615825213, 2.951746085]}, {""species"": [{""element"": ""S"", ""occu"": 1.0}], ""abc"": [-0.00386963, 0.00386963, -0.0], ""properties"": {""magmom"": 0.0}, ""label"": ""S"", ""xyz"": [-0.0169689167011675, 0.016416190825213103, 0.0]}, {""species"": [{""element"": ""O"", ""occu"": 1.0}], ""abc"": [0.77356722, 0.53369759, 0.64201496], ""properties"": {""magmom"": -0.0}, ""label"": ""O"", ""xyz"": [3.1609530341042147, 2.2149403832719576, 3.790130289382863]}, {""species"": [{""element"": ""O"", ""occu"": 1.0}], ""abc"": [0.46630241, 0.22643278, 0.35798504000000003], ""properties"": {""magmom"": -0.0}, ""label"": ""O"", ""xyz"": [1.9222612235969527, 0.9345418485828292, 2.113361880617137]}, {""species"": [{""element"": ""O"", ""occu"": 1.0}], ""abc"": [0.9663024100000001, 0.72643278, 0.14201496], ""properties"": {""magmom"": -0.0}, ""label"": ""O"", ""xyz"": [3.9379359285969526, 3.0180842735828293, 0.8383842043828631]}, {""species"": [{""element"": ""O"", ""occu"": 1.0}], ""abc"": [0.27356722, 0.03369759, 0.85798504], ""properties"": {""magmom"": -0.0}, ""label"": ""O"", ""xyz"": [1.1452783291042148, 0.1313979582719577, 5.065107965617137]}]}",0.0,2.8367999999999993,4.436,0.0
43,mp-27253,Au2O3,"{""@module"": ""pymatgen.core.structure"", ""@class"": ""Structure"", ""charge"": 0, ""lattice"": {""matrix"": [[3.74656808, -0.0, 1.121020769999999], [1.87328354, 5.26809083, 0.56051089], [0.02753021, 0.0, 6.72921219]], ""pbc"": [true, true, true], ""a"": 3.9106853548765947, ""b"": 5.619265492230601, ""c"": 6.7292685048604834, ""alpha"": 84.19684486630655, ""beta"": 73.10774456880247, ""gamma"": 69.63672756944094, ""volume"": 132.65363346808084}, ""properties"": {}, ""sites"": [{""species"": [{""element"": ""Au"", ""occu"": 1.0}], ""abc"": [0.9342077, 0.23363909, 0.40875231], ""properties"": {""magmom"": -0.0}, ""label"": ""Au"", ""xyz"": [3.94899804744008, 1.2308319475585447, 3.9288045166112777]}, {""species"": [{""element"": ""Au"", ""occu"": 1.0}], ""abc"": [0.5765981, 0.7663609100000001, 0.59124769], ""properties"": {""magmom"": -0.0}, ""label"": ""Au"", ""xyz"": [3.612152487918784, 4.0372588824414555, 5.054563244625188]}, {""species"": [{""element"": ""Au"", ""occu"": 1.0}], ""abc"": [0.41784679, 0.26636091, 0.90875231], ""properties"": {""magmom"": -0.0}, ""label"": ""Au"", ""xyz"": [2.08947909607917, 1.4032134674414554, 6.732900243135797]}, {""species"": [{""element"": ""Au"", ""occu"": 1.0}], ""abc"": [0.5929590100000001, 0.73363909, 0.09124769], ""properties"": {""magmom"": -0.0}, ""label"": ""Au"", ""xyz"": [3.5983873992796944, 3.8648773625585453, 1.6899571331006684]}, {""species"": [{""element"": ""O"", ""occu"": 1.0}], ""abc"": [0.43786933, 0.5, 0.5], ""properties"": {""magmom"": -0.0}, ""label"": ""O"", ""xyz"": [2.5909141299889864, 2.634045415, 4.135722153475983]}, {""species"": [{""element"": ""O"", ""occu"": 1.0}], ""abc"": [0.18786933, 0.0, -0.0], ""properties"": {""magmom"": -0.0}, ""label"": ""O"", ""xyz"": [0.7038652349889863, 0.0, 0.21060542097598392]}, {""species"": [{""element"": ""O"", ""occu"": 1.0}], ""abc"": [0.77185062, 0.03624394, 0.66428169], ""properties"": {""magmom"": -0.0}, ""label"": ""O"", ""xyz"": [2.9779738860718123, 0.19093636795707022, 5.3556681453656845]}, {""species"": [{""element"": ""O"", ""occu"": 1.0}], ""abc"": [0.47237425, 0.96375606, 0.33571831], ""properties"": {""magmom"": -0.0}, ""label"": ""O"", ""xyz"": [3.5844130462123376, 5.07715446204293, 3.3288568564548644]}, {""species"": [{""element"": ""O"", ""occu"": 1.0}], ""abc"": [0.68613131, 0.53624394, 0.83571831], ""properties"": {""magmom"": -0.0}, ""label"": ""O"", ""xyz"": [3.5981821115364774, 2.82498178295707, 6.693463856582014]}, {""species"": [{""element"": ""O"", ""occu"": 1.0}], ""abc"": [0.05809456, 0.46375606, 0.16428169], ""properties"": {""magmom"": -0.0}, ""label"": ""O"", ""xyz"": [1.0909245273157522, 2.44310904704293, 1.4305518812593057]}]}",0.0,0.8689999999999991,80.505,0.0
43,mp-13868,PdF4,"{""@module"": ""pymatgen.core.structure"", ""@class"": ""Structure"", ""charge"": 0, ""lattice"": {""matrix"": [[5.19880088, -0.02828415, -1.51508628], [-2.90792747, 4.30955737, -1.51508628], [0.03049209, 0.05698355, 5.50909026]], ""pbc"": [true, true, true], ""a"": 5.415146998824153, ""b"": 5.415146658396813, ""c"": 5.509469337908147, ""alpha"": 105.93271602411896, ""beta"": 105.93270404875294, ""gamma"": 116.19456822892523, ""volume"": 123.87576309118403}, ""properties"": {}, ""sites"": [{""species"": [{""element"": ""Pd"", ""occu"": 1.0}], ""abc"": [0.73969768, 0.23969768, 0.5], ""properties"": {""magmom"": 0.0}, ""label"": ""Pd"", ""xyz"": [3.163763526550689, 1.0405609582801296, 1.2706766573683392]}, {""species"": [{""element"": ""Pd"", ""occu"": 1.0}], ""abc"": [0.98969768, 0.98969768, -0.0], ""properties"": {""magmom"": 0.0}, ""label"": ""Pd"", ""xyz"": [2.267272099050689, 4.23716617328013, -2.998954752631661]}, {""species"": [{""element"": ""F"", ""occu"": 1.0}], ""abc"": [0.97117078, 0.74863568, 0.18518604], ""properties"": {""magmom"": 0.0}, ""label"": ""F"", ""xyz"": [2.8775919561985805, 3.209372230141467, -1.5854485625493988]}, {""species"": [{""element"": ""F"", ""occu"": 1.0}], ""abc"": [0.56345065, 0.78598575, 0.8148139600000001], ""properties"": {""magmom"": 0.0}, ""label"": ""F"", ""xyz"": [0.6685235622045961, 3.417744950955638, 2.4443710753754377]}, {""species"": [{""element"": ""F"", ""occu"": 1.0}], ""abc"": [0.01913268, 0.29580748, 0.31226028], ""properties"": {""magmom"": -0.0}, ""label"": ""F"", ""xyz"": [-0.7511982347415321, 1.2920518532224996, 1.243108551695868]}, {""species"": [{""element"": ""F"", ""occu"": 1.0}], ""abc"": [0.9835472, 0.7068744100000001, 0.68773972], ""properties"": {""magmom"": -0.0}, ""label"": ""F"", ""xyz"": [3.0786971556413083, 3.0576868774646284, 1.2276856041406168]}, {""species"": [{""element"": ""F"", ""occu"": 1.0}], ""abc"": [0.04580748, 0.26913268, 0.8122602800000001], ""properties"": {""magmom"": -0.0}, ""label"": ""F"", ""xyz"": [-0.519706832350952, 1.2048325732448038, 3.9976536816958683]}, {""species"": [{""element"": ""F"", ""occu"": 1.0}], ""abc"": [0.45687441, 0.233547199999999, 0.18773972], ""properties"": {""magmom"": -0.0}, ""label"": ""F"", ""xyz"": [1.7017853427747145, 1.0042608283808643, -0.01177324585938222]}, {""species"": [{""element"": ""F"", ""occu"": 1.0}], ""abc"": [0.53598575, 0.81345065, 0.31481396], ""properties"": {""magmom"": 0.0}, ""label"": ""F"", ""xyz"": [0.4306270337446811, 3.5083915595182864, -0.3101740546245628]}, {""species"": [{""element"": ""F"", ""occu"": 1.0}], ""abc"": [0.49863568, 0.22117078, 0.68518604], ""properties"": {""magmom"": 0.0}, ""label"": ""F"", ""xyz"": [1.9700517796584955, 0.9780890115788188, 2.684182847450602]}]}",0.0,0.6178,37.214,0.0
43,mp-8943,PtF4,"{""@module"": ""pymatgen.core.structure"", ""@class"": ""Structure"", ""charge"": 0, ""lattice"": {""matrix"": [[5.24777791, -0.02120546, -1.4495356400000001], [-2.97317595, 4.32433327, -1.44953563], [0.00922416, 0.01745087, 5.56859168]], ""pbc"": [true, true, true], ""a"": 5.444334324400733, ""b"": 5.4443353131789, ""c"": 5.568626663420406, ""alpha"": 105.34677425368848, ""beta"": 105.34678121202951, ""gamma"": 117.29647979225727, ""volume"": 126.28380539682139}, ""properties"": {}, ""sites"": [{""species"": [{""element"": ""Pt"", ""occu"": 1.0}], ""abc"": [0.75559752, 0.25559752, 0.5], ""properties"": {""magmom"": 0.0}, ""label"": ""Pt"", ""xyz"": [3.209883654963139, 1.0979915014790314, 1.3185325930847496]}, {""species"": [{""element"": ""Pt"", ""occu"": 1.0}], ""abc"": [0.00559752, 0.00559752, 0.0], ""properties"": {""magmom"": 0.0}, ""label"": ""Pt"", ""xyz"": [0.012732129963139202, 0.0240868439790312, -0.0162276094152504]}, {""species"": [{""element"": ""F"", ""occu"": 1.0}], ""abc"": [0.9824096600000001, 0.74206943, 0.16816139], ""properties"": {""magmom"": 0.0}, ""label"": ""F"", ""xyz"": [2.950715877379585, 3.191057638606102, -1.5632717767178383]}, {""species"": [{""element"": ""F"", ""occu"": 1.0}], ""abc"": [0.57390703, 0.81424827, 0.83183861], ""properties"": {""magmom"": 0.0}, ""label"": ""F"", ""xyz"": [0.5985062731674186, 3.52342722887665, 2.6199889896863557]}, {""species"": [{""element"": ""F"", ""occu"": 1.0}], ""abc"": [0.05349851, 0.31045258000000003, 0.3278663], ""properties"": {""magmom"": -0.0}, ""label"": ""F"", ""xyz"": [-0.639257554265729, 1.3470875121161534, 1.2981934772650623]}, {""species"": [{""element"": ""F"", ""occu"": 1.0}], ""abc"": [0.98258628, 0.72563121, 0.6721337], ""properties"": {""magmom"": -0.0}, ""label"": ""F"", ""xyz"": [3.0051651815018676, 3.1287643069175872, 1.2667160042975838]}, {""species"": [{""element"": ""F"", ""occu"": 1.0}], ""abc"": [0.06045258, 0.30349851, 0.8278662999999991], ""properties"": {""magmom"": -0.0}, ""label"": ""F"", ""xyz"": [-0.5774763856565187, 1.325593766600022, 4.082489317195517]}, {""species"": [{""element"": ""F"", ""occu"": 1.0}], ""abc"": [0.47563121, 0.23258628, 0.1721337], ""properties"": {""magmom"": -0.0}, ""label"": ""F"", ""xyz"": [1.8060748119387973, 0.9986984929724481, -0.06804420063286487]}, {""species"": [{""element"": ""F"", ""occu"": 1.0}], ""abc"": [0.56424827, 0.82390703, 0.33183861000000003], ""properties"": {""magmom"": 0.0}, ""label"": ""F"", ""xyz"": [0.5144899728626048, 3.5566743095404245, -0.16430685021705682]}, {""species"": [{""element"": ""F"", ""occu"": 1.0}], ""abc"": [0.49206943000000003, 0.23240966000000002, 0.66816139], ""properties"": {""magmom"": 0.0}, ""label"": ""F"", ""xyz"": [1.8974395008477964, 1.0062422639482098, 2.6705596981855635]}]}",0.0,1.295399999999999,39.735,0.0
44,mp-567771,Ba(Si3N4)2,"{""@module"": ""pymatgen.core.structure"", ""@class"": ""Structure"", ""charge"": 0, ""lattice"": {""matrix"": [[4.50460767, -0.0, 1.77730696], [1.88544089, 6.05736451, 1.81847332], [-0.00092696, 0.00267558, 6.59949849]], ""pbc"": [true, true, true], ""a"": 4.842552043157334, ""b"": 6.599499781971613, ""c"": 6.5994990974691, ""alpha"": 73.9855899068171, ""beta"": 68.47618219376214, ""gamma"": 68.47618882562847, ""volume"": 180.07127825513237}, ""properties"": {}, ""sites"": [{""species"": [{""element"": ""Ba"", ""occu"": 1.0}], ""abc"": [0.16672363, -0.0, -0.0], ""properties"": {""magmom"": 0.0}, ""label"": ""Ba"", ""xyz"": [0.7510245424682422, 0.0, 0.2963190679954648]}, {""species"": [{""element"": ""Si"", ""occu"": 1.0}], ""abc"": [0.81268493, 0.54008351, 0.13811836], ""properties"": {""magmom"": 0.0}, ""label"": ""Si"", ""xyz"": [4.678994272545152, 3.271852232631879, 3.3380299441443424]}, {""species"": [{""element"": ""Si"", ""occu"": 1.0}], ""abc"": [0.490886799999999, 0.45991649, 0.86188164], ""properties"": {""magmom"": 0.0}, ""label"": ""Si"", ""xyz"": [3.0775988708080138, 2.788187857368121, 7.396788974443897]}, {""species"": [{""element"": ""Si"", ""occu"": 1.0}], ""abc"": [0.490886799999999, 0.86188164, 0.45991649], ""properties"": {""magmom"": 0.0}, ""label"": ""Si"", ""xyz"": [3.835853006588441, 5.22196180131891, 5.474983474831072]}, {""species"": [{""element"": ""Si"", ""occu"": 1.0}], ""abc"": [0.81268493, 0.13811836, 0.54008351], ""properties"": {""magmom"": 0.0}, ""label"": ""Si"", ""xyz"": [3.920740136764724, 0.8380782886810894, 5.259835443757168]}, {""species"": [{""element"": ""Si"", ""occu"": 1.0}], ""abc"": [0.01851674, 0.62853786, 0.62853786], ""properties"": {""magmom"": -0.0}, ""label"": ""Si"", ""xyz"": [1.2678990017297855, 3.8089646296828077, 5.323923917876237]}, {""species"": [{""element"": ""Si"", ""occu"": 1.0}], ""abc"": [0.27559147, 0.37146214, 0.37146214], ""properties"": {""magmom"": -0.0}, ""label"": ""Si"", ""xyz"": [1.941457026846185, 2.2510754603171925, 3.6167684607499044]}, {""species"": [{""element"": ""N"", ""occu"": 1.0}], ""abc"": [0.98433137, 0.31773284, 0.31773284], ""properties"": {""magmom"": -0.0}, ""label"": ""N"", ""xyz"": [5.03279860212207, 1.9254737483095556, 4.424125085078575]}, {""species"": [{""element"": ""N"", ""occu"": 1.0}], ""abc"": [0.5023854, 0.11870263, 0.47746912], ""properties"": {""magmom"": 0.0}, ""label"": ""N"", ""xyz"": [2.4864133237130837, 0.7203026050337509, 4.259807370152845]}, {""species"": [{""element"": ""N"", ""occu"": 1.0}], ""abc"": [0.09855714, 0.88129737, 0.52253088], ""properties"": {""magmom"": 0.0}, ""label"": ""N"", ""xyz"": [2.1051109812001982, 5.339737484966249, 5.226223798749235]}, {""species"": [{""element"": ""N"", ""occu"": 1.0}], ""abc"": [0.7073566, 0.78397066, 0.21602934000000001], ""properties"": {""magmom"": -0.0}, ""label"": ""N"", ""xyz"": [4.6642940541524025, 4.749374056546794, 4.108504840380424]}, {""species"": [{""element"": ""N"", ""occu"": 1.0}], ""abc"": [0.5023854, 0.47746912, 0.11870263], ""properties"": {""magmom"": 0.0}, ""label"": ""N"", ""xyz"": [3.16317889610643, 2.8925221004917065, 2.544535751310291]}, {""species"": [{""element"": ""N"", ""occu"": 1.0}], ""abc"": [0.09855714, 0.52253088, 0.88129737], ""properties"": {""magmom"": 0.0}, ""label"": ""N"", ""xyz"": [1.428345408806852, 3.1675179895082937, 6.941495417591788]}, {""species"": [{""element"": ""N"", ""occu"": 1.0}], ""abc"": [0.7073566, 0.21602934000000001, 0.78397066], ""properties"": {""magmom"": -0.0}, ""label"": ""N"", ""xyz"": [3.592947807417841, 1.3106660334532063, 6.823846586383448]}, {""species"": [{""element"": ""N"", ""occu"": 1.0}], ""abc"": [0.61979605, 0.68226716, 0.68226716], ""properties"": {""magmom"": -0.0}, ""label"": ""N"", ""xyz"": [4.077680007667243, 4.134566341690444, 6.844873553214268]}]}",0.0,3.2602,157.981,0.0
44,mp-567278,Sr(Si3N4)2,"{""@module"": ""pymatgen.core.structure"", ""@class"": ""Structure"", ""charge"": 0, ""lattice"": {""matrix"": [[4.47487463, 0.0, 1.769261639999999], [1.8723813900000001, 6.00781086, 1.8079408300000002], [-0.0014857100000000001, -0.00021517000000000002, 6.54738316]], ""pbc"": [true, true, true], ""a"": 4.811942404579789, ""b"": 6.547385237171658, ""c"": 6.547383332101758, ""alpha"": 73.9761970773016, ""beta"": 68.44030830138432, ""gamma"": 68.4403015206781, ""volume"": 176.0379811451249}, ""properties"": {}, ""sites"": [{""species"": [{""element"": ""Sr"", ""occu"": 1.0}], ""abc"": [0.34347384000000003, 0.5, 0.5], ""properties"": {""magmom"": 0.0}, ""label"": ""Sr"", ""xyz"": [2.4724502126846795, 3.0037978450000002, 4.785357084455497]}, {""species"": [{""element"": ""Si"", ""occu"": 1.0}], ""abc"": [0.01235939, 0.04268758, 0.6363275700000001], ""properties"": {""magmom"": -0.0}, ""label"": ""Si"", ""xyz"": [0.13428875289538722, 0.2563219881078819, 4.265324029498412]}, {""species"": [{""element"": ""Si"", ""occu"": 1.0}], ""abc"": [0.69137554, 0.36367243, 0.95731242], ""properties"": {""magmom"": -0.0}, ""label"": ""Si"", ""xyz"": [3.77333006510111, 2.1846691895231785, 8.14861367426545]}, {""species"": [{""element"": ""Si"", ""occu"": 1.0}], ""abc"": [0.01235939, 0.6363275700000001, 0.04268758], ""properties"": {""magmom"": -0.0}, ""label"": ""Si"", ""xyz"": [1.2466911994007164, 3.822926500476822, 1.4518015321116358]}, {""species"": [{""element"": ""Si"", ""occu"": 1.0}], ""abc"": [0.69137554, 0.95731242, 0.36367243], ""properties"": {""magmom"": -0.0}, ""label"": ""Si"", ""xyz"": [4.885732511606439, 5.751273701892118, 5.335091176878672]}, {""species"": [{""element"": ""Si"", ""occu"": 1.0}], ""abc"": [0.48647556000000003, 0.87278133, 0.87278133], ""properties"": {""magmom"": -0.0}, ""label"": ""Si"", ""xyz"": [3.8097999614406977, 5.2433173564204685, 8.153073331678625]}, {""species"": [{""element"": ""Si"", ""occu"": 1.0}], ""abc"": [0.23203722000000002, 0.12721867, 0.12721867], ""properties"": {""magmom"": -0.0}, ""label"": ""Si"", ""xyz"": [1.2763503291120744, 0.7642783335795325, 1.473487757825134]}, {""species"": [{""element"": ""N"", ""occu"": 1.0}], ""abc"": [0.78598327, 0.29072637, 0.70927363], ""properties"": {""magmom"": -0.0}, ""label"": ""N"", ""xyz"": [4.060473464372868, 1.7464764285674113, 6.56011234486752]}, {""species"": [{""element"": ""N"", ""occu"": 1.0}], ""abc"": [0.40389139, 0.98372726, 0.62037686], ""properties"": {""magmom"": 0.0}, ""label"": ""N"", ""xyz"": [3.6483542487414566, 5.909913829417078, 6.554955228008983]}, {""species"": [{""element"": ""N"", ""occu"": 1.0}], ""abc"": [0.88817151, 0.8168315700000001, 0.8168315700000001], ""properties"": {""magmom"": -0.0}, ""label"": ""N"", ""xyz"": [5.50266281278841, 4.907193819387934, 8.39630019499424]}, {""species"": [{""element"": ""N"", ""occu"": 1.0}], ""abc"": [0.00799551, 0.01627274, 0.37962314], ""properties"": {""magmom"": 0.0}, ""label"": ""N"", ""xyz"": [0.0656836704978905, 0.09768186058292261, 2.529104454179533]}, {""species"": [{""element"": ""N"", ""occu"": 1.0}], ""abc"": [0.78598327, 0.70927363, 0.29072637], ""properties"": {""magmom"": -0.0}, ""label"": ""N"", ""xyz"": [4.8447754046820135, 4.261119261432589, 4.576431743718004]}, {""species"": [{""element"": ""N"", ""occu"": 1.0}], ""abc"": [0.40389139, 0.62037686, 0.98372726], ""properties"": {""magmom"": 0.0}, ""label"": ""N"", ""xyz"": [2.967483888409617, 3.7268951682061657, 8.277033494391414]}, {""species"": [{""element"": ""N"", ""occu"": 1.0}], ""abc"": [0.00799551, 0.37962314, 0.01627274], ""properties"": {""magmom"": 0.0}, ""label"": ""N"", ""xyz"": [0.7465540308297307, 2.2807005217938348, 0.807026187797101]}, {""species"": [{""element"": ""N"", ""occu"": 1.0}], ""abc"": [0.52183465, 0.18316843, 0.18316843], ""properties"": {""magmom"": -0.0}, ""label"": ""N"", ""xyz"": [2.677833660739312, 1.1004018706120666, 2.453693606057461]}]}",0.0,3.2079,148.737,0.0
55,mp-20944,Sr2PbO4,"{""@module"": ""pymatgen.core.structure"", ""@class"": ""Structure"", ""charge"": 0, ""lattice"": {""matrix"": [[3.5229134, 0.0, 0.0], [0.0, 6.18357867, -0.0], [0.0, 0.0, 10.11937897]], ""pbc"": [true, true, true], ""a"": 3.5229134, ""b"": 6.18357867, ""c"": 10.11937897, ""alpha"": 90.0, ""beta"": 90.0, ""gamma"": 90.0, ""volume"": 220.4426983744759}, ""properties"": {}, ""sites"": [{""species"": [{""element"": ""Sr"", ""occu"": 1.0}], ""abc"": [0.5, 0.42628995000000003, 0.81892324], ""properties"": {""magmom"": 0.0}, ""label"": ""Sr"", ""xyz"": [1.7614567, 2.6359974420553667, 8.286994612900264]}, {""species"": [{""element"": ""Sr"", ""occu"": 1.0}], ""abc"": [0.5, 0.57371005, 0.18107676], ""properties"": {""magmom"": 0.0}, ""label"": ""Sr"", ""xyz"": [1.7614567, 3.5475812279446335, 1.8323843570997371]}, {""species"": [{""element"": ""Sr"", ""occu"": 1.0}], ""abc"": [0.5, 0.92628995, 0.6810767600000001], ""properties"": {""magmom"": 0.0}, ""label"": ""Sr"", ""xyz"": [1.7614567, 5.727786777055367, 6.892073842099737]}, {""species"": [{""element"": ""Sr"", ""occu"": 1.0}], ""abc"": [0.5, 0.07371005, 0.31892324], ""properties"": {""magmom"": 0.0}, ""label"": ""Sr"", ""xyz"": [1.7614567, 0.4557918929446335, 3.2273051279002627]}, {""species"": [{""element"": ""Pb"", ""occu"": 1.0}], ""abc"": [0.0, 0.5, 0.5], ""properties"": {""magmom"": -0.0}, ""label"": ""Pb"", ""xyz"": [0.0, 3.091789335, 5.059689485]}, {""species"": [{""element"": ""Pb"", ""occu"": 1.0}], ""abc"": [0.0, -0.0, -0.0], ""properties"": {""magmom"": -0.0}, ""label"": ""Pb"", ""xyz"": [0.0, 0.0, 0.0]}, {""species"": [{""element"": ""O"", ""occu"": 1.0}], ""abc"": [0.0, 0.13414677, 0.80695333], ""properties"": {""magmom"": -0.0}, ""label"": ""O"", ""xyz"": [0.0, 0.829507105621396, 8.16586655737347]}, {""species"": [{""element"": ""O"", ""occu"": 1.0}], ""abc"": [0.0, 0.86585323, 0.19304667], ""properties"": {""magmom"": -0.0}, ""label"": ""O"", ""xyz"": [0.0, 5.3540715643786045, 1.95351241262653]}, {""species"": [{""element"": ""O"", ""occu"": 1.0}], ""abc"": [0.0, 0.63414677, 0.69304667], ""properties"": {""magmom"": -0.0}, ""label"": ""O"", ""xyz"": [0.0, 3.9212964406213957, 7.013201897626529]}, {""species"": [{""element"": ""O"", ""occu"": 1.0}], ""abc"": [0.0, 0.36585323000000003, 0.30695333], ""properties"": {""magmom"": -0.0}, ""label"": ""O"", ""xyz"": [0.0, 2.2622822293786045, 3.10617707237347]}, {""species"": [{""element"": ""O"", ""occu"": 1.0}], ""abc"": [0.5, 0.27541925, 0.5512353], ""properties"": {""magmom"": -0.0}, ""label"": ""O"", ""xyz"": [1.7614567, 1.7030765996073975, 5.578158902341641]}, {""species"": [{""element"": ""O"", ""occu"": 1.0}], ""abc"": [0.5, 0.72458075, 0.448764699999999], ""properties"": {""magmom"": -0.0}, ""label"": ""O"", ""xyz"": [1.7614567, 4.480502070392602, 4.541220067658349]}, {""species"": [{""element"": ""O"", ""occu"": 1.0}], ""abc"": [0.5, 0.22458075, 0.0512353], ""properties"": {""magmom"": -0.0}, ""label"": ""O"", ""xyz"": [1.7614567, 1.3887127353926025, 0.518469417341641]}, {""species"": [{""element"": ""O"", ""occu"": 1.0}], ""abc"": [0.5, 0.77541925, 0.9487646999999991], ""properties"": {""magmom"": -0.0}, ""label"": ""O"", ""xyz"": [1.7614567, 4.794865934607397, 9.600909552658349]}]}",0.0,1.3966,91.606,4.536326253370638e-10
57,mp-720,TlF,"{""@module"": ""pymatgen.core.structure"", ""@class"": ""Structure"", ""charge"": 0, ""lattice"": {""matrix"": [[5.04398845, 0.0, 0.0], [-0.0, 5.56128201, 0.0], [0.0, 0.0, 6.1359838700000005]], ""pbc"": [true, true, true], ""a"": 5.04398845, ""b"": 5.56128201, ""c"": 6.1359838700000005, ""alpha"": 90.0, ""beta"": 90.0, ""gamma"": 90.0, ""volume"": 172.1207426331717}, ""properties"": {}, ""sites"": [{""species"": [{""element"": ""Tl"", ""occu"": 1.0}], ""abc"": [0.25, 0.51100819, 0.74393232], ""properties"": {""magmom"": -0.0}, ""label"": ""Tl"", ""xyz"": [1.2609971125, 2.841860654009662, 4.564756715891678]}, {""species"": [{""element"": ""Tl"", ""occu"": 1.0}], ""abc"": [0.75, 0.48899181, 0.25606768], ""properties"": {""magmom"": -0.0}, ""label"": ""Tl"", ""xyz"": [3.7829913374999995, 2.719421355990338, 1.5712271541083218]}, {""species"": [{""element"": ""Tl"", ""occu"": 1.0}], ""abc"": [0.25, 0.011008190000000001, 0.25606768], ""properties"": {""magmom"": -0.0}, ""label"": ""Tl"", ""xyz"": [1.2609971125, 0.06121964900966191, 1.5712271541083218]}, {""species"": [{""element"": ""Tl"", ""occu"": 1.0}], ""abc"": [0.75, 0.98899181, 0.74393232], ""properties"": {""magmom"": -0.0}, ""label"": ""Tl"", ""xyz"": [3.7829913374999995, 5.500062360990339, 4.564756715891678]}, {""species"": [{""element"": ""F"", ""occu"": 1.0}], ""abc"": [0.25, 0.57919857, 0.13712164], ""properties"": {""magmom"": 0.0}, ""label"": ""F"", ""xyz"": [1.2609971125, 3.221086587558726, 0.8413761712679468]}, {""species"": [{""element"": ""F"", ""occu"": 1.0}], ""abc"": [0.75, 0.42080143000000003, 0.8628783600000001], ""properties"": {""magmom"": 0.0}, ""label"": ""F"", ""xyz"": [3.7829913374999995, 2.3401954224412744, 5.294607698732054]}, {""species"": [{""element"": ""F"", ""occu"": 1.0}], ""abc"": [0.25, 0.07919857, 0.8628783600000001], ""properties"": {""magmom"": 0.0}, ""label"": ""F"", ""xyz"": [1.2609971125, 0.4404455825587257, 5.294607698732054]}, {""species"": [{""element"": ""F"", ""occu"": 1.0}], ""abc"": [0.75, 0.92080143, 0.13712164], ""properties"": {""magmom"": 0.0}, ""label"": ""F"", ""xyz"": [3.7829913374999995, 5.120836427441275, 0.8413761712679468]}]}",0.0,3.205,6.828,0.0
58,mp-2455,As2Os,"{""@module"": ""pymatgen.core.structure"", ""@class"": ""Structure"", ""charge"": 0, ""lattice"": {""matrix"": [[3.04327858, 0.0, 0.0], [0.0, 5.41927134, -0.0], [0.0, 0.0, 6.20976018]], ""pbc"": [true, true, true], ""a"": 3.04327858, ""b"": 5.41927134, ""c"": 6.20976018, ""alpha"": 90.0, ""beta"": 90.0, ""gamma"": 90.0, ""volume"": 102.41355313495791}, ""properties"": {}, ""sites"": [{""species"": [{""element"": ""As"", ""occu"": 1.0}], ""abc"": [0.5, 0.32910561, 0.86618519], ""properties"": {""magmom"": 0.0}, ""label"": ""As"", ""xyz"": [1.52163929, 1.7835126001062174, 5.378802301367735]}, {""species"": [{""element"": ""As"", ""occu"": 1.0}], ""abc"": [0.5, 0.6708943900000001, 0.13381481], ""properties"": {""magmom"": 0.0}, ""label"": ""As"", ""xyz"": [1.52163929, 3.6357587398937827, 0.8309578786322658]}, {""species"": [{""element"": ""As"", ""occu"": 1.0}], ""abc"": [-0.0, 0.17089439, 0.36618519], ""properties"": {""magmom"": 0.0}, ""label"": ""As"", ""xyz"": [0.0, 0.9261230698937826, 2.273922211367734]}, {""species"": [{""element"": ""As"", ""occu"": 1.0}], ""abc"": [0.0, 0.82910561, 0.6338148100000001], ""properties"": {""magmom"": 0.0}, ""label"": ""As"", ""xyz"": [0.0, 4.493148270106218, 3.935837968632266]}, {""species"": [{""element"": ""Os"", ""occu"": 1.0}], ""abc"": [0.5, 0.5, 0.5], ""properties"": {""magmom"": 0.0}, ""label"": ""Os"", ""xyz"": [1.52163929, 2.70963567, 3.10488009]}, {""species"": [{""element"": ""Os"", ""occu"": 1.0}], ""abc"": [-0.0, -0.0, -0.0], ""properties"": {""magmom"": 0.0}, ""label"": ""Os"", ""xyz"": [0.0, 0.0, 0.0]}]}",0.0,0.6646999999999991,166.406,0.0
58,mp-766,As2Ru,"{""@module"": ""pymatgen.core.structure"", ""@class"": ""Structure"", ""charge"": 0, ""lattice"": {""matrix"": [[3.00114582, 0.0, 0.0], [0.0, 5.43556299, 0.0], [0.0, 0.0, 6.20594752]], ""pbc"": [true, true, true], ""a"": 3.00114582, ""b"": 5.43556299, ""c"": 6.20594752, ""alpha"": 90.0, ""beta"": 90.0, ""gamma"": 90.0, ""volume"": 101.2371077110571}, ""properties"": {}, ""sites"": [{""species"": [{""element"": ""As"", ""occu"": 1.0}], ""abc"": [0.5, 0.32922482000000003, 0.86634677], ""properties"": {""magmom"": -0.0}, ""label"": ""As"", ""xyz"": [1.50057291, 1.789522246981412, 5.37650258874151]}, {""species"": [{""element"": ""As"", ""occu"": 1.0}], ""abc"": [0.5, 0.67077518, 0.13365323], ""properties"": {""magmom"": -0.0}, ""label"": ""As"", ""xyz"": [1.50057291, 3.6460407430185886, 0.8294449312584896]}, {""species"": [{""element"": ""As"", ""occu"": 1.0}], ""abc"": [0.0, 0.17077518, 0.36634677], ""properties"": {""magmom"": -0.0}, ""label"": ""As"", ""xyz"": [0.0, 0.9282592480185883, 2.2735288287415103]}, {""species"": [{""element"": ""As"", ""occu"": 1.0}], ""abc"": [-0.0, 0.82922482, 0.6336532300000001], ""properties"": {""magmom"": -0.0}, ""label"": ""As"", ""xyz"": [0.0, 4.507303741981412, 3.9324186912584898]}, {""species"": [{""element"": ""Ru"", ""occu"": 1.0}], ""abc"": [0.5, 0.5, 0.5], ""properties"": {""magmom"": 0.0}, ""label"": ""Ru"", ""xyz"": [1.50057291, 2.717781495, 3.10297376]}, {""species"": [{""element"": ""Ru"", ""occu"": 1.0}], ""abc"": [0.0, 0.0, 0.0], ""properties"": {""magmom"": 0.0}, ""label"": ""Ru"", ""xyz"": [0.0, 0.0, 0.0]}]}",0.0,0.44920000000000004,150.88,0.0
58,mp-27891,Bi2SO2,"{""@module"": ""pymatgen.core.structure"", ""@class"": ""Structure"", ""charge"": 0, ""lattice"": {""matrix"": [[3.84260289, 0.0, 0.0], [0.0, 3.87729595, 0.0], [0.0, -0.0, 11.96368844]], ""pbc"": [true, true, true], ""a"": 3.84260289, ""b"": 3.87729595, ""c"": 11.96368844, ""alpha"": 90.0, ""beta"": 90.0, ""gamma"": 90.0, ""volume"": 178.24590085987023}, ""properties"": {}, ""sites"": [{""species"": [{""element"": ""Bi"", ""occu"": 1.0}], ""abc"": [0.5, 0.419337399999999, 0.85612083], ""properties"": {""magmom"": -0.0}, ""label"": ""Bi"", ""xyz"": [1.921301445, 1.6258952027035263, 10.242362877114207]}, {""species"": [{""element"": ""Bi"", ""occu"": 1.0}], ""abc"": [0.5, 0.5806626, 0.14387917], ""properties"": {""magmom"": -0.0}, ""label"": ""Bi"", ""xyz"": [1.921301445, 2.2514007472964703, 1.7213255628857949]}, {""species"": [{""element"": ""Bi"", ""occu"": 1.0}], ""abc"": [0.0, 0.9193374, 0.6438791700000001], ""properties"": {""magmom"": -0.0}, ""label"": ""Bi"", ""xyz"": [0.0, 3.56454317770353, 7.703169782885795]}, {""species"": [{""element"": ""Bi"", ""occu"": 1.0}], ""abc"": [0.0, 0.0806626, 0.35612083], ""properties"": {""magmom"": -0.0}, ""label"": ""Bi"", ""xyz"": [0.0, 0.31275277229647, 4.260518657114205]}, {""species"": [{""element"": ""S"", ""occu"": 1.0}], ""abc"": [-0.0, -0.0, 0.0], ""properties"": {""magmom"": -0.0}, ""label"": ""S"", ""xyz"": [0.0, 0.0, 0.0]}, {""species"": [{""element"": ""S"", ""occu"": 1.0}], ""abc"": [0.5, 0.5, 0.5], ""properties"": {""magmom"": -0.0}, ""label"": ""S"", ""xyz"": [1.921301445, 1.938647975, 5.98184422]}, {""species"": [{""element"": ""O"", ""occu"": 1.0}], ""abc"": [0.0, 0.44099725, 0.74910853], ""properties"": {""magmom"": 0.0}, ""label"": ""O"", ""xyz"": [0.0, 1.7098768513861375, 8.962101060666393]}, {""species"": [{""element"": ""O"", ""occu"": 1.0}], ""abc"": [0.0, 0.55900275, 0.25089147], ""properties"": {""magmom"": 0.0}, ""label"": ""O"", ""xyz"": [0.0, 2.1674190986138626, 3.001587379333607]}, {""species"": [{""element"": ""O"", ""occu"": 1.0}], ""abc"": [0.5, 0.94099725, 0.75089147], ""properties"": {""magmom"": 0.0}, ""label"": ""O"", ""xyz"": [1.921301445, 3.648524826386138, 8.983431599333606]}, {""species"": [{""element"": ""O"", ""occu"": 1.0}], ""abc"": [0.5, 0.05900275, 0.24910853], ""properties"": {""magmom"": 0.0}, ""label"": ""O"", ""xyz"": [1.921301445, 0.2287711236138625, 2.980256840666393]}]}",0.0,0.8266,43.238,0.0
59,mp-27863,AlClO,"{""@module"": ""pymatgen.core.structure"", ""@class"": ""Structure"", ""charge"": 0, ""lattice"": {""matrix"": [[3.61902334, -0.0, 0.0], [0.0, 3.14144015, 0.0], [0.0, 0.0, 7.9259866]], ""pbc"": [true, true, true], ""a"": 3.61902334, ""b"": 3.14144015, ""c"": 7.9259866, ""alpha"": 90.0, ""beta"": 90.0, ""gamma"": 90.0, ""volume"": 90.11010750205814}, ""properties"": {}, ""sites"": [{""species"": [{""element"": ""Al"", ""occu"": 1.0}], ""abc"": [0.75, 0.25, 0.89637342], ""properties"": {""magmom"": 0.0}, ""label"": ""Al"", ""xyz"": [2.714267505, 0.7853600375, 7.104643715516172]}, {""species"": [{""element"": ""Al"", ""occu"": 1.0}], ""abc"": [0.25, 0.75, 0.10362658], ""properties"": {""magmom"": 0.0}, ""label"": ""Al"", ""xyz"": [0.904755835, 2.3560801125, 0.821342884483828]}, {""species"": [{""element"": ""Cl"", ""occu"": 1.0}], ""abc"": [0.75, 0.75, 0.68555088], ""properties"": {""magmom"": -0.0}, ""label"": ""Cl"", ""xyz"": [2.714267505, 2.3560801125, 5.433667088498208]}, {""species"": [{""element"": ""Cl"", ""occu"": 1.0}], ""abc"": [0.25, 0.25, 0.31444912], ""properties"": {""magmom"": -0.0}, ""label"": ""Cl"", ""xyz"": [0.904755835, 0.7853600375, 2.492319511501792]}, {""species"": [{""element"": ""O"", ""occu"": 1.0}], ""abc"": [0.25, 0.25, 0.95138875], ""properties"": {""magmom"": -0.0}, ""label"": ""O"", ""xyz"": [0.904755835, 0.7853600375, 7.54069448389075]}, {""species"": [{""element"": ""O"", ""occu"": 1.0}], ""abc"": [0.75, 0.75, 0.04861125], ""properties"": {""magmom"": -0.0}, ""label"": ""O"", ""xyz"": [2.714267505, 2.3560801125, 0.38529211610925]}]}",0.0,5.593999999999999,32.289,0.0
59,mp-568346,HfBrN,"{""@module"": ""pymatgen.core.structure"", ""@class"": ""Structure"", ""charge"": 0, ""lattice"": {""matrix"": [[3.55823524, 0.0, 0.0], [0.0, 4.10403067, 0.0], [0.0, 0.0, 8.90516558]], ""pbc"": [true, true, true], ""a"": 3.55823524, ""b"": 4.10403067, ""c"": 8.90516558, ""alpha"": 90.0, ""beta"": 90.0, ""gamma"": 90.0, ""volume"": 130.04308186387354}, ""properties"": {}, ""sites"": [{""species"": [{""element"": ""Hf"", ""occu"": 1.0}], ""abc"": [0.75, 0.25, 0.09608702], ""properties"": {""magmom"": 0.0}, ""label"": ""Hf"", ""xyz"": [2.66867643, 1.0260076675, 0.8556708231887716]}, {""species"": [{""element"": ""Hf"", ""occu"": 1.0}], ""abc"": [0.25, 0.75, 0.90391298], ""properties"": {""magmom"": 0.0}, ""label"": ""Hf"", ""xyz"": [0.88955881, 3.0780230025, 8.049494756811228]}, {""species"": [{""element"": ""Br"", ""occu"": 1.0}], ""abc"": [0.75, 0.75, 0.67111341], ""properties"": {""magmom"": -0.0}, ""label"": ""Br"", ""xyz"": [2.66867643, 3.0780230025, 5.976376039008428]}, {""species"": [{""element"": ""Br"", ""occu"": 1.0}], ""abc"": [0.25, 0.25, 0.32888659000000003], ""properties"": {""magmom"": -0.0}, ""label"": ""Br"", ""xyz"": [0.88955881, 1.0260076675, 2.9287895409915725]}, {""species"": [{""element"": ""N"", ""occu"": 1.0}], ""abc"": [0.75, 0.75, 0.034048], ""properties"": {""magmom"": 0.0}, ""label"": ""N"", ""xyz"": [2.66867643, 3.0780230025, 0.30320307766784005]}, {""species"": [{""element"": ""N"", ""occu"": 1.0}], ""abc"": [0.25, 0.25, 0.965951999999999], ""properties"": {""magmom"": 0.0}, ""label"": ""N"", ""xyz"": [0.88955881, 1.0260076675, 8.601962502332151]}]}",0.0,2.1298,25.147,0.0
59,mp-3838,Li5ReN4,"{""@module"": ""pymatgen.core.structure"", ""@class"": ""Structure"", ""charge"": 0, ""lattice"": {""matrix"": [[4.86811796, 0.0, 0.0], [0.0, 6.6026249, 0.0], [0.0, 0.0, 6.67871045]], ""pbc"": [true, true, true], ""a"": 4.86811796, ""b"": 6.6026249, ""c"": 6.67871045, ""alpha"": 90.0, ""beta"": 90.0, ""gamma"": 90.0, ""volume"": 214.6694946407185}, ""properties"": {}, ""sites"": [{""species"": [{""element"": ""Li"", ""occu"": 1.0}], ""abc"": [0.30390519, 0.0, 0.0], ""properties"": {""magmom"": 0.0}, ""label"": ""Li"", ""xyz"": [1.4794463135762124, 0.0, 0.0]}, {""species"": [{""element"": ""Li"", ""occu"": 1.0}], ""abc"": [0.6960948100000001, 0.5, 0.5], ""properties"": {""magmom"": 0.0}, ""label"": ""Li"", ""xyz"": [3.388671646423788, 3.30131245, 3.339355225]}, {""species"": [{""element"": ""Li"", ""occu"": 1.0}], ""abc"": [0.24403392000000002, 0.76361911, 0.29989944], ""properties"": {""magmom"": 0.0}, ""label"": ""Li"", ""xyz"": [1.1879859088012032, 5.041890549801839, 2.002941523877148]}, {""species"": [{""element"": ""Li"", ""occu"": 1.0}], ""abc"": [0.24403392000000002, 0.23638089, 0.70010056], ""properties"": {""magmom"": 0.0}, ""label"": ""Li"", ""xyz"": [1.1879859088012032, 1.5607343501981612, 4.675768926122852]}, {""species"": [{""element"": ""Li"", ""occu"": 1.0}], ""abc"": [0.75596608, 0.26361911, 0.20010056], ""properties"": {""magmom"": 0.0}, ""label"": ""Li"", ""xyz"": [3.6801320511987967, 1.740578099801839, 1.336413701122852]}, {""species"": [{""element"": ""Li"", ""occu"": 1.0}], ""abc"": [0.75596608, 0.7363808900000001, 0.79989944], ""properties"": {""magmom"": 0.0}, ""label"": ""Li"", ""xyz"": [3.6801320511987967, 4.862046800198161, 5.342296748877148]}, {""species"": [{""element"": ""Li"", ""occu"": 1.0}], ""abc"": [0.75596608, 0.7363808900000001, 0.20010056], ""properties"": {""magmom"": 0.0}, ""label"": ""Li"", ""xyz"": [3.6801320511987967, 4.862046800198161, 1.336413701122852]}, {""species"": [{""element"": ""Li"", ""occu"": 1.0}], ""abc"": [0.75596608, 0.26361911, 0.79989944], ""properties"": {""magmom"": 0.0}, ""label"": ""Li"", ""xyz"": [3.6801320511987967, 1.740578099801839, 5.342296748877148]}, {""species"": [{""element"": ""Li"", ""occu"": 1.0}], ""abc"": [0.24403392000000002, 0.76361911, 0.70010056], ""properties"": {""magmom"": 0.0}, ""label"": ""Li"", ""xyz"": [1.1879859088012032, 5.041890549801839, 4.675768926122852]}, {""species"": [{""element"": ""Li"", ""occu"": 1.0}], ""abc"": [0.24403392000000002, 0.23638089, 0.29989944], ""properties"": {""magmom"": 0.0}, ""label"": ""Li"", ""xyz"": [1.1879859088012032, 1.5607343501981612, 2.002941523877148]}, {""species"": [{""element"": ""Re"", ""occu"": 1.0}], ""abc"": [0.27768515, 0.5, 0.0], ""properties"": {""magmom"": -0.0}, ""label"": ""Re"", ""xyz"": [1.3518040659402941, 3.30131245, 0.0]}, {""species"": [{""element"": ""Re"", ""occu"": 1.0}], ""abc"": [0.7223148500000001, 0.0, 0.5], ""properties"": {""magmom"": -0.0}, ""label"": ""Re"", ""xyz"": [3.5163138940597065, 0.0, 3.339355225]}, {""species"": [{""element"": ""N"", ""occu"": 1.0}], ""abc"": [0.07259953, 0.73116071, 0.0], ""properties"": {""magmom"": -0.0}, ""label"": ""N"", ""xyz"": [0.35342307588055877, 4.82757990974768, 0.0]}, {""species"": [{""element"": ""N"", ""occu"": 1.0}], ""abc"": [0.51790404, 0.0, 0.72962189], ""properties"": {""magmom"": -0.0}, ""label"": ""N"", ""xyz"": [2.5212179586805585, 0.0, 4.87293334129175]}, {""species"": [{""element"": ""N"", ""occu"": 1.0}], ""abc"": [0.48209596, 0.5, 0.22962189], ""properties"": {""magmom"": -0.0}, ""label"": ""N"", ""xyz"": [2.3469000013194417, 3.30131245, 1.5335781162917503]}, {""species"": [{""element"": ""N"", ""occu"": 1.0}], ""abc"": [0.48209596, 0.5, 0.77037811], ""properties"": {""magmom"": -0.0}, ""label"": ""N"", ""xyz"": [2.3469000013194417, 3.30131245, 5.145132333708249]}, {""species"": [{""element"": ""N"", ""occu"": 1.0}], ""abc"": [0.07259953, 0.26883929, 0.0], ""properties"": {""magmom"": -0.0}, ""label"": ""N"", ""xyz"": [0.35342307588055877, 1.775044990252321, 0.0]}, {""species"": [{""element"": ""N"", ""occu"": 1.0}], ""abc"": [0.92740047, 0.23116071, 0.5], ""properties"": {""magmom"": -0.0}, ""label"": ""N"", ""xyz"": [4.514694884119441, 1.526267459747679, 3.339355225]}, {""species"": [{""element"": ""N"", ""occu"": 1.0}], ""abc"": [0.92740047, 0.7688392900000001, 0.5], ""properties"": {""magmom"": -0.0}, ""label"": ""N"", ""xyz"": [4.514694884119441, 5.0763574402523215, 3.339355225]}, {""species"": [{""element"": ""N"", ""occu"": 1.0}], ""abc"": [0.51790404, 0.0, 0.27037811], ""properties"": {""magmom"": -0.0}, ""label"": ""N"", ""xyz"": [2.5212179586805585, 0.0, 1.8057771087082495]}]}",0.0,2.8473,71.86,0.0
60,mp-28364,Rb2CdO2,"{""@module"": ""pymatgen.core.structure"", ""@class"": ""Structure"", ""charge"": 0, ""lattice"": {""matrix"": [[6.29971944, -0.0, 0.0], [-0.0, 6.3905446900000005, 0.0], [0.0, 0.0, 10.5763665]], ""pbc"": [true, true, true], ""a"": 6.29971944, ""b"": 6.3905446900000005, ""c"": 10.5763665, ""alpha"": 90.0, ""beta"": 90.0, ""gamma"": 90.0, ""volume"": 425.79011679156076}, ""properties"": {}, ""sites"": [{""species"": [{""element"": ""Rb"", ""occu"": 1.0}], ""abc"": [0.39751843000000003, 0.10867858, 0.65576498], ""properties"": {""magmom"": -0.0}, ""label"": ""Rb"", ""xyz"": [2.5042545812292794, 0.6945153223357402, 6.935610766345171]}, {""species"": [{""element"": ""Rb"", ""occu"": 1.0}], ""abc"": [0.60248157, 0.39132142000000003, 0.15576498], ""properties"": {""magmom"": -0.0}, ""label"": ""Rb"", ""xyz"": [3.7954648587707207, 2.5007570226642604, 1.6474275163451702]}, {""species"": [{""element"": ""Rb"", ""occu"": 1.0}], ""abc"": [0.89751843, 0.89132142, 0.65576498], ""properties"": {""magmom"": -0.0}, ""label"": ""Rb"", ""xyz"": [5.654114301229279, 5.69602936766426, 6.935610766345171]}, {""species"": [{""element"": ""Rb"", ""occu"": 1.0}], ""abc"": [0.10248157000000001, 0.60867858, 0.15576498], ""properties"": {""magmom"": -0.0}, ""label"": ""Rb"", ""xyz"": [0.6456051387707208, 3.88978766733574, 1.6474275163451702]}, {""species"": [{""element"": ""Rb"", ""occu"": 1.0}], ""abc"": [0.60248157, 0.89132142, 0.34423502], ""properties"": {""magmom"": -0.0}, ""label"": ""Rb"", ""xyz"": [3.7954648587707207, 5.69602936766426, 3.64075573365483]}, {""species"": [{""element"": ""Rb"", ""occu"": 1.0}], ""abc"": [0.39751843000000003, 0.60867858, 0.8442350200000001], ""properties"": {""magmom"": -0.0}, ""label"": ""Rb"", ""xyz"": [2.5042545812292794, 3.88978766733574, 8.928938983654831]}, {""species"": [{""element"": ""Rb"", ""occu"": 1.0}], ""abc"": [0.89751843, 0.39132142000000003, 0.8442350200000001], ""properties"": {""magmom"": -0.0}, ""label"": ""Rb"", ""xyz"": [5.654114301229279, 2.5007570226642604, 8.928938983654831]}, {""species"": [{""element"": ""Rb"", ""occu"": 1.0}], ""abc"": [0.10248157000000001, 0.10867858, 0.34423502], ""properties"": {""magmom"": -0.0}, ""label"": ""Rb"", ""xyz"": [0.6456051387707208, 0.6945153223357402, 3.64075573365483]}, {""species"": [{""element"": ""Cd"", ""occu"": 1.0}], ""abc"": [0.75, 0.46388086, 0.5], ""properties"": {""magmom"": -0.0}, ""label"": ""Cd"", ""xyz"": [4.7247895799999995, 2.964451366665634, 5.28818325]}, {""species"": [{""element"": ""Cd"", ""occu"": 1.0}], ""abc"": [0.25, 0.53611914, 0.5], ""properties"": {""magmom"": -0.0}, ""label"": ""Cd"", ""xyz"": [1.57492986, 3.426093323334367, 5.28818325]}, {""species"": [{""element"": ""Cd"", ""occu"": 1.0}], ""abc"": [0.75, 0.9638808600000001, 0.0], ""properties"": {""magmom"": -0.0}, ""label"": ""Cd"", ""xyz"": [4.7247895799999995, 6.1597237116656345, 0.0]}, {""species"": [{""element"": ""Cd"", ""occu"": 1.0}], ""abc"": [0.25, 0.03611914, 0.0], ""properties"": {""magmom"": -0.0}, ""label"": ""Cd"", ""xyz"": [1.57492986, 0.23082097833436663, 0.0]}, {""species"": [{""element"": ""O"", ""occu"": 1.0}], ""abc"": [0.51764291, 0.18996195, 0.90402352], ""properties"": {""magmom"": 0.0}, ""label"": ""O"", ""xyz"": [3.26100510310517, 1.2139603308745455, 9.561284072140081]}, {""species"": [{""element"": ""O"", ""occu"": 1.0}], ""abc"": [0.01764291, 0.8100380500000001, 0.90402352], ""properties"": {""magmom"": 0.0}, ""label"": ""O"", ""xyz"": [0.1111453831051704, 5.176584359125456, 9.561284072140081]}, {""species"": [{""element"": ""O"", ""occu"": 1.0}], ""abc"": [0.51764291, 0.68996195, 0.59597648], ""properties"": {""magmom"": 0.0}, ""label"": ""O"", ""xyz"": [3.26100510310517, 4.409232675874546, 6.303265677859921]}, {""species"": [{""element"": ""O"", ""occu"": 1.0}], ""abc"": [0.48235709, 0.31003805, 0.40402352], ""properties"": {""magmom"": 0.0}, ""label"": ""O"", ""xyz"": [3.0387143368948295, 1.9813120141254548, 4.273100822140081]}, {""species"": [{""element"": ""O"", ""occu"": 1.0}], ""abc"": [0.48235709, 0.8100380500000001, 0.09597648], ""properties"": {""magmom"": 0.0}, ""label"": ""O"", ""xyz"": [3.0387143368948295, 5.176584359125456, 1.0150824278599202]}, {""species"": [{""element"": ""O"", ""occu"": 1.0}], ""abc"": [0.98235709, 0.18996195, 0.09597648], ""properties"": {""magmom"": 0.0}, ""label"": ""O"", ""xyz"": [6.188574056894829, 1.2139603308745455, 1.0150824278599202]}, {""species"": [{""element"": ""O"", ""occu"": 1.0}], ""abc"": [0.01764291, 0.31003805, 0.59597648], ""properties"": {""magmom"": 0.0}, ""label"": ""O"", ""xyz"": [0.1111453831051704, 1.9813120141254548, 6.303265677859921]}, {""species"": [{""element"": ""O"", ""occu"": 1.0}], ""abc"": [0.98235709, 0.68996195, 0.40402352], ""properties"": {""magmom"": 0.0}, ""label"": ""O"", ""xyz"": [6.188574056894829, 4.409232675874546, 4.273100822140081]}]}",0.0,1.3109,36.278,0.0
61,mp-1321,CdSb,"{""@module"": ""pymatgen.core.structure"", ""@class"": ""Structure"", ""charge"": 0, ""lattice"": {""matrix"": [[8.33310615, 0.0, -0.0], [0.0, 8.64824985, 0.0], [0.0, 0.0, 6.54114516]], ""pbc"": [true, true, true], ""a"": 8.33310615, ""b"": 8.64824985, ""c"": 6.54114516, ""alpha"": 90.0, ""beta"": 90.0, ""gamma"": 90.0, ""volume"": 471.39929543536505}, ""properties"": {}, ""sites"": [{""species"": [{""element"": ""Cd"", ""occu"": 1.0}], ""abc"": [0.38069125, 0.13458219, 0.95252694], ""properties"": {""magmom"": -0.0}, ""label"": ""Cd"", ""xyz"": [3.1723405966261877, 1.1639004044801713, 6.230616983350611]}, {""species"": [{""element"": ""Cd"", ""occu"": 1.0}], ""abc"": [0.88069125, 0.36541781, 0.047473060000000004], ""properties"": {""magmom"": -0.0}, ""label"": ""Cd"", ""xyz"": [7.338893671626188, 3.160224520519828, 0.31052817664938964]}, {""species"": [{""element"": ""Cd"", ""occu"": 1.0}], ""abc"": [0.61930875, 0.63458219, 0.5474730600000001], ""properties"": {""magmom"": -0.0}, ""label"": ""Cd"", ""xyz"": [5.160765553373813, 5.4880253294801715, 3.58110075664939]}, {""species"": [{""element"": ""Cd"", ""occu"": 1.0}], ""abc"": [0.11930875, 0.8654178100000001, 0.45252694], ""properties"": {""magmom"": -0.0}, ""label"": ""Cd"", ""xyz"": [0.9942124783738127, 7.484349445519828, 2.9600444033506106]}, {""species"": [{""element"": ""Cd"", ""occu"": 1.0}], ""abc"": [0.61930875, 0.8654178100000001, 0.047473060000000004], ""properties"": {""magmom"": -0.0}, ""label"": ""Cd"", ""xyz"": [5.160765553373813, 7.484349445519828, 0.31052817664938964]}, {""species"": [{""element"": ""Cd"", ""occu"": 1.0}], ""abc"": [0.11930875, 0.63458219, 0.95252694], ""properties"": {""magmom"": -0.0}, ""label"": ""Cd"", ""xyz"": [0.9942124783738127, 5.4880253294801715, 6.230616983350611]}, {""species"": [{""element"": ""Cd"", ""occu"": 1.0}], ""abc"": [0.38069125, 0.36541781, 0.45252694], ""properties"": {""magmom"": -0.0}, ""label"": ""Cd"", ""xyz"": [3.1723405966261877, 3.160224520519828, 2.9600444033506106]}, {""species"": [{""element"": ""Cd"", ""occu"": 1.0}], ""abc"": [0.88069125, 0.13458219, 0.5474730600000001], ""properties"": {""magmom"": -0.0}, ""label"": ""Cd"", ""xyz"": [7.338893671626188, 1.1639004044801713, 3.58110075664939]}, {""species"": [{""element"": ""Sb"", ""occu"": 1.0}], ""abc"": [0.07515966, 0.10230026, 0.13868721], ""properties"": {""magmom"": 0.0}, ""label"": ""Sb"", ""xyz"": [0.6263134249779091, 0.8847182081999609, 0.9071731724454036]}, {""species"": [{""element"": ""Sb"", ""occu"": 1.0}], ""abc"": [0.57515966, 0.39769974, 0.86131279], ""properties"": {""magmom"": 0.0}, ""label"": ""Sb"", ""xyz"": [4.792866499977909, 3.439406716800039, 5.633971987554597]}, {""species"": [{""element"": ""Sb"", ""occu"": 1.0}], ""abc"": [0.92484034, 0.60230026, 0.36131279], ""properties"": {""magmom"": 0.0}, ""label"": ""Sb"", ""xyz"": [7.706792725022092, 5.208843133199961, 2.3633994075545965]}, {""species"": [{""element"": ""Sb"", ""occu"": 1.0}], ""abc"": [0.42484034, 0.89769974, 0.6386872100000001], ""properties"": {""magmom"": 0.0}, ""label"": ""Sb"", ""xyz"": [3.5402396500220914, 7.7635316418000375, 4.1777457524454045]}, {""species"": [{""element"": ""Sb"", ""occu"": 1.0}], ""abc"": [0.92484034, 0.89769974, 0.86131279], ""properties"": {""magmom"": 0.0}, ""label"": ""Sb"", ""xyz"": [7.706792725022092, 7.7635316418000375, 5.633971987554597]}, {""species"": [{""element"": ""Sb"", ""occu"": 1.0}], ""abc"": [0.42484034, 0.60230026, 0.13868721], ""properties"": {""magmom"": 0.0}, ""label"": ""Sb"", ""xyz"": [3.5402396500220914, 5.208843133199961, 0.9071731724454036]}, {""species"": [{""element"": ""Sb"", ""occu"": 1.0}], ""abc"": [0.07515966, 0.39769974, 0.6386872100000001], ""properties"": {""magmom"": 0.0}, ""label"": ""Sb"", ""xyz"": [0.6263134249779091, 3.439406716800039, 4.1777457524454045]}, {""species"": [{""element"": ""Sb"", ""occu"": 1.0}], ""abc"": [0.57515966, 0.10230026, 0.36131279], ""properties"": {""magmom"": 0.0}, ""label"": ""Sb"", ""xyz"": [4.792866499977909, 0.8847182081999609, 2.3633994075545965]}]}",0.0,0.020099999999999,39.053,0.0
61,mp-13682,PdS2,"{""@module"": ""pymatgen.core.structure"", ""@class"": ""Structure"", ""charge"": 0, ""lattice"": {""matrix"": [[5.48297086, -0.0, 0.0], [-0.0, 5.56536307, 0.0], [0.0, 0.0, 7.88021863]], ""pbc"": [true, true, true], ""a"": 5.48297086, ""b"": 5.56536307, ""c"": 7.88021863, ""alpha"": 90.0, ""beta"": 90.0, ""gamma"": 90.0, ""volume"": 240.46269291447265}, ""properties"": {}, ""sites"": [{""species"": [{""element"": ""Pd"", ""occu"": 1.0}], ""abc"": [0.5, 0.0, 0.5], ""properties"": {""magmom"": 0.0}, ""label"": ""Pd"", ""xyz"": [2.74148543, 0.0, 3.940109315]}, {""species"": [{""element"": ""Pd"", ""occu"": 1.0}], ""abc"": [-0.0, 0.5, 0.5], ""properties"": {""magmom"": 0.0}, ""label"": ""Pd"", ""xyz"": [0.0, 2.782681535, 3.940109315]}, {""species"": [{""element"": ""Pd"", ""occu"": 1.0}], ""abc"": [0.5, 0.5, -0.0], ""properties"": {""magmom"": 0.0}, ""label"": ""Pd"", ""xyz"": [2.74148543, 2.782681535, 0.0]}, {""species"": [{""element"": ""Pd"", ""occu"": 1.0}], ""abc"": [-0.0, 0.0, -0.0], ""properties"": {""magmom"": 0.0}, ""label"": ""Pd"", ""xyz"": [0.0, 0.0, 0.0]}, {""species"": [{""element"": ""S"", ""occu"": 1.0}], ""abc"": [0.60477143, 0.11041335000000001, 0.078295999999999], ""properties"": {""magmom"": -0.0}, ""label"": ""S"", ""xyz"": [3.3159441276505297, 0.6144903805249845, 0.6169895978544722]}, {""species"": [{""element"": ""S"", ""occu"": 1.0}], ""abc"": [0.10477143, 0.38958665000000003, 0.921704], ""properties"": {""magmom"": -0.0}, ""label"": ""S"", ""xyz"": [0.5744586976505298, 2.1681911544750156, 7.26322903214552]}, {""species"": [{""element"": ""S"", ""occu"": 1.0}], ""abc"": [0.39522857, 0.61041335, 0.421703999999999], ""properties"": {""magmom"": -0.0}, ""label"": ""S"", ""xyz"": [2.1670267323494703, 3.3971719155249844, 3.3231197171455125]}, {""species"": [{""element"": ""S"", ""occu"": 1.0}], ""abc"": [0.89522857, 0.88958665, 0.578295999999999], ""properties"": {""magmom"": -0.0}, ""label"": ""S"", ""xyz"": [4.90851216234947, 4.950872689475016, 4.557098912854472]}, {""species"": [{""element"": ""S"", ""occu"": 1.0}], ""abc"": [0.10477143, 0.11041335000000001, 0.421703999999999], ""properties"": {""magmom"": -0.0}, ""label"": ""S"", ""xyz"": [0.5744586976505298, 0.6144903805249845, 3.3231197171455125]}, {""species"": [{""element"": ""S"", ""occu"": 1.0}], ""abc"": [0.60477143, 0.38958665000000003, 0.578295999999999], ""properties"": {""magmom"": -0.0}, ""label"": ""S"", ""xyz"": [3.3159441276505297, 2.1681911544750156, 4.557098912854472]}, {""species"": [{""element"": ""S"", ""occu"": 1.0}], ""abc"": [0.89522857, 0.61041335, 0.078295999999999], ""properties"": {""magmom"": -0.0}, ""label"": ""S"", ""xyz"": [4.90851216234947, 3.3971719155249844, 0.6169895978544722]}, {""species"": [{""element"": ""S"", ""occu"": 1.0}], ""abc"": [0.39522857, 0.88958665, 0.921704], ""properties"": {""magmom"": -0.0}, ""label"": ""S"", ""xyz"": [2.1670267323494703, 4.950872689475016, 7.26322903214552]}]}",0.0,0.42099999999999904,21.582,0.0
61,mp-753,ZnSb,"{""@module"": ""pymatgen.core.structure"", ""@class"": ""Structure"", ""charge"": 0, ""lattice"": {""matrix"": [[6.22274292, -0.0, 0.0], [-0.0, 7.73399725, 0.0], [0.0, 0.0, 8.14016788]], ""pbc"": [true, true, true], ""a"": 6.22274292, ""b"": 7.73399725, ""c"": 8.14016788, ""alpha"": 90.0, ""beta"": 90.0, ""gamma"": 90.0, ""volume"": 391.75922728067167}, ""properties"": {}, ""sites"": [{""species"": [{""element"": ""Zn"", ""occu"": 1.0}], ""abc"": [0.46076497, 0.10378246, 0.87345371], ""properties"": {""magmom"": -0.0}, ""label"": ""Zn"", ""xyz"": [2.8672219548515123, 0.802653260238235, 7.110059834808835]}, {""species"": [{""element"": ""Zn"", ""occu"": 1.0}], ""abc"": [0.96076497, 0.39621754000000003, 0.12654629], ""properties"": {""magmom"": -0.0}, ""label"": ""Zn"", ""xyz"": [5.978593414851512, 3.064345364761765, 1.0301080451911653]}, {""species"": [{""element"": ""Zn"", ""occu"": 1.0}], ""abc"": [0.5392350300000001, 0.60378246, 0.6265462900000001], ""properties"": {""magmom"": -0.0}, ""label"": ""Zn"", ""xyz"": [3.355520965148488, 4.669651885238235, 5.100191985191166]}, {""species"": [{""element"": ""Zn"", ""occu"": 1.0}], ""abc"": [0.039235030000000004, 0.89621754, 0.37345371], ""properties"": {""magmom"": -0.0}, ""label"": ""Zn"", ""xyz"": [0.24414950514848763, 6.931343989761765, 3.0399758948088347]}, {""species"": [{""element"": ""Zn"", ""occu"": 1.0}], ""abc"": [0.5392350300000001, 0.89621754, 0.12654629], ""properties"": {""magmom"": -0.0}, ""label"": ""Zn"", ""xyz"": [3.355520965148488, 6.931343989761765, 1.0301080451911653]}, {""species"": [{""element"": ""Zn"", ""occu"": 1.0}], ""abc"": [0.039235030000000004, 0.60378246, 0.87345371], ""properties"": {""magmom"": -0.0}, ""label"": ""Zn"", ""xyz"": [0.24414950514848763, 4.669651885238235, 7.110059834808835]}, {""species"": [{""element"": ""Zn"", ""occu"": 1.0}], ""abc"": [0.46076497, 0.39621754000000003, 0.37345371], ""properties"": {""magmom"": -0.0}, ""label"": ""Zn"", ""xyz"": [2.8672219548515123, 3.064345364761765, 3.0399758948088347]}, {""species"": [{""element"": ""Zn"", ""occu"": 1.0}], ""abc"": [0.96076497, 0.10378246, 0.6265462900000001], ""properties"": {""magmom"": -0.0}, ""label"": ""Zn"", ""xyz"": [5.978593414851512, 0.802653260238235, 5.100191985191166]}, {""species"": [{""element"": ""Sb"", ""occu"": 1.0}], ""abc"": [0.14089299, 0.08405623, 0.10877972], ""properties"": {""magmom"": 0.0}, ""label"": ""Sb"", ""xyz"": [0.8767408560001307, 0.6500906516653675, 0.8854851827393936]}, {""species"": [{""element"": ""Sb"", ""occu"": 1.0}], ""abc"": [0.64089299, 0.41594377, 0.89122028], ""properties"": {""magmom"": 0.0}, ""label"": ""Sb"", ""xyz"": [3.9881123160001306, 3.2169079733346324, 7.254682697260606]}, {""species"": [{""element"": ""Sb"", ""occu"": 1.0}], ""abc"": [0.85910701, 0.5840562300000001, 0.39122028000000003], ""properties"": {""magmom"": 0.0}, ""label"": ""Sb"", ""xyz"": [5.346002063999869, 4.517089276665368, 3.1845987572606065]}, {""species"": [{""element"": ""Sb"", ""occu"": 1.0}], ""abc"": [0.35910701, 0.91594377, 0.60877972], ""properties"": {""magmom"": 0.0}, ""label"": ""Sb"", ""xyz"": [2.2346306039998693, 7.083906598334632, 4.955569122739393]}, {""species"": [{""element"": ""Sb"", ""occu"": 1.0}], ""abc"": [0.85910701, 0.91594377, 0.89122028], ""properties"": {""magmom"": 0.0}, ""label"": ""Sb"", ""xyz"": [5.346002063999869, 7.083906598334632, 7.254682697260606]}, {""species"": [{""element"": ""Sb"", ""occu"": 1.0}], ""abc"": [0.35910701, 0.5840562300000001, 0.10877972], ""properties"": {""magmom"": 0.0}, ""label"": ""Sb"", ""xyz"": [2.2346306039998693, 4.517089276665368, 0.8854851827393936]}, {""species"": [{""element"": ""Sb"", ""occu"": 1.0}], ""abc"": [0.14089299, 0.41594377, 0.60877972], ""properties"": {""magmom"": 0.0}, ""label"": ""Sb"", ""xyz"": [0.8767408560001307, 3.2169079733346324, 4.955569122739393]}, {""species"": [{""element"": ""Sb"", ""occu"": 1.0}], ""abc"": [0.64089299, 0.08405623, 0.39122028000000003], ""properties"": {""magmom"": 0.0}, ""label"": ""Sb"", ""xyz"": [3.9881123160001306, 0.6500906516653675, 3.1845987572606065]}]}",0.0,0.028200000000000003,47.732,0.0
62,mp-625152,AlHO2,"{""@module"": ""pymatgen.core.structure"", ""@class"": ""Structure"", ""charge"": 0, ""lattice"": {""matrix"": [[4.38599785, 0.0, 0.0], [0.0, 9.38706985, 0.0], [-0.0, 0.0, 2.83801792]], ""pbc"": [true, true, true], ""a"": 4.38599785, ""b"": 9.38706985, ""c"": 2.83801792, ""alpha"": 90.0, ""beta"": 90.0, ""gamma"": 90.0, ""volume"": 116.84593209084947}, ""properties"": {}, ""sites"": [{""species"": [{""element"": ""Al"", ""occu"": 1.0}], ""abc"": [0.45058442, 0.35663112, 0.25], ""properties"": {""magmom"": 0.0}, ""label"": ""Al"", ""xyz"": [1.976262297363497, 3.347721234123732, 0.70950448]}, {""species"": [{""element"": ""Al"", ""occu"": 1.0}], ""abc"": [0.04941558, 0.85663112, 0.25], ""properties"": {""magmom"": 0.0}, ""label"": ""Al"", ""xyz"": [0.216736627636503, 8.041256159123732, 0.70950448]}, {""species"": [{""element"": ""Al"", ""occu"": 1.0}], ""abc"": [0.54941558, 0.64336888, 0.75], ""properties"": {""magmom"": 0.0}, ""label"": ""Al"", ""xyz"": [2.409735552636503, 6.039348615876268, 2.12851344]}, {""species"": [{""element"": ""Al"", ""occu"": 1.0}], ""abc"": [0.95058442, 0.14336888, 0.75], ""properties"": {""magmom"": 0.0}, ""label"": ""Al"", ""xyz"": [4.169261222363497, 1.345813690876268, 2.12851344]}, {""species"": [{""element"": ""H"", ""occu"": 1.0}], ""abc"": [0.08937638, 0.59086319, 0.25], ""properties"": {""magmom"": -0.0}, ""label"": ""H"", ""xyz"": [0.392004610520783, 5.546474036323821, 0.70950448]}, {""species"": [{""element"": ""H"", ""occu"": 1.0}], ""abc"": [0.41062362, 0.09086319, 0.25], ""properties"": {""magmom"": -0.0}, ""label"": ""H"", ""xyz"": [1.800994314479217, 0.8529391113238214, 0.70950448]}, {""species"": [{""element"": ""H"", ""occu"": 1.0}], ""abc"": [0.91062362, 0.40913681, 0.75], ""properties"": {""magmom"": -0.0}, ""label"": ""H"", ""xyz"": [3.9939932394792166, 3.8405958136761784, 2.12851344]}, {""species"": [{""element"": ""H"", ""occu"": 1.0}], ""abc"": [0.58937638, 0.90913681, 0.75], ""properties"": {""magmom"": -0.0}, ""label"": ""H"", ""xyz"": [2.585003535520783, 8.534130738676179, 2.12851344]}, {""species"": [{""element"": ""O"", ""occu"": 1.0}], ""abc"": [0.79503533, 0.69773069, 0.25], ""properties"": {""magmom"": -0.0}, ""label"": ""O"", ""xyz"": [3.4870232480540406, 6.549646723518696, 0.70950448]}, {""species"": [{""element"": ""O"", ""occu"": 1.0}], ""abc"": [0.70496467, 0.19773069000000001, 0.25], ""properties"": {""magmom"": -0.0}, ""label"": ""O"", ""xyz"": [3.091973526945959, 1.8561117985186966, 0.70950448]}, {""species"": [{""element"": ""O"", ""occu"": 1.0}], ""abc"": [0.20496467000000002, 0.30226931, 0.75], ""properties"": {""magmom"": -0.0}, ""label"": ""O"", ""xyz"": [0.8989746019459596, 2.8374231264813035, 2.12851344]}, {""species"": [{""element"": ""O"", ""occu"": 1.0}], ""abc"": [0.29503533, 0.80226931, 0.75], ""properties"": {""magmom"": -0.0}, ""label"": ""O"", ""xyz"": [1.2940243230540405, 7.530958051481304, 2.12851344]}, {""species"": [{""element"": ""O"", ""occu"": 1.0}], ""abc"": [0.30417412, 0.55466246, 0.25], ""properties"": {""magmom"": -0.0}, ""label"": ""O"", ""xyz"": [1.334107036345642, 5.206655255192831, 0.70950448]}, {""species"": [{""element"": ""O"", ""occu"": 1.0}], ""abc"": [0.19582588, 0.05466246, 0.25], ""properties"": {""magmom"": -0.0}, ""label"": ""O"", ""xyz"": [0.8588918886543581, 0.513120330192831, 0.70950448]}, {""species"": [{""element"": ""O"", ""occu"": 1.0}], ""abc"": [0.69582588, 0.44533754000000003, 0.75], ""properties"": {""magmom"": -0.0}, ""label"": ""O"", ""xyz"": [3.051890813654358, 4.180414594807169, 2.12851344]}, {""species"": [{""element"": ""O"", ""occu"": 1.0}], ""abc"": [0.80417412, 0.94533754, 0.75], ""properties"": {""magmom"": -0.0}, ""label"": ""O"", ""xyz"": [3.527105961345642, 8.87394951980717, 2.12851344]}]}",0.0,5.546000000000001,144.446,0.0
62,mp-7427,Ba(ZnAs)2,"{""@module"": ""pymatgen.core.structure"", ""@class"": ""Structure"", ""charge"": 0, ""lattice"": {""matrix"": [[4.26304984, 0.0, 0.0], [0.0, 10.05250841, 0.0], [0.0, 0.0, 10.90195991]], ""pbc"": [true, true, true], ""a"": 4.26304984, ""b"": 10.05250841, ""c"": 10.90195991, ""alpha"": 90.0, ""beta"": 90.0, ""gamma"": 90.0, ""volume"": 467.19634427852776}, ""properties"": {}, ""sites"": [{""species"": [{""element"": ""Ba"", ""occu"": 1.0}], ""abc"": [0.25, 0.74715373, 0.67308217], ""properties"": {""magmom"": 0.0}, ""label"": ""Ba"", ""xyz"": [1.06576246, 7.5107691543878685, 7.337914833475805]}, {""species"": [{""element"": ""Ba"", ""occu"": 1.0}], ""abc"": [0.75, 0.25284627, 0.32691783], ""properties"": {""magmom"": 0.0}, ""label"": ""Ba"", ""xyz"": [3.1972873799999997, 2.5417392556121303, 3.5640450765241956]}, {""species"": [{""element"": ""Ba"", ""occu"": 1.0}], ""abc"": [0.25, 0.24715373000000002, 0.82691783], ""properties"": {""magmom"": 0.0}, ""label"": ""Ba"", ""xyz"": [1.06576246, 2.4845149493878695, 9.015025031524194]}, {""species"": [{""element"": ""Ba"", ""occu"": 1.0}], ""abc"": [0.75, 0.75284627, 0.17308217], ""properties"": {""magmom"": 0.0}, ""label"": ""Ba"", ""xyz"": [3.1972873799999997, 7.567993460612131, 1.8869348784758049]}, {""species"": [{""element"": ""Zn"", ""occu"": 1.0}], ""abc"": [0.75, 0.40026262, 0.05035083], ""properties"": {""magmom"": 0.0}, ""label"": ""Zn"", ""xyz"": [3.1972873799999997, 4.023643353758634, 0.5489227300952253]}, {""species"": [{""element"": ""Zn"", ""occu"": 1.0}], ""abc"": [0.25, 0.59973738, 0.94964917], ""properties"": {""magmom"": 0.0}, ""label"": ""Zn"", ""xyz"": [1.06576246, 6.028865056241366, 10.353037179904776]}, {""species"": [{""element"": ""Zn"", ""occu"": 1.0}], ""abc"": [0.25, 0.09973738, 0.55035083], ""properties"": {""magmom"": 0.0}, ""label"": ""Zn"", ""xyz"": [1.06576246, 1.0026108512413658, 5.9999026850952255]}, {""species"": [{""element"": ""Zn"", ""occu"": 1.0}], ""abc"": [0.75, 0.90026262, 0.44964917], ""properties"": {""magmom"": 0.0}, ""label"": ""Zn"", ""xyz"": [3.1972873799999997, 9.049897558758634, 4.902057224904775]}, {""species"": [{""element"": ""Zn"", ""occu"": 1.0}], ""abc"": [0.75, 0.95293416, 0.882410399999999], ""properties"": {""magmom"": -0.0}, ""label"": ""Zn"", ""xyz"": [3.1972873799999997, 9.579378657576285, 9.620002804967054]}, {""species"": [{""element"": ""Zn"", ""occu"": 1.0}], ""abc"": [0.25, 0.04706584, 0.117589599999999], ""properties"": {""magmom"": -0.0}, ""label"": ""Zn"", ""xyz"": [1.06576246, 0.47312975242371436, 1.2819571050329253]}, {""species"": [{""element"": ""Zn"", ""occu"": 1.0}], ""abc"": [0.75, 0.45293416000000003, 0.6175896], ""properties"": {""magmom"": -0.0}, ""label"": ""Zn"", ""xyz"": [3.1972873799999997, 4.553124452576286, 6.732937060032936]}, {""species"": [{""element"": ""Zn"", ""occu"": 1.0}], ""abc"": [0.25, 0.54706584, 0.3824104], ""properties"": {""magmom"": -0.0}, ""label"": ""Zn"", ""xyz"": [1.06576246, 5.499383957423714, 4.169022849967064]}, {""species"": [{""element"": ""As"", ""occu"": 1.0}], ""abc"": [0.75, 0.64862653, 0.459152599999999], ""properties"": {""magmom"": 0.0}, ""label"": ""As"", ""xyz"": [3.1972873799999997, 6.520323647774117, 5.005663237772255]}, {""species"": [{""element"": ""As"", ""occu"": 1.0}], ""abc"": [0.25, 0.35137447, 0.5408474], ""properties"": {""magmom"": 0.0}, ""label"": ""As"", ""xyz"": [1.06576246, 3.5321948147342925, 5.896296672227734]}, {""species"": [{""element"": ""As"", ""occu"": 1.0}], ""abc"": [0.25, 0.85137347, 0.959152599999999], ""properties"": {""magmom"": 0.0}, ""label"": ""As"", ""xyz"": [1.06576246, 8.558438967225882, 10.456643192772257]}, {""species"": [{""element"": ""As"", ""occu"": 1.0}], ""abc"": [0.75, 0.14862653, 0.0408474], ""properties"": {""magmom"": 0.0}, ""label"": ""As"", ""xyz"": [3.1972873799999997, 1.4940694427741172, 0.445316717227734]}, {""species"": [{""element"": ""As"", ""occu"": 1.0}], ""abc"": [0.75, 0.52186944, 0.84114645], ""properties"": {""magmom"": -0.0}, ""label"": ""As"", ""xyz"": [3.1972873799999997, 5.24609693452199, 9.170144876338819]}, {""species"": [{""element"": ""As"", ""occu"": 1.0}], ""abc"": [0.25, 0.47813056000000004, 0.15885355], ""properties"": {""magmom"": -0.0}, ""label"": ""As"", ""xyz"": [1.06576246, 4.80641147547801, 1.7318150336611806]}, {""species"": [{""element"": ""As"", ""occu"": 1.0}], ""abc"": [0.75, 0.02186944, 0.65885355], ""properties"": {""magmom"": -0.0}, ""label"": ""As"", ""xyz"": [3.1972873799999997, 0.2198427295219904, 7.182794988661181]}, {""species"": [{""element"": ""As"", ""occu"": 1.0}], ""abc"": [0.25, 0.97813056, 0.34114645], ""properties"": {""magmom"": -0.0}, ""label"": ""As"", ""xyz"": [1.06576246, 9.832665680478009, 3.7191649213388196]}]}",0.0,0.2974,51.414,0.0
62,mp-27456,BaBr2,"{""@module"": ""pymatgen.core.structure"", ""@class"": ""Structure"", ""charge"": 0, ""lattice"": {""matrix"": [[5.01365732, 0.0, 0.0], [0.0, 8.33781658, 0.0], [0.0, 0.0, 10.04336814]], ""pbc"": [true, true, true], ""a"": 5.01365732, ""b"": 8.33781658, ""c"": 10.04336814, ""alpha"": 90.0, ""beta"": 90.0, ""gamma"": 90.0, ""volume"": 419.8424677017977}, ""properties"": {}, ""sites"": [{""species"": [{""element"": ""Ba"", ""occu"": 1.0}], ""abc"": [0.25, 0.74776887, 0.3834063], ""properties"": {""magmom"": -0.0}, ""label"": ""Ba"", ""xyz"": [1.25341433, 6.234759682293865, 3.850690618095282]}, {""species"": [{""element"": ""Ba"", ""occu"": 1.0}], ""abc"": [0.75, 0.25223113, 0.6165937], ""properties"": {""magmom"": -0.0}, ""label"": ""Ba"", ""xyz"": [3.76024299, 2.1030568977061357, 6.192677521904718]}, {""species"": [{""element"": ""Ba"", ""occu"": 1.0}], ""abc"": [0.25, 0.24776887, 0.1165937], ""properties"": {""magmom"": -0.0}, ""label"": ""Ba"", ""xyz"": [1.25341433, 2.065851392293865, 1.170993451904718]}, {""species"": [{""element"": ""Ba"", ""occu"": 1.0}], ""abc"": [0.75, 0.75223113, 0.8834063], ""properties"": {""magmom"": -0.0}, ""label"": ""Ba"", ""xyz"": [3.76024299, 6.271965187706135, 8.872374688095283]}, {""species"": [{""element"": ""Br"", ""occu"": 1.0}], ""abc"": [0.25, 0.52627313, 0.66914662], ""properties"": {""magmom"": 0.0}, ""label"": ""Br"", ""xyz"": [1.25341433, 4.387968828922495, 6.720485844296687]}, {""species"": [{""element"": ""Br"", ""occu"": 1.0}], ""abc"": [0.75, 0.47372687, 0.33085338000000003], ""properties"": {""magmom"": 0.0}, ""label"": ""Br"", ""xyz"": [3.76024299, 3.9498477510775047, 3.3228822957033137]}, {""species"": [{""element"": ""Br"", ""occu"": 1.0}], ""abc"": [0.25, 0.026273130000000002, 0.83085338], ""properties"": {""magmom"": 0.0}, ""label"": ""Br"", ""xyz"": [1.25341433, 0.2190605389224954, 8.344566365703313]}, {""species"": [{""element"": ""Br"", ""occu"": 1.0}], ""abc"": [0.75, 0.97372687, 0.16914662], ""properties"": {""magmom"": 0.0}, ""label"": ""Br"", ""xyz"": [3.76024299, 8.118756041077505, 1.6988017742966868]}, {""species"": [{""element"": ""Br"", ""occu"": 1.0}], ""abc"": [0.75, 0.85664709, 0.57130788], ""properties"": {""magmom"": 0.0}, ""label"": ""Br"", ""xyz"": [3.76024299, 7.142566310210753, 5.737855360122943]}, {""species"": [{""element"": ""Br"", ""occu"": 1.0}], ""abc"": [0.25, 0.14335291, 0.42869212], ""properties"": {""magmom"": 0.0}, ""label"": ""Br"", ""xyz"": [1.25341433, 1.1952502697892478, 4.305512779877057]}, {""species"": [{""element"": ""Br"", ""occu"": 1.0}], ""abc"": [0.75, 0.35664709, 0.92869212], ""properties"": {""magmom"": 0.0}, ""label"": ""Br"", ""xyz"": [3.76024299, 2.973658020210752, 9.327196849877057]}, {""species"": [{""element"": ""Br"", ""occu"": 1.0}], ""abc"": [0.25, 0.6433529100000001, 0.07130788], ""properties"": {""magmom"": 0.0}, ""label"": ""Br"", ""xyz"": [1.25341433, 5.3641585597892485, 0.7161712901229432]}]}",0.0,4.3731,21.78,0.0
63,mp-4009,BaPdS2,"{""@module"": ""pymatgen.core.structure"", ""@class"": ""Structure"", ""charge"": 0, ""lattice"": {""matrix"": [[5.65901306, 0.0, 0.0], [0.0, 5.78366777, -2.7131431900000003], [-0.0, -0.02183106, 6.38838632]], ""pbc"": [true, true, true], ""a"": 5.65901306, ""b"": 6.38842381524427, ""c"": 6.388423621578634, ""alpha"": 115.32727008611927, ""beta"": 90.0, ""gamma"": 90.0, ""volume"": 208.75574740353002}, ""properties"": {}, ""sites"": [{""species"": [{""element"": ""Ba"", ""occu"": 1.0}], ""abc"": [0.75, 0.34854912, 0.6514508800000001], ""properties"": {""magmom"": -0.0}, ""label"": ""Ba"", ""xyz"": [4.2442597950000005, 2.0016704483575296, 3.2160562186354698]}, {""species"": [{""element"": ""Ba"", ""occu"": 1.0}], ""abc"": [0.25, 0.6514508800000001, 0.34854912], ""properties"": {""magmom"": -0.0}, ""label"": ""Ba"", ""xyz"": [1.414753265, 3.7601662616424707, 0.45918691136453105]}, {""species"": [{""element"": ""Pd"", ""occu"": 1.0}], ""abc"": [0.5, -0.0, -0.0], ""properties"": {""magmom"": -0.0}, ""label"": ""Pd"", ""xyz"": [2.82950653, 0.0, 0.0]}, {""species"": [{""element"": ""Pd"", ""occu"": 1.0}], ""abc"": [-0.0, -0.0, -0.0], ""properties"": {""magmom"": -0.0}, ""label"": ""Pd"", ""xyz"": [0.0, 0.0, 0.0]}, {""species"": [{""element"": ""S"", ""occu"": 1.0}], ""abc"": [0.75, 0.85884041, 0.67020367], ""properties"": {""magmom"": 0.0}, ""label"": ""S"", ""xyz"": [4.2442597950000005, 4.952616342358596, 1.9513629473534864]}, {""species"": [{""element"": ""S"", ""occu"": 1.0}], ""abc"": [0.25, 0.14115959, 0.32979633], ""properties"": {""magmom"": 0.0}, ""label"": ""S"", ""xyz"": [1.414753265, 0.8092203676414046, 1.7238801826465138]}, {""species"": [{""element"": ""S"", ""occu"": 1.0}], ""abc"": [0.75, 0.32979633, 0.14115959], ""properties"": {""magmom"": 0.0}, ""label"": ""S"", ""xyz"": [4.2442597950000005, 1.904350741006419, 0.006997326866316045]}, {""species"": [{""element"": ""S"", ""occu"": 1.0}], ""abc"": [0.25, 0.67020367, 0.85884041], ""properties"": {""magmom"": 0.0}, ""label"": ""S"", ""xyz"": [1.414753265, 3.8574859689935814, 3.668245803133684]}]}",0.0,0.3649,39.963,0.0
63,mp-9029,Ca3VN3,"{""@module"": ""pymatgen.core.structure"", ""@class"": ""Structure"", ""charge"": 0, ""lattice"": {""matrix"": [[5.06334687, 0.0, 0.0], [-0.0, 6.57845154, -1.29452264], [0.0, -0.00580404, 6.70460926]], ""pbc"": [true, true, true], ""a"": 5.06334687, ""b"": 6.704611363054606, ""c"": 6.704611772217543, ""alpha"": 101.18215164263378, ""beta"": 90.0, ""gamma"": 90.0, ""volume"": 223.28566599546207}, ""properties"": {}, ""sites"": [{""species"": [{""element"": ""Ca"", ""occu"": 1.0}], ""abc"": [0.75, 0.8293410800000001, 0.59853376], ""properties"": {""magmom"": -0.0}, ""label"": ""Ca"", ""xyz"": [3.7975101525, 5.4523061910268735, 2.939334185376566]}, {""species"": [{""element"": ""Ca"", ""occu"": 1.0}], ""abc"": [0.25, 0.17065892, 0.40146624000000003], ""properties"": {""magmom"": -0.0}, ""label"": ""Ca"", ""xyz"": [1.2658367175, 1.1203413089731271, 2.4707524346234337]}, {""species"": [{""element"": ""Ca"", ""occu"": 1.0}], ""abc"": [0.25, 0.10824619, 0.89175381], ""properties"": {""magmom"": 0.0}, ""label"": ""Ca"", ""xyz"": [1.2658367175, 0.7069165405212402, 5.838733708517539]}, {""species"": [{""element"": ""Ca"", ""occu"": 1.0}], ""abc"": [0.75, 0.89175381, 0.10824619], ""properties"": {""magmom"": 0.0}, ""label"": ""Ca"", ""xyz"": [3.7975101525, 5.86573095947876, -0.42864708851753897]}, {""species"": [{""element"": ""Ca"", ""occu"": 1.0}], ""abc"": [0.25, 0.59853376, 0.8293410800000001], ""properties"": {""magmom"": -0.0}, ""label"": ""Ca"", ""xyz"": [1.2658367175, 3.9326118064120275, 4.785592381542075]}, {""species"": [{""element"": ""Ca"", ""occu"": 1.0}], ""abc"": [0.75, 0.40146624000000003, 0.17065892], ""properties"": {""magmom"": -0.0}, ""label"": ""Ca"", ""xyz"": [3.7975101525, 2.640035693587973, 0.6244942384579254]}, {""species"": [{""element"": ""V"", ""occu"": 1.0}], ""abc"": [0.25, 0.69724623, 0.30275377000000003], ""properties"": {""magmom"": -0.0}, ""label"": ""V"", ""xyz"": [1.2658367175, 4.585043340511463, 1.1272446994522631]}, {""species"": [{""element"": ""V"", ""occu"": 1.0}], ""abc"": [0.75, 0.30275377000000003, 0.69724623], ""properties"": {""magmom"": -0.0}, ""label"": ""V"", ""xyz"": [3.7975101525, 1.9876041594885367, 4.282841920547736]}, {""species"": [{""element"": ""N"", ""occu"": 1.0}], ""abc"": [0.75, 0.56913957, 0.81736409], ""properties"": {""magmom"": 0.0}, ""label"": ""N"", ""xyz"": [3.7975101525, 3.739313066868514, 4.743342787920608]}, {""species"": [{""element"": ""N"", ""occu"": 1.0}], ""abc"": [0.25, 0.43086043, 0.18263591], ""properties"": {""magmom"": 0.0}, ""label"": ""N"", ""xyz"": [1.2658367175, 2.833334433131486, 0.6667438320793914]}, {""species"": [{""element"": ""N"", ""occu"": 1.0}], ""abc"": [0.75, 0.1270801, 0.8729199], ""properties"": {""magmom"": -0.0}, ""label"": ""N"", ""xyz"": [3.7975101525, 0.8309238175319579, 5.68807877823481]}, {""species"": [{""element"": ""N"", ""occu"": 1.0}], ""abc"": [0.25, 0.8729199, 0.1270801], ""properties"": {""magmom"": -0.0}, ""label"": ""N"", ""xyz"": [1.2658367175, 5.7417236824680415, -0.27799215823481016]}, {""species"": [{""element"": ""N"", ""occu"": 1.0}], ""abc"": [0.75, 0.18263591, 0.43086043], ""properties"": {""magmom"": 0.0}, ""label"": ""N"", ""xyz"": [3.7975101525, 1.198960752228664, 2.6523245083735794]}, {""species"": [{""element"": ""N"", ""occu"": 1.0}], ""abc"": [0.25, 0.81736409, 0.56913957], ""properties"": {""magmom"": 0.0}, ""label"": ""N"", ""xyz"": [1.2658367175, 5.373686747771336, 2.7577621116264206]}]}",0.0,0.7644999999999991,87.062,0.0
63,mp-4406,CaSO4,"{""@module"": ""pymatgen.core.structure"", ""@class"": ""Structure"", ""charge"": 0, ""lattice"": {""matrix"": [[4.6713241100000005, -0.019541450000000002, -0.0], [-0.53413518, 4.64072819, 0.0], [-0.0, -0.0, 7.00520065]], ""pbc"": [true, true, true], ""a"": 4.6713649834855975, ""b"": 4.671365809265456, ""c"": 7.00520065, ""alpha"": 90.0, ""beta"": 90.0, ""gamma"": 96.80537998582551, ""volume"": 151.7880411461443}, ""properties"": {}, ""sites"": [{""species"": [{""element"": ""Ca"", ""occu"": 1.0}], ""abc"": [0.35095202000000003, 0.35095202000000003, 0.75], ""properties"": {""magmom"": -0.0}, ""label"": ""Ca"", ""xyz"": [1.4519548121051389, 1.621814821200215, 5.2539004875]}, {""species"": [{""element"": ""Ca"", ""occu"": 1.0}], ""abc"": [0.64904798, 0.64904798, 0.25], ""properties"": {""magmom"": -0.0}, ""label"": ""Ca"", ""xyz"": [2.6852341178948613, 2.999371918799785, 1.7513001625]}, {""species"": [{""element"": ""S"", ""occu"": 1.0}], ""abc"": [0.84766311, 0.84766311, 0.75], ""properties"": {""magmom"": 0.0}, ""label"": ""S"", ""xyz"": [3.5069424350613727, 3.9172095239191616, 5.2539004875]}, {""species"": [{""element"": ""S"", ""occu"": 1.0}], ""abc"": [0.15233689, 0.15233689, 0.25], ""properties"": {""magmom"": 0.0}, ""label"": ""S"", ""xyz"": [0.6302464949386277, 0.7039772160808385, 1.7513001625]}, {""species"": [{""element"": ""O"", ""occu"": 1.0}], ""abc"": [0.15852505, 0.81840855, 0.75], ""properties"": {""magmom"": 0.0}, ""label"": ""O"", ""xyz"": [0.3033810899361665, 3.794913819583702, 5.2539004875]}, {""species"": [{""element"": ""O"", ""occu"": 1.0}], ""abc"": [0.84147495, 0.18159145000000002, 0.25], ""properties"": {""magmom"": 0.0}, ""label"": ""O"", ""xyz"": [3.833807840063834, 0.8262729204162981, 1.7513001625]}, {""species"": [{""element"": ""O"", ""occu"": 1.0}], ""abc"": [0.81840855, 0.15852505, 0.75], ""properties"": {""magmom"": 0.0}, ""label"": ""O"", ""xyz"": [3.7383777853288818, 0.719678778596762, 5.2539004875]}, {""species"": [{""element"": ""O"", ""occu"": 1.0}], ""abc"": [0.18159145000000002, 0.84147495, 0.25], ""properties"": {""magmom"": 0.0}, ""label"": ""O"", ""xyz"": [0.39881114467111856, 3.901507961403238, 1.7513001625]}, {""species"": [{""element"": ""O"", ""occu"": 1.0}], ""abc"": [0.29483199, 0.29483199, 0.08153031000000001], ""properties"": {""magmom"": 0.0}, ""label"": ""O"", ""xyz"": [1.219775645237871, 1.3624736827158126, 0.5711361806067016]}, {""species"": [{""element"": ""O"", ""occu"": 1.0}], ""abc"": [0.7051680100000001, 0.7051680100000001, 0.58153031], ""properties"": {""magmom"": 0.0}, ""label"": ""O"", ""xyz"": [2.9174132847621297, 3.2587130572841874, 4.073736505606702]}, {""species"": [{""element"": ""O"", ""occu"": 1.0}], ""abc"": [0.29483199, 0.29483199, 0.41846969], ""properties"": {""magmom"": 0.0}, ""label"": ""O"", ""xyz"": [1.219775645237871, 1.3624736827158126, 2.9314641443932987]}, {""species"": [{""element"": ""O"", ""occu"": 1.0}], ""abc"": [0.7051680100000001, 0.7051680100000001, 0.91846969], ""properties"": {""magmom"": 0.0}, ""label"": ""O"", ""xyz"": [2.9174132847621297, 3.2587130572841874, 6.434064469393299]}]}",0.0,5.9508,64.243,0.0
64,mp-23154,Br,"{""@module"": ""pymatgen.core.structure"", ""@class"": ""Structure"", ""charge"": 0, ""lattice"": {""matrix"": [[4.258648, 0.0, 0.0], [-2.129324, 4.226095, 0.0], [0.0, 0.0, 8.743796]], ""pbc"": [true, true, true], ""a"": 4.258648, ""b"": 4.7322193150783916, ""c"": 8.743796, ""alpha"": 90.0, ""beta"": 90.0, ""gamma"": 116.74131552133342, ""volume"": 157.36604023502463}, ""properties"": {}, ""sites"": [{""species"": [{""element"": ""Br"", ""occu"": 1.0}], ""abc"": [0.642473, 0.0, 0.117751], ""properties"": {""magmom"": -0.0}, ""label"": ""Br"", ""xyz"": [2.7360663565039998, 0.0, 1.029590722796]}, {""species"": [{""element"": ""Br"", ""occu"": 1.0}], ""abc"": [0.357527, 0.0, 0.882249], ""properties"": {""magmom"": -0.0}, ""label"": ""Br"", ""xyz"": [1.522581643496, 0.0, 7.714205277203999]}, {""species"": [{""element"": ""Br"", ""occu"": 1.0}], ""abc"": [0.857526999999999, 0.0, 0.617750999999999], ""properties"": {""magmom"": -0.0}, ""label"": ""Br"", ""xyz"": [3.651905643495996, 0.0, 5.401488722795992]}, {""species"": [{""element"": ""Br"", ""occu"": 1.0}], ""abc"": [0.142473, 0.0, 0.382249], ""properties"": {""magmom"": -0.0}, ""label"": ""Br"", ""xyz"": [0.606742356504, 0.0, 3.342307277204]}]}",0.0,1.3261999999999992,4.11,0.0
64,mp-23153,I,"{""@module"": ""pymatgen.core.structure"", ""@class"": ""Structure"", ""charge"": 0, ""lattice"": {""matrix"": [[2.301666, -4.570426, 0.0], [2.301666, 4.570426, 0.0], [0.0, 0.0, 9.832479]], ""pbc"": [true, true, true], ""a"": 5.117270776207959, ""b"": 5.117270776207959, ""c"": 9.832479, ""alpha"": 90.0, ""beta"": 90.0, ""gamma"": 126.54036008718508, ""volume"": 206.8673767379117}, ""properties"": {}, ""sites"": [{""species"": [{""element"": ""I"", ""occu"": 1.0}], ""abc"": [0.658867, 0.658867, 0.122443], ""properties"": {""magmom"": 0.0}, ""label"": ""I"", ""xyz"": [3.032983544844, 0.0, 1.2039182261969998]}, {""species"": [{""element"": ""I"", ""occu"": 1.0}], ""abc"": [0.341132999999999, 0.341132999999999, 0.877556999999999], ""properties"": {""magmom"": 0.0}, ""label"": ""I"", ""xyz"": [1.5703484551559954, 0.0, 8.62856077380299]}, {""species"": [{""element"": ""I"", ""occu"": 1.0}], ""abc"": [0.841132999999999, 0.841132999999999, 0.622443], ""properties"": {""magmom"": 0.0}, ""label"": ""I"", ""xyz"": [3.8720144551559956, 0.0, 6.120157726196999]}, {""species"": [{""element"": ""I"", ""occu"": 1.0}], ""abc"": [0.158866999999999, 0.158866999999999, 0.377557], ""properties"": {""magmom"": 0.0}, ""label"": ""I"", ""xyz"": [0.7313175448439955, 0.0, 3.7123212738029996]}]}",0.0,0.9846,4.837,7.638710486487276e-06
64,mp-2672,K2O2,"{""@module"": ""pymatgen.core.structure"", ""@class"": ""Structure"", ""charge"": 0, ""lattice"": {""matrix"": [[4.8293190500000005, -0.0050051900000000005, 0.0], [-0.18995871, 4.82558486, -0.0], [-0.0, 0.0, 6.45041428]], ""pbc"": [true, true, true], ""a"": 4.829321643732155, ""b"": 4.829322266381286, ""c"": 6.45041428, ""alpha"": 90.0, ""beta"": 90.0, ""gamma"": 92.31366155128892, ""volume"": 150.31618493159573}, ""properties"": {}, ""sites"": [{""species"": [{""element"": ""K"", ""occu"": 1.0}], ""abc"": [0.90919476, 0.59080524, 0.75], ""properties"": {""magmom"": 0.0}, ""label"": ""K"", ""xyz"": [4.278562973376538, 2.8464301288318623, 4.83781071]}, {""species"": [{""element"": ""K"", ""occu"": 1.0}], ""abc"": [0.59080524, 0.90919476, 0.25], ""properties"": {""magmom"": 0.0}, ""label"": ""K"", ""xyz"": [2.6804775366234628, 4.384439376168139, 1.61260357]}, {""species"": [{""element"": ""K"", ""occu"": 1.0}], ""abc"": [0.09080524, 0.40919476, 0.25], ""properties"": {""magmom"": 0.0}, ""label"": ""K"", ""xyz"": [0.3607973666234624, 1.974149541168138, 1.61260357]}, {""species"": [{""element"": ""K"", ""occu"": 1.0}], ""abc"": [0.40919476, 0.09080524, 0.75], ""properties"": {""magmom"": 0.0}, ""label"": ""K"", ""xyz"": [1.9588828033765378, 0.436140293831862, 4.83781071]}, {""species"": [{""element"": ""O"", ""occu"": 1.0}], ""abc"": [0.5879353900000001, 0.41206461, 0.43077975], ""properties"": {""magmom"": -0.0}, ""label"": ""O"", ""xyz"": [2.761052317343927, 1.9855100150231306, 2.7787078509348304]}, {""species"": [{""element"": ""O"", ""occu"": 1.0}], ""abc"": [0.91206461, 0.08793539, 0.93077975], ""properties"": {""magmom"": -0.0}, ""label"": ""O"", ""xyz"": [4.387946902656074, 0.4197746299768695, 6.00391499093483]}, {""species"": [{""element"": ""O"", ""occu"": 1.0}], ""abc"": [0.41206461, 0.5879353900000001, 0.56922025], ""properties"": {""magmom"": -0.0}, ""label"": ""O"", ""xyz"": [1.8783080226560738, 2.83506965497687, 3.67170642906517]}, {""species"": [{""element"": ""O"", ""occu"": 1.0}], ""abc"": [0.08793539, 0.91206461, 0.06922025], ""properties"": {""magmom"": -0.0}, ""label"": ""O"", ""xyz"": [0.25141343734392646, 4.400805040023131, 0.44649928906517]}]}",0.0,2.3575,32.413,0.0
65,mp-8212,Cd(PtO2)3,"{""@module"": ""pymatgen.core.structure"", ""@class"": ""Structure"", ""charge"": 0, ""lattice"": {""matrix"": [[3.19592825, 0.0, 0.0], [0.0, 5.90735233, -2.07920339], [0.0, 0.00146868, 6.26258004]], ""pbc"": [true, true, true], ""a"": 3.19592825, ""b"": 6.262579204109432, ""c"": 6.262580212215037, ""alpha"": 109.37703835401786, ""beta"": 90.0, ""gamma"": 90.0, ""volume"": 118.24397761033273}, ""properties"": {}, ""sites"": [{""species"": [{""element"": ""Cd"", ""occu"": 1.0}], ""abc"": [0.0, 0.5, 0.5], ""properties"": {""magmom"": 0.0}, ""label"": ""Cd"", ""xyz"": [0.0, 2.9544105050000002, 2.091688325]}, {""species"": [{""element"": ""Pt"", ""occu"": 1.0}], ""abc"": [0.5, 0.5, 0.0], ""properties"": {""magmom"": 0.0}, ""label"": ""Pt"", ""xyz"": [1.597964125, 2.953676165, -1.039601695]}, {""species"": [{""element"": ""Pt"", ""occu"": 1.0}], ""abc"": [0.0, 0.0, 0.0], ""properties"": {""magmom"": -0.0}, ""label"": ""Pt"", ""xyz"": [0.0, 0.0, 0.0]}, {""species"": [{""element"": ""Pt"", ""occu"": 1.0}], ""abc"": [0.5, 0.0, 0.5], ""properties"": {""magmom"": 0.0}, ""label"": ""Pt"", ""xyz"": [1.597964125, 0.00073434, 3.13129002]}, {""species"": [{""element"": ""O"", ""occu"": 1.0}], ""abc"": [0.0, 0.92324067, 0.6644301], ""properties"": {""magmom"": -0.0}, ""label"": ""O"", ""xyz"": [0.0, 5.454883758274529, 2.241441551385333]}, {""species"": [{""element"": ""O"", ""occu"": 1.0}], ""abc"": [0.0, 0.07675933, 0.3355699], ""properties"": {""magmom"": -0.0}, ""label"": ""O"", ""xyz"": [0.0, 0.4539372517254709, 1.941935098614667]}, {""species"": [{""element"": ""O"", ""occu"": 1.0}], ""abc"": [-0.0, 0.6644301, 0.92324067], ""properties"": {""magmom"": -0.0}, ""label"": ""O"", ""xyz"": [0.0, 3.926378644464349, 4.400383275720188]}, {""species"": [{""element"": ""O"", ""occu"": 1.0}], ""abc"": [0.0, 0.3355699, 0.07675933], ""properties"": {""magmom"": -0.0}, ""label"": ""O"", ""xyz"": [0.0, 1.9824423655356511, -0.21700662572018775]}, {""species"": [{""element"": ""O"", ""occu"": 1.0}], ""abc"": [0.5, 0.33758195, 0.66241805], ""properties"": {""magmom"": -0.0}, ""label"": ""O"", ""xyz"": [1.597964125, 1.9951883990401176, 3.4465445232229115]}, {""species"": [{""element"": ""O"", ""occu"": 1.0}], ""abc"": [0.5, 0.66241805, 0.33758195], ""properties"": {""magmom"": -0.0}, ""label"": ""O"", ""xyz"": [1.597964125, 3.9136326109598825, 0.7368321267770888]}]}",0.0,0.21370000000000003,192.406,0.0
65,mp-8208,Mg(PtO2)3,"{""@module"": ""pymatgen.core.structure"", ""@class"": ""Structure"", ""charge"": 0, ""lattice"": {""matrix"": [[3.19415951, 0.0, 0.0], [0.0, 5.7783419, -1.96537653], [0.0, -0.00295423, 6.10343618]], ""pbc"": [true, true, true], ""a"": 3.19415951, ""b"": 6.103436738262342, ""c"": 6.103436894964008, ""alpha"": 108.81234543520921, ""beta"": 90.0, ""gamma"": 90.0, ""volume"": 112.63224450559863}, ""properties"": {}, ""sites"": [{""species"": [{""element"": ""Mg"", ""occu"": 1.0}], ""abc"": [-0.0, 0.5, 0.5], ""properties"": {""magmom"": -0.0}, ""label"": ""Mg"", ""xyz"": [0.0, 2.887693835, 2.0690298250000003]}, {""species"": [{""element"": ""Pt"", ""occu"": 1.0}], ""abc"": [0.5, 0.5, -0.0], ""properties"": {""magmom"": 0.0}, ""label"": ""Pt"", ""xyz"": [1.597079755, 2.88917095, -0.982688265]}, {""species"": [{""element"": ""Pt"", ""occu"": 1.0}], ""abc"": [0.0, -0.0, -0.0], ""properties"": {""magmom"": -0.0}, ""label"": ""Pt"", ""xyz"": [0.0, 0.0, 0.0]}, {""species"": [{""element"": ""Pt"", ""occu"": 1.0}], ""abc"": [0.5, -0.0, 0.5], ""properties"": {""magmom"": 0.0}, ""label"": ""Pt"", ""xyz"": [1.597079755, -0.001477115, 3.05171809]}, {""species"": [{""element"": ""O"", ""occu"": 1.0}], ""abc"": [0.0, 0.9141269, 0.65977322], ""properties"": {""magmom"": 0.0}, ""label"": ""O"", ""xyz"": [0.0, 5.28018864634739, 2.230280186841443]}, {""species"": [{""element"": ""O"", ""occu"": 1.0}], ""abc"": [0.0, 0.0858731, 0.34022678], ""properties"": {""magmom"": 0.0}, ""label"": ""O"", ""xyz"": [0.0, 0.4951990236526106, 1.9077794631585576]}, {""species"": [{""element"": ""O"", ""occu"": 1.0}], ""abc"": [0.0, 0.65977322, 0.9141269], ""properties"": {""magmom"": 0.0}, ""label"": ""O"", ""xyz"": [0.0, 3.8096947005121313, 4.282612392860715]}, {""species"": [{""element"": ""O"", ""occu"": 1.0}], ""abc"": [0.0, 0.34022678, 0.0858731], ""properties"": {""magmom"": 0.0}, ""label"": ""O"", ""xyz"": [0.0, 1.965692969487869, -0.1445527428607154]}, {""species"": [{""element"": ""O"", ""occu"": 1.0}], ""abc"": [0.5, 0.35220263, 0.64779737], ""properties"": {""magmom"": -0.0}, ""label"": ""O"", ""xyz"": [1.597079755, 2.0332334717948224, 3.261579122560573]}, {""species"": [{""element"": ""O"", ""occu"": 1.0}], ""abc"": [0.5, 0.64779737, 0.35220263], ""properties"": {""magmom"": -0.0}, ""label"": ""O"", ""xyz"": [1.597079755, 3.7421541982051783, 0.8764805274394276]}]}",0.0,0.2984,187.744,0.0
69,mp-14336,Cs2Ni3Se4,"{""@module"": ""pymatgen.core.structure"", ""@class"": ""Structure"", ""charge"": 0, ""lattice"": {""matrix"": [[6.01626077, -0.00625065, -1.21039952], [-3.29615577, 5.03297074, -1.21039952], [0.00716123, 0.01323359, 7.9930485000000004]], ""pbc"": [true, true, true], ""a"": 6.136815112196443, ""b"": 6.136815487516035, ""c"": 7.993062662989178, ""alpha"": 101.32411201186993, ""beta"": 101.32411108526802, ""gamma"": 119.2416370723089, ""volume"": 242.05498992502328}, ""properties"": {}, ""sites"": [{""species"": [{""element"": ""Cs"", ""occu"": 1.0}], ""abc"": [0.34117374, 0.34117374, 0.68234849], ""properties"": {""magmom"": 0.0}, ""label"": ""Cs"", ""xyz"": [0.9329148505197428, 1.7240148131922157, 4.628131512206555]}, {""species"": [{""element"": ""Cs"", ""occu"": 1.0}], ""abc"": [0.65882626, 0.65882626, 0.31765151], ""properties"": {""magmom"": 0.0}, ""label"": ""Cs"", ""xyz"": [1.7943513794802568, 3.3159388668077843, 0.9441179477934452]}, {""species"": [{""element"": ""Ni"", ""occu"": 1.0}], ""abc"": [-0.0, 0.5, -0.0], ""properties"": {""magmom"": -0.0}, ""label"": ""Ni"", ""xyz"": [-1.648077885, 2.51648537, -0.60519976]}, {""species"": [{""element"": ""Ni"", ""occu"": 1.0}], ""abc"": [-0.0, -0.0, -0.0], ""properties"": {""magmom"": -0.0}, ""label"": ""Ni"", ""xyz"": [0.0, 0.0, 0.0]}, {""species"": [{""element"": ""Ni"", ""occu"": 1.0}], ""abc"": [0.5, -0.0, -0.0], ""properties"": {""magmom"": -0.0}, ""label"": ""Ni"", ""xyz"": [3.008130385, -0.003125325, -0.60519976]}, {""species"": [{""element"": ""Se"", ""occu"": 1.0}], ""abc"": [0.26992528, 0.935086499999999, 0.20501178], ""properties"": {""magmom"": 0.0}, ""label"": ""Se"", ""xyz"": [-1.4567817530195468, 4.707288827259263, 0.18012342050498575]}, {""species"": [{""element"": ""Se"", ""occu"": 1.0}], ""abc"": [0.7300747200000001, 0.0649135, 0.79498822], ""properties"": {""magmom"": 0.0}, ""label"": ""Se"", ""xyz"": [4.184047983019549, 0.33266485274073176, 5.392126039495016]}, {""species"": [{""element"": ""Se"", ""occu"": 1.0}], ""abc"": [0.0649135, 0.7300747200000001, 0.79498822], ""properties"": {""magmom"": 0.0}, ""label"": ""Se"", ""xyz"": [-2.010210363875029, 3.684559500363228, 5.392126039495016]}, {""species"": [{""element"": ""Se"", ""occu"": 1.0}], ""abc"": [0.935086499999999, 0.26992528, 0.20501178], ""properties"": {""magmom"": 0.0}, ""label"": ""Se"", ""xyz"": [4.737476593875023, 1.3553941796367723, 0.18012342050498575]}]}",0.0,0.6160000000000001,13.155,0.0
69,mp-510268,Cs2Pd3S4,"{""@module"": ""pymatgen.core.structure"", ""@class"": ""Structure"", ""charge"": 0, ""lattice"": {""matrix"": [[6.08852941, -0.00174394, -1.29514957], [-3.34420631, 5.09083412, -1.29611247], [0.01985968, 0.03753059, 7.86031257]], ""pbc"": [true, true, true], ""a"": 6.2247574913752945, ""b"": 6.227376286694863, ""c"": 7.860427256210406, ""alpha"": 101.86356651467496, ""beta"": 101.86411635952953, ""gamma"": 118.82844569944483, ""volume"": 244.17970667825082}, ""properties"": {}, ""sites"": [{""species"": [{""element"": ""Cs"", ""occu"": 1.0}], ""abc"": [0.160071699999999, 0.16007543, 0.320122199999999], ""properties"": {""magmom"": -0.0}, ""label"": ""Cs"", ""xyz"": [0.4456335145296237, 0.8266526804152716, 2.1014679982082662]}, {""species"": [{""element"": ""Cs"", ""occu"": 1.0}], ""abc"": [0.8399283, 0.83992457, 0.6798778], ""properties"": {""magmom"": -0.0}, ""label"": ""Cs"", ""xyz"": [2.3185492654703697, 4.299968089584729, 3.1675825317917266]}, {""species"": [{""element"": ""Pd"", ""occu"": 1.0}], ""abc"": [0.5, 0.5, 0.0], ""properties"": {""magmom"": -0.0}, ""label"": ""Pd"", ""xyz"": [1.3721615499999997, 2.54454509, -1.29563102]}, {""species"": [{""element"": ""Pd"", ""occu"": 1.0}], ""abc"": [-0.0, 0.5, 0.0], ""properties"": {""magmom"": -0.0}, ""label"": ""Pd"", ""xyz"": [-1.672103155, 2.54541706, -0.648056235]}, {""species"": [{""element"": ""Pd"", ""occu"": 1.0}], ""abc"": [0.5, -0.0, 0.0], ""properties"": {""magmom"": -0.0}, ""label"": ""Pd"", ""xyz"": [3.044264705, -0.00087197, -0.647574785]}, {""species"": [{""element"": ""S"", ""occu"": 1.0}], ""abc"": [0.22648735, 0.56259203, 0.78884966], ""properties"": {""magmom"": 0.0}, ""label"": ""S"", ""xyz"": [-0.48678262339803724, 2.893273714776004, 5.178087358769673]}, {""species"": [{""element"": ""S"", ""occu"": 1.0}], ""abc"": [0.5624, 0.22629955000000002, 0.7888501800000001], ""properties"": {""magmom"": 0.0}, ""label"": ""S"", ""xyz"": [2.683062869266582, 1.1806786913016523, 5.178907198822374]}, {""species"": [{""element"": ""S"", ""occu"": 1.0}], ""abc"": [0.77351265, 0.43740797000000003, 0.21115034], ""properties"": {""magmom"": 0.0}, ""label"": ""S"", ""xyz"": [3.250965403398037, 2.2333470552239962, 0.09096317123032716]}, {""species"": [{""element"": ""S"", ""occu"": 1.0}], ""abc"": [0.43760000000000004, 0.77370045, 0.21114982000000002], ""properties"": {""magmom"": 0.0}, ""label"": ""S"", ""xyz"": [0.0811199107334179, 3.9459420786983483, 0.09014333117762585]}]}",0.0,1.3815,18.92,0.0
69,mp-11694,Cs2Pd3Se4,"{""@module"": ""pymatgen.core.structure"", ""@class"": ""Structure"", ""charge"": 0, ""lattice"": {""matrix"": [[6.33009354, 0.00350826, -1.36552998], [-3.5188031, 5.26192469, -1.36551751], [0.019303960000000002, 0.03617683, 7.98559257]], ""pbc"": [true, true, true], ""a"": 6.475706035585367, ""b"": 6.475682571738504, ""c"": 7.985697846772048, ""alpha"": 102.03435584355155, ""beta"": 102.03454915759212, ""gamma"": 119.09523037699128, ""volume"": 266.7116461164497}, ""properties"": {}, ""sites"": [{""species"": [{""element"": ""Cs"", ""occu"": 1.0}], ""abc"": [0.65379905, 0.65379905, 0.30766439], ""properties"": {""magmom"": 0.0}, ""label"": ""Cs"", ""xyz"": [1.8439581600240664, 3.453665382882781, 0.6713262123706976]}, {""species"": [{""element"": ""Cs"", ""occu"": 1.0}], ""abc"": [0.34620095, 0.34620095, 0.69233561], ""properties"": {""magmom"": 0.0}, ""label"": ""Cs"", ""xyz"": [0.9866362399759335, 1.847944397117219, 4.583218867629302]}, {""species"": [{""element"": ""Pd"", ""occu"": 1.0}], ""abc"": [-0.0, -0.0, -0.0], ""properties"": {""magmom"": 0.0}, ""label"": ""Pd"", ""xyz"": [0.0, 0.0, 0.0]}, {""species"": [{""element"": ""Pd"", ""occu"": 1.0}], ""abc"": [0.5, -0.0, -0.0], ""properties"": {""magmom"": 0.0}, ""label"": ""Pd"", ""xyz"": [3.16504677, 0.00175413, -0.68276499]}, {""species"": [{""element"": ""Pd"", ""occu"": 1.0}], ""abc"": [-0.0, 0.5, -0.0], ""properties"": {""magmom"": 0.0}, ""label"": ""Pd"", ""xyz"": [-1.75940155, 2.630962345, -0.682758755]}, {""species"": [{""element"": ""Se"", ""occu"": 1.0}], ""abc"": [0.05687305, 0.72128612, 0.77818878], ""properties"": {""magmom"": -0.0}, ""label"": ""Se"", ""xyz"": [-2.1630299835563065, 3.823705172030663, 5.151707858216364]}, {""species"": [{""element"": ""Se"", ""occu"": 1.0}], ""abc"": [0.94312695, 0.27871388, 0.22181122], ""properties"": {""magmom"": -0.0}, ""label"": ""Se"", ""xyz"": [4.993624383556306, 1.4779046079693368, 0.1028372217836353]}, {""species"": [{""element"": ""Se"", ""occu"": 1.0}], ""abc"": [0.27871488, 0.94312795, 0.22181122], ""properties"": {""magmom"": -0.0}, ""label"": ""Se"", ""xyz"": [-1.5501084578483388, 4.971670476997026, 0.10284277596712843]}, {""species"": [{""element"": ""Se"", ""occu"": 1.0}], ""abc"": [0.72128512, 0.05687205, 0.77818878], ""properties"": {""magmom"": -0.0}, ""label"": ""Se"", ""xyz"": [4.380702857848339, 0.3299393030029731, 5.151702304032871]}]}",0.0,0.986699999999999,15.031,0.0
70,mp-5625,Ag2SO4,"{""@module"": ""pymatgen.core.structure"", ""@class"": ""Structure"", ""charge"": 0, ""lattice"": {""matrix"": [[5.03292023, -0.0, 2.31403271], [2.51646062, 5.51706111, 1.15701635], [-0.09149084, 0.0, 6.82919961]], ""pbc"": [true, true, true], ""a"": 5.5394073170776315, ""b"": 6.173266896680602, ""c"": 6.829812434249425, ""alpha"": 79.51685839216589, ""beta"": 66.07555189592966, ""gamma"": 63.34219232611832, ""volume"": 190.79392951841285}, ""properties"": {}, ""sites"": [{""species"": [{""element"": ""Ag"", ""occu"": 1.0}], ""abc"": [0.17520032, 0.64959837, 0.25], ""properties"": {""magmom"": -0.0}, ""label"": ""Ag"", ""xyz"": [2.493585241751663, 3.5838739042463907, 2.8643151088058167]}, {""species"": [{""element"": ""Ag"", ""occu"": 1.0}], ""abc"": [0.57479968, 0.85040163, 0.25], ""properties"": {""magmom"": -0.0}, ""label"": ""Ag"", ""xyz"": [5.010050440748337, 4.69171776075361, 4.021333753694183]}, {""species"": [{""element"": ""Ag"", ""occu"": 1.0}], ""abc"": [0.82479968, 0.35040163, 0.75], ""properties"": {""magmom"": -0.0}, ""label"": ""Ag"", ""xyz"": [4.964304768248337, 1.9331872057536095, 7.435933561194183]}, {""species"": [{""element"": ""Ag"", ""occu"": 1.0}], ""abc"": [0.42520032, 0.14959837, 0.75], ""properties"": {""magmom"": -0.0}, ""label"": ""Ag"", ""xyz"": [2.4478395692516632, 0.8253433492463907, 6.278914916305816]}, {""species"": [{""element"": ""S"", ""occu"": 1.0}], ""abc"": [0.875, 0.25, 0.25], ""properties"": {""magmom"": 0.0}, ""label"": ""S"", ""xyz"": [5.01004764625, 1.3792652775, 4.02133261125]}, {""species"": [{""element"": ""S"", ""occu"": 1.0}], ""abc"": [0.125, 0.75, 0.75], ""properties"": {""magmom"": 0.0}, ""label"": ""S"", ""xyz"": [2.4478423637500004, 4.1377958325, 6.278916058749999]}, {""species"": [{""element"": ""O"", ""occu"": 1.0}], ""abc"": [0.17476421, 0.09263743, 0.11272041000000001], ""properties"": {""magmom"": 0.0}, ""label"": ""O"", ""xyz"": [1.1023798875259307, 0.5110863623833474, 1.2813832996203298]}, {""species"": [{""element"": ""O"", ""occu"": 1.0}], ""abc"": [0.88012405, 0.40736257000000003, 0.38727959], ""properties"": {""magmom"": 0.0}, ""label"": ""O"", ""xyz"": [5.41927346661757, 2.247444192616653, 5.152770619414655]}, {""species"": [{""element"": ""O"", ""occu"": 1.0}], ""abc"": [0.73259736, 0.09263743, 0.38727959], ""properties"": {""magmom"": 0.0}, ""label"": ""O"", ""xyz"": [3.884789983117644, 0.5110863623833474, 4.447246900420586]}, {""species"": [{""element"": ""O"", ""occu"": 1.0}], ""abc"": [0.71251338, 0.40736257000000003, 0.11272041000000001], ""properties"": {""magmom"": 0.0}, ""label"": ""O"", ""xyz"": [4.6008219848186265, 2.247444192616653, 2.8898946015117195]}, {""species"": [{""element"": ""O"", ""occu"": 1.0}], ""abc"": [0.82523579, 0.90736257, 0.88727959], ""properties"": {""magmom"": 0.0}, ""label"": ""O"", ""xyz"": [6.355510122474071, 5.005974747616653, 9.01886537037967]}, {""species"": [{""element"": ""O"", ""occu"": 1.0}], ""abc"": [0.11987595000000001, 0.59263743, 0.61272041], ""properties"": {""magmom"": 0.0}, ""label"": ""O"", ""xyz"": [2.038616543382431, 3.2696169173833476, 5.147478050585345]}, {""species"": [{""element"": ""O"", ""occu"": 1.0}], ""abc"": [0.28748662, 0.59263743, 0.88727959], ""properties"": {""magmom"": 0.0}, ""label"": ""O"", ""xyz"": [2.857068025181374, 3.2696169173833476, 7.41035406848828]}, {""species"": [{""element"": ""O"", ""occu"": 1.0}], ""abc"": [0.26740264, 0.90736257, 0.61272041], ""properties"": {""magmom"": 0.0}, ""label"": ""O"", ""xyz"": [3.573100026882356, 5.005974747616653, 5.853001769579414]}]}",0.0,1.2289,48.044,0.0
70,mp-10910,Al2Ru,"{""@module"": ""pymatgen.core.structure"", ""@class"": ""Structure"", ""charge"": 0, ""lattice"": {""matrix"": [[4.49605189, 0.00272952, -1.11285999], [-2.58741669, 3.6769214, -1.11286], [0.00223265, 0.0043029800000000005, 4.9819289300000005]], ""pbc"": [true, true, true], ""a"": 4.631732656921685, ""b"": 4.631731154662209, ""c"": 4.981931288560076, ""alpha"": 103.87669969940151, ""beta"": 103.87668236676166, ""gamma"": 118.95137987985701, ""volume"": 82.43763621457771}, ""properties"": {}, ""sites"": [{""species"": [{""element"": ""Al"", ""occu"": 1.0}], ""abc"": [0.79593897, 0.20406103, 0.75], ""properties"": {""magmom"": 0.0}, ""label"": ""Al"", ""xyz"": [3.0522664830925628, 0.7557161344504364, 2.62358670545939]}, {""species"": [{""element"": ""Al"", ""occu"": 1.0}], ""abc"": [0.45406103000000003, 0.54593897, 0.75], ""properties"": {""magmom"": 0.0}, ""label"": ""Al"", ""xyz"": [0.6305848369074375, 2.011841285549564, 2.6235867020406105]}, {""species"": [{""element"": ""Al"", ""occu"": 1.0}], ""abc"": [0.20406103, 0.79593897, 0.25], ""properties"": {""magmom"": 0.0}, ""label"": ""Al"", ""xyz"": [-1.1413986330925625, 2.9282377655495635, 0.13262223454061028]}, {""species"": [{""element"": ""Al"", ""occu"": 1.0}], ""abc"": [0.54593897, 0.45406103000000003, 0.25], ""properties"": {""magmom"": 0.0}, ""label"": ""Al"", ""xyz"": [1.2802830130925629, 1.6721126144504366, 0.13262223795938977]}, {""species"": [{""element"": ""Ru"", ""occu"": 1.0}], ""abc"": [0.125, 0.875, 0.75], ""properties"": {""magmom"": 0.0}, ""label"": ""Ru"", ""xyz"": [-1.7003086299999997, 3.22087465, 2.6235866987500005]}, {""species"": [{""element"": ""Ru"", ""occu"": 1.0}], ""abc"": [0.875, 0.125, 0.25], ""properties"": {""magmom"": 0.0}, ""label"": ""Ru"", ""xyz"": [3.61117648, 0.46307925, 0.13262224125000022]}]}",0.0,0.086399999999999,166.651,0.0
70,mp-27175,InOF,"{""@module"": ""pymatgen.core.structure"", ""@class"": ""Structure"", ""charge"": 0, ""lattice"": {""matrix"": [[5.11042, -0.005756, -2.008304], [-1.79969, 4.783048, -2.008304], [0.002395, 0.003454999999999, 6.219858]], ""pbc"": [true, true, true], ""a"": 5.49087521842848, ""b"": 5.490875815643621, ""c"": 6.219859420695456, ""alpha"": 111.43190573510466, ""beta"": 111.4319002592074, ""gamma"": 99.91505668241457, ""volume"": 152.04092763398808}, ""properties"": {}, ""sites"": [{""species"": [{""element"": ""In"", ""occu"": 1.0}], ""abc"": [0.075213, 0.924786999999999, 0.25], ""properties"": {""magmom"": 0.0}, ""label"": ""In"", ""xyz"": [-1.279361146569998, 4.423731434747995, -0.453339499999998]}, {""species"": [{""element"": ""In"", ""occu"": 1.0}], ""abc"": [0.674786999999999, 0.325213, 0.25], ""properties"": {""magmom"": 0.0}, ""label"": ""In"", ""xyz"": [2.8637611465699955, 1.5524890652519996, -0.453339499999998]}, {""species"": [{""element"": ""In"", ""occu"": 1.0}], ""abc"": [0.924786999999999, 0.075213, 0.75], ""properties"": {""magmom"": 0.0}, ""label"": ""In"", ""xyz"": [4.592486146569995, 0.3570155652519993, 2.6565895000000017]}, {""species"": [{""element"": ""In"", ""occu"": 1.0}], ""abc"": [0.325213, 0.674786999999999, 0.75], ""properties"": {""magmom"": 0.0}, ""label"": ""In"", ""xyz"": [0.4493638534300018, 3.2282579347479943, 2.6565895000000017]}, {""species"": [{""element"": ""O"", ""occu"": 1.0}], ""abc"": [0.011564999999999001, 0.261563999999999, 0.523127], ""properties"": {""magmom"": 0.0}, ""label"": ""O"", ""xyz"": [-0.4103792186950034, 1.2528140027169947, 2.705249592750004]}, {""species"": [{""element"": ""O"", ""occu"": 1.0}], ""abc"": [0.261563999999999, 0.011564999999999001, 0.023126999999999003], ""properties"": {""magmom"": 0.0}, ""label"": ""O"", ""xyz"": [1.315943871194997, 0.053890291520995205, -0.4046794072500023]}, {""species"": [{""element"": ""O"", ""occu"": 1.0}], ""abc"": [0.988435, 0.738435, 0.476873], ""properties"": {""magmom"": 0.0}, ""label"": ""O"", ""xyz"": [3.7235060183850006, 3.5279282142349992, -0.5019975844459998]}, {""species"": [{""element"": ""O"", ""occu"": 1.0}], ""abc"": [0.738435, 0.988435, 0.976873], ""properties"": {""magmom"": 0.0}, ""label"": ""O"", ""xyz"": [1.9971760183850003, 4.726856714234999, 2.6079314155540008]}, {""species"": [{""element"": ""F"", ""occu"": 1.0}], ""abc"": [0.5, 0.0, 0.5], ""properties"": {""magmom"": -0.0}, ""label"": ""F"", ""xyz"": [2.5564075, -0.0011505000000004999, 2.1057770000000002]}, {""species"": [{""element"": ""F"", ""occu"": 1.0}], ""abc"": [0.5, 0.5, 0.5], ""properties"": {""magmom"": -0.0}, ""label"": ""F"", ""xyz"": [1.6565625000000002, 2.3903734999999995, 1.1016250000000003]}, {""species"": [{""element"": ""F"", ""occu"": 1.0}], ""abc"": [0.0, 0.5, 0.0], ""properties"": {""magmom"": -0.0}, ""label"": ""F"", ""xyz"": [-0.899845, 2.391524, -1.004152]}, {""species"": [{""element"": ""F"", ""occu"": 1.0}], ""abc"": [0.5, 0.5, 0.0], ""properties"": {""magmom"": -0.0}, ""label"": ""F"", ""xyz"": [1.6553650000000002, 2.388646, -2.008304]}]}",0.0,1.330699999999999,135.341,6.577176392973114e-10
71,mp-540584,K2PdO2,"{""@module"": ""pymatgen.core.structure"", ""@class"": ""Structure"", ""charge"": 0, ""lattice"": {""matrix"": [[3.00700197, 0.0, 0.8953872700000001], [1.01600056, 4.93382803, 2.08487488], [0.01346544, 0.01665017, 5.45171149]], ""pbc"": [true, true, true], ""a"": 3.1374797546537145, ""b"": 5.4517537942197105, ""c"": 5.451753545092941, ""alpha"": 67.31626812233193, ""beta"": 73.27674529939543, ""gamma"": 73.27673755160573, ""volume"": 80.73303568886419}, ""properties"": {}, ""sites"": [{""species"": [{""element"": ""K"", ""occu"": 1.0}], ""abc"": [0.17522138, 0.32477862, 0.32477862], ""properties"": {""magmom"": -0.0}, ""label"": ""K"", ""xyz"": [0.8612395816630387, 1.607809478136084, 2.604613113843242]}, {""species"": [{""element"": ""K"", ""occu"": 1.0}], ""abc"": [0.82477862, 0.67522138, 0.67522138], ""properties"": {""magmom"": -0.0}, ""label"": ""K"", ""xyz"": [3.1752283883369614, 3.342668721863916, 5.827360526156758]}, {""species"": [{""element"": ""Pd"", ""occu"": 1.0}], ""abc"": [0.0, -0.0, 0.0], ""properties"": {""magmom"": -0.0}, ""label"": ""Pd"", ""xyz"": [0.0, 0.0, 0.0]}, {""species"": [{""element"": ""O"", ""occu"": 1.0}], ""abc"": [0.5, 0.2209438, 0.7790562], ""properties"": {""magmom"": 0.0}, ""label"": ""O"", ""xyz"": [1.738470344046256, 1.103070131664268, 5.155523450407482]}, {""species"": [{""element"": ""O"", ""occu"": 1.0}], ""abc"": [0.5, 0.7790562, 0.2209438], ""properties"": {""magmom"": 0.0}, ""label"": ""O"", ""xyz"": [2.297997625953744, 3.847408068335732, 3.276450189592518]}]}",0.0,1.3697,54.425,0.0
71,mp-7928,K2PtS2,"{""@module"": ""pymatgen.core.structure"", ""@class"": ""Structure"", ""charge"": 0, ""lattice"": {""matrix"": [[3.46059034, -0.0, 1.0578540300000001], [1.25814438, 5.6687066, 2.07348814], [0.00719869, 0.00543088, 6.16574756]], ""pbc"": [true, true, true], ""a"": 3.6186655897013416, ""b"": 6.165753389856733, ""c"": 6.1657541541356675, ""alpha"": 70.28517727675833, ""beta"": 72.93545344006019, ""gamma"": 72.93545810600082, ""volume"": 120.87900027423865}, ""properties"": {}, ""sites"": [{""species"": [{""element"": ""K"", ""occu"": 1.0}], ""abc"": [0.8062972700000001, 0.69370273, 0.69370273], ""properties"": {""magmom"": -0.0}, ""label"": ""K"", ""xyz"": [3.6680364857759535, 3.9361646602713205, 6.568525114650959]}, {""species"": [{""element"": ""K"", ""occu"": 1.0}], ""abc"": [0.19370273000000002, 0.30629727, 0.30629727], ""properties"": {""magmom"": -0.0}, ""label"": ""K"", ""xyz"": [1.057896924224047, 1.7379728197286797, 2.7285646153490406]}, {""species"": [{""element"": ""Pt"", ""occu"": 1.0}], ""abc"": [0.0, 0.0, -0.0], ""properties"": {""magmom"": 0.0}, ""label"": ""Pt"", ""xyz"": [0.0, 0.0, 0.0]}, {""species"": [{""element"": ""S"", ""occu"": 1.0}], ""abc"": [0.5, 0.78357284, 0.21642716], ""properties"": {""magmom"": -0.0}, ""label"": ""S"", ""xyz"": [2.7177009269990595, 4.443019919623445, 3.4880912392538472]}, {""species"": [{""element"": ""S"", ""occu"": 1.0}], ""abc"": [0.5, 0.21642716, 0.78357284], ""properties"": {""magmom"": -0.0}, ""label"": ""S"", ""xyz"": [2.00823248300094, 1.2311175603765552, 5.808998490746153]}]}",0.0,1.235599999999999,35.048,0.0
71,mp-8621,K2PtSe2,"{""@module"": ""pymatgen.core.structure"", ""@class"": ""Structure"", ""charge"": 0, ""lattice"": {""matrix"": [[3.60190626, -0.0, 1.10996029], [1.32359294, 5.88330303, 2.10404665], [0.00380691, 0.01578357, 6.38685473]], ""pbc"": [true, true, true], ""a"": 3.7690503513755385, ""b"": 6.38687444052263, ""c"": 6.3868753671704805, ""alpha"": 70.62000530495159, ""beta"": 72.83874333301543, ""gamma"": 72.83874409190024, ""volume"": 135.22322684189265}, ""properties"": {}, ""sites"": [{""species"": [{""element"": ""K"", ""occu"": 1.0}], ""abc"": [0.20002361, 0.29997639, 0.29997639], ""properties"": {""magmom"": 0.0}, ""label"": ""K"", ""xyz"": [1.11865490809634, 1.769586702565374, 2.769088207980865]}, {""species"": [{""element"": ""K"", ""occu"": 1.0}], ""abc"": [0.79997639, 0.70002361, 0.70002361], ""properties"": {""magmom"": 0.0}, ""label"": ""K"", ""xyz"": [3.8106512019036596, 4.129499897434626, 6.831773462019134]}, {""species"": [{""element"": ""Pt"", ""occu"": 1.0}], ""abc"": [0.0, 0.0, 0.0], ""properties"": {""magmom"": 0.0}, ""label"": ""Pt"", ""xyz"": [0.0, 0.0, 0.0]}, {""species"": [{""element"": ""Se"", ""occu"": 1.0}], ""abc"": [0.5, 0.778865199999999, 0.2211348], ""properties"": {""magmom"": -0.0}, ""label"": ""Se"", ""xyz"": [2.8326954502131545, 4.585790287716787, 3.6061047032091817]}, {""species"": [{""element"": ""Se"", ""occu"": 1.0}], ""abc"": [0.5, 0.2211348, 0.778865199999999], ""properties"": {""magmom"": -0.0}, ""label"": ""Se"", ""xyz"": [2.096610659786844, 1.3132963122832082, 5.99475696679081]}]}",0.0,0.9345000000000001,28.157,0.0
72,mp-30139,BeBr2,"{""@module"": ""pymatgen.core.structure"", ""@class"": ""Structure"", ""charge"": 0, ""lattice"": {""matrix"": [[5.03021321, 0.0, -2.36260075], [-1.15012645, 5.05467541, -2.44873379], [0.04275689, -0.031037699999999002, 6.62724549]], ""pbc"": [true, true, true], ""a"": 5.557420916392699, ""b"": 5.733134528836388, ""c"": 6.627456093795651, ""alpha"": 115.6281764279533, ""beta"": 114.78866134435032, ""gamma"": 90.00000175000667, ""volume"": 168.54893398006195}, ""properties"": {}, ""sites"": [{""species"": [{""element"": ""Be"", ""occu"": 1.0}], ""abc"": [0.25, -0.0, -0.0], ""properties"": {""magmom"": -0.0}, ""label"": ""Be"", ""xyz"": [1.2575533025, 0.0, -0.5906501875]}, {""species"": [{""element"": ""Be"", ""occu"": 1.0}], ""abc"": [0.75, -0.0, -0.0], ""properties"": {""magmom"": -0.0}, ""label"": ""Be"", ""xyz"": [3.7726599075000005, 0.0, -1.7719505624999998]}, {""species"": [{""element"": ""Br"", ""occu"": 1.0}], ""abc"": [0.11339244, 0.32291007, 0.22678487], ""properties"": {""magmom"": 0.0}, ""label"": ""Br"", ""xyz"": [0.20869735286403532, 1.6251667097107798, 0.444337143579141]}, {""species"": [{""element"": ""Br"", ""occu"": 1.0}], ""abc"": [0.8866075600000001, 0.6770899300000001, 0.77321513], ""properties"": {""magmom"": 0.0}, ""label"": ""Br"", ""xyz"": [3.7141462971359656, 3.3984710002892213, 1.3715738064208587]}, {""species"": [{""element"": ""Br"", ""occu"": 1.0}], ""abc"": [0.38660756, 0.0961252, 0.77321513], ""properties"": {""magmom"": 0.0}, ""label"": ""Br"", ""xyz"": [1.8672225946260734, 0.4618828654809317, 3.9755021465700855]}, {""species"": [{""element"": ""Br"", ""occu"": 1.0}], ""abc"": [0.61339244, 0.9038748, 0.22678487], ""properties"": {""magmom"": 0.0}, ""label"": ""Br"", ""xyz"": [2.055621055373927, 4.5617548445190685, -2.159591196570086]}]}",0.0,5.180400000000001,2.676,0.0
72,mp-2884,Cs2Mn3S4,"{""@module"": ""pymatgen.core.structure"", ""@class"": ""Structure"", ""charge"": 0, ""lattice"": {""matrix"": [[5.7843847, -0.0, 1.8834944500000002], [2.32050881, 8.97289462, 2.69743905], [0.05586083, -0.04687456, 9.65238062]], ""pbc"": [true, true, true], ""a"": 6.08330976531484, ""b"": 9.652656444076804, ""c"": 9.652656074369121, ""alpha"": 73.95933480387767, ""beta"": 71.6325083606748, ""gamma"": 71.63250777410033, ""volume"": 500.5668097699611}, ""properties"": {}, ""sites"": [{""species"": [{""element"": ""Cs"", ""occu"": 1.0}], ""abc"": [0.23563106, 0.11931334, 0.8806866600000001], ""properties"": {""magmom"": 0.01}, ""label"": ""Cs"", ""xyz"": [1.6890442427268355, 1.0293042268948611, 9.266373105536074]}, {""species"": [{""element"": ""Cs"", ""occu"": 1.0}], ""abc"": [0.73563106, 0.38068666, 0.61931334], ""properties"": {""magmom"": 0.01}, ""label"": ""Cs"", ""xyz"": [5.173155153890729, 3.386831243105139, 8.390284161979162]}, {""species"": [{""element"": ""Cs"", ""occu"": 1.0}], ""abc"": [0.26436894, 0.61931334, 0.38068666], ""properties"": {""magmom"": 0.01}, ""label"": ""Cs"", ""xyz"": [2.9875991861092714, 5.539188816894861, 5.843029958020839]}, {""species"": [{""element"": ""Cs"", ""occu"": 1.0}], ""abc"": [0.76436894, 0.8806866600000001, 0.11931334], ""properties"": {""magmom"": 0.01}, ""label"": ""Cs"", ""xyz"": [6.471710097273166, 7.89671583310514, 4.966941014463927]}, {""species"": [{""element"": ""Mn"", ""occu"": 1.0}], ""abc"": [0.25, 0.25, 0.25], ""properties"": {""magmom"": 4.419}, ""label"": ""Mn"", ""xyz"": [2.040188585, 2.231505015, 3.5583285300000003]}, {""species"": [{""element"": ""Mn"", ""occu"": 1.0}], ""abc"": [0.75, 0.75, 0.75], ""properties"": {""magmom"": 4.419}, ""label"": ""Mn"", ""xyz"": [6.120565755000001, 6.694515045, 10.67498559]}, {""species"": [{""element"": ""Mn"", ""occu"": 1.0}], ""abc"": [0.75, 0.47460591, 0.02539409], ""properties"": {""magmom"": 4.401}, ""label"": ""Mn"", ""xyz"": [5.441034255377563, 4.257398479663855, 2.9379547746733214]}, {""species"": [{""element"": ""Mn"", ""occu"": 1.0}], ""abc"": [0.75, 0.02539409, 0.47460591], ""properties"": {""magmom"": 4.401}, ""label"": ""Mn"", ""xyz"": [4.423727614622439, 0.20561155033614623, 6.06219673532668]}, {""species"": [{""element"": ""Mn"", ""occu"": 1.0}], ""abc"": [0.25, 0.9746059100000001, 0.52539409], ""properties"": {""magmom"": 4.401}, ""label"": ""Mn"", ""xyz"": [3.737026725377562, 8.720408509663855, 8.171117384673323]}, {""species"": [{""element"": ""Mn"", ""occu"": 1.0}], ""abc"": [0.25, 0.52539409, 0.9746059100000001], ""properties"": {""magmom"": 4.401}, ""label"": ""Mn"", ""xyz"": [2.7197200846224385, 4.668621580336146, 11.29535934532668]}, {""species"": [{""element"": ""S"", ""occu"": 1.0}], ""abc"": [0.93754411, 0.48015055, 0.21024684000000002], ""properties"": {""magmom"": 0.08700000000000001}, ""label"": ""S"", ""xyz"": [6.549053949847741, 4.298485058768651, 5.090418495096408]}, {""species"": [{""element"": ""S"", ""occu"": 1.0}], ""abc"": [0.1279425, 0.01984945, 0.28975316], ""properties"": {""magmom"": 0.08700000000000001}, ""label"": ""S"", ""xyz"": [0.8023153150911273, 0.1645249712313494, 3.091329456387907]}, {""species"": [{""element"": ""S"", ""occu"": 1.0}], ""abc"": [0.56245589, 0.28975316, 0.01984945], ""properties"": {""magmom"": 0.08700000000000001}, ""label"": ""S"", ""xyz"": [3.9269448117982657, 2.5989941362570073, 2.0325684823273673]}, {""species"": [{""element"": ""S"", ""occu"": 1.0}], ""abc"": [0.3720575, 0.21024684000000002, 0.48015055], ""properties"": {""magmom"": 0.08700000000000001}, ""label"": ""S"", ""xyz"": [2.6668249632628673, 1.864015893742993, 5.902492136188319]}, {""species"": [{""element"": ""S"", ""occu"": 1.0}], ""abc"": [0.43754411, 0.71024684, 0.9801505500000001], ""properties"": {""magmom"": 0.08700000000000001}, ""label"": ""S"", ""xyz"": [4.233809528201734, 6.327025923742993, 12.200745637672632]}, {""species"": [{""element"": ""S"", ""occu"": 1.0}], ""abc"": [0.6279425, 0.7897531600000001, 0.51984945], ""properties"": {""magmom"": 0.08700000000000001}, ""label"": ""S"", ""xyz"": [5.4939293767371336, 7.062004166257008, 8.330821983811683]}, {""species"": [{""element"": ""S"", ""occu"": 1.0}], ""abc"": [0.872057499999999, 0.9801505500000001, 0.71024684], ""properties"": {""magmom"": 0.08700000000000001}, ""label"": ""S"", ""xyz"": [7.3584390249088685, 8.761495088768651, 11.141984663612092]}, {""species"": [{""element"": ""S"", ""occu"": 1.0}], ""abc"": [0.06245589, 0.51984945, 0.7897531600000001], ""properties"": {""magmom"": 0.08700000000000001}, ""label"": ""S"", ""xyz"": [1.6117003901522606, 4.62753500123135, 9.142895624903593]}]}",0.0,0.409699999999999,24.479,0.059932060844758
72,mp-8932,Cs2SiP2,"{""@module"": ""pymatgen.core.structure"", ""@class"": ""Structure"", ""charge"": 0, ""lattice"": {""matrix"": [[5.77951905, -0.0, -2.24138927], [-1.27282715, 6.66443406, -3.28204049], [0.03603654, 0.01221919, 8.66498803]], ""pbc"": [true, true, true], ""a"": 6.198924609074064, ""b"": 7.5370126755807325, ""c"": 8.665071580827403, ""alpha"": 115.77941666300421, ""beta"": 110.95877760214513, ""gamma"": 89.9999980658223, ""volume"": 334.5562218589219}, ""properties"": {}, ""sites"": [{""species"": [{""element"": ""Cs"", ""occu"": 1.0}], ""abc"": [0.14861126, 0.9821156600000001, 0.29722252], ""properties"": {""magmom"": 0.0}, ""label"": ""Cs"", ""xyz"": [-0.38045099704278523, 6.548876873807538, -0.9810094675018184]}, {""species"": [{""element"": ""Cs"", ""occu"": 1.0}], ""abc"": [0.85138874, 0.017884340000000002, 0.7027774800000001], ""properties"": {""magmom"": 0.0}, ""label"": ""Cs"", ""xyz"": [4.923179437042785, 0.1277763761924616, 4.122567737501818]}, {""species"": [{""element"": ""Cs"", ""occu"": 1.0}], ""abc"": [0.35138874000000003, 0.68489414, 0.7027774800000001], ""properties"": {""magmom"": 0.0}, ""label"": ""Cs"", ""xyz"": [1.1844317292867157, 4.57301920566625, 3.054109201675016]}, {""species"": [{""element"": ""Cs"", ""occu"": 1.0}], ""abc"": [0.64861126, 0.31510586, 0.29722252], ""properties"": {""magmom"": 0.0}, ""label"": ""Cs"", ""xyz"": [3.358296710713285, 2.10363404433375, 0.08744906832498378]}, {""species"": [{""element"": ""Si"", ""occu"": 1.0}], ""abc"": [0.75, 0.5, 0.0], ""properties"": {""magmom"": -0.0}, ""label"": ""Si"", ""xyz"": [3.6982257125, 3.33221703, -3.3220621975]}, {""species"": [{""element"": ""Si"", ""occu"": 1.0}], ""abc"": [0.25, 0.5, 0.0], ""properties"": {""magmom"": -0.0}, ""label"": ""Si"", ""xyz"": [0.8084661875000001, 3.33221703, -2.2013675624999998]}, {""species"": [{""element"": ""P"", ""occu"": 1.0}], ""abc"": [0.58599155, 0.7360691500000001, 0.17198409], ""properties"": {""magmom"": 0.0}, ""label"": ""P"", ""xyz"": [2.456058239505254, 4.907585820047936, -2.2390038450201093]}, {""species"": [{""element"": ""P"", ""occu"": 1.0}], ""abc"": [0.91400845, 0.56408706, 0.82801591], ""properties"": {""magmom"": 0.0}, ""label"": ""P"", ""xyz"": [4.594382752165646, 3.769438699196576, 3.2747426454751665]}, {""species"": [{""element"": ""P"", ""occu"": 1.0}], ""abc"": [0.08599155, 0.43591294, 0.17198409], ""properties"": {""magmom"": 0.0}, ""label"": ""P"", ""xyz"": [-0.05165431216564489, 2.9072145508034235, -0.13318437547516648]}, {""species"": [{""element"": ""P"", ""occu"": 1.0}], ""abc"": [0.41400845000000003, 0.26393085, 0.82801591], ""properties"": {""magmom"": 0.0}, ""label"": ""P"", ""xyz"": [2.086670200494747, 1.7690674299520637, 5.380562115020109]}]}",0.0,1.2699,15.288,0.0
82,mp-23485,Ag2HgI4,"{""@module"": ""pymatgen.core.structure"", ""@class"": ""Structure"", ""charge"": 0.0, ""lattice"": {""matrix"": [[-3.21294932, 3.2129497, 6.45974822], [3.21294932, -3.2129497, 6.45974822], [3.2129497, 3.21294932, -6.45974822]], ""pbc"": [true, true, true], ""a"": 7.897748804147402, ""b"": 7.897748804147402, ""c"": 7.897748804147402, ""alpha"": 131.98974487886707, ""beta"": 131.98974487886707, ""gamma"": 70.24522421751104, ""volume"": 266.73707472580065}, ""properties"": {}, ""sites"": [{""species"": [{""element"": ""Ag"", ""occu"": 1.0}], ""abc"": [0.25, 0.75, 0.5], ""properties"": {""magmom"": -0.0}, ""label"": ""Ag"", ""xyz"": [3.2129495099999996, -1.9000000017754815e-07, 3.22987411]}, {""species"": [{""element"": ""Ag"", ""occu"": 1.0}], ""abc"": [0.5, 0.5, -0.0], ""properties"": {""magmom"": 0.0}, ""label"": ""Ag"", ""xyz"": [0.0, 0.0, 6.45974822]}, {""species"": [{""element"": ""Hg"", ""occu"": 1.0}], ""abc"": [-0.0, 0.0, -0.0], ""properties"": {""magmom"": 0.0}, ""label"": ""Hg"", ""xyz"": [0.0, 0.0, 0.0]}, {""species"": [{""element"": ""I"", ""occu"": 1.0}], ""abc"": [0.63146423, 0.13227296, 0.02843016], ""properties"": {""magmom"": -0.0}, ""label"": ""I"", ""xyz"": [-1.512531577453484, 1.69522110442861, 4.749898278195987]}, {""species"": [{""element"": ""I"", ""occu"": 1.0}], ""abc"": [0.86772704, 0.89615721, 0.49919128], ""properties"": {""magmom"": -0.0}, ""label"": ""I"", ""xyz"": [1.6952211686876004, 1.5125315774534802, 8.169598161804014]}, {""species"": [{""element"": ""I"", ""occu"": 1.0}], ""abc"": [0.10384279, 0.60303407, 0.97156984], ""properties"": {""magmom"": -0.0}, ""label"": ""I"", ""xyz"": [4.725481309582977, 1.5177281834418928, -1.7098500064014956]}, {""species"": [{""element"": ""I"", ""occu"": 1.0}], ""abc"": [0.39696593, 0.36853577, 0.50080872], ""properties"": {""magmom"": -0.0}, ""label"": ""I"", ""xyz"": [1.5177285634418924, 1.7004177104170224, 1.709850006401496]}]}",0.0,1.2219,10.806000000000001,0.0
82,mp-5928,Al2CdS4,"{""@module"": ""pymatgen.core.structure"", ""@class"": ""Structure"", ""charge"": 0, ""lattice"": {""matrix"": [[5.04994862, 0.00042002, -2.39674117], [-1.13677988, 4.92019916, -2.39642361], [-0.03720201, -0.04638689, 6.4409696]], ""pbc"": [true, true, true], ""a"": 5.589843421512778, ""b"": 5.589586244813023, ""c"": 6.4412440662682595, ""alpha"": 115.71381195689983, ""beta"": 115.71959138165508, ""gamma"": 89.99084269355751, ""volume"": 158.91384085527508}, ""properties"": {}, ""sites"": [{""species"": [{""element"": ""Al"", ""occu"": 1.0}], ""abc"": [0.25003024, 0.75003263, 0.50000297], ""properties"": {""magmom"": -0.0}, ""label"": ""Al"", ""xyz"": [0.3914167468288149, 3.6672213510309324, 0.8238502569243376]}, {""species"": [{""element"": ""Al"", ""occu"": 1.0}], ""abc"": [-7.019999999999996e-06, 8.89e-06, -1.6510000000000003e-05], ""properties"": {""magmom"": -0.0}, ""label"": ""Al"", ""xyz"": [-4.494240726049998e-05, 4.45034695459e-05, -0.00011081949097550003]}, {""species"": [{""element"": ""Cd"", ""occu"": 1.0}], ""abc"": [0.50005278, 0.50002228, 4.194e-05], ""properties"": {""magmom"": -0.0}, ""label"": ""Cd"", ""xyz"": [1.956824018580138, 2.4604172887397744, -2.396492148051959]}, {""species"": [{""element"": ""S"", ""occu"": 1.0}], ""abc"": [0.91414806, 0.89893073, 0.26854955], ""properties"": {""magmom"": 0.0}, ""label"": ""S"", ""xyz"": [3.58452378365037, 4.410845004676949, -2.6154756283604845]}, {""species"": [{""element"": ""S"", ""occu"": 1.0}], ""abc"": [0.35434621, 0.36962434, 0.26854444], ""properties"": {""magmom"": 0.0}, ""label"": ""S"", ""xyz"": [1.359258248379127, 1.8063172582802869, -0.00536607085810914]}, {""species"": [{""element"": ""S"", ""occu"": 1.0}], ""abc"": [0.10111314, 0.645543299999999, 0.7314855100000001], ""properties"": {""magmom"": 0.0}, ""label"": ""S"", ""xyz"": [-0.25043720455981117, 3.1423127340557224, 2.922138701887212]}, {""species"": [{""element"": ""S"", ""occu"": 1.0}], ""abc"": [0.630317599999999, 0.08583682000000001, 0.731390099999999], ""properties"": {""magmom"": -0.0}, ""label"": ""S"", ""xyz"": [3.058284742528425, 0.3886720835436343, 2.994451875690044]}]}",0.0,2.7262999999999993,38.504,0.0
82,mp-3159,Al2CdSe4,"{""@module"": ""pymatgen.core.structure"", ""@class"": ""Structure"", ""charge"": 0, ""lattice"": {""matrix"": [[5.24566935, -1.291e-05, -2.48569958], [-1.17785999, 5.11171589, -2.48571146], [0.0052756800000000005, 0.00664831, 6.7890583]], ""pbc"": [true, true, true], ""a"": 5.804803987363248, ""b"": 5.804804472029754, ""c"": 6.789063605065444, ""alpha"": 115.30971967725576, ""beta"": 115.30974641449832, ""gamma"": 89.99999678331766, ""volume"": 182.21741497767087}, ""properties"": {}, ""sites"": [{""species"": [{""element"": ""Al"", ""occu"": 1.0}], ""abc"": [0.25, 0.75, 0.5], ""properties"": {""magmom"": 0.0}, ""label"": ""Al"", ""xyz"": [0.43066018500000003, 3.8371078450000002, 0.90882066]}, {""species"": [{""element"": ""Al"", ""occu"": 1.0}], ""abc"": [0.5, 0.5, -0.0], ""properties"": {""magmom"": 0.0}, ""label"": ""Al"", ""xyz"": [2.03390468, 2.5558514900000002, -2.48570552]}, {""species"": [{""element"": ""Cd"", ""occu"": 1.0}], ""abc"": [0.0, 0.0, -0.0], ""properties"": {""magmom"": 0.0}, ""label"": ""Cd"", ""xyz"": [0.0, 0.0, 0.0]}, {""species"": [{""element"": ""Se"", ""occu"": 1.0}], ""abc"": [0.8666791500000001, 0.86725426, 0.27310909], ""properties"": {""magmom"": -0.0}, ""label"": ""Se"", ""xyz"": [3.526248995591927, 4.434961906578503, -2.4558943176956305]}, {""species"": [{""element"": ""Se"", ""occu"": 1.0}], ""abc"": [0.40643094, 0.40585382000000003, 0.27310909], ""properties"": {""magmom"": -0.0}, ""label"": ""Se"", ""xyz"": [1.655404184646958, 2.076419887581902, -0.16494717404583592]}, {""species"": [{""element"": ""Se"", ""occu"": 1.0}], ""abc"": [0.13274574, 0.59356906, 0.7268909100000001], ""properties"": {""magmom"": -0.0}, ""label"": ""Se"", ""xyz"": [0.0010338564212284394, 3.038987278172722, 3.1294973208218364]}, {""species"": [{""element"": ""Se"", ""occu"": 1.0}], ""abc"": [0.59414618, 0.13332085, 0.7268909100000001], ""properties"": {""magmom"": -0.0}, ""label"": ""Se"", ""xyz"": [2.9634959546338604, 0.6863232330919848, 3.126638690943508]}]}",0.0,2.004699999999999,31.918,6.0367446225422295e-09
87,mp-27743,BiF5,"{""@module"": ""pymatgen.core.structure"", ""@class"": ""Structure"", ""charge"": 0, ""lattice"": {""matrix"": [[3.89707887, 1e-08, 1.7708028900000001], [1.94845885, 4.52095028, 0.88557767], [0.07828047, -0.00019324, 5.00135955]], ""pbc"": [true, true, true], ""a"": 4.280533447390971, ""b"": 5.001972724233712, ""c"": 5.001972132839339, ""alpha"": 79.4504770887732, ""beta"": 64.66660398074809, ""gamma"": 64.66662422561969, ""volume"": 87.48976145342536}, ""properties"": {}, ""sites"": [{""species"": [{""element"": ""Bi"", ""occu"": 1.0}], ""abc"": [0.0, -0.0, -0.0], ""properties"": {""magmom"": -0.0}, ""label"": ""Bi"", ""xyz"": [0.0, 0.0, 0.0]}, {""species"": [{""element"": ""F"", ""occu"": 1.0}], ""abc"": [0.7056114, 0.19388137, 0.39489582], ""properties"": {""magmom"": 0.0}, ""label"": ""F"", ""xyz"": [3.158505778988378, 0.8764517313761409, 3.396211698850035]}, {""species"": [{""element"": ""F"", ""occu"": 1.0}], ""abc"": [0.5, -0.0, -0.0], ""properties"": {""magmom"": -0.0}, ""label"": ""F"", ""xyz"": [1.948539435, 5e-09, 0.8854014450000001]}, {""species"": [{""element"": ""F"", ""occu"": 1.0}], ""abc"": [0.2943886, 0.8061186300000001, 0.60510418], ""properties"": {""magmom"": 0.0}, ""label"": ""F"", ""xyz"": [2.7653124110116223, 3.64430531862386, 4.261528411149965]}, {""species"": [{""element"": ""F"", ""occu"": 1.0}], ""abc"": [0.89949378, 0.39489582, 0.8061186300000001], ""properties"": {""magmom"": 0.0}, ""label"": ""F"", ""xyz"": [4.337939804273592, 1.7851486026307064, 5.974226213912781]}, {""species"": [{""element"": ""F"", ""occu"": 1.0}], ""abc"": [0.10050622000000001, 0.60510418, 0.19388137], ""properties"": {""magmom"": 0.0}, ""label"": ""F"", ""xyz"": [1.5858783857264083, 2.7356084473692936, 1.68351389608722]}]}",0.0,1.8137999999999992,13.737,0.0
87,mp-2371,Ga2Te5,"{""@module"": ""pymatgen.core.structure"", ""@class"": ""Structure"", ""charge"": 0, ""lattice"": {""matrix"": [[6.46662796, -0.0468843, -1.8052021200000001], [-3.73575518, 5.27930526, -1.80458055], [0.023914130000000002, 0.04535697, 6.70873062]], ""pbc"": [true, true, true], ""a"": 6.714032320795957, ""b"": 6.714420433261444, ""c"": 6.708926566304539, ""alpha"": 105.3920064961135, ""beta"": 105.39525172512216, ""gamma"": 117.97618317542356, ""volume"": 228.92146841272137}, ""properties"": {}, ""sites"": [{""species"": [{""element"": ""Ga"", ""occu"": 1.0}], ""abc"": [0.25002969, 0.749964699999999, 0.5000125400000001], ""properties"": {""magmom"": -0.0}, ""label"": ""Ga"", ""xyz"": [-1.1728781637748196, 3.970249172305854, 1.5497236002244492]}, {""species"": [{""element"": ""Ga"", ""occu"": 1.0}], ""abc"": [0.74997031, 0.2500353, 0.49998746], ""properties"": {""magmom"": -0.0}, ""label"": ""Ga"", ""xyz"": [3.9276650737748238, 1.3075287576941412, 1.5492243497755527]}, {""species"": [{""element"": ""Te"", ""occu"": 1.0}], ""abc"": [0.177954199999999, 0.67128296, 0.84966733], ""properties"": {""magmom"": 0.0}, ""label"": ""Te"", ""xyz"": [-1.336666134759934, 3.5741027391741, 4.167561761319314]}, {""species"": [{""element"": ""Te"", ""occu"": 1.0}], ""abc"": [0.822045799999999, 0.32871704, 0.15033267], ""properties"": {""magmom"": 0.0}, ""label"": ""Te"", ""xyz"": [4.0914530447599216, 1.7036751908259005, -1.0686138113193109]}, {""species"": [{""element"": ""Te"", ""occu"": 1.0}], ""abc"": [0.67135282, 0.82183523, 0.49301331000000004], ""properties"": {""magmom"": 0.0}, ""label"": ""Te"", ""xyz"": [1.2830036836449263, 4.329604735484855, 0.6124980835697977]}, {""species"": [{""element"": ""Te"", ""occu"": 1.0}], ""abc"": [0.32864718, 0.17816477, 0.50698669], ""properties"": {""magmom"": 0.0}, ""label"": ""Te"", ""xyz"": [1.4717832263550739, 0.9481731945151455, 2.4864498664302026]}, {""species"": [{""element"": ""Te"", ""occu"": 1.0}], ""abc"": [0.0, 0.0, 0.0], ""properties"": {""magmom"": -0.0}, ""label"": ""Te"", ""xyz"": [0.0, 0.0, 0.0]}]}",0.0,0.7230999999999991,13.543,0.0
88,mp-23562,KIO4,"{""@module"": ""pymatgen.core.structure"", ""@class"": ""Structure"", ""charge"": 0, ""lattice"": {""matrix"": [[5.30034505, 0.00177499, -2.18726194], [-0.90456219, 5.21913168, -2.18711109], [-0.02824234, -0.03324377, 7.42082693]], ""pbc"": [true, true, true], ""a"": 5.7339145087646335, ""b"": 5.730708784152115, ""c"": 7.420955134147201, ""alpha"": 112.65119479131585, ""beta"": 112.64208195508074, ""gamma"": 90.00251606331464, ""volume"": 204.5222815170481}, ""properties"": {}, ""sites"": [{""species"": [{""element"": ""K"", ""occu"": 1.0}], ""abc"": [0.62485776, 0.87490394, 0.24985734], ""properties"": {""magmom"": 0.0}, ""label"": ""K"", ""xyz"": [2.5135001552162834, 4.559041786542471, -1.4260916288901835]}, {""species"": [{""element"": ""K"", ""occu"": 1.0}], ""abc"": [0.37514224, 0.12509606, 0.75014266], ""properties"": {""magmom"": 0.0}, ""label"": ""K"", ""xyz"": [1.854040364783716, 0.6286211134575302, 4.472545528890182]}, {""species"": [{""element"": ""I"", ""occu"": 1.0}], ""abc"": [0.8750617900000001, 0.62513725, 0.7499335300000001], ""properties"": {""magmom"": 0.0}, ""label"": ""I"", ""xyz"": [4.051474029428402, 3.239296233963104, 2.283892974471588]}, {""species"": [{""element"": ""I"", ""occu"": 1.0}], ""abc"": [0.12493821000000001, 0.37486275, 0.25006647], ""properties"": {""magmom"": 0.0}, ""label"": ""I"", ""xyz"": [0.3160664905715982, 1.9483666660368963, 0.762560925528412]}, {""species"": [{""element"": ""O"", ""occu"": 1.0}], ""abc"": [0.92892333, 0.76448525, 0.59013752], ""properties"": {""magmom"": -0.0}, ""label"": ""O"", ""xyz"": [4.215422857545722, 3.9719796208059863, 0.6754955875159299]}, {""species"": [{""element"": ""O"", ""occu"": 1.0}], ""abc"": [0.82606922, 0.42879384, 0.09064029], ""properties"": {""magmom"": 0.0}, ""label"": ""O"", ""xyz"": [3.988021312327573, 2.2363845541841654, -2.0720236225241626]}, {""species"": [{""element"": ""O"", ""occu"": 1.0}], ""abc"": [0.26436706, 0.16112964, 0.09051297], ""properties"": {""magmom"": -0.0}, ""label"": ""O"", ""xyz"": [1.2529285597485915, 0.8384170652421277, -0.25896734580912206]}, {""species"": [{""element"": ""O"", ""occu"": 1.0}], ""abc"": [0.66177727, 0.32650561, 0.59060522], ""properties"": {""magmom"": 0.0}, ""label"": ""O"", ""xyz"": [3.1956231741891123, 1.6856164767907227, 2.221194845568256]}, {""species"": [{""element"": ""O"", ""occu"": 1.0}], ""abc"": [0.33822273, 0.67349439, 0.40939478], ""properties"": {""magmom"": 0.0}, ""label"": ""O"", ""xyz"": [1.1719173458108874, 3.5020464232092774, 0.825259054431744]}, {""species"": [{""element"": ""O"", ""occu"": 1.0}], ""abc"": [0.73563294, 0.83887036, 0.90948703], ""properties"": {""magmom"": -0.0}, ""label"": ""O"", ""xyz"": [3.1146119602514077, 4.349245834757872, 3.3054212458091214]}, {""species"": [{""element"": ""O"", ""occu"": 1.0}], ""abc"": [0.17393078, 0.57120616, 0.90935971], ""properties"": {""magmom"": 0.0}, ""label"": ""O"", ""xyz"": [0.37951920767242714, 2.951278345815835, 5.118477522524162]}, {""species"": [{""element"": ""O"", ""occu"": 1.0}], ""abc"": [0.07107667, 0.23551475, 0.40986248000000003], ""properties"": {""magmom"": -0.0}, ""label"": ""O"", ""xyz"": [0.15211766245427774, 1.2156832791940138, 2.370958312484069]}]}",0.0,2.349199999999999,20.199,0.0
88,mp-4757,KReO4,"{""@module"": ""pymatgen.core.structure"", ""@class"": ""Structure"", ""charge"": 0, ""lattice"": {""matrix"": [[-2.842120839999999, 2.84212121, 6.26118725], [2.842120839999999, -2.84212121, 6.26118725], [2.84212121, 2.842120839999999, -6.26118725]], ""pbc"": [true, true, true], ""a"": 7.440280211192098, ""b"": 7.440280211192098, ""c"": 7.440280211192098, ""alpha"": 135.08585537169225, ""beta"": 135.08585537169225, ""gamma"": 65.39682887152121, ""volume"": 202.30276486447855}, ""properties"": {}, ""sites"": [{""species"": [{""element"": ""K"", ""occu"": 1.0}], ""abc"": [0.5, 0.5, 0.0], ""properties"": {""magmom"": -0.0}, ""label"": ""K"", ""xyz"": [0.0, 0.0, 6.26118725]}, {""species"": [{""element"": ""K"", ""occu"": 1.0}], ""abc"": [0.25, 0.75, 0.5], ""properties"": {""magmom"": -0.0}, ""label"": ""K"", ""xyz"": [2.842121024999999, -1.850000006520247e-07, 3.130593625]}, {""species"": [{""element"": ""Re"", ""occu"": 1.0}], ""abc"": [0.75, 0.25, 0.5], ""properties"": {""magmom"": 0.0}, ""label"": ""Re"", ""xyz"": [1.8500000087406931e-07, 2.8421210249999995, 3.130593625]}, {""species"": [{""element"": ""Re"", ""occu"": 1.0}], ""abc"": [-0.0, 0.0, 0.0], ""properties"": {""magmom"": 0.0}, ""label"": ""Re"", ""xyz"": [0.0, 0.0, 0.0]}, {""species"": [{""element"": ""O"", ""occu"": 1.0}], ""abc"": [0.702442799999999, 0.7944374200000001, 0.65538081], ""properties"": {""magmom"": 0.0}, ""label"": ""O"", ""xyz"": [2.124131527397864, 1.6012115975291867, 5.268785376774516]}, {""species"": [{""element"": ""O"", ""occu"": 1.0}], ""abc"": [0.79706199, 0.952442799999999, 0.40800538000000003], ""properties"": {""magmom"": 0.0}, ""label"": ""O"", ""xyz"": [1.6012117825291874, 0.7179894976021413, 8.399379001774514]}, {""species"": [{""element"": ""O"", ""occu"": 1.0}], ""abc"": [0.5444374200000001, 0.38905661, 0.59199462], ""properties"": {""magmom"": 0.0}, ""label"": ""O"", ""xyz"": [1.2409094274708101, 2.1241313423978605, 2.1381917517745226]}, {""species"": [{""element"": ""O"", ""occu"": 1.0}], ""abc"": [0.13905661, 0.04706199, 0.34461919], ""properties"": {""magmom"": 0.0}, ""label"": ""O"", ""xyz"": [0.7179896826021394, 1.2409092424708095, -0.9924018732254778]}, {""species"": [{""element"": ""O"", ""occu"": 1.0}], ""abc"": [0.61094339, 0.20293801, 0.15538081], ""properties"": {""magmom"": 0.0}, ""label"": ""O"", ""xyz"": [-0.7179894976021384, 1.60121178252919, 4.122995498225477]}, {""species"": [{""element"": ""O"", ""occu"": 1.0}], ""abc"": [0.20556258, 0.86094339, 0.90800538], ""properties"": {""magmom"": 0.0}, ""label"": ""O"", ""xyz"": [4.44333280752919, 0.7179893126021377, 0.9924018732254778]}, {""species"": [{""element"": ""O"", ""occu"": 1.0}], ""abc"": [0.95293801, 0.297557199999999, 0.09199462], ""properties"": {""magmom"": 0.0}, ""label"": ""O"", ""xyz"": [-1.6012115975291925, 2.124131527397864, 7.2535891232254714]}, {""species"": [{""element"": ""O"", ""occu"": 1.0}], ""abc"": [0.0475572, 0.45556258, 0.84461919], ""properties"": {""magmom"": 0.0}, ""label"": ""O"", ""xyz"": [3.5601107076021385, 1.2409090574708088, -2.1381917517745226]}]}",0.0,3.6923,18.263,0.0
88,mp-7621,KTcO4,"{""@module"": ""pymatgen.core.structure"", ""@class"": ""Structure"", ""charge"": 0, ""lattice"": {""matrix"": [[5.23003131, -6.610000000000002e-05, -2.09647908], [-0.84033812, 5.16205527, -2.09653216], [-0.045859580000000004, -0.0538511, 7.45744605]], ""pbc"": [true, true, true], ""a"": 5.634576473953226, ""b"": 5.6345745060629175, ""c"": 7.457781481828867, ""alpha"": 112.1953050079535, ""beta"": 112.19530102167407, ""gamma"": 90.00000013797262, ""volume"": 200.1519057657188}, ""properties"": {}, ""sites"": [{""species"": [{""element"": ""K"", ""occu"": 1.0}], ""abc"": [0.375, 0.125, 0.75], ""properties"": {""magmom"": 0.0}, ""label"": ""K"", ""xyz"": [1.8218247912499999, 0.60484379625, 4.544838362499999]}, {""species"": [{""element"": ""K"", ""occu"": 1.0}], ""abc"": [0.625, 0.875, 0.25], ""properties"": {""magmom"": 0.0}, ""label"": ""K"", ""xyz"": [2.5220088187500003, 4.503294273750001, -1.2804035525000002]}, {""species"": [{""element"": ""Tc"", ""occu"": 1.0}], ""abc"": [0.875, 0.625, 0.75], ""properties"": {""magmom"": 0.0}, ""label"": ""Tc"", ""xyz"": [4.0166713862500005, 3.18583838125, 2.448332742499999]}, {""species"": [{""element"": ""Tc"", ""occu"": 1.0}], ""abc"": [0.125, 0.375, 0.25], ""properties"": {""magmom"": 0.0}, ""label"": ""Tc"", ""xyz"": [0.3271622237500001, 1.92229968875, 0.8161020674999999]}, {""species"": [{""element"": ""O"", ""occu"": 1.0}], ""abc"": [0.9159960500000001, 0.32780596, 0.59551553], ""properties"": {""magmom"": 0.0}, ""label"": ""O"", ""xyz"": [4.487910085095853, 1.6600227696589211, 1.833402643344849]}, {""species"": [{""element"": ""O"", ""occu"": 1.0}], ""abc"": [0.26770957, 0.41599605, 0.09551553], ""properties"": {""magmom"": 0.0}, ""label"": ""O"", ""xyz"": [1.0461717924129332, 2.1422332902415233, -0.7210946983666071]}, {""species"": [{""element"": ""O"", ""occu"": 1.0}], ""abc"": [0.8278059600000001, 0.17951948, 0.09551553], ""properties"": {""magmom"": 0.0}, ""label"": ""O"", ""xyz"": [4.1742137249887525, 0.9214911434701206, -1.3995443286936373]}, {""species"": [{""element"": ""O"", ""occu"": 1.0}], ""abc"": [0.6795194800000001, 0.7677095700000001, 0.59551553], ""properties"": {""magmom"": 0.0}, ""label"": ""O"", ""xyz"": [2.8814624473058332, 3.9308451490527228, 1.406898759594906]}, {""species"": [{""element"": ""O"", ""occu"": 1.0}], ""abc"": [0.32048052, 0.23229043, 0.40448447], ""properties"": {""magmom"": 0.0}, ""label"": ""O"", ""xyz"": [1.462371162694167, 1.1772929209472769, 1.857536050405093]}, {""species"": [{""element"": ""O"", ""occu"": 1.0}], ""abc"": [0.17219404, 0.82048052, 0.90448447], ""properties"": {""magmom"": 0.0}, ""label"": ""O"", ""xyz"": [0.16961988501124747, 4.186646926529879, 4.6639791386936365]}, {""species"": [{""element"": ""O"", ""occu"": 1.0}], ""abc"": [0.73229043, 0.58400395, 0.90448447], ""properties"": {""magmom"": 0.0}, ""label"": ""O"", ""xyz"": [3.297661817587067, 2.9659047797584766, 3.9855295083666062]}, {""species"": [{""element"": ""O"", ""occu"": 1.0}], ""abc"": [0.08400395000000001, 0.67219404, 0.40448447], ""properties"": {""magmom"": 0.0}, ""label"": ""O"", ""xyz"": [-0.14407647509585284, 3.448115300341079, 1.4310321666551507]}]}",0.0,3.1886,17.135,0.0
92,mp-7623,MgAs4,"{""@module"": ""pymatgen.core.structure"", ""@class"": ""Structure"", ""charge"": 0, ""lattice"": {""matrix"": [[5.42958383, 0.0, 0.0], [-0.0, 5.42958383, -0.0], [-0.0, 0.0, 15.93397421]], ""pbc"": [true, true, true], ""a"": 5.42958383, ""b"": 5.42958383, ""c"": 15.93397421, ""alpha"": 90.0, ""beta"": 90.0, ""gamma"": 90.0, ""volume"": 469.7396236555229}, ""properties"": {}, ""sites"": [{""species"": [{""element"": ""Mg"", ""occu"": 1.0}], ""abc"": [0.80307451, 0.80307451, 0.5], ""properties"": {""magmom"": -0.0}, ""label"": ""Mg"", ""xyz"": [4.360360373781173, 4.360360373781173, 7.966987105]}, {""species"": [{""element"": ""Mg"", ""occu"": 1.0}], ""abc"": [0.69692549, 0.30307451, 0.75], ""properties"": {""magmom"": -0.0}, ""label"": ""Mg"", ""xyz"": [3.784015371218827, 1.6455684587811734, 11.9504806575]}, {""species"": [{""element"": ""Mg"", ""occu"": 1.0}], ""abc"": [0.30307451, 0.69692549, 0.25], ""properties"": {""magmom"": -0.0}, ""label"": ""Mg"", ""xyz"": [1.6455684587811734, 3.784015371218827, 3.9834935525]}, {""species"": [{""element"": ""Mg"", ""occu"": 1.0}], ""abc"": [0.19692549, 0.19692549, -0.0], ""properties"": {""magmom"": -0.0}, ""label"": ""Mg"", ""xyz"": [1.0692234562188268, 1.0692234562188268, 0.0]}, {""species"": [{""element"": ""As"", ""occu"": 1.0}], ""abc"": [0.40014389, 0.4787342, 0.87498271], ""properties"": {""magmom"": 0.0}, ""label"": ""As"", ""xyz"": [2.172614794817299, 2.599327471187986, 13.94195193533591]}, {""species"": [{""element"": ""As"", ""occu"": 1.0}], ""abc"": [0.9001438900000001, 0.021265799999999002, 0.8750172900000001], ""properties"": {""magmom"": 0.0}, ""label"": ""As"", ""xyz"": [4.8874067098172995, 0.11546444381200859, 13.942502932164093]}, {""species"": [{""element"": ""As"", ""occu"": 1.0}], ""abc"": [0.9787342, 0.09985611, 0.62498271], ""properties"": {""magmom"": 0.0}, ""label"": ""As"", ""xyz"": [5.314119386187986, 0.5421771201827014, 9.95845838283591]}, {""species"": [{""element"": ""As"", ""occu"": 1.0}], ""abc"": [0.021265799999999002, 0.9001438900000001, 0.12498271], ""properties"": {""magmom"": 0.0}, ""label"": ""As"", ""xyz"": [0.11546444381200859, 4.8874067098172995, 1.9914712778359092]}, {""species"": [{""element"": ""As"", ""occu"": 1.0}], ""abc"": [0.67617833, 0.06842713, 0.20253262], ""properties"": {""magmom"": -0.0}, ""label"": ""As"", ""xyz"": [3.6713669267644042, 0.3715308385813079, 3.2271495437637303]}, {""species"": [{""element"": ""As"", ""occu"": 1.0}], ""abc"": [0.43157287, 0.17617833, 0.45253262], ""properties"": {""magmom"": -0.0}, ""label"": ""As"", ""xyz"": [2.3432610764186923, 0.956575011764404, 7.2106430962637305]}, {""species"": [{""element"": ""As"", ""occu"": 1.0}], ""abc"": [0.56842713, 0.8238216700000001, 0.95253262], ""properties"": {""magmom"": -0.0}, ""label"": ""As"", ""xyz"": [3.086322753581308, 4.473008818235597, 15.177630201263732]}, {""species"": [{""element"": ""As"", ""occu"": 1.0}], ""abc"": [0.17617833, 0.43157287, 0.5474673800000001], ""properties"": {""magmom"": -0.0}, ""label"": ""As"", ""xyz"": [0.956575011764404, 2.3432610764186923, 8.723331113736272]}, {""species"": [{""element"": ""As"", ""occu"": 1.0}], ""abc"": [0.8238216700000001, 0.56842713, 0.04746738], ""properties"": {""magmom"": -0.0}, ""label"": ""As"", ""xyz"": [4.473008818235597, 3.086322753581308, 0.7563440087362698]}, {""species"": [{""element"": ""As"", ""occu"": 1.0}], ""abc"": [0.32382167, 0.93157287, 0.70253262], ""properties"": {""magmom"": -0.0}, ""label"": ""As"", ""xyz"": [1.7582169032355963, 5.058052991418692, 11.194136648763731]}, {""species"": [{""element"": ""As"", ""occu"": 1.0}], ""abc"": [0.06842713, 0.67617833, 0.7974673800000001], ""properties"": {""magmom"": -0.0}, ""label"": ""As"", ""xyz"": [0.3715308385813079, 3.6713669267644042, 12.70682466623627]}, {""species"": [{""element"": ""As"", ""occu"": 1.0}], ""abc"": [0.93157287, 0.32382167, 0.29746738], ""properties"": {""magmom"": -0.0}, ""label"": ""As"", ""xyz"": [5.058052991418692, 1.7582169032355963, 4.73983756123627]}, {""species"": [{""element"": ""As"", ""occu"": 1.0}], ""abc"": [0.59985611, 0.5212658, 0.37498271], ""properties"": {""magmom"": 0.0}, ""label"": ""As"", ""xyz"": [3.256969035182702, 2.830256358812014, 5.974964830335909]}, {""species"": [{""element"": ""As"", ""occu"": 1.0}], ""abc"": [0.4787342, 0.40014389, 0.12501729], ""properties"": {""magmom"": 0.0}, ""label"": ""As"", ""xyz"": [2.599327471187986, 2.172614794817299, 1.992022274664091]}, {""species"": [{""element"": ""As"", ""occu"": 1.0}], ""abc"": [0.5212658, 0.59985611, 0.6250172900000001], ""properties"": {""magmom"": 0.0}, ""label"": ""As"", ""xyz"": [2.830256358812014, 3.256969035182702, 9.959009379664092]}, {""species"": [{""element"": ""As"", ""occu"": 1.0}], ""abc"": [0.09985611, 0.9787342, 0.37501729], ""properties"": {""magmom"": 0.0}, ""label"": ""As"", ""xyz"": [0.5421771201827014, 5.314119386187986, 5.975515827164092]}]}",0.0,0.8144,43.341,0.0
92,mp-8537,S(OF)2,"{""@module"": ""pymatgen.core.structure"", ""@class"": ""Structure"", ""charge"": 0, ""lattice"": {""matrix"": [[5.11710755, -0.0, 0.0], [0.0, 5.11710755, 0.0], [0.0, 0.0, 11.30394748]], ""pbc"": [true, true, true], ""a"": 5.11710755, ""b"": 5.11710755, ""c"": 11.30394748, ""alpha"": 90.0, ""beta"": 90.0, ""gamma"": 90.0, ""volume"": 295.9914872979763}, ""properties"": {}, ""sites"": [{""species"": [{""element"": ""S"", ""occu"": 1.0}], ""abc"": [0.91991797, 0.91991797, 0.5], ""properties"": {""magmom"": -0.0}, ""label"": ""S"", ""xyz"": [4.707319189667674, 4.707319189667674, 5.65197374]}, {""species"": [{""element"": ""S"", ""occu"": 1.0}], ""abc"": [0.58008203, 0.41991797000000003, 0.75], ""properties"": {""magmom"": -0.0}, ""label"": ""S"", ""xyz"": [2.9683421353323265, 2.1487654146676736, 8.47796061]}, {""species"": [{""element"": ""S"", ""occu"": 1.0}], ""abc"": [0.41991797000000003, 0.58008203, 0.25], ""properties"": {""magmom"": -0.0}, ""label"": ""S"", ""xyz"": [2.1487654146676736, 2.9683421353323265, 2.82598687]}, {""species"": [{""element"": ""S"", ""occu"": 1.0}], ""abc"": [0.08008203, 0.08008203, 0.0], ""properties"": {""magmom"": -0.0}, ""label"": ""S"", ""xyz"": [0.4097883603323265, 0.4097883603323265, 0.0]}, {""species"": [{""element"": ""O"", ""occu"": 1.0}], ""abc"": [0.99016093, 0.66969535, 0.46067972], ""properties"": {""magmom"": -0.0}, ""label"": ""O"", ""xyz"": [5.066759970618022, 3.4269031316848926, 5.207499359981106]}, {""species"": [{""element"": ""O"", ""occu"": 1.0}], ""abc"": [0.00983907, 0.33030465000000003, 0.96067972], ""properties"": {""magmom"": -0.0}, ""label"": ""O"", ""xyz"": [0.0503475793819785, 1.6902044183151077, 10.859473099981106]}, {""species"": [{""element"": ""O"", ""occu"": 1.0}], ""abc"": [0.66969535, 0.99016093, 0.53932028], ""properties"": {""magmom"": -0.0}, ""label"": ""O"", ""xyz"": [3.4269031316848926, 5.066759970618022, 6.096448120018894]}, {""species"": [{""element"": ""O"", ""occu"": 1.0}], ""abc"": [0.16969535, 0.5098390700000001, 0.21067972000000001], ""properties"": {""magmom"": -0.0}, ""label"": ""O"", ""xyz"": [0.8683493566848924, 2.608901354381979, 2.3815124899811058]}, {""species"": [{""element"": ""O"", ""occu"": 1.0}], ""abc"": [0.49016093, 0.83030465, 0.28932028], ""properties"": {""magmom"": -0.0}, ""label"": ""O"", ""xyz"": [2.5082061956180217, 4.2487581933151075, 3.270461250018894]}, {""species"": [{""element"": ""O"", ""occu"": 1.0}], ""abc"": [0.33030465000000003, 0.00983907, 0.03932028], ""properties"": {""magmom"": -0.0}, ""label"": ""O"", ""xyz"": [1.6902044183151077, 0.0503475793819785, 0.4444743800188944]}, {""species"": [{""element"": ""O"", ""occu"": 1.0}], ""abc"": [0.83030465, 0.49016093, 0.71067972], ""properties"": {""magmom"": -0.0}, ""label"": ""O"", ""xyz"": [4.2487581933151075, 2.5082061956180217, 8.033486229981106]}, {""species"": [{""element"": ""O"", ""occu"": 1.0}], ""abc"": [0.5098390700000001, 0.16969535, 0.78932028], ""properties"": {""magmom"": -0.0}, ""label"": ""O"", ""xyz"": [2.608901354381979, 0.8683493566848924, 8.922434990018894]}, {""species"": [{""element"": ""F"", ""occu"": 1.0}], ""abc"": [0.61831328, 0.49288406, 0.1548017], ""properties"": {""magmom"": 0.0}, ""label"": ""F"", ""xyz"": [3.163975553353264, 2.522140744700653, 1.7498702866147158]}, {""species"": [{""element"": ""F"", ""occu"": 1.0}], ""abc"": [0.11831328, 0.00711494, 0.5951983], ""properties"": {""magmom"": 0.0}, ""label"": ""F"", ""xyz"": [0.605421778353264, 0.036407913191797, 6.728090323385284]}, {""species"": [{""element"": ""F"", ""occu"": 1.0}], ""abc"": [0.9928840600000001, 0.88168672, 0.904801699999999], ""properties"": {""magmom"": 0.0}, ""label"": ""F"", ""xyz"": [5.0806945197006534, 4.511685771646736, 10.227830896614705]}, {""species"": [{""element"": ""F"", ""occu"": 1.0}], ""abc"": [0.00711494, 0.11831328, 0.4048017], ""properties"": {""magmom"": 0.0}, ""label"": ""F"", ""xyz"": [0.036407913191797, 0.605421778353264, 4.575857156614716]}, {""species"": [{""element"": ""F"", ""occu"": 1.0}], ""abc"": [0.50711594, 0.38168672000000003, 0.345198299999999], ""properties"": {""magmom"": 0.0}, ""label"": ""F"", ""xyz"": [2.594966805299347, 1.9531319966467362, 3.9021034533852728]}, {""species"": [{""element"": ""F"", ""occu"": 1.0}], ""abc"": [0.88168672, 0.9928840600000001, 0.0951983], ""properties"": {""magmom"": 0.0}, ""label"": ""F"", ""xyz"": [4.511685771646736, 5.0806945197006534, 1.076116583385284]}, {""species"": [{""element"": ""F"", ""occu"": 1.0}], ""abc"": [0.38168672000000003, 0.50711594, 0.654801699999999], ""properties"": {""magmom"": 0.0}, ""label"": ""F"", ""xyz"": [1.9531319966467362, 2.594966805299347, 7.401844026614705]}, {""species"": [{""element"": ""F"", ""occu"": 1.0}], ""abc"": [0.49288406, 0.61831328, 0.8451983], ""properties"": {""magmom"": 0.0}, ""label"": ""F"", ""xyz"": [2.522140744700653, 3.163975553353264, 9.554077193385284]}]}",0.0,5.8812,3.686,0.0
96,mp-29816,Ag2HgO2,"{""@module"": ""pymatgen.core.structure"", ""@class"": ""Structure"", ""charge"": 0, ""lattice"": {""matrix"": [[6.22383338, 0.0, 0.0], [-0.0, 6.22383338, 0.0], [-0.0, -0.0, 8.39465045]], ""pbc"": [true, true, true], ""a"": 6.22383338, ""b"": 6.22383338, ""c"": 8.39465045, ""alpha"": 90.0, ""beta"": 90.0, ""gamma"": 90.0, ""volume"": 325.1760355986749}, ""properties"": {}, ""sites"": [{""species"": [{""element"": ""Ag"", ""occu"": 1.0}], ""abc"": [0.49917402, 0.7454370300000001, 0.62818559], ""properties"": {""magmom"": 0.0}, ""label"": ""Ag"", ""xyz"": [3.1067759281047875, 4.639475870002062, 5.2733984457770156]}, {""species"": [{""element"": ""Ag"", ""occu"": 1.0}], ""abc"": [0.99917402, 0.75456297, 0.62181441], ""properties"": {""magmom"": 0.0}, ""label"": ""Ag"", ""xyz"": [6.218692618104788, 4.696274199997939, 5.219914616722985]}, {""species"": [{""element"": ""Ag"", ""occu"": 1.0}], ""abc"": [0.24543703, 0.00082598, 0.8781855900000001], ""properties"": {""magmom"": 0.0}, ""label"": ""Ag"", ""xyz"": [1.5275591800020614, 0.0051407618952124005, 7.3720610582770165]}, {""species"": [{""element"": ""Ag"", ""occu"": 1.0}], ""abc"": [0.75456297, 0.99917402, 0.37818559], ""properties"": {""magmom"": 0.0}, ""label"": ""Ag"", ""xyz"": [4.696274199997939, 6.218692618104788, 3.174735833277016]}, {""species"": [{""element"": ""Ag"", ""occu"": 1.0}], ""abc"": [0.25456297, 0.50082598, 0.87181441], ""properties"": {""magmom"": 0.0}, ""label"": ""Ag"", ""xyz"": [1.5843575099979388, 3.1170574518952128, 7.318577229222985]}, {""species"": [{""element"": ""Ag"", ""occu"": 1.0}], ""abc"": [0.00082598, 0.24543703, 0.12181441], ""properties"": {""magmom"": 0.0}, ""label"": ""Ag"", ""xyz"": [0.0051407618952124005, 1.5275591800020614, 1.0225893917229845]}, {""species"": [{""element"": ""Ag"", ""occu"": 1.0}], ""abc"": [0.50082598, 0.25456297, 0.12818559000000002], ""properties"": {""magmom"": 0.0}, ""label"": ""Ag"", ""xyz"": [3.1170574518952128, 1.5843575099979388, 1.0760732207770156]}, {""species"": [{""element"": ""Ag"", ""occu"": 1.0}], ""abc"": [0.7454370300000001, 0.49917402, 0.37181441], ""properties"": {""magmom"": 0.0}, ""label"": ""Ag"", ""xyz"": [4.639475870002062, 3.1067759281047875, 3.1212520042229843]}, {""species"": [{""element"": ""Hg"", ""occu"": 1.0}], ""abc"": [0.21113803, 0.21113803, 0.5], ""properties"": {""magmom"": 0.0}, ""label"": ""Hg"", ""xyz"": [1.3140879189014414, 1.3140879189014414, 4.197325225]}, {""species"": [{""element"": ""Hg"", ""occu"": 1.0}], ""abc"": [0.28886197, 0.71113803, 0.25], ""properties"": {""magmom"": 0.0}, ""label"": ""Hg"", ""xyz"": [1.7978287710985588, 4.426004608901441, 2.0986626125]}, {""species"": [{""element"": ""Hg"", ""occu"": 1.0}], ""abc"": [0.71113803, 0.28886197, 0.75], ""properties"": {""magmom"": 0.0}, ""label"": ""Hg"", ""xyz"": [4.426004608901441, 1.7978287710985588, 6.2959878375]}, {""species"": [{""element"": ""Hg"", ""occu"": 1.0}], ""abc"": [0.78886197, 0.78886197, -0.0], ""properties"": {""magmom"": 0.0}, ""label"": ""Hg"", ""xyz"": [4.909745461098559, 4.909745461098559, 0.0]}, {""species"": [{""element"": ""O"", ""occu"": 1.0}], ""abc"": [0.24892679999999903, 0.62162557, 0.48534021], ""properties"": {""magmom"": -0.0}, ""label"": ""O"", ""xyz"": [1.549278927016578, 3.8688939724275264, 4.074261412279594]}, {""species"": [{""element"": ""O"", ""occu"": 1.0}], ""abc"": [0.7510732, 0.37837443, 0.98534021], ""properties"": {""magmom"": -0.0}, ""label"": ""O"", ""xyz"": [4.674554452983416, 2.3549394075724734, 8.271586637279595]}, {""species"": [{""element"": ""O"", ""occu"": 1.0}], ""abc"": [0.62162557, 0.24892679999999903, 0.5146597900000001], ""properties"": {""magmom"": -0.0}, ""label"": ""O"", ""xyz"": [3.8688939724275264, 1.549278927016578, 4.320389037720406]}, {""species"": [{""element"": ""O"", ""occu"": 1.0}], ""abc"": [0.12162557, 0.2510732, 0.73534021], ""properties"": {""magmom"": -0.0}, ""label"": ""O"", ""xyz"": [0.7569772824275266, 1.562637762983416, 6.172924024779595]}, {""species"": [{""element"": ""O"", ""occu"": 1.0}], ""abc"": [0.7489268, 0.87837443, 0.7646597900000001], ""properties"": {""magmom"": -0.0}, ""label"": ""O"", ""xyz"": [4.661195617016585, 5.466856097572474, 6.419051650220406]}, {""species"": [{""element"": ""O"", ""occu"": 1.0}], ""abc"": [0.37837443, 0.7510732, 0.01465979], ""properties"": {""magmom"": -0.0}, ""label"": ""O"", ""xyz"": [2.3549394075724734, 4.674554452983416, 0.12306381272040551]}, {""species"": [{""element"": ""O"", ""occu"": 1.0}], ""abc"": [0.87837443, 0.7489268, 0.23534021], ""properties"": {""magmom"": -0.0}, ""label"": ""O"", ""xyz"": [5.466856097572474, 4.661195617016585, 1.9755987997795945]}, {""species"": [{""element"": ""O"", ""occu"": 1.0}], ""abc"": [0.2510732, 0.12162557, 0.26465979], ""properties"": {""magmom"": -0.0}, ""label"": ""O"", ""xyz"": [1.562637762983416, 0.7569772824275266, 2.2217264252204054]}]}",0.0,0.41029999999999905,39.693,0.0
98,mp-471,CdAs2,"{""@module"": ""pymatgen.core.structure"", ""@class"": ""Structure"", ""charge"": 0, ""lattice"": {""matrix"": [[4.36335446, 0.0, 1.81459671], [2.18167774, 5.68380787, 0.90729886], [-0.00084745, 0.0, 6.15536946]], ""pbc"": [true, true, true], ""a"": 4.725634704835396, ""b"": 6.155370085189252, ""c"": 6.155369518336994, ""alpha"": 81.52656947047213, ""beta"": 67.42683260561827, ""gamma"": 67.42683612751946, ""volume"": 152.66478634811008}, ""properties"": {}, ""sites"": [{""species"": [{""element"": ""Cd"", ""occu"": 1.0}], ""abc"": [0.25, 0.5, 0.5], ""properties"": {""magmom"": 0.0}, ""label"": ""Cd"", ""xyz"": [2.1812537599999997, 2.841903935, 3.9849833375]}, {""species"": [{""element"": ""Cd"", ""occu"": 1.0}], ""abc"": [0.0, -0.0, -0.0], ""properties"": {""magmom"": 0.0}, ""label"": ""Cd"", ""xyz"": [0.0, 0.0, 0.0]}, {""species"": [{""element"": ""As"", ""occu"": 1.0}], ""abc"": [0.68670692, 0.18829308, 0.68829308], ""properties"": {""magmom"": -0.0}, ""label"": ""As"", ""xyz"": [3.406557229356257, 1.0702216899705397, 5.653632418757459]}, {""species"": [{""element"": ""As"", ""occu"": 1.0}], ""abc"": [0.625, 0.81170692, 0.68829308], ""properties"": {""magmom"": -0.0}, ""label"": ""As"", ""xyz"": [4.497396162297315, 4.61358618002946, 6.107281911081449]}, {""species"": [{""element"": ""As"", ""occu"": 1.0}], ""abc"": [0.56329308, 0.81170692, 0.31170692], ""properties"": {""magmom"": -0.0}, ""label"": ""As"", ""xyz"": [4.228466135643743, 4.61358618002946, 3.6772817887425413]}, {""species"": [{""element"": ""As"", ""occu"": 1.0}], ""abc"": [0.125, 0.18829308, 0.31170692], ""properties"": {""magmom"": -0.0}, ""label"": ""As"", ""xyz"": [0.9559499727026851, 1.0702216899705397, 2.316333941418552]}]}",0.0,0.133199999999999,36.727,0.0
99,mp-20459,TiPbO3,"{""@module"": ""pymatgen.core.structure"", ""@class"": ""Structure"", ""charge"": 0, ""lattice"": {""matrix"": [[3.8795519, 0.0, 0.0], [0.0, 3.8795519, -0.0], [0.0, -0.0, 4.2858876200000005]], ""pbc"": [true, true, true], ""a"": 3.8795519, ""b"": 3.8795519, ""c"": 4.2858876200000005, ""alpha"": 90.0, ""beta"": 90.0, ""gamma"": 90.0, ""volume"": 64.50656431866489}, ""properties"": {}, ""sites"": [{""species"": [{""element"": ""Ti"", ""occu"": 1.0}], ""abc"": [0.5, 0.5, 0.58251444], ""properties"": {""magmom"": -0.0}, ""label"": ""Ti"", ""xyz"": [1.93977595, 1.93977595, 2.496591426867233]}, {""species"": [{""element"": ""Pb"", ""occu"": 1.0}], ""abc"": [-0.0, 0.0, 0.12358795], ""properties"": {""magmom"": -0.0}, ""label"": ""Pb"", ""xyz"": [0.0, 0.0, 0.529684064886179]}, {""species"": [{""element"": ""O"", ""occu"": 1.0}], ""abc"": [-0.0, 0.5, 0.49415765], ""properties"": {""magmom"": 0.0}, ""label"": ""O"", ""xyz"": [0.0, 1.93977595, 2.117904154463293]}, {""species"": [{""element"": ""O"", ""occu"": 1.0}], ""abc"": [0.5, 0.0, 0.49415765], ""properties"": {""magmom"": 0.0}, ""label"": ""O"", ""xyz"": [1.93977595, 0.0, 2.117904154463293]}, {""species"": [{""element"": ""O"", ""occu"": 1.0}], ""abc"": [0.5, 0.5, 0.99578232], ""properties"": {""magmom"": 0.0}, ""label"": ""O"", ""xyz"": [1.93977595, 1.93977595, 4.267811117502879]}]}",0.0,1.812999999999999,65.557,0.0
109,mp-27255,Ga2TeS2,"{""@module"": ""pymatgen.core.structure"", ""@class"": ""Structure"", ""charge"": 0, ""lattice"": {""matrix"": [[6.2059573, -0.0, -3.5397582], [-2.01901011, 5.86834819, -3.5397582], [-0.01919763, -0.02690723, 7.1764102]], ""pbc"": [true, true, true], ""a"": 7.144493972556106, ""b"": 7.144494413030619, ""c"": 7.176486320386037, ""alpha"": 119.85264047697324, ""beta"": 119.85264106980524, ""gamma"": 90.00000271243574, ""volume"": 260.17349023801563}, ""properties"": {}, ""sites"": [{""species"": [{""element"": ""Ga"", ""occu"": 1.0}], ""abc"": [0.88263812, 0.16064776, 0.32129553], ""properties"": {""magmom"": 0.0}, ""label"": ""Ga"", ""xyz"": [5.1470969197778285, 0.9340918188998725, -1.38723122996781]}, {""species"": [{""element"": ""Ga"", ""occu"": 1.0}], ""abc"": [0.41064776000000003, 0.18865641, 0.82129553], ""properties"": {""magmom"": 0.0}, ""label"": ""Ga"", ""xyz"": [2.151796337088749, 1.0850027144317158, 3.772561768654712]}, {""species"": [{""element"": ""Ga"", ""occu"": 1.0}], ""abc"": [0.43865641, 0.16064776, 0.32129553], ""properties"": {""magmom"": 0.0}, ""label"": ""Ga"", ""xyz"": [2.3917653855368455, 0.9340918188998725, 0.18435666865471223]}, {""species"": [{""element"": ""Ga"", ""occu"": 1.0}], ""abc"": [0.41064776000000003, 0.63263812, 0.82129553], ""properties"": {""magmom"": 0.0}, ""label"": ""Ga"", ""xyz"": [1.255392775943661, 3.6904419787033205, 2.2009738700321897]}, {""species"": [{""element"": ""Te"", ""occu"": 1.0}], ""abc"": [0.25145073, 0.7514507300000001, 0.50290146], ""properties"": {""magmom"": -0.0}, ""label"": ""Te"", ""xyz"": [0.03365135624140859, 4.396242846018123, 0.05899850031192022]}, {""species"": [{""element"": ""Te"", ""occu"": 1.0}], ""abc"": [0.0014507300000000001, 0.0014507300000000001, 0.0029014600000000002], ""properties"": {""magmom"": -0.0}, ""label"": ""Te"", ""xyz"": [0.0060184287414089006, 0.008435318518122901, 0.010551600311920002]}, {""species"": [{""element"": ""S"", ""occu"": 1.0}], ""abc"": [0.63442737, 0.37376144, 0.26885474], ""properties"": {""magmom"": -0.0}, ""label"": ""S"", ""xyz"": [3.1774396682608765, 2.1861281335900236, -1.6393327088913943]}, {""species"": [{""element"": ""S"", ""occu"": 1.0}], ""abc"": [0.145093299999999, 0.38442737, 0.76885474], ""properties"": {""magmom"": -0.0}, ""label"": ""S"", ""xyz"": [0.10951988890310688, 2.23526590960019, 3.6432418647523575]}, {""species"": [{""element"": ""S"", ""occu"": 1.0}], ""abc"": [0.62376144, 0.38442737, 0.76885474], ""properties"": {""magmom"": -0.0}, ""label"": ""S"", ""xyz"": [3.0801139266135347, 2.23526590960019, 1.9488723911086057]}, {""species"": [{""element"": ""S"", ""occu"": 1.0}], ""abc"": [0.63442737, 0.8950933, 0.26885474], ""properties"": {""magmom"": -0.0}, ""label"": ""S"", ""xyz"": [2.124865372255772, 5.2454850106103565, -3.4847214352476454]}]}",0.0,2.0196,24.352,0.0
109,mp-9339,NbP,"{""@module"": ""pymatgen.core.structure"", ""@class"": ""Structure"", ""charge"": 0, ""lattice"": {""matrix"": [[3.22468694, -0.00010058, -0.9071197], [-0.25516882, 3.21457527, -0.90711959], [0.00627781, 0.0067956100000000005, 6.210000799999999]], ""pbc"": [true, true, true], ""a"": 3.349846566822276, ""b"": 3.349846450773159, ""c"": 6.210007691397354, ""alpha"": 105.65361399067224, ""beta"": 105.65361484509874, ""gamma"": 90.00151560132366, ""volume"": 64.41246005193305}, ""properties"": {}, ""sites"": [{""species"": [{""element"": ""Nb"", ""occu"": 1.0}], ""abc"": [0.75011777, 0.25013425, 0.50023698], ""properties"": {""magmom"": 0.0}, ""label"": ""Nb"", ""xyz"": [2.3582089076822523, 0.8073993428083488, 2.1991237611975576]}, {""species"": [{""element"": ""Nb"", ""occu"": 1.0}], ""abc"": [0.00013422, 0.00011776, 0.00023697], ""properties"": {""magmom"": -0.0}, ""label"": ""Nb"", ""xyz"": [0.00040425645347929993, 0.00038014523964930005, 0.0012430078805235997]}, {""species"": [{""element"": ""P"", ""occu"": 1.0}], ""abc"": [0.16724134000000002, 0.66724668, 0.33450303000000003], ""properties"": {""magmom"": -0.0}, ""label"": ""P"", ""xyz"": [0.3711403634083463, 2.147171007519325, 1.3202836349435645]}, {""species"": [{""element"": ""P"", ""occu"": 1.0}], ""abc"": [0.41724667, 0.41724132, 0.83450301], ""properties"": {""magmom"": 0.0}, ""label"": ""P"", ""xyz"": [1.2442617635690554, 1.346882619223874, 4.42528391045655]}]}",0.0,0.11620000000000001,185.947,0.0
112,mp-28020,AlCuCl4,"{""@module"": ""pymatgen.core.structure"", ""@class"": ""Structure"", ""charge"": 0, ""lattice"": {""matrix"": [[5.43511276, 0.0, -0.0], [0.0, 5.43511276, 0.0], [0.0, 0.0, 9.97693899]], ""pbc"": [true, true, true], ""a"": 5.43511276, ""b"": 5.43511276, ""c"": 9.97693899, ""alpha"": 90.0, ""beta"": 90.0, ""gamma"": 90.0, ""volume"": 294.7232745098301}, ""properties"": {}, ""sites"": [{""species"": [{""element"": ""Al"", ""occu"": 1.0}], ""abc"": [-0.0, 0.5, 0.25], ""properties"": {""magmom"": -0.0}, ""label"": ""Al"", ""xyz"": [0.0, 2.71755638, 2.4942347475]}, {""species"": [{""element"": ""Al"", ""occu"": 1.0}], ""abc"": [0.5, -0.0, 0.75], ""properties"": {""magmom"": -0.0}, ""label"": ""Al"", ""xyz"": [2.71755638, 0.0, 7.4827042425000005]}, {""species"": [{""element"": ""Cu"", ""occu"": 1.0}], ""abc"": [-0.0, -0.0, 0.0], ""properties"": {""magmom"": -0.0}, ""label"": ""Cu"", ""xyz"": [0.0, 0.0, 0.0]}, {""species"": [{""element"": ""Cu"", ""occu"": 1.0}], ""abc"": [-0.0, -0.0, 0.5], ""properties"": {""magmom"": -0.0}, ""label"": ""Cu"", ""xyz"": [0.0, 0.0, 4.988469495]}, {""species"": [{""element"": ""Cl"", ""occu"": 1.0}], ""abc"": [0.27170175, 0.23288343, 0.87248764], ""properties"": {""magmom"": 0.0}, ""label"": ""Cl"", ""xyz"": [1.4767296483393302, 1.2657477019855667, 8.704755953809084]}, {""species"": [{""element"": ""Cl"", ""occu"": 1.0}], ""abc"": [0.72829825, 0.76711657, 0.87248764], ""properties"": {""magmom"": 0.0}, ""label"": ""Cl"", ""xyz"": [3.95838311166067, 4.169365058014433, 8.704755953809084]}, {""species"": [{""element"": ""Cl"", ""occu"": 1.0}], ""abc"": [0.23288343, 0.27170175, 0.37248764], ""properties"": {""magmom"": 0.0}, ""label"": ""Cl"", ""xyz"": [1.2657477019855667, 1.4767296483393302, 3.716286458809084]}, {""species"": [{""element"": ""Cl"", ""occu"": 1.0}], ""abc"": [0.27170175, 0.76711657, 0.62751236], ""properties"": {""magmom"": 0.0}, ""label"": ""Cl"", ""xyz"": [1.4767296483393302, 4.169365058014433, 6.2606525311909165]}, {""species"": [{""element"": ""Cl"", ""occu"": 1.0}], ""abc"": [0.72829825, 0.23288343, 0.62751236], ""properties"": {""magmom"": 0.0}, ""label"": ""Cl"", ""xyz"": [3.95838311166067, 1.2657477019855667, 6.2606525311909165]}, {""species"": [{""element"": ""Cl"", ""occu"": 1.0}], ""abc"": [0.23288343, 0.72829825, 0.12751236], ""properties"": {""magmom"": 0.0}, ""label"": ""Cl"", ""xyz"": [1.2657477019855667, 3.95838311166067, 1.2721830361909163]}, {""species"": [{""element"": ""Cl"", ""occu"": 1.0}], ""abc"": [0.76711657, 0.27170175, 0.12751236], ""properties"": {""magmom"": 0.0}, ""label"": ""Cl"", ""xyz"": [4.169365058014433, 1.4767296483393302, 1.2721830361909163]}, {""species"": [{""element"": ""Cl"", ""occu"": 1.0}], ""abc"": [0.76711657, 0.72829825, 0.37248764], ""properties"": {""magmom"": 0.0}, ""label"": ""Cl"", ""xyz"": [4.169365058014433, 3.95838311166067, 3.716286458809084]}]}",0.0,2.5112,10.74,0.0
112,mp-29362,GaCuCl4,"{""@module"": ""pymatgen.core.structure"", ""@class"": ""Structure"", ""charge"": 0, ""lattice"": {""matrix"": [[5.41123001, 0.0, 0.0], [0.0, 5.41123001, 0.0], [-0.0, 0.0, 10.15411543]], ""pbc"": [true, true, true], ""a"": 5.41123001, ""b"": 5.41123001, ""c"": 10.15411543, ""alpha"": 90.0, ""beta"": 90.0, ""gamma"": 90.0, ""volume"": 297.32681933848096}, ""properties"": {}, ""sites"": [{""species"": [{""element"": ""Ga"", ""occu"": 1.0}], ""abc"": [-0.0, 0.5, 0.75], ""properties"": {""magmom"": 0.0}, ""label"": ""Ga"", ""xyz"": [0.0, 2.705615005, 7.6155865725]}, {""species"": [{""element"": ""Ga"", ""occu"": 1.0}], ""abc"": [0.5, -0.0, 0.25], ""properties"": {""magmom"": 0.0}, ""label"": ""Ga"", ""xyz"": [2.705615005, 0.0, 2.5385288575]}, {""species"": [{""element"": ""Cu"", ""occu"": 1.0}], ""abc"": [-0.0, -0.0, 0.5], ""properties"": {""magmom"": 0.0}, ""label"": ""Cu"", ""xyz"": [0.0, 0.0, 5.077057715]}, {""species"": [{""element"": ""Cu"", ""occu"": 1.0}], ""abc"": [-0.0, -0.0, -0.0], ""properties"": {""magmom"": 0.0}, ""label"": ""Cu"", ""xyz"": [0.0, 0.0, 0.0]}, {""species"": [{""element"": ""Cl"", ""occu"": 1.0}], ""abc"": [0.76253192, 0.73364305, 0.6262373800000001], ""properties"": {""magmom"": -0.0}, ""label"": ""Cl"", ""xyz"": [4.126235609086919, 3.96991128878793, 6.358886643100774]}, {""species"": [{""element"": ""Cl"", ""occu"": 1.0}], ""abc"": [0.73364305, 0.23746808, 0.37376262], ""properties"": {""magmom"": -0.0}, ""label"": ""Cl"", ""xyz"": [3.96991128878793, 1.2849944009130807, 3.795228786899226]}, {""species"": [{""element"": ""Cl"", ""occu"": 1.0}], ""abc"": [0.26635695, 0.76253192, 0.37376262], ""properties"": {""magmom"": -0.0}, ""label"": ""Cl"", ""xyz"": [1.4413187212120693, 4.126235609086919, 3.795228786899226]}, {""species"": [{""element"": ""Cl"", ""occu"": 1.0}], ""abc"": [0.76253192, 0.26635695, 0.87376262], ""properties"": {""magmom"": -0.0}, ""label"": ""Cl"", ""xyz"": [4.126235609086919, 1.4413187212120693, 8.872286501899227]}, {""species"": [{""element"": ""Cl"", ""occu"": 1.0}], ""abc"": [0.23746808, 0.73364305, 0.87376262], ""properties"": {""magmom"": -0.0}, ""label"": ""Cl"", ""xyz"": [1.2849944009130807, 3.96991128878793, 8.872286501899227]}, {""species"": [{""element"": ""Cl"", ""occu"": 1.0}], ""abc"": [0.23746808, 0.26635695, 0.6262373800000001], ""properties"": {""magmom"": -0.0}, ""label"": ""Cl"", ""xyz"": [1.2849944009130807, 1.4413187212120693, 6.358886643100774]}, {""species"": [{""element"": ""Cl"", ""occu"": 1.0}], ""abc"": [0.26635695, 0.23746808, 0.12623738], ""properties"": {""magmom"": -0.0}, ""label"": ""Cl"", ""xyz"": [1.4413187212120693, 1.2849944009130807, 1.2818289281007733]}, {""species"": [{""element"": ""Cl"", ""occu"": 1.0}], ""abc"": [0.73364305, 0.76253192, 0.12623738], ""properties"": {""magmom"": -0.0}, ""label"": ""Cl"", ""xyz"": [3.96991128878793, 4.126235609086919, 1.2818289281007733]}]}",0.0,1.8173,10.789,0.0
113,mp-239,BaS3,"{""@module"": ""pymatgen.core.structure"", ""@class"": ""Structure"", ""charge"": 0, ""lattice"": {""matrix"": [[4.21601149, 0.0, 0.0], [-0.0, 6.9519550500000005, 0.0], [0.0, 0.0, 6.9519550500000005]], ""pbc"": [true, true, true], ""a"": 4.21601149, ""b"": 6.9519550500000005, ""c"": 6.9519550500000005, ""alpha"": 90.0, ""beta"": 90.0, ""gamma"": 90.0, ""volume"": 203.75848204461354}, ""properties"": {}, ""sites"": [{""species"": [{""element"": ""Ba"", ""occu"": 1.0}], ""abc"": [-0.0, 0.5, 0.5], ""properties"": {""magmom"": -0.0}, ""label"": ""Ba"", ""xyz"": [0.0, 3.4759775250000002, 3.4759775250000002]}, {""species"": [{""element"": ""Ba"", ""occu"": 1.0}], ""abc"": [-0.0, -0.0, 0.0], ""properties"": {""magmom"": -0.0}, ""label"": ""Ba"", ""xyz"": [0.0, 0.0, 0.0]}, {""species"": [{""element"": ""S"", ""occu"": 1.0}], ""abc"": [0.47518716, 0.82212087, 0.32212087], ""properties"": {""magmom"": 0.0}, ""label"": ""S"", ""xyz"": [2.0033945264604682, 5.715347333906894, 2.239369808906894]}, {""species"": [{""element"": ""S"", ""occu"": 1.0}], ""abc"": [0.5248128400000001, 0.32212087, 0.17787913], ""properties"": {""magmom"": 0.0}, ""label"": ""S"", ""xyz"": [2.212616963539532, 2.239369808906894, 1.2366077160931066]}, {""species"": [{""element"": ""S"", ""occu"": 1.0}], ""abc"": [0.2115096, -0.0, 0.5], ""properties"": {""magmom"": -0.0}, ""label"": ""S"", ""xyz"": [0.8917269038453038, 0.0, 3.4759775250000002]}, {""species"": [{""element"": ""S"", ""occu"": 1.0}], ""abc"": [0.788490399999999, 0.5, 0.0], ""properties"": {""magmom"": -0.0}, ""label"": ""S"", ""xyz"": [3.3242845861546915, 3.4759775250000002, 0.0]}, {""species"": [{""element"": ""S"", ""occu"": 1.0}], ""abc"": [0.47518716, 0.17787913, 0.67787913], ""properties"": {""magmom"": 0.0}, ""label"": ""S"", ""xyz"": [2.0033945264604682, 1.2366077160931066, 4.712585241093107]}, {""species"": [{""element"": ""S"", ""occu"": 1.0}], ""abc"": [0.5248128400000001, 0.67787913, 0.82212087], ""properties"": {""magmom"": 0.0}, ""label"": ""S"", ""xyz"": [2.212616963539532, 4.712585241093107, 5.715347333906894]}]}",0.0,1.391299999999999,33.079,0.0
113,mp-12903,YAgTe2,"{""@module"": ""pymatgen.core.structure"", ""@class"": ""Structure"", ""charge"": 0, ""lattice"": {""matrix"": [[4.67484568, 0.0, 0.0], [-0.0, 7.15729248, 0.0], [0.0, 0.0, 7.15729248]], ""pbc"": [true, true, true], ""a"": 4.67484568, ""b"": 7.15729248, ""c"": 7.15729248, ""alpha"": 90.0, ""beta"": 90.0, ""gamma"": 90.0, ""volume"": 239.4775513116601}, ""properties"": {}, ""sites"": [{""species"": [{""element"": ""Y"", ""occu"": 1.0}], ""abc"": [0.79353907, -0.0, 0.5], ""properties"": {""magmom"": 0.0}, ""label"": ""Y"", ""xyz"": [3.7096726933007176, 0.0, 3.57864624]}, {""species"": [{""element"": ""Y"", ""occu"": 1.0}], ""abc"": [0.20646093000000001, 0.5, -0.0], ""properties"": {""magmom"": 0.0}, ""label"": ""Y"", ""xyz"": [0.9651729866992824, 3.57864624, 0.0]}, {""species"": [{""element"": ""Ag"", ""occu"": 1.0}], ""abc"": [-0.0, -0.0, -0.0], ""properties"": {""magmom"": -0.0}, ""label"": ""Ag"", ""xyz"": [0.0, 0.0, 0.0]}, {""species"": [{""element"": ""Ag"", ""occu"": 1.0}], ""abc"": [-0.0, 0.5, 0.5], ""properties"": {""magmom"": -0.0}, ""label"": ""Ag"", ""xyz"": [0.0, 3.57864624, 3.57864624]}, {""species"": [{""element"": ""Te"", ""occu"": 1.0}], ""abc"": [0.28132163, 0.79864068, 0.29864068], ""properties"": {""magmom"": 0.0}, ""label"": ""Te"", ""xyz"": [1.3151352066960582, 5.716104933186086, 2.1374586931860864]}, {""species"": [{""element"": ""Te"", ""occu"": 1.0}], ""abc"": [0.71867837, 0.29864068, 0.20135932], ""properties"": {""magmom"": 0.0}, ""label"": ""Te"", ""xyz"": [3.3597104733039416, 2.1374586931860864, 1.4411875468139137]}, {""species"": [{""element"": ""Te"", ""occu"": 1.0}], ""abc"": [0.71867837, 0.70135932, 0.79864068], ""properties"": {""magmom"": 0.0}, ""label"": ""Te"", ""xyz"": [3.3597104733039416, 5.019833786813914, 5.716104933186086]}, {""species"": [{""element"": ""Te"", ""occu"": 1.0}], ""abc"": [0.28132163, 0.20135932, 0.70135932], ""properties"": {""magmom"": 0.0}, ""label"": ""Te"", ""xyz"": [1.3151352066960582, 1.4411875468139137, 5.019833786813914]}]}",0.0,0.8975000000000001,39.447,0.0
114,mp-28782,Na3PS4,"{""@module"": ""pymatgen.core.structure"", ""@class"": ""Structure"", ""charge"": 0, ""lattice"": {""matrix"": [[6.92369091, 0.0, 0.0], [0.0, 6.92369091, 0.0], [0.0, -0.0, 7.07714131]], ""pbc"": [true, true, true], ""a"": 6.92369091, ""b"": 6.92369091, ""c"": 7.07714131, ""alpha"": 90.0, ""beta"": 90.0, ""gamma"": 90.0, ""volume"": 339.26043194597605}, ""properties"": {}, ""sites"": [{""species"": [{""element"": ""Na"", ""occu"": 1.0}], ""abc"": [0.0, 0.5, 0.41967521], ""properties"": {""magmom"": 0.0}, ""label"": ""Na"", ""xyz"": [0.0, 3.461845455, 2.970100765473925]}, {""species"": [{""element"": ""Na"", ""occu"": 1.0}], ""abc"": [0.5, -0.0, 0.58032479], ""properties"": {""magmom"": 0.0}, ""label"": ""Na"", ""xyz"": [3.461845455, 0.0, 4.107040544526075]}, {""species"": [{""element"": ""Na"", ""occu"": 1.0}], ""abc"": [0.5, -0.0, 0.08032479000000001], ""properties"": {""magmom"": 0.0}, ""label"": ""Na"", ""xyz"": [3.461845455, 0.0, 0.5684698895260749]}, {""species"": [{""element"": ""Na"", ""occu"": 1.0}], ""abc"": [0.0, 0.5, 0.91967521], ""properties"": {""magmom"": 0.0}, ""label"": ""Na"", ""xyz"": [0.0, 3.461845455, 6.508671420473925]}, {""species"": [{""element"": ""Na"", ""occu"": 1.0}], ""abc"": [0.0, -0.0, 0.0], ""properties"": {""magmom"": 0.0}, ""label"": ""Na"", ""xyz"": [0.0, 0.0, 0.0]}, {""species"": [{""element"": ""Na"", ""occu"": 1.0}], ""abc"": [0.5, 0.5, 0.5], ""properties"": {""magmom"": 0.0}, ""label"": ""Na"", ""xyz"": [3.461845455, 3.461845455, 3.538570655]}, {""species"": [{""element"": ""P"", ""occu"": 1.0}], ""abc"": [0.0, -0.0, 0.5], ""properties"": {""magmom"": -0.0}, ""label"": ""P"", ""xyz"": [0.0, 0.0, 3.538570655]}, {""species"": [{""element"": ""P"", ""occu"": 1.0}], ""abc"": [0.5, 0.5, 0.0], ""properties"": {""magmom"": -0.0}, ""label"": ""P"", ""xyz"": [3.461845455, 3.461845455, 0.0]}, {""species"": [{""element"": ""S"", ""occu"": 1.0}], ""abc"": [0.30981047, 0.3484715, 0.165880399999999], ""properties"": {""magmom"": 0.0}, ""label"": ""S"", ""xyz"": [2.145031934961828, 2.412708956944065, 1.1739590313593171]}, {""species"": [{""element"": ""S"", ""occu"": 1.0}], ""abc"": [0.3484715, 0.69018953, 0.8341196], ""properties"": {""magmom"": 0.0}, ""label"": ""S"", ""xyz"": [2.412708956944065, 4.778658975038173, 5.903182278640676]}, {""species"": [{""element"": ""S"", ""occu"": 1.0}], ""abc"": [0.6515285, 0.30981047, 0.8341196], ""properties"": {""magmom"": 0.0}, ""label"": ""S"", ""xyz"": [4.510981953055935, 2.145031934961828, 5.903182278640676]}, {""species"": [{""element"": ""S"", ""occu"": 1.0}], ""abc"": [0.8098104700000001, 0.151528499999999, 0.334119599999999], ""properties"": {""magmom"": 0.0}, ""label"": ""S"", ""xyz"": [5.606877389961828, 1.0491364980559281, 2.364611623640669]}, {""species"": [{""element"": ""S"", ""occu"": 1.0}], ""abc"": [0.19018953, 0.848471499999999, 0.334119599999999], ""properties"": {""magmom"": 0.0}, ""label"": ""S"", ""xyz"": [1.3168135200381723, 5.874554411944059, 2.364611623640669]}, {""species"": [{""element"": ""S"", ""occu"": 1.0}], ""abc"": [0.69018953, 0.6515285, 0.165880399999999], ""properties"": {""magmom"": 0.0}, ""label"": ""S"", ""xyz"": [4.778658975038173, 4.510981953055935, 1.1739590313593171]}, {""species"": [{""element"": ""S"", ""occu"": 1.0}], ""abc"": [0.151528499999999, 0.19018953, 0.665880399999999], ""properties"": {""magmom"": 0.0}, ""label"": ""S"", ""xyz"": [1.0491364980559281, 1.3168135200381723, 4.712529686359317]}, {""species"": [{""element"": ""S"", ""occu"": 1.0}], ""abc"": [0.848471499999999, 0.8098104700000001, 0.665880399999999], ""properties"": {""magmom"": 0.0}, ""label"": ""S"", ""xyz"": [5.874554411944059, 5.606877389961828, 4.712529686359317]}]}",0.0,2.291899999999999,22.958,0.0
121,mp-22993,AgClO4,"{""@module"": ""pymatgen.core.structure"", ""@class"": ""Structure"", ""charge"": 0, ""lattice"": {""matrix"": [[4.24201522, -0.01306024, -2.32434278], [-2.75044871, 3.97454037, -0.18837641], [-0.00903965, 0.01306024, 4.83706297]], ""pbc"": [true, true, true], ""a"": 4.8370893164710775, ""b"": 4.837088476650483, ""c"": 4.837089048269237, ""alpha"": 92.04375941143694, ""beta"": 118.82713938682082, ""gamma"": 118.82712382311526, ""volume"": 81.38981885634249}, ""properties"": {}, ""sites"": [{""species"": [{""element"": ""Ag"", ""occu"": 1.0}], ""abc"": [-0.0, 0.5, 0.5], ""properties"": {""magmom"": 0.0}, ""label"": ""Ag"", ""xyz"": [-1.37974418, 1.9938003050000002, 2.32434328]}, {""species"": [{""element"": ""Cl"", ""occu"": 1.0}], ""abc"": [-0.0, -0.0, -0.0], ""properties"": {""magmom"": 0.0}, ""label"": ""Cl"", ""xyz"": [0.0, 0.0, 0.0]}, {""species"": [{""element"": ""O"", ""occu"": 1.0}], ""abc"": [0.66265808, 0.95808579, 0.95808579], ""properties"": {""magmom"": -0.0}, ""label"": ""O"", ""xyz"": [0.16717907562957288, 3.811809007073593, 2.9135960114433197]}, {""species"": [{""element"": ""O"", ""occu"": 1.0}], ""abc"": [0.0, 0.04191421, 0.7045713], ""properties"": {""magmom"": -0.0}, ""label"": ""O"", ""xyz"": [-0.1216519627772141, 0.1757915899967697, 3.400160096546975]}, {""species"": [{""element"": ""O"", ""occu"": 1.0}], ""abc"": [0.33734192, 0.2954287, 0.2954287], ""properties"": {""magmom"": -0.0}, ""label"": ""O"", ""xyz"": [0.6157775001240904, 1.1736458978942461, 0.5892571709849342]}, {""species"": [{""element"": ""O"", ""occu"": 1.0}], ""abc"": [-0.0, 0.7045713, 0.04191421], ""properties"": {""magmom"": -0.0}, ""label"": ""O"", ""xyz"": [-1.9382661129764496, 2.800894485035392, 0.0700170610247707]}]}",0.0,2.3558,26.665,0.0
121,mp-1025377,Cd(AgI2)2,"{""@module"": ""pymatgen.core.structure"", ""@class"": ""Structure"", ""charge"": 0, ""lattice"": {""matrix"": [[6.48685173, 0.0, 1e-08], [0.0, 6.48685173, 1e-08], [-3.24342535, -3.24342535, 6.35804483]], ""pbc"": [true, true, true], ""a"": 6.48685173, ""b"": 6.48685173, ""c"": 7.839920284182421, ""alpha"": 114.43787986250251, ""beta"": 114.43787986250251, ""gamma"": 90.0, ""volume"": 267.54172887677356}, ""properties"": {}, ""sites"": [{""species"": [{""element"": ""Cd"", ""occu"": 1.0}], ""abc"": [-0.0, -0.0, -0.0], ""properties"": {""magmom"": 0.0}, ""label"": ""Cd"", ""xyz"": [0.0, 0.0, 0.0]}, {""species"": [{""element"": ""Ag"", ""occu"": 1.0}], ""abc"": [0.25, 0.75, 0.5], ""properties"": {""magmom"": -0.0}, ""label"": ""Ag"", ""xyz"": [2.5749999998936346e-07, 3.2434261225000003, 3.179022425]}, {""species"": [{""element"": ""Ag"", ""occu"": 1.0}], ""abc"": [0.75, 0.25, 0.5], ""properties"": {""magmom"": -0.0}, ""label"": ""Ag"", ""xyz"": [3.2434261225000003, 2.5749999998936346e-07, 3.179022425]}, {""species"": [{""element"": ""I"", ""occu"": 1.0}], ""abc"": [0.37886359000000003, 0.37886359000000003, 0.23576915], ""properties"": {""magmom"": 0.0}, ""label"": ""I"", ""xyz"": [1.6929322963675584, 1.6929322963675584, 1.4990308328082662]}, {""species"": [{""element"": ""I"", ""occu"": 1.0}], ""abc"": [0.85690656, 0.85690656, 0.23576915], ""properties"": {""magmom"": 0.0}, ""label"": ""I"", ""xyz"": [4.793926163326396, 4.793926163326396, 1.4990308423691256]}, {""species"": [{""element"": ""I"", ""occu"": 1.0}], ""abc"": [0.14309344000000002, 0.62113641, 0.76423085], ""properties"": {""magmom"": 0.0}, ""label"": ""I"", ""xyz"": [-1.550499783326396, 1.550494083632442, 4.859014012411304]}, {""species"": [{""element"": ""I"", ""occu"": 1.0}], ""abc"": [0.62113641, 0.14309344000000002, 0.76423085], ""properties"": {""magmom"": 0.0}, ""label"": ""I"", ""xyz"": [1.550494083632442, -1.550499783326396, 4.859014012411304]}]}",0.0,1.7741,10.114,0.0
121,mp-23353,Cu2HgI4,"{""@module"": ""pymatgen.core.structure"", ""@class"": ""Structure"", ""charge"": 0, ""lattice"": {""matrix"": [[-3.04593531, 3.04593531, 6.29165634], [3.04593531, -3.04593531, 6.29165634], [3.04593531, 3.04593531, -6.29165634]], ""pbc"": [true, true, true], ""a"": 7.6249841525128295, ""b"": 7.6249841525128295, ""c"": 7.6249841525128295, ""alpha"": 132.9101808754074, ""beta"": 132.9101808754074, ""gamma"": 68.79523858061859, ""volume"": 233.48895157130423}, ""properties"": {}, ""sites"": [{""species"": [{""element"": ""Cu"", ""occu"": 1.0}], ""abc"": [0.25, 0.75, 0.5], ""properties"": {""magmom"": -0.0}, ""label"": ""Cu"", ""xyz"": [3.04593531, 2.220446049250313e-16, 3.14582817]}, {""species"": [{""element"": ""Cu"", ""occu"": 1.0}], ""abc"": [0.75, 0.25, 0.5], ""properties"": {""magmom"": -0.0}, ""label"": ""Cu"", ""xyz"": [2.220446049250313e-16, 3.04593531, 3.14582817]}, {""species"": [{""element"": ""Hg"", ""occu"": 1.0}], ""abc"": [0.5, 0.5, -0.0], ""properties"": {""magmom"": 0.0}, ""label"": ""Hg"", ""xyz"": [0.0, 0.0, 6.29165634]}, {""species"": [{""element"": ""I"", ""occu"": 1.0}], ""abc"": [0.6349665800000001, 0.6349665800000001, 0.53660597], ""properties"": {""magmom"": -0.0}, ""label"": ""I"", ""xyz"": [1.6344670715798006, 1.6344670715798006, 4.613842664257886]}, {""species"": [{""element"": ""I"", ""occu"": 1.0}], ""abc"": [0.9016394, 0.36503342, 0.0], ""properties"": {""magmom"": -0.0}, ""label"": ""I"", ""xyz"": [-1.634467102039154, 1.634467102039154, 7.969470078658679]}, {""species"": [{""element"": ""I"", ""occu"": 1.0}], ""abc"": [0.09836059999999901, 0.09836059999999901, 0.46339403], ""properties"": {""magmom"": -0.0}, ""label"": ""I"", ""xyz"": [1.4114682384201993, 1.4114682384201993, -1.6778138015752548]}, {""species"": [{""element"": ""I"", ""occu"": 1.0}], ""abc"": [0.36503342, 0.9016394, -0.0], ""properties"": {""magmom"": -0.0}, ""label"": ""I"", ""xyz"": [1.634467102039154, -1.634467102039154, 7.969470078658679]}]}",0.0,0.5589000000000001,14.625,0.0
122,mp-5782,AlAgS2,"{""@module"": ""pymatgen.core.structure"", ""@class"": ""Structure"", ""charge"": 0, ""lattice"": {""matrix"": [[5.13026023, 0.0, -2.48975226], [-1.20829389, 4.98594016, -2.48975125], [0.0280602, 0.03567095, 6.58827633]], ""pbc"": [true, true, true], ""a"": 5.70249387055302, ""b"": 5.702493725607133, ""c"": 6.588432650633701, ""alpha"": 115.64320525940323, ""beta"": 115.64320249647966, ""gamma"": 89.99999698441553, ""volume"": 169.43391449112184}, ""properties"": {}, ""sites"": [{""species"": [{""element"": ""Al"", ""occu"": 1.0}], ""abc"": [0.5, 0.5, 0.0], ""properties"": {""magmom"": 0.0}, ""label"": ""Al"", ""xyz"": [1.96098317, 2.49297008, -2.489751755]}, {""species"": [{""element"": ""Al"", ""occu"": 1.0}], ""abc"": [0.75, 0.25, 0.5], ""properties"": {""magmom"": 0.0}, ""label"": ""Al"", ""xyz"": [3.5596517999999997, 1.264320515, 0.8043861575000002]}, {""species"": [{""element"": ""Ag"", ""occu"": 1.0}], ""abc"": [0.25, 0.75, 0.5], ""properties"": {""magmom"": -0.0}, ""label"": ""Ag"", ""xyz"": [0.3903747400000001, 3.757290595, 0.8043866625000002]}, {""species"": [{""element"": ""Ag"", ""occu"": 1.0}], ""abc"": [-0.0, 0.0, 0.0], ""properties"": {""magmom"": -0.0}, ""label"": ""Ag"", ""xyz"": [0.0, 0.0, 0.0]}, {""species"": [{""element"": ""S"", ""occu"": 1.0}], ""abc"": [0.8299012100000001, 0.875, 0.25], ""properties"": {""magmom"": -0.0}, ""label"": ""S"", ""xyz"": [3.207367068741879, 4.3716153775, -2.597711674424234]}, {""species"": [{""element"": ""S"", ""occu"": 1.0}], ""abc"": [0.625, 0.17009879, 0.75], ""properties"": {""magmom"": -0.0}, ""label"": ""S"", ""xyz"": [3.021928465096607, 0.8748556007284064, 2.961608409974013]}, {""species"": [{""element"": ""S"", ""occu"": 1.0}], ""abc"": [0.42009879, 0.375, 0.25], ""properties"": {""magmom"": -0.0}, ""label"": ""S"", ""xyz"": [1.7091209562581218, 1.8786452975, -0.3325295480757653]}, {""species"": [{""element"": ""S"", ""occu"": 1.0}], ""abc"": [0.125, 0.5799012100000001, 0.75], ""properties"": {""magmom"": -0.0}, ""label"": ""S"", ""xyz"": [-0.03836341009660689, 2.918105944271594, 3.186178452525988]}]}",0.0,1.8992,62.691,1.770601835535822e-09
122,mp-14091,AlAgSe2,"{""@module"": ""pymatgen.core.structure"", ""@class"": ""Structure"", ""charge"": 0, ""lattice"": {""matrix"": [[5.37702786, -1e-08, -2.60588898], [-1.26290297, 5.2266148, -2.60588897], [0.04528331, 0.05752919, 6.9438984]], ""pbc"": [true, true, true], ""a"": 5.9752059364763, ""b"": 5.975205728942019, ""c"": 6.944284353004935, ""alpha"": 115.48181072550261, ""beta"": 115.48181733310031, ""gamma"": 90.00001148449448, ""volume"": 196.76109454324234}, ""properties"": {}, ""sites"": [{""species"": [{""element"": ""Al"", ""occu"": 1.0}], ""abc"": [0.5, 0.5, 0.0], ""properties"": {""magmom"": -0.0}, ""label"": ""Al"", ""xyz"": [2.057062445, 2.613307395, -2.605888975]}, {""species"": [{""element"": ""Al"", ""occu"": 1.0}], ""abc"": [0.75, 0.25, 0.5], ""properties"": {""magmom"": -0.0}, ""label"": ""Al"", ""xyz"": [3.7396868075000005, 1.3354182875, 0.8660602224999998]}, {""species"": [{""element"": ""Ag"", ""occu"": 1.0}], ""abc"": [0.25, 0.75, 0.5], ""properties"": {""magmom"": 0.0}, ""label"": ""Ag"", ""xyz"": [0.4197213924999999, 3.9487256925, 0.8660602275000002]}, {""species"": [{""element"": ""Ag"", ""occu"": 1.0}], ""abc"": [0.0, 0.0, 0.0], ""properties"": {""magmom"": 0.0}, ""label"": ""Ag"", ""xyz"": [0.0, 0.0, 0.0]}, {""species"": [{""element"": ""Se"", ""occu"": 1.0}], ""abc"": [0.83754852, 0.875, 0.25], ""properties"": {""magmom"": 0.0}, ""label"": ""Se"", ""xyz"": [3.4098024548917674, 4.587670239124515, -2.7267367072333095]}, {""species"": [{""element"": ""Se"", ""occu"": 1.0}], ""abc"": [0.625, 0.16245148, 0.75], ""properties"": {""magmom"": 0.0}, ""label"": ""Se"", ""xyz"": [3.1894444384271043, 0.8922181958999041, 3.155912667607824]}, {""species"": [{""element"": ""Se"", ""occu"": 1.0}], ""abc"": [0.41245148, 0.375, 0.25], ""properties"": {""magmom"": 0.0}, ""label"": ""Se"", ""xyz"": [1.7554953126082329, 1.9743628433754854, -0.3160365302666901]}, {""species"": [{""element"": ""Se"", ""occu"": 1.0}], ""abc"": [0.125, 0.58754852, 0.75], ""properties"": {""magmom"": 0.0}, ""label"": ""Se"", ""xyz"": [-0.03592580592710448, 3.114036681600096, 3.3511014698921753]}]}",0.0,1.135199999999999,52.422,0.0
122,mp-14092,AlAgTe2,"{""@module"": ""pymatgen.core.structure"", ""@class"": ""Structure"", ""charge"": 0, ""lattice"": {""matrix"": [[5.7489539, -1e-08, -2.70093566], [-1.268936399999999, 5.6071626, -2.70093566], [0.04002038, 0.050089220000000004, 7.55398905]], ""pbc"": [true, true, true], ""a"": 6.351812684878612, ""b"": 6.351812768772656, ""c"": 7.554261123915128, ""alpha"": 114.86063869838516, ""beta"": 114.86063873968668, ""gamma"": 90.00000494522953, ""volume"": 245.06077562489892}, ""properties"": {}, ""sites"": [{""species"": [{""element"": ""Al"", ""occu"": 1.0}], ""abc"": [0.75, 0.25, 0.5], ""properties"": {""magmom"": -0.0}, ""label"": ""Al"", ""xyz"": [4.0144915150000005, 1.4268352524999999, 1.0760588650000003]}, {""species"": [{""element"": ""Al"", ""occu"": 1.0}], ""abc"": [0.5, 0.5, 0.0], ""properties"": {""magmom"": -0.0}, ""label"": ""Al"", ""xyz"": [2.2400087500000003, 2.803581295, -2.70093566]}, {""species"": [{""element"": ""Ag"", ""occu"": 1.0}], ""abc"": [0.25, 0.75, 0.5], ""properties"": {""magmom"": 0.0}, ""label"": ""Ag"", ""xyz"": [0.5055463650000008, 4.2304165575, 1.0760588650000003]}, {""species"": [{""element"": ""Ag"", ""occu"": 1.0}], ""abc"": [0.0, 0.0, 0.0], ""properties"": {""magmom"": 0.0}, ""label"": ""Ag"", ""xyz"": [0.0, 0.0, 0.0]}, {""species"": [{""element"": ""Te"", ""occu"": 1.0}], ""abc"": [0.39626036000000003, 0.375, 0.25], ""properties"": {""magmom"": 0.0}, ""label"": ""Te"", ""xyz"": [1.8122364870374046, 2.1152082760373965, -0.19462734696843764]}, {""species"": [{""element"": ""Te"", ""occu"": 1.0}], ""abc"": [0.125, 0.60373964, 0.75], ""properties"": {""magmom"": 0.0}, ""label"": ""Te"", ""xyz"": [-0.017472682818895413, 3.422833243295464, 3.697212906968438]}, {""species"": [{""element"": ""Te"", ""occu"": 1.0}], ""abc"": [0.625, 0.14626036, 0.75], ""properties"": {""magmom"": 0.0}, ""label"": ""Te"", ""xyz"": [3.437516377818896, 0.857672529204536, 3.5823671780315633]}, {""species"": [{""element"": ""Te"", ""occu"": 1.0}], ""abc"": [0.85373964, 0.875, 0.25], ""properties"": {""magmom"": 0.0}, ""label"": ""Te"", ""xyz"": [3.807795577962597, 4.918789571462603, -2.7807172780315628]}]}",0.0,1.0469,42.2,0.0
123,mp-30315,Ca3BN3,"{""@module"": ""pymatgen.core.structure"", ""@class"": ""Structure"", ""charge"": 0, ""lattice"": {""matrix"": [[3.55636632, 0.0, 0.0], [0.0, 3.55636632, 0.0], [0.0, 0.0, 8.12197555]], ""pbc"": [true, true, true], ""a"": 3.55636632, ""b"": 3.55636632, ""c"": 8.12197555, ""alpha"": 90.0, ""beta"": 90.0, ""gamma"": 90.0, ""volume"": 102.72464643001315}, ""properties"": {}, ""sites"": [{""species"": [{""element"": ""Ca"", ""occu"": 1.0}], ""abc"": [-0.0, -0.0, 0.0], ""properties"": {""magmom"": -0.0}, ""label"": ""Ca"", ""xyz"": [0.0, 0.0, 0.0]}, {""species"": [{""element"": ""Ca"", ""occu"": 1.0}], ""abc"": [0.5, 0.5, 0.722461799999999], ""properties"": {""magmom"": 0.0}, ""label"": ""Ca"", ""xyz"": [1.77818316, 1.77818316, 5.867817075408983]}, {""species"": [{""element"": ""Ca"", ""occu"": 1.0}], ""abc"": [0.5, 0.5, 0.2775382], ""properties"": {""magmom"": 0.0}, ""label"": ""Ca"", ""xyz"": [1.77818316, 1.77818316, 2.25415847459101]}, {""species"": [{""element"": ""B"", ""occu"": 1.0}], ""abc"": [-0.0, -0.0, 0.5], ""properties"": {""magmom"": -0.0}, ""label"": ""B"", ""xyz"": [0.0, 0.0, 4.060987775]}, {""species"": [{""element"": ""N"", ""occu"": 1.0}], ""abc"": [-0.0, 0.0, 0.66575438], ""properties"": {""magmom"": 0.0}, ""label"": ""N"", ""xyz"": [0.0, 0.0, 5.407240796665409]}, {""species"": [{""element"": ""N"", ""occu"": 1.0}], ""abc"": [0.0, -0.0, 0.33424562], ""properties"": {""magmom"": 0.0}, ""label"": ""N"", ""xyz"": [0.0, 0.0, 2.714734753334591]}, {""species"": [{""element"": ""N"", ""occu"": 1.0}], ""abc"": [0.5, 0.5, 0.0], ""properties"": {""magmom"": 0.0}, ""label"": ""N"", ""xyz"": [1.77818316, 1.77818316, 0.0]}]}",0.0,0.5682,80.701,0.0
123,mp-9486,K2AlF5,"{""@module"": ""pymatgen.core.structure"", ""@class"": ""Structure"", ""charge"": 0, ""lattice"": {""matrix"": [[3.68302049, 0.0, 0.0], [0.0, 5.89109005, 0.0], [0.0, 0.0, 5.89109005]], ""pbc"": [true, true, true], ""a"": 3.68302049, ""b"": 5.89109005, ""c"": 5.89109005, ""alpha"": 90.0, ""beta"": 90.0, ""gamma"": 90.0, ""volume"": 127.81901240632186}, ""properties"": {}, ""sites"": [{""species"": [{""element"": ""K"", ""occu"": 1.0}], ""abc"": [0.5, 0.5, -0.0], ""properties"": {""magmom"": -0.0}, ""label"": ""K"", ""xyz"": [1.841510245, 2.945545025, 0.0]}, {""species"": [{""element"": ""K"", ""occu"": 1.0}], ""abc"": [0.5, -0.0, 0.5], ""properties"": {""magmom"": -0.0}, ""label"": ""K"", ""xyz"": [1.841510245, 0.0, 2.945545025]}, {""species"": [{""element"": ""Al"", ""occu"": 1.0}], ""abc"": [0.0, -0.0, -0.0], ""properties"": {""magmom"": -0.0}, ""label"": ""Al"", ""xyz"": [0.0, 0.0, 0.0]}, {""species"": [{""element"": ""F"", ""occu"": 1.0}], ""abc"": [0.0, 0.78548275, 0.78548275], ""properties"": {""magmom"": -0.0}, ""label"": ""F"", ""xyz"": [0.0, 4.627349612971638, 4.627349612971638]}, {""species"": [{""element"": ""F"", ""occu"": 1.0}], ""abc"": [-0.0, 0.21451725, 0.78548275], ""properties"": {""magmom"": -0.0}, ""label"": ""F"", ""xyz"": [0.0, 1.2637404370283625, 4.627349612971638]}, {""species"": [{""element"": ""F"", ""occu"": 1.0}], ""abc"": [0.0, 0.78548275, 0.21451725], ""properties"": {""magmom"": -0.0}, ""label"": ""F"", ""xyz"": [0.0, 4.627349612971638, 1.2637404370283625]}, {""species"": [{""element"": ""F"", ""occu"": 1.0}], ""abc"": [0.5, -0.0, -0.0], ""properties"": {""magmom"": 0.0}, ""label"": ""F"", ""xyz"": [1.841510245, 0.0, 0.0]}, {""species"": [{""element"": ""F"", ""occu"": 1.0}], ""abc"": [-0.0, 0.21451725, 0.21451725], ""properties"": {""magmom"": -0.0}, ""label"": ""F"", ""xyz"": [0.0, 1.2637404370283625, 1.2637404370283625]}]}",0.0,6.3239,27.421,0.0
123,mp-27138,K2PdBr4,"{""@module"": ""pymatgen.core.structure"", ""@class"": ""Structure"", ""charge"": 0, ""lattice"": {""matrix"": [[4.33208369, 0.0, -0.0], [0.0, 7.43238468, 0.0], [0.0, 0.0, 7.43238468]], ""pbc"": [true, true, true], ""a"": 4.33208369, ""b"": 7.43238468, ""c"": 7.43238468, ""alpha"": 90.0, ""beta"": 90.0, ""gamma"": 90.0, ""volume"": 239.305784744677}, ""properties"": {}, ""sites"": [{""species"": [{""element"": ""K"", ""occu"": 1.0}], ""abc"": [0.5, -0.0, 0.5], ""properties"": {""magmom"": 0.0}, ""label"": ""K"", ""xyz"": [2.166041845, 0.0, 3.71619234]}, {""species"": [{""element"": ""K"", ""occu"": 1.0}], ""abc"": [0.5, 0.5, -0.0], ""properties"": {""magmom"": 0.0}, ""label"": ""K"", ""xyz"": [2.166041845, 3.71619234, 0.0]}, {""species"": [{""element"": ""Pd"", ""occu"": 1.0}], ""abc"": [-0.0, -0.0, -0.0], ""properties"": {""magmom"": -0.0}, ""label"": ""Pd"", ""xyz"": [0.0, 0.0, 0.0]}, {""species"": [{""element"": ""Br"", ""occu"": 1.0}], ""abc"": [-0.0, 0.76603272, 0.76603272], ""properties"": {""magmom"": 0.0}, ""label"": ""Br"", ""xyz"": [0.0, 5.693449852506729, 5.693449852506729]}, {""species"": [{""element"": ""Br"", ""occu"": 1.0}], ""abc"": [0.0, 0.23396728, 0.23396728], ""properties"": {""magmom"": 0.0}, ""label"": ""Br"", ""xyz"": [0.0, 1.7389348274932706, 1.7389348274932706]}, {""species"": [{""element"": ""Br"", ""occu"": 1.0}], ""abc"": [0.0, 0.76603272, 0.23396728], ""properties"": {""magmom"": 0.0}, ""label"": ""Br"", ""xyz"": [0.0, 5.693449852506729, 1.7389348274932706]}, {""species"": [{""element"": ""Br"", ""occu"": 1.0}], ""abc"": [-0.0, 0.23396728, 0.76603272], ""properties"": {""magmom"": 0.0}, ""label"": ""Br"", ""xyz"": [0.0, 1.7389348274932706, 5.693449852506729]}]}",0.0,1.204899999999999,10.178,0.0
129,mp-23070,BaBrF,"{""@module"": ""pymatgen.core.structure"", ""@class"": ""Structure"", ""charge"": 0, ""lattice"": {""matrix"": [[4.5399233500000005, -0.0, -0.0], [0.0, 4.5399233500000005, -0.0], [0.0, 0.0, 7.49539352]], ""pbc"": [true, true, true], ""a"": 4.5399233500000005, ""b"": 4.5399233500000005, ""c"": 7.49539352, ""alpha"": 90.0, ""beta"": 90.0, ""gamma"": 90.0, ""volume"": 154.4868364618963}, ""properties"": {}, ""sites"": [{""species"": [{""element"": ""Ba"", ""occu"": 1.0}], ""abc"": [0.75, 0.75, 0.8083826], ""properties"": {""magmom"": 0.0}, ""label"": ""Ba"", ""xyz"": [3.4049425125000004, 3.4049425125000004, 6.059145701720752]}, {""species"": [{""element"": ""Ba"", ""occu"": 1.0}], ""abc"": [0.25, 0.25, 0.1916174], ""properties"": {""magmom"": 0.0}, ""label"": ""Ba"", ""xyz"": [1.1349808375000001, 1.1349808375000001, 1.436247818279248]}, {""species"": [{""element"": ""Br"", ""occu"": 1.0}], ""abc"": [0.25, 0.25, 0.6496090800000001], ""properties"": {""magmom"": -0.0}, ""label"": ""Br"", ""xyz"": [1.1349808375000001, 1.1349808375000001, 4.869075688765163]}, {""species"": [{""element"": ""Br"", ""occu"": 1.0}], ""abc"": [0.75, 0.75, 0.35039092], ""properties"": {""magmom"": -0.0}, ""label"": ""Br"", ""xyz"": [3.4049425125000004, 3.4049425125000004, 2.6263178312348385]}, {""species"": [{""element"": ""F"", ""occu"": 1.0}], ""abc"": [0.25, 0.75, 0.0], ""properties"": {""magmom"": -0.0}, ""label"": ""F"", ""xyz"": [1.1349808375000001, 3.4049425125000004, 0.0]}, {""species"": [{""element"": ""F"", ""occu"": 1.0}], ""abc"": [0.75, 0.25, 0.0], ""properties"": {""magmom"": -0.0}, ""label"": ""F"", ""xyz"": [3.4049425125000004, 1.1349808375000001, 0.0]}]}",0.0,4.8824000000000005,36.564,0.0
129,mp-23432,BaClF,"{""@module"": ""pymatgen.core.structure"", ""@class"": ""Structure"", ""charge"": 0, ""lattice"": {""matrix"": [[4.41830891, -0.0, 0.0], [0.0, 4.41830891, 0.0], [-0.0, -0.0, 7.280968899999999]], ""pbc"": [true, true, true], ""a"": 4.41830891, ""b"": 4.41830891, ""c"": 7.280968899999999, ""alpha"": 90.0, ""beta"": 90.0, ""gamma"": 90.0, ""volume"": 142.1350967204861}, ""properties"": {}, ""sites"": [{""species"": [{""element"": ""Ba"", ""occu"": 1.0}], ""abc"": [0.75, 0.75, 0.7949955400000001], ""properties"": {""magmom"": 0.0}, ""label"": ""Ba"", ""xyz"": [3.3137316825000003, 3.3137316825000003, 5.788337802378705]}, {""species"": [{""element"": ""Ba"", ""occu"": 1.0}], ""abc"": [0.25, 0.25, 0.20500446], ""properties"": {""magmom"": 0.0}, ""label"": ""Ba"", ""xyz"": [1.1045772275, 1.1045772275, 1.4926310976212938]}, {""species"": [{""element"": ""Cl"", ""occu"": 1.0}], ""abc"": [0.25, 0.25, 0.6486362800000001], ""properties"": {""magmom"": 0.0}, ""label"": ""Cl"", ""xyz"": [1.1045772275, 1.1045772275, 4.722700582091692]}, {""species"": [{""element"": ""Cl"", ""occu"": 1.0}], ""abc"": [0.75, 0.75, 0.35136372], ""properties"": {""magmom"": 0.0}, ""label"": ""Cl"", ""xyz"": [3.3137316825000003, 3.3137316825000003, 2.5582683179083077]}, {""species"": [{""element"": ""F"", ""occu"": 1.0}], ""abc"": [0.75, 0.25, 0.0], ""properties"": {""magmom"": 0.0}, ""label"": ""F"", ""xyz"": [3.3137316825000003, 1.1045772275, 0.0]}, {""species"": [{""element"": ""F"", ""occu"": 1.0}], ""abc"": [0.25, 0.75, 0.0], ""properties"": {""magmom"": 0.0}, ""label"": ""F"", ""xyz"": [1.1045772275, 3.3137316825000003, 0.0]}]}",0.0,5.4317,40.624,0.0
131,mp-288,PtS,"{""@module"": ""pymatgen.core.structure"", ""@class"": ""Structure"", ""charge"": 0, ""lattice"": {""matrix"": [[3.49446173, 0.0, 0.0], [0.0, 3.49446173, 0.0], [0.0, 0.0, 6.11629389]], ""pbc"": [true, true, true], ""a"": 3.49446173, ""b"": 3.49446173, ""c"": 6.11629389, ""alpha"": 90.0, ""beta"": 90.0, ""gamma"": 90.0, ""volume"": 74.68767194538908}, ""properties"": {}, ""sites"": [{""species"": [{""element"": ""Pt"", ""occu"": 1.0}], ""abc"": [0.5, -0.0, 0.5], ""properties"": {""magmom"": 0.0}, ""label"": ""Pt"", ""xyz"": [1.747230865, 0.0, 3.058146945]}, {""species"": [{""element"": ""Pt"", ""occu"": 1.0}], ""abc"": [0.0, 0.5, 0.0], ""properties"": {""magmom"": 0.0}, ""label"": ""Pt"", ""xyz"": [0.0, 1.747230865, 0.0]}, {""species"": [{""element"": ""S"", ""occu"": 1.0}], ""abc"": [-0.0, -0.0, 0.75], ""properties"": {""magmom"": -0.0}, ""label"": ""S"", ""xyz"": [0.0, 0.0, 4.587220417499999]}, {""species"": [{""element"": ""S"", ""occu"": 1.0}], ""abc"": [0.0, 0.0, 0.25], ""properties"": {""magmom"": -0.0}, ""label"": ""S"", ""xyz"": [0.0, 0.0, 1.5290734725]}]}",0.0,0.38480000000000003,131.19,0.0
131,mp-29754,SrLiN,"{""@module"": ""pymatgen.core.structure"", ""@class"": ""Structure"", ""charge"": 0, ""lattice"": {""matrix"": [[3.92118596, -0.0, 0.0], [0.0, 3.92118596, 0.0], [0.0, 0.0, 7.06029978]], ""pbc"": [true, true, true], ""a"": 3.92118596, ""b"": 3.92118596, ""c"": 7.06029978, ""alpha"": 90.0, ""beta"": 90.0, ""gamma"": 90.0, ""volume"": 108.55704661742793}, ""properties"": {}, ""sites"": [{""species"": [{""element"": ""Sr"", ""occu"": 1.0}], ""abc"": [-0.0, 0.0, 0.75], ""properties"": {""magmom"": -0.0}, ""label"": ""Sr"", ""xyz"": [0.0, 0.0, 5.295224835]}, {""species"": [{""element"": ""Sr"", ""occu"": 1.0}], ""abc"": [0.0, 0.0, 0.25], ""properties"": {""magmom"": -0.0}, ""label"": ""Sr"", ""xyz"": [0.0, 0.0, 1.765074945]}, {""species"": [{""element"": ""Li"", ""occu"": 1.0}], ""abc"": [0.5, 0.5, 0.5], ""properties"": {""magmom"": 0.0}, ""label"": ""Li"", ""xyz"": [1.96059298, 1.96059298, 3.53014989]}, {""species"": [{""element"": ""Li"", ""occu"": 1.0}], ""abc"": [0.5, 0.5, 0.0], ""properties"": {""magmom"": 0.0}, ""label"": ""Li"", ""xyz"": [1.96059298, 1.96059298, 0.0]}, {""species"": [{""element"": ""N"", ""occu"": 1.0}], ""abc"": [-0.0, 0.5, 0.0], ""properties"": {""magmom"": -0.0}, ""label"": ""N"", ""xyz"": [0.0, 1.96059298, 0.0]}, {""species"": [{""element"": ""N"", ""occu"": 1.0}], ""abc"": [0.5, 0.0, 0.5], ""properties"": {""magmom"": -0.0}, ""label"": ""N"", ""xyz"": [1.96059298, 0.0, 3.53014989]}]}",0.0,0.2574,54.044,0.0
136,mp-636368,Ga3Fe,"{""@module"": ""pymatgen.core.structure"", ""@class"": ""Structure"", ""charge"": 0, ""lattice"": {""matrix"": [[6.18354969, -1.4830000000000002e-05, 1.7330000000000002e-05], [-1.6830000000000003e-05, 6.18354917, 2.7510000000000006e-05], [-1.9540000000000003e-05, -3.1840000000000014e-05, 6.49835684]], ""pbc"": [true, true, true], ""a"": 6.183549690042068, ""b"": 6.183549170084098, ""c"": 6.49835684010738, ""alpha"": 90.0000258284022, ""beta"": 90.00001170580683, ""gamma"": 90.00029335578007, ""volume"": 248.47301477035109}, ""properties"": {}, ""sites"": [{""species"": [{""element"": ""Ga"", ""occu"": 1.0}], ""abc"": [0.34455749, 0.65543948, 0.7634950500000001], ""properties"": {""magmom"": -0.0}, ""label"": ""Ga"", ""xyz"": [2.1305624107369527, 4.052912833069262, 4.961487282795038]}, {""species"": [{""element"": ""Ga"", ""occu"": 1.0}], ""abc"": [0.15541194, 0.15539946000000002, 0.73644181], ""properties"": {""magmom"": 0.0}, ""label"": ""Ga"", ""xyz"": [0.9609804479634194, 0.9608944488351477, 4.785668641603545]}, {""species"": [{""element"": ""Ga"", ""occu"": 1.0}], ""abc"": [0.65543112, 0.34456612000000003, 0.23650099], ""properties"": {""magmom"": 0.0}, ""label"": ""Ga"", ""xyz"": [4.052880478615209, 2.1306242951010894, 1.5368886636685424]}, {""species"": [{""element"": ""Ga"", ""occu"": 1.0}], ""abc"": [0.65543119, 0.34456547, 0.76349977], ""properties"": {""magmom"": 0.0}, ""label"": ""Ga"", ""xyz"": [4.052870613918466, 2.1306034961519353, 4.961514790336529]}, {""species"": [{""element"": ""Ga"", ""occu"": 1.0}], ""abc"": [0.49999504, -1.762e-05, 3.799999999999998e-07], ""properties"": {""magmom"": -0.0}, ""label"": ""Ga"", ""xyz"": [3.091744174882657, -0.0001163690749178, 1.11338049162e-05]}, {""species"": [{""element"": ""Ga"", ""occu"": 1.0}], ""abc"": [0.84459941, 0.84458685, 0.26355572], ""properties"": {""magmom"": -0.0}, ""label"": ""Ga"", ""xyz"": [5.222603055604229, 5.22252339828704, 1.7127169872751435]}, {""species"": [{""element"": ""Ga"", ""occu"": 1.0}], ""abc"": [1.1530000000000001e-05, 0.49999299, 0.50000035], ""properties"": {""magmom"": -0.0}, ""label"": ""Ga"", ""xyz"": [5.3111439065000015e-05, 3.0917153181381845, 3.2491944494318634]}, {""species"": [{""element"": ""Ga"", ""occu"": 1.0}], ""abc"": [0.15541342, 0.15540135, 0.26355952], ""properties"": {""magmom"": 0.0}, ""label"": ""Ga"", ""xyz"": [0.9609988397050986, 0.9609211922932441, 1.7127107779448238]}, {""species"": [{""element"": ""Ga"", ""occu"": 1.0}], ""abc"": [0.34455612, 0.65544052, 0.23650307], ""properties"": {""magmom"": -0.0}, ""label"": ""Ga"", ""xyz"": [2.1305642366796635, 4.052936043405359, 1.5369053449417636]}, {""species"": [{""element"": ""Ga"", ""occu"": 1.0}], ""abc"": [0.84459837, 0.84458605, 0.73644336], ""properties"": {""magmom"": -0.0}, ""label"": ""Ga"", ""xyz"": [5.222587384501529, 5.222503394720669, 4.7857096171805695]}, {""species"": [{""element"": ""Ga"", ""occu"": 1.0}], ""abc"": [0.49999961, -6.65e-06, 0.49999982], ""properties"": {""magmom"": -0.0}, ""label"": ""Ga"", ""xyz"": [3.0917626635310573, -6.44555904656e-05, 3.2491859151060685]}, {""species"": [{""element"": ""Ga"", ""occu"": 1.0}], ""abc"": [-1.063e-05, 0.50000343, 0.99999928], ""properties"": {""magmom"": -0.0}, ""label"": ""Ga"", ""xyz"": [-9.368617686280002e-05, 3.091763954754221, 6.498365916093217]}, {""species"": [{""element"": ""Fe"", ""occu"": 1.0}], ""abc"": [0.84318958, 0.15681985, 0.50000014], ""properties"": {""magmom"": -0.0}, ""label"": ""Fe"", ""xyz"": [5.2138922567394195, 0.9696748288010956, 3.2491982563594526]}, {""species"": [{""element"": ""Fe"", ""occu"": 1.0}], ""abc"": [0.1568155, 0.84319415, 0.49999997], ""properties"": {""magmom"": 0.0}, ""label"": ""Fe"", ""xyz"": [0.9696524754552367, 5.213914240808446, 3.2492041389329764]}, {""species"": [{""element"": ""Fe"", ""occu"": 1.0}], ""abc"": [0.34316419, 0.34317778, 3.5e-07], ""properties"": {""magmom"": -0.0}, ""label"": ""Fe"", ""xyz"": [2.1219670450047246, 2.1220515875453607, 1.76622810345e-05]}, {""species"": [{""element"": ""Fe"", ""occu"": 1.0}], ""abc"": [0.65683712, 0.65685077, -5.8e-07], ""properties"": {""magmom"": 0.0}, ""label"": ""Fe"", ""xyz"": [4.061573914969368, 4.061659292771339, 2.5683905005100006e-05]}]}",0.0,0.22150000000000003,102.587,0.0
136,mp-470,GeO2,"{""@module"": ""pymatgen.core.structure"", ""@class"": ""Structure"", ""charge"": 0, ""lattice"": {""matrix"": [[2.87651434, 0.0, 0.0], [0.0, 4.41242435, 0.0], [0.0, -0.0, 4.41242435]], ""pbc"": [true, true, true], ""a"": 2.87651434, ""b"": 4.41242435, ""c"": 4.41242435, ""alpha"": 90.0, ""beta"": 90.0, ""gamma"": 90.0, ""volume"": 56.00426327829353}, ""properties"": {}, ""sites"": [{""species"": [{""element"": ""Ge"", ""occu"": 1.0}], ""abc"": [0.5, 0.5, 0.5], ""properties"": {""magmom"": 0.0}, ""label"": ""Ge"", ""xyz"": [1.43825717, 2.206212175, 2.206212175]}, {""species"": [{""element"": ""Ge"", ""occu"": 1.0}], ""abc"": [0.0, 0.0, 0.0], ""properties"": {""magmom"": 0.0}, ""label"": ""Ge"", ""xyz"": [0.0, 0.0, 0.0]}, {""species"": [{""element"": ""O"", ""occu"": 1.0}], ""abc"": [-0.0, 0.69422923, 0.69422923], ""properties"": {""magmom"": -0.0}, ""label"": ""O"", ""xyz"": [0.0, 3.063233958933751, 3.063233958933751]}, {""species"": [{""element"": ""O"", ""occu"": 1.0}], ""abc"": [0.5, 0.80577077, 0.19422923], ""properties"": {""magmom"": -0.0}, ""label"": ""O"", ""xyz"": [1.43825717, 3.5554025660662494, 0.8570217839337505]}, {""species"": [{""element"": ""O"", ""occu"": 1.0}], ""abc"": [0.0, 0.30577077, 0.30577077], ""properties"": {""magmom"": -0.0}, ""label"": ""O"", ""xyz"": [0.0, 1.3491903910662497, 1.3491903910662497]}, {""species"": [{""element"": ""O"", ""occu"": 1.0}], ""abc"": [0.5, 0.19422923, 0.80577077], ""properties"": {""magmom"": -0.0}, ""label"": ""O"", ""xyz"": [1.43825717, 0.8570217839337505, 3.5554025660662494]}]}",0.0,1.2157,202.915,0.0
136,mp-7603,Li2TiF6,"{""@module"": ""pymatgen.core.structure"", ""@class"": ""Structure"", ""charge"": 0, ""lattice"": {""matrix"": [[4.60075757, -0.0, 0.0], [-0.0, 4.60075757, 0.0], [0.0, 0.0, 8.84075562]], ""pbc"": [true, true, true], ""a"": 4.60075757, ""b"": 4.60075757, ""c"": 8.84075562, ""alpha"": 90.0, ""beta"": 90.0, ""gamma"": 90.0, ""volume"": 187.13201091238082}, ""properties"": {}, ""sites"": [{""species"": [{""element"": ""Li"", ""occu"": 1.0}], ""abc"": [-0.0, 0.0, 0.33880427], ""properties"": {""magmom"": 0.0}, ""label"": ""Li"", ""xyz"": [0.0, 0.0, 2.9952857540824973]}, {""species"": [{""element"": ""Li"", ""occu"": 1.0}], ""abc"": [0.5, 0.5, 0.83880427], ""properties"": {""magmom"": 0.0}, ""label"": ""Li"", ""xyz"": [2.300378785, 2.300378785, 7.4156635640824975]}, {""species"": [{""element"": ""Li"", ""occu"": 1.0}], ""abc"": [0.5, 0.5, 0.16119573], ""properties"": {""magmom"": 0.0}, ""label"": ""Li"", ""xyz"": [2.300378785, 2.300378785, 1.4250920559175027]}, {""species"": [{""element"": ""Li"", ""occu"": 1.0}], ""abc"": [-0.0, 0.0, 0.66119573], ""properties"": {""magmom"": 0.0}, ""label"": ""Li"", ""xyz"": [0.0, 0.0, 5.845469865917502]}, {""species"": [{""element"": ""Ti"", ""occu"": 1.0}], ""abc"": [-0.0, 0.0, -0.0], ""properties"": {""magmom"": 0.0}, ""label"": ""Ti"", ""xyz"": [0.0, 0.0, 0.0]}, {""species"": [{""element"": ""Ti"", ""occu"": 1.0}], ""abc"": [0.5, 0.5, 0.5], ""properties"": {""magmom"": 0.0}, ""label"": ""Ti"", ""xyz"": [2.300378785, 2.300378785, 4.42037781]}, {""species"": [{""element"": ""F"", ""occu"": 1.0}], ""abc"": [0.21072506, 0.78927494, 0.5], ""properties"": {""magmom"": 0.0}, ""label"": ""F"", ""xyz"": [0.9694949149837041, 3.6312626550162954, 4.42037781]}, {""species"": [{""element"": ""F"", ""occu"": 1.0}], ""abc"": [0.69563045, 0.69563045, 0.65602867], ""properties"": {""magmom"": -0.0}, ""label"": ""F"", ""xyz"": [3.2004270587600065, 3.2004270587600065, 5.799789151183625]}, {""species"": [{""element"": ""F"", ""occu"": 1.0}], ""abc"": [0.28927494, 0.28927494, -0.0], ""properties"": {""magmom"": 0.0}, ""label"": ""F"", ""xyz"": [1.3308838700162957, 1.3308838700162957, 0.0]}, {""species"": [{""element"": ""F"", ""occu"": 1.0}], ""abc"": [0.71072506, 0.71072506, -0.0], ""properties"": {""magmom"": 0.0}, ""label"": ""F"", ""xyz"": [3.2698736999837044, 3.2698736999837044, 0.0]}, {""species"": [{""element"": ""F"", ""occu"": 1.0}], ""abc"": [0.78927494, 0.21072506, 0.5], ""properties"": {""magmom"": 0.0}, ""label"": ""F"", ""xyz"": [3.6312626550162954, 0.9694949149837041, 4.42037781]}, {""species"": [{""element"": ""F"", ""occu"": 1.0}], ""abc"": [0.19563045, 0.80436955, 0.84397133], ""properties"": {""magmom"": -0.0}, ""label"": ""F"", ""xyz"": [0.9000482737600065, 3.7007092962399932, 7.461344278816374]}, {""species"": [{""element"": ""F"", ""occu"": 1.0}], ""abc"": [0.30436955, 0.30436955, 0.34397133], ""properties"": {""magmom"": -0.0}, ""label"": ""F"", ""xyz"": [1.4003305112399933, 1.4003305112399933, 3.0409664688163747]}, {""species"": [{""element"": ""F"", ""occu"": 1.0}], ""abc"": [0.69563045, 0.69563045, 0.34397133], ""properties"": {""magmom"": -0.0}, ""label"": ""F"", ""xyz"": [3.2004270587600065, 3.2004270587600065, 3.0409664688163747]}, {""species"": [{""element"": ""F"", ""occu"": 1.0}], ""abc"": [0.80436955, 0.19563045, 0.84397133], ""properties"": {""magmom"": -0.0}, ""label"": ""F"", ""xyz"": [3.7007092962399932, 0.9000482737600065, 7.461344278816374]}, {""species"": [{""element"": ""F"", ""occu"": 1.0}], ""abc"": [0.80436955, 0.19563045, 0.15602867], ""properties"": {""magmom"": -0.0}, ""label"": ""F"", ""xyz"": [3.7007092962399932, 0.9000482737600065, 1.3794113411836253]}, {""species"": [{""element"": ""F"", ""occu"": 1.0}], ""abc"": [0.19563045, 0.80436955, 0.15602867], ""properties"": {""magmom"": -0.0}, ""label"": ""F"", ""xyz"": [0.9000482737600065, 3.7007092962399932, 1.3794113411836253]}, {""species"": [{""element"": ""F"", ""occu"": 1.0}], ""abc"": [0.30436955, 0.30436955, 0.65602867], ""properties"": {""magmom"": -0.0}, ""label"": ""F"", ""xyz"": [1.4003305112399933, 1.4003305112399933, 5.799789151183625]}]}",0.0,4.3715,52.093,0.0
137,mp-23192,HgI2,"{""@module"": ""pymatgen.core.structure"", ""@class"": ""Structure"", ""charge"": 0, ""lattice"": {""matrix"": [[4.46038977, 0.0, 0.0], [-0.0, 4.46038977, -0.0], [0.0, 0.0, 12.86764923]], ""pbc"": [true, true, true], ""a"": 4.46038977, ""b"": 4.46038977, ""c"": 12.86764923, ""alpha"": 90.0, ""beta"": 90.0, ""gamma"": 90.0, ""volume"": 256.0028709572018}, ""properties"": {}, ""sites"": [{""species"": [{""element"": ""Hg"", ""occu"": 1.0}], ""abc"": [0.75, 0.25, 0.75], ""properties"": {""magmom"": 0.0}, ""label"": ""Hg"", ""xyz"": [3.3452923275, 1.1150974425, 9.6507369225]}, {""species"": [{""element"": ""Hg"", ""occu"": 1.0}], ""abc"": [0.25, 0.75, 0.25], ""properties"": {""magmom"": 0.0}, ""label"": ""Hg"", ""xyz"": [1.1150974425, 3.3452923275, 3.2169123075]}, {""species"": [{""element"": ""I"", ""occu"": 1.0}], ""abc"": [0.25, 0.25, 0.38679759], ""properties"": {""magmom"": -0.0}, ""label"": ""I"", ""xyz"": [1.1150974425, 1.1150974425, 4.977175711129356]}, {""species"": [{""element"": ""I"", ""occu"": 1.0}], ""abc"": [0.25, 0.25, 0.88679759], ""properties"": {""magmom"": -0.0}, ""label"": ""I"", ""xyz"": [1.1150974425, 1.1150974425, 11.411000326129356]}, {""species"": [{""element"": ""I"", ""occu"": 1.0}], ""abc"": [0.75, 0.75, 0.61320241], ""properties"": {""magmom"": -0.0}, ""label"": ""I"", ""xyz"": [3.3452923275, 3.3452923275, 7.890473518870643]}, {""species"": [{""element"": ""I"", ""occu"": 1.0}], ""abc"": [0.75, 0.75, 0.11320241], ""properties"": {""magmom"": -0.0}, ""label"": ""I"", ""xyz"": [3.3452923275, 3.3452923275, 1.4566489038706443]}]}",0.0,1.3324,3.392,0.0
137,mp-38725,NaBH4,"{""@module"": ""pymatgen.core.structure"", ""@class"": ""Structure"", ""charge"": 0, ""lattice"": {""matrix"": [[4.2763238900000005, 0.0, 0.0], [0.0, 4.2763238900000005, -0.0], [0.0, 0.0, 5.79882743]], ""pbc"": [true, true, true], ""a"": 4.2763238900000005, ""b"": 4.2763238900000005, ""c"": 5.79882743, ""alpha"": 90.0, ""beta"": 90.0, ""gamma"": 90.0, ""volume"": 106.04284414638596}, ""properties"": {}, ""sites"": [{""species"": [{""element"": ""Na"", ""occu"": 1.0}], ""abc"": [0.5, 0.5, 0.5], ""properties"": {""magmom"": 0.0}, ""label"": ""Na"", ""xyz"": [2.1381619450000002, 2.1381619450000002, 2.899413715]}, {""species"": [{""element"": ""Na"", ""occu"": 1.0}], ""abc"": [0.0, -0.0, 0.0], ""properties"": {""magmom"": 0.0}, ""label"": ""Na"", ""xyz"": [0.0, 0.0, 0.0]}, {""species"": [{""element"": ""B"", ""occu"": 1.0}], ""abc"": [0.5, 0.5, -0.0], ""properties"": {""magmom"": -0.0}, ""label"": ""B"", ""xyz"": [2.1381619450000002, 2.1381619450000002, 0.0]}, {""species"": [{""element"": ""B"", ""occu"": 1.0}], ""abc"": [0.0, -0.0, 0.5], ""properties"": {""magmom"": -0.0}, ""label"": ""B"", ""xyz"": [0.0, 0.0, 2.899413715]}, {""species"": [{""element"": ""H"", ""occu"": 1.0}], ""abc"": [0.99141903, 0.23321254, 0.37927869000000003], ""properties"": {""magmom"": 0.0}, ""label"": ""H"", ""xyz"": [4.239628882989627, 0.9972923562495807, 2.199371671186467]}, {""species"": [{""element"": ""H"", ""occu"": 1.0}], ""abc"": [0.00858097, 0.76678746, 0.37927869000000003], ""properties"": {""magmom"": 0.0}, ""label"": ""H"", ""xyz"": [0.03669500701037331, 3.2790315337504197, 2.199371671186467]}, {""species"": [{""element"": ""H"", ""occu"": 1.0}], ""abc"": [0.23321254, 0.00858097, 0.62072131], ""properties"": {""magmom"": 0.0}, ""label"": ""H"", ""xyz"": [0.9972923562495807, 0.03669500701037331, 3.599455758813533]}, {""species"": [{""element"": ""H"", ""occu"": 1.0}], ""abc"": [0.49141903000000003, 0.26678746000000003, 0.12072131], ""properties"": {""magmom"": 0.0}, ""label"": ""H"", ""xyz"": [2.101466937989627, 1.1408695887504197, 0.7000420438135333]}, {""species"": [{""element"": ""H"", ""occu"": 1.0}], ""abc"": [0.26678746000000003, 0.50858097, 0.87927869], ""properties"": {""magmom"": 0.0}, ""label"": ""H"", ""xyz"": [1.1408695887504197, 2.1748569520103738, 5.098785386186467]}, {""species"": [{""element"": ""H"", ""occu"": 1.0}], ""abc"": [0.76678746, 0.99141903, 0.62072131], ""properties"": {""magmom"": 0.0}, ""label"": ""H"", ""xyz"": [3.2790315337504197, 4.239628882989627, 3.599455758813533]}, {""species"": [{""element"": ""H"", ""occu"": 1.0}], ""abc"": [0.73321254, 0.49141903000000003, 0.87927869], ""properties"": {""magmom"": 0.0}, ""label"": ""H"", ""xyz"": [3.135454301249581, 2.101466937989627, 5.098785386186467]}, {""species"": [{""element"": ""H"", ""occu"": 1.0}], ""abc"": [0.50858097, 0.73321254, 0.12072131], ""properties"": {""magmom"": 0.0}, ""label"": ""H"", ""xyz"": [2.1748569520103738, 3.135454301249581, 0.7000420438135333]}]}",0.0,6.3086,19.433,0.0
138,mp-27725,AuI,"{""@module"": ""pymatgen.core.structure"", ""@class"": ""Structure"", ""charge"": 0, ""lattice"": {""matrix"": [[4.40940418, 0.0, -0.0], [0.0, 4.40940418, -0.0], [-0.0, -0.0, 14.20061993]], ""pbc"": [true, true, true], ""a"": 4.40940418, ""b"": 4.40940418, ""c"": 14.20061993, ""alpha"": 90.0, ""beta"": 90.0, ""gamma"": 90.0, ""volume"": 276.1004553639798}, ""properties"": {}, ""sites"": [{""species"": [{""element"": ""Au"", ""occu"": 1.0}], ""abc"": [0.5, 0.5, -0.0], ""properties"": {""magmom"": 0.0}, ""label"": ""Au"", ""xyz"": [2.20470209, 2.20470209, 0.0]}, {""species"": [{""element"": ""Au"", ""occu"": 1.0}], ""abc"": [-0.0, 0.5, 0.5], ""properties"": {""magmom"": 0.0}, ""label"": ""Au"", ""xyz"": [0.0, 2.20470209, 7.100309965]}, {""species"": [{""element"": ""Au"", ""occu"": 1.0}], ""abc"": [0.5, 0.0, 0.5], ""properties"": {""magmom"": 0.0}, ""label"": ""Au"", ""xyz"": [2.20470209, 0.0, 7.100309965]}, {""species"": [{""element"": ""Au"", ""occu"": 1.0}], ""abc"": [0.0, -0.0, -0.0], ""properties"": {""magmom"": 0.0}, ""label"": ""Au"", ""xyz"": [0.0, 0.0, 0.0]}, {""species"": [{""element"": ""I"", ""occu"": 1.0}], ""abc"": [0.75, 0.75, 0.85190433], ""properties"": {""magmom"": -0.0}, ""label"": ""I"", ""xyz"": [3.3070531350000003, 3.3070531350000003, 12.097569607051296]}, {""species"": [{""element"": ""I"", ""occu"": 1.0}], ""abc"": [0.75, 0.75, 0.35190433], ""properties"": {""magmom"": -0.0}, ""label"": ""I"", ""xyz"": [3.3070531350000003, 3.3070531350000003, 4.997259642051297]}, {""species"": [{""element"": ""I"", ""occu"": 1.0}], ""abc"": [0.25, 0.25, 0.64809567], ""properties"": {""magmom"": -0.0}, ""label"": ""I"", ""xyz"": [1.102351045, 1.102351045, 9.203360287948703]}, {""species"": [{""element"": ""I"", ""occu"": 1.0}], ""abc"": [0.25, 0.25, 0.14809567], ""properties"": {""magmom"": -0.0}, ""label"": ""I"", ""xyz"": [1.102351045, 1.102351045, 2.1030503229487034]}]}",0.0,2.0942,2.167,0.0
139,mp-7188,Al2Os,"{""@module"": ""pymatgen.core.structure"", ""@class"": ""Structure"", ""charge"": 0, ""lattice"": {""matrix"": [[2.97262015, -6.0300000000000016e-05, -1.05811945], [-0.37665163, 2.9486612, -1.05812004], [0.0027745400000000003, 0.00315165, 4.71300765]], ""pbc"": [true, true, true], ""a"": 3.1553268183011434, ""b"": 3.155326820127623, ""c"": 4.713009520458075, ""alpha"": 109.55972376401773, ""beta"": 109.55971506226498, ""gamma"": 90.00116613026414, ""volume"": 41.330407913956776}, ""properties"": {}, ""sites"": [{""species"": [{""element"": ""Al"", ""occu"": 1.0}], ""abc"": [0.33861522, 0.33861523, 0.67733634], ""properties"": {""magmom"": -0.0}, ""label"": ""Al"", ""xyz"": [0.8809137445151418, 1.000575899008271, 2.475700440982763]}, {""species"": [{""element"": ""Al"", ""occu"": 1.0}], ""abc"": [0.66138474, 0.6613847700000001, 0.32266365], ""properties"": {""magmom"": -0.0}, ""label"": ""Al"", ""xyz"": [1.717829196552307, 1.951176650962625, 0.12106771421193874]}, {""species"": [{""element"": ""Os"", ""occu"": 1.0}], ""abc"": [4e-08, 0.0, 1e-08], ""properties"": {""magmom"": 0.0}, ""label"": ""Os"", ""xyz"": [1.189325514e-07, 2.91045e-11, 4.8052985e-09]}]}",0.0,0.28989999999999905,190.012,0.0
139,mp-9321,Ba2HfS4,"{""@module"": ""pymatgen.core.structure"", ""@class"": ""Structure"", ""charge"": 0, ""lattice"": {""matrix"": [[4.7490632900000005, -5.0750000000000014e-05, -1.38598931], [-0.4046282, 4.73179452, -1.38598915], [-0.047867230000000004, -0.05213475, 8.66357432]], ""pbc"": [true, true, true], ""a"": 4.947177832101396, ""b"": 4.947177911057475, ""c"": 8.663863416630534, ""alpha"": 106.58585754808819, ""beta"": 106.58585886916686, ""gamma"": 90.00205758940503, ""volume"": 193.99780295652653}, ""properties"": {}, ""sites"": [{""species"": [{""element"": ""Ba"", ""occu"": 1.0}], ""abc"": [0.35778869, 0.35778873, 0.71560457], ""properties"": {""magmom"": 0.0}, ""label"": ""Ba"", ""xyz"": [1.5201357149147634, 1.6556567287999349, 5.207910778575459]}, {""species"": [{""element"": ""Ba"", ""occu"": 1.0}], ""abc"": [0.64221132, 0.64221129, 0.28439544], ""properties"": {""magmom"": 0.0}, ""label"": ""Ba"", ""xyz"": [2.776432184004634, 3.0239523853141006, 0.6836851264806081]}, {""species"": [{""element"": ""Hf"", ""occu"": 1.0}], ""abc"": [5.599999999999997e-07, -5.2e-07, -2e-08], ""properties"": {""magmom"": -0.0}, ""label"": ""Hf"", ""xyz"": [2.870839450999999e-06, -2.4595188754e-06, -2.287111419999997e-07]}, {""species"": [{""element"": ""S"", ""occu"": 1.0}], ""abc"": [-1.6e-07, 0.50000024, -1e-08], ""properties"": {""magmom"": -0.0}, ""label"": ""S"", ""xyz"": [-0.20231495648222209, 2.3658983961601523, -0.6929947725148495]}, {""species"": [{""element"": ""S"", ""occu"": 1.0}], ""abc"": [0.49999974, 1.3e-07, -0.0], ""properties"": {""magmom"": 0.0}, ""label"": ""S"", ""xyz"": [2.374530357641879, -2.475985351740001e-05, -0.6929944748213689]}, {""species"": [{""element"": ""S"", ""occu"": 1.0}], ""abc"": [0.83870201, 0.83870214, 0.67728256], ""properties"": {""magmom"": -0.0}, ""label"": ""S"", ""xyz"": [3.611266749621356, 3.9332136688923054, 3.542823707942565]}, {""species"": [{""element"": ""S"", ""occu"": 1.0}], ""abc"": [0.16129785, 0.16129799, 0.32271746], ""properties"": {""magmom"": -0.0}, ""label"": ""S"", ""xyz"": [0.6853003919507729, 0.7463959652053924, 2.3487723391888355]}]}",0.0,0.8648,56.786,0.0
139,mp-20098,Ba2PbO4,"{""@module"": ""pymatgen.core.structure"", ""@class"": ""Structure"", ""charge"": 0, ""lattice"": {""matrix"": [[4.14658282, 0.0, -1.27968226], [-0.39492428, 4.12773363, -1.27968226], [-0.00152658, -0.00167974, 7.35302727]], ""pbc"": [true, true, true], ""a"": 4.339554789339323, ""b"": 4.339554907329229, ""c"": 7.353027620330051, ""alpha"": 107.16271173403709, ""beta"": 107.16271119023227, ""gamma"": 89.99999862505899, ""volume"": 125.83651068209677}, ""properties"": {}, ""sites"": [{""species"": [{""element"": ""Ba"", ""occu"": 1.0}], ""abc"": [0.35581795, 0.35581795, 0.7116369], ""properties"": {""magmom"": 0.0}, ""label"": ""Ba"", ""xyz"": [1.333821080143991, 1.4675263534062524, 4.322017695229129]}, {""species"": [{""element"": ""Ba"", ""occu"": 1.0}], ""abc"": [0.6441820500000001, 0.6441820500000001, 0.2883631], ""properties"": {""magmom"": 0.0}, ""label"": ""Ba"", ""xyz"": [2.4163108798560096, 2.6585275365937475, 0.4716450547708708]}, {""species"": [{""element"": ""Pb"", ""occu"": 1.0}], ""abc"": [-0.0, -0.0, -0.0], ""properties"": {""magmom"": 0.0}, ""label"": ""Pb"", ""xyz"": [0.0, 0.0, 0.0]}, {""species"": [{""element"": ""O"", ""occu"": 1.0}], ""abc"": [-0.0, 0.5, -0.0], ""properties"": {""magmom"": 0.0}, ""label"": ""O"", ""xyz"": [-0.19746214, 2.063866815, -0.63984113]}, {""species"": [{""element"": ""O"", ""occu"": 1.0}], ""abc"": [0.5, -0.0, -0.0], ""properties"": {""magmom"": 0.0}, ""label"": ""O"", ""xyz"": [2.07329141, 0.0, -0.63984113]}, {""species"": [{""element"": ""O"", ""occu"": 1.0}], ""abc"": [0.83831128, 0.83831128, 0.67662055], ""properties"": {""magmom"": -0.0}, ""label"": ""O"", ""xyz"": [3.1440247573911124, 3.459189116261689, 2.829665208844613]}, {""species"": [{""element"": ""O"", ""occu"": 1.0}], ""abc"": [0.16168872, 0.16168872, 0.32337945], ""properties"": {""magmom"": -0.0}, ""label"": ""O"", ""xyz"": [0.6061072026088878, 0.6668647737383107, 1.9639975411553872]}]}",0.0,1.2232,85.368,0.0
140,mp-12927,Ba(BeN)2,"{""@module"": ""pymatgen.core.structure"", ""@class"": ""Structure"", ""charge"": 0, ""lattice"": {""matrix"": [[-2.83130042, 2.83130042, 4.24053295], [2.83130042, -2.83130042, 4.24053295], [2.83130042, 2.83130042, -4.24053295]], ""pbc"": [true, true, true], ""a"": 5.83220745829742, ""b"": 5.83220745829742, ""c"": 5.83220745829742, ""alpha"": 121.91483820426396, ""beta"": 121.91483820426396, ""gamma"": 86.71421375258208, ""volume"": 135.9728937457125}, ""properties"": {}, ""sites"": [{""species"": [{""element"": ""Ba"", ""occu"": 1.0}], ""abc"": [0.75, 0.75, -0.0], ""properties"": {""magmom"": -0.0}, ""label"": ""Ba"", ""xyz"": [0.0, 0.0, 6.360799425000001]}, {""species"": [{""element"": ""Ba"", ""occu"": 1.0}], ""abc"": [0.25, 0.25, -0.0], ""properties"": {""magmom"": -0.0}, ""label"": ""Ba"", ""xyz"": [0.0, 0.0, 2.120266475]}, {""species"": [{""element"": ""Be"", ""occu"": 1.0}], ""abc"": [0.12856008, 0.62856008, 0.75712016], ""properties"": {""magmom"": -0.0}, ""label"": ""Be"", ""xyz"": [3.559284836998467, 0.727984416998467, -4.440892098500626e-16]}, {""species"": [{""element"": ""Be"", ""occu"": 1.0}], ""abc"": [0.62856008, 0.87143992, 0.5], ""properties"": {""magmom"": -0.0}, ""label"": ""Be"", ""xyz"": [2.1033160030015328, 0.727984416998467, 4.24053295]}, {""species"": [{""element"": ""Be"", ""occu"": 1.0}], ""abc"": [0.37143992000000003, 0.12856008, 0.5], ""properties"": {""magmom"": -0.0}, ""label"": ""Be"", ""xyz"": [0.727984416998467, 2.1033160030015328, 0.0]}, {""species"": [{""element"": ""Be"", ""occu"": 1.0}], ""abc"": [0.87143992, 0.37143992000000003, 0.24287984], ""properties"": {""magmom"": -0.0}, ""label"": ""Be"", ""xyz"": [-0.7279844169984672, 2.1033160030015328, 4.240532950000001]}, {""species"": [{""element"": ""N"", ""occu"": 1.0}], ""abc"": [0.16605692, 0.33394308, 0.5], ""properties"": {""magmom"": 0.0}, ""label"": ""N"", ""xyz"": [1.890986365320187, 0.9403140546798128, 0.0]}, {""species"": [{""element"": ""N"", ""occu"": 1.0}], ""abc"": [0.66605692, 0.16605692, 0.83211484], ""properties"": {""magmom"": 0.0}, ""label"": ""N"", ""xyz"": [0.9403168859802329, 3.7716173059802327, -4.240532950117171e-06]}, {""species"": [{""element"": ""N"", ""occu"": 1.0}], ""abc"": [0.8339430800000001, 0.66605692, 0.5], ""properties"": {""magmom"": 0.0}, ""label"": ""N"", ""xyz"": [0.9403140546798128, 1.890986365320187, 4.240532950000001]}, {""species"": [{""element"": ""N"", ""occu"": 1.0}], ""abc"": [0.33394308, 0.8339430800000001, 0.16788516], ""properties"": {""magmom"": 0.0}, ""label"": ""N"", ""xyz"": [1.8909835340197672, -0.9403168859802327, 4.240537190532951]}]}",0.0,1.178999999999999,98.183,0.0
140,mp-12623,BaPdF4,"{""@module"": ""pymatgen.core.structure"", ""@class"": ""Structure"", ""charge"": 0, ""lattice"": {""matrix"": [[5.57748064, -1e-08, -2.71525427], [-1.32185292, 5.41857893, -2.71525426], [-0.04605803, -0.05864214, 6.99145138]], ""pbc"": [true, true, true], ""a"": 6.2032971910370405, ""b"": 6.203297386003722, ""c"": 6.9918490145036145, ""alpha"": 116.33438260541496, ""beta"": 116.33440224173, ""gamma"": 90.00000506360873, ""volume"": 209.51956411708264}, ""properties"": {}, ""sites"": [{""species"": [{""element"": ""Ba"", ""occu"": 1.0}], ""abc"": [0.75, 0.75, 0.5], ""properties"": {""magmom"": 0.0}, ""label"": ""Ba"", ""xyz"": [3.1686917749999997, 4.03461312, -0.5771557074999998]}, {""species"": [{""element"": ""Ba"", ""occu"": 1.0}], ""abc"": [0.25, 0.25, 0.5], ""properties"": {""magmom"": 0.0}, ""label"": ""Ba"", ""xyz"": [1.0408779149999998, 1.32532366, 2.1380985575]}, {""species"": [{""element"": ""Pd"", ""occu"": 1.0}], ""abc"": [0.5, 0.0, -0.0], ""properties"": {""magmom"": -0.0}, ""label"": ""Pd"", ""xyz"": [2.78874032, -5e-09, -1.357627135]}, {""species"": [{""element"": ""Pd"", ""occu"": 1.0}], ""abc"": [-0.0, 0.5, -0.0], ""properties"": {""magmom"": -0.0}, ""label"": ""Pd"", ""xyz"": [-0.66092646, 2.709289465, -1.35762713]}, {""species"": [{""element"": ""F"", ""occu"": 1.0}], ""abc"": [0.96715217, 0.46715217000000003, 0.25577882], ""properties"": {""magmom"": -0.0}, ""label"": ""F"", ""xyz"": [4.764985375545228, 2.5163014784227817, -2.1062357949292383]}, {""species"": [{""element"": ""F"", ""occu"": 1.0}], ""abc"": [0.71137435, 0.21137435000000002, 0.74422118], ""properties"": {""magmom"": -0.0}, ""label"": ""F"", ""xyz"": [3.653993501721907, 1.1017058695101767, 2.697688850238023]}, {""species"": [{""element"": ""F"", ""occu"": 1.0}], ""abc"": [0.03284783, 0.53284783, 0.74422118], ""properties"": {""magmom"": -0.0}, ""label"": ""F"", ""xyz"": [-0.5554156855452278, 2.8436353015772187, 3.6671786449292387]}, {""species"": [{""element"": ""F"", ""occu"": 1.0}], ""abc"": [0.21137435000000002, 0.03284783, 0.74422118], ""properties"": {""magmom"": -0.0}, ""label"": ""F"", ""xyz"": [1.1012389834813452, 0.1343458347919532, 4.540060879190999]}, {""species"": [{""element"": ""F"", ""occu"": 1.0}], ""abc"": [0.28862565, 0.7886256500000001, 0.25577882], ""properties"": {""magmom"": -0.0}, ""label"": ""F"", ""xyz"": [0.5555761882780932, 4.258230910489823, -1.136746000238023]}, {""species"": [{""element"": ""F"", ""occu"": 1.0}], ""abc"": [0.46715217000000003, 0.28862565, 0.25577882], ""properties"": {""magmom"": -0.0}, ""label"": ""F"", ""xyz"": [2.2122308573046663, 1.548941443704558, -0.26386376597626304]}, {""species"": [{""element"": ""F"", ""occu"": 1.0}], ""abc"": [0.7886256500000001, 0.96715217, 0.25577882], ""properties"": {""magmom"": -0.0}, ""label"": ""F"", ""xyz"": [3.108330706518655, 5.225590945208047, -2.979118029190998]}, {""species"": [{""element"": ""F"", ""occu"": 1.0}], ""abc"": [0.53284783, 0.71137435, 0.74422118], ""properties"": {""magmom"": -0.0}, ""label"": ""F"", ""xyz"": [1.9973388326953339, 3.8109953362954423, 1.8248066159762635]}]}",0.0,1.4527,53.745,0.0
140,mp-2150,BaTe2,"{""@module"": ""pymatgen.core.structure"", ""@class"": ""Structure"", ""charge"": 0, ""lattice"": {""matrix"": [[6.16956027, -0.02519389, -2.992959319999999], [-3.74271791, 5.67933553, -0.87127032], [-0.016601730000000002, 0.02519389, 6.8571848200000005]], ""pbc"": [true, true, true], ""a"": 6.857252667681909, ""b"": 6.857251737151557, ""c"": 6.857251198925905, ""alpha"": 97.04752895397405, ""beta"": 116.01801763977653, ""gamma"": 116.01801046518706, ""volume"": 239.75741173391523}, ""properties"": {}, ""sites"": [{""species"": [{""element"": ""Ba"", ""occu"": 1.0}], ""abc"": [0.0, 0.75, 0.75], ""properties"": {""magmom"": -0.0}, ""label"": ""Ba"", ""xyz"": [-2.8194897300000004, 4.278397065, 4.489435875]}, {""species"": [{""element"": ""Ba"", ""occu"": 1.0}], ""abc"": [0.0, 0.25, 0.25], ""properties"": {""magmom"": -0.0}, ""label"": ""Ba"", ""xyz"": [-0.93982991, 1.426132355, 1.4964786250000002]}, {""species"": [{""element"": ""Te"", ""occu"": 1.0}], ""abc"": [0.22787098, 0.36393499, 0.8639349900000001], ""properties"": {""magmom"": -0.0}, ""label"": ""Te"", ""xyz"": [0.02941492430376081, 2.082933846018094, 4.925067570349823]}, {""species"": [{""element"": ""Te"", ""occu"": 1.0}], ""abc"": [0.5, 0.8639349900000001, 0.63606501], ""properties"": {""magmom"": -0.0}, ""label"": ""Te"", ""xyz"": [-0.15924460470713872, 4.9100046912119835, 2.112414755908653]}, {""species"": [{""element"": ""Te"", ""occu"": 1.0}], ""abc"": [0.77212902, 0.63606501, 0.13606501000000001], ""properties"": {""magmom"": -0.0}, ""label"": ""Te"", ""xyz"": [2.3808257056962385, 3.596401683981907, -1.9321123903498205]}, {""species"": [{""element"": ""Te"", ""occu"": 1.0}], ""abc"": [0.5, 0.13606501000000001, 0.36393499], ""properties"": {""magmom"": -0.0}, ""label"": ""Te"", ""xyz"": [2.569485234707138, 0.7693308387880166, 0.8805404240913492]}]}",0.0,0.12530000000000002,28.302,0.0
141,mp-32780,AuCl,"{""@module"": ""pymatgen.core.structure"", ""@class"": ""Structure"", ""charge"": 0, ""lattice"": {""matrix"": [[6.51828191, 0.05198573, 0.07720044], [-2.90924391, 5.83326604, -0.07720145], [-2.90924289, -2.26516996, 5.37605333]], ""pbc"": [true, true, true], ""a"": 6.518946347554417, ""b"": 6.518945688159357, ""c"": 6.518944588482559, ""alpha"": 96.98049784193998, ""beta"": 116.05503938842512, ""gamma"": 116.05503047544342, ""volume"": 205.9167224305555}, ""properties"": {}, ""sites"": [{""species"": [{""element"": ""Au"", ""occu"": 1.0}], ""abc"": [0.0, -0.0, 0.5], ""properties"": {""magmom"": -0.0}, ""label"": ""Au"", ""xyz"": [-1.454621445, -1.13258498, 2.688026665]}, {""species"": [{""element"": ""Au"", ""occu"": 1.0}], ""abc"": [0.0, -0.0, -0.0], ""properties"": {""magmom"": -0.0}, ""label"": ""Au"", ""xyz"": [0.0, 0.0, 0.0]}, {""species"": [{""element"": ""Au"", ""occu"": 1.0}], ""abc"": [0.5, 0.5, -0.0], ""properties"": {""magmom"": -0.0}, ""label"": ""Au"", ""xyz"": [1.804519, 2.942625885, -5.050000000048072e-07]}, {""species"": [{""element"": ""Au"", ""occu"": 1.0}], ""abc"": [0.5, -0.0, -0.0], ""properties"": {""magmom"": -0.0}, ""label"": ""Au"", ""xyz"": [3.259140955, 0.025992865, 0.03860022]}, {""species"": [{""element"": ""Cl"", ""occu"": 1.0}], ""abc"": [0.25, 0.82303959, 0.57303959], ""properties"": {""magmom"": 0.0}, ""label"": ""Cl"", ""xyz"": [-2.431963790292412, 3.5159732572638065, 3.0364516562859296]}, {""species"": [{""element"": ""Cl"", ""occu"": 1.0}], ""abc"": [0.25, 0.42696041, 0.17696041], ""properties"": {""magmom"": 0.0}, ""label"": ""Cl"", ""xyz"": [-0.12738230970758802, 2.102724687736193, 0.9376867487140709]}, {""species"": [{""element"": ""Cl"", ""occu"": 1.0}], ""abc"": [0.75, 0.57303959, 0.82303959], ""properties"": {""magmom"": 0.0}, ""label"": ""Cl"", ""xyz"": [0.8271774197075876, 1.5173571222638071, 4.43836557128593]}, {""species"": [{""element"": ""Cl"", ""occu"": 1.0}], ""abc"": [0.75, 0.17696041, 0.42696041], ""properties"": {""magmom"": 0.0}, ""label"": ""Cl"", ""xyz"": [3.1317589002924118, 0.10410855273619268, 2.339600663714071]}]}",0.0,1.674399999999999,10.267,0.0
141,mp-7374,Ba(CuO)2,"{""@module"": ""pymatgen.core.structure"", ""@class"": ""Structure"", ""charge"": 0, ""lattice"": {""matrix"": [[5.14501471, 0.0, -2.54296716], [-1.25688446, 4.98913081, -2.54296717], [0.0047093, 0.006042, 6.48578898]], ""pbc"": [true, true, true], ""a"": 5.73915136086816, ""b"": 5.739152098766729, ""c"": 6.485793503986997, ""alpha"": 116.25966457208291, ""beta"": 116.2596609971584, ""gamma"": 90.00001223433384, ""volume"": 166.64280980517356}, ""properties"": {}, ""sites"": [{""species"": [{""element"": ""Ba"", ""occu"": 1.0}], ""abc"": [0.875, 0.125, 0.75], ""properties"": {""magmom"": -0.0}, ""label"": ""Ba"", ""xyz"": [4.3483092887499994, 0.62817285125, 2.32137457375]}, {""species"": [{""element"": ""Ba"", ""occu"": 1.0}], ""abc"": [0.125, 0.875, 0.25], ""properties"": {""magmom"": -0.0}, ""label"": ""Ba"", ""xyz"": [-0.45546973874999996, 4.36699995875, -0.9215199237499998]}, {""species"": [{""element"": ""Cu"", ""occu"": 1.0}], ""abc"": [0.5, 0.5, 0.5], ""properties"": {""magmom"": -0.0}, ""label"": ""Cu"", ""xyz"": [1.9464197749999999, 2.497586405, 0.699927325]}, {""species"": [{""element"": ""Cu"", ""occu"": 1.0}], ""abc"": [0.5, 0.0, 0.0], ""properties"": {""magmom"": -0.0}, ""label"": ""Cu"", ""xyz"": [2.572507355, 0.0, -1.27148358]}, {""species"": [{""element"": ""Cu"", ""occu"": 1.0}], ""abc"": [0.0, 0.5, 0.5], ""properties"": {""magmom"": -0.0}, ""label"": ""Cu"", ""xyz"": [-0.62608758, 2.497586405, 1.971410905]}, {""species"": [{""element"": ""Cu"", ""occu"": 1.0}], ""abc"": [0.5, 0.5, 0.0], ""properties"": {""magmom"": -0.0}, ""label"": ""Cu"", ""xyz"": [1.9440651249999998, 2.494565405, -2.542967165]}, {""species"": [{""element"": ""O"", ""occu"": 1.0}], ""abc"": [0.61217328, 0.86217328, 0.22434656], ""properties"": {""magmom"": 0.0}, ""label"": ""O"", ""xyz"": [2.0670448484647284, 4.302850776722277, -2.2941504466117935]}, {""species"": [{""element"": ""O"", ""occu"": 1.0}], ""abc"": [0.86217328, 0.61217328, 0.72434656], ""properties"": {""magmom"": 0.0}, ""label"": ""O"", ""xyz"": [3.6698742909647284, 3.0585890742222768, 0.9487440458882062]}, {""species"": [{""element"": ""O"", ""occu"": 1.0}], ""abc"": [0.38782672, 0.13782672, 0.77565344], ""properties"": {""magmom"": 0.0}, ""label"": ""O"", ""xyz"": [1.8257947015352722, 0.6923220332777232, 3.694005096611794]}, {""species"": [{""element"": ""O"", ""occu"": 1.0}], ""abc"": [0.13782672, 0.38782672, 0.27565344], ""properties"": {""magmom"": 0.0}, ""label"": ""O"", ""xyz"": [0.222965259035272, 1.9365837357777231, 0.4511106041117936]}]}",0.0,1.386299999999999,56.503,0.0
141,mp-5840,LiScO2,"{""@module"": ""pymatgen.core.structure"", ""@class"": ""Structure"", ""charge"": 0, ""lattice"": {""matrix"": [[-2.09488825, 2.09488825, 4.62648991], [2.09488825, -2.09488825, 4.62648991], [2.09488825, 2.09488825, -4.62648991]], ""pbc"": [true, true, true], ""a"": 5.493771240897089, ""b"": 5.493771240897089, ""c"": 5.493771240897089, ""alpha"": 135.16898230079514, ""beta"": 135.16898230079514, ""gamma"": 65.2677522807835, ""volume"": 81.21445464830744}, ""properties"": {}, ""sites"": [{""species"": [{""element"": ""Li"", ""occu"": 1.0}], ""abc"": [-0.0, -0.0, -0.0], ""properties"": {""magmom"": 0.0}, ""label"": ""Li"", ""xyz"": [0.0, 0.0, 0.0]}, {""species"": [{""element"": ""Li"", ""occu"": 1.0}], ""abc"": [0.75, 0.25, 0.5], ""properties"": {""magmom"": 0.0}, ""label"": ""Li"", ""xyz"": [2.220446049250313e-16, 2.0948882499999995, 2.313244955]}, {""species"": [{""element"": ""Sc"", ""occu"": 1.0}], ""abc"": [0.25, 0.75, 0.5], ""properties"": {""magmom"": 0.0}, ""label"": ""Sc"", ""xyz"": [2.0948882499999995, 2.220446049250313e-16, 2.313244955]}, {""species"": [{""element"": ""Sc"", ""occu"": 1.0}], ""abc"": [0.5, 0.5, -0.0], ""properties"": {""magmom"": 0.0}, ""label"": ""Sc"", ""xyz"": [0.0, 0.0, 4.62648991]}, {""species"": [{""element"": ""O"", ""occu"": 1.0}], ""abc"": [0.26997976, 0.26997976, -0.0], ""properties"": {""magmom"": -0.0}, ""label"": ""O"", ""xyz"": [0.0, 0.0, 2.4981172710884434]}, {""species"": [{""element"": ""O"", ""occu"": 1.0}], ""abc"": [0.01997976, 0.51997976, 0.5], ""properties"": {""magmom"": -0.0}, ""label"": ""O"", ""xyz"": [2.09488825, 0.0, 0.1848723160884429]}, {""species"": [{""element"": ""O"", ""occu"": 1.0}], ""abc"": [0.73002024, 0.73002024, 0.0], ""properties"": {""magmom"": -0.0}, ""label"": ""O"", ""xyz"": [0.0, 0.0, 6.754862548911557]}, {""species"": [{""element"": ""O"", ""occu"": 1.0}], ""abc"": [0.48002024, 0.98002024, 0.5], ""properties"": {""magmom"": -0.0}, ""label"": ""O"", ""xyz"": [2.0948882500000003, -2.220446049250313e-16, 4.441617593911557]}]}",0.0,3.904,118.79,0.0
147,mp-8724,K2TeO3,"{""@module"": ""pymatgen.core.structure"", ""@class"": ""Structure"", ""charge"": 0, ""lattice"": {""matrix"": [[6.2913570100000005, 1e-06, 0.0], [-3.145679, 5.448475979999999, 0.0], [0.0, -0.0, 7.02773718]], ""pbc"": [true, true, true], ""a"": 6.2913570100000795, ""b"": 6.291358110589314, ""c"": 7.02773718, ""alpha"": 90.0, ""beta"": 90.0, ""gamma"": 119.9999903114632, ""volume"": 240.89895854775867}, ""properties"": {}, ""sites"": [{""species"": [{""element"": ""K"", ""occu"": 1.0}], ""abc"": [0.0, 0.0, -0.0], ""properties"": {""magmom"": -0.0}, ""label"": ""K"", ""xyz"": [0.0, 0.0, 0.0]}, {""species"": [{""element"": ""K"", ""occu"": 1.0}], ""abc"": [0.333333, 0.666667, 0.62217139], ""properties"": {""magmom"": -0.0}, ""label"": ""K"", ""xyz"": [-3.475678669762061e-06, 3.632319469491659, 4.37245700983528]}, {""species"": [{""element"": ""K"", ""occu"": 1.0}], ""abc"": [0.0, 0.0, 0.5], ""properties"": {""magmom"": 0.0}, ""label"": ""K"", ""xyz"": [0.0, 0.0, 3.51386859]}, {""species"": [{""element"": ""K"", ""occu"": 1.0}], ""abc"": [0.666667, 0.333333, 0.37782861], ""properties"": {""magmom"": -0.0}, ""label"": ""K"", ""xyz"": [3.1456814856786703, 1.8161575105083396, 2.65528017016472]}, {""species"": [{""element"": ""Te"", ""occu"": 1.0}], ""abc"": [0.666667, 0.333333, 0.85856473], ""properties"": {""magmom"": -0.0}, ""label"": ""Te"", ""xyz"": [3.1456814856786703, 1.8161575105083396, 6.033767274457661]}, {""species"": [{""element"": ""Te"", ""occu"": 1.0}], ""abc"": [0.333333, 0.666667, 0.14143527], ""properties"": {""magmom"": -0.0}, ""label"": ""Te"", ""xyz"": [-3.475678669762061e-06, 3.632319469491659, 0.9939699055423385]}, {""species"": [{""element"": ""O"", ""occu"": 1.0}], ""abc"": [0.89460576, 0.27411053, 0.73634741], ""properties"": {""magmom"": 0.0}, ""label"": ""O"", ""xyz"": [4.766020481462508, 1.493485533175829, 5.174856070653704]}, {""species"": [{""element"": ""O"", ""occu"": 1.0}], ""abc"": [0.37950478, 0.10539424, 0.73634741], ""properties"": {""magmom"": 0.0}, ""label"": ""O"", ""xyz"": [2.056063610492548, 0.5742383645751351, 5.174856070653704]}, {""species"": [{""element"": ""O"", ""occu"": 1.0}], ""abc"": [0.72588947, 0.62049522, 0.73634741], ""properties"": {""magmom"": 0.0}, ""label"": ""O"", ""xyz"": [2.6149510224153047, 3.3807540277642847, 5.174856070653704]}, {""species"": [{""element"": ""O"", ""occu"": 1.0}], ""abc"": [0.10539424, 0.72588947, 0.26365259], ""properties"": {""magmom"": 0.0}, ""label"": ""O"", ""xyz"": [-1.6203424714625076, 3.95499144682417, 1.8528811093462962]}, {""species"": [{""element"": ""O"", ""occu"": 1.0}], ""abc"": [0.27411053, 0.37950478, 0.26365259], ""properties"": {""magmom"": 0.0}, ""label"": ""O"", ""xyz"": [0.5307269875846956, 2.0677229522357137, 1.8528811093462962]}, {""species"": [{""element"": ""O"", ""occu"": 1.0}], ""abc"": [0.62049522, 0.89460576, 0.26365259], ""properties"": {""magmom"": 0.0}, ""label"": ""O"", ""xyz"": [1.0896143995074525, 4.874238615424863, 1.8528811093462962]}]}",0.0,3.5774,23.313,0.0
147,mp-10326,Zn(ReO4)2,"{""@module"": ""pymatgen.core.structure"", ""@class"": ""Structure"", ""charge"": 0, ""lattice"": {""matrix"": [[2.8574757, -4.94916316, -6.314000000000001e-05], [2.85746459, 4.9491546, 3.532e-05], [-3.142e-05, 6.534000000000001e-05, 6.38512902]], ""pbc"": [true, true, true], ""a"": 5.714838874752143, ""b"": 5.714825906276807, ""c"": 6.385129020411623, ""alpha"": 89.99927909971308, ""beta"": 90.00128176361946, ""gamma"": 119.99875086465353, ""volume"": 180.5979308889308}, ""properties"": {}, ""sites"": [{""species"": [{""element"": ""Zn"", ""occu"": 1.0}], ""abc"": [2.2e-07, -7e-07, -1.75e-06], ""properties"": {""magmom"": -0.0}, ""label"": ""Zn"", ""xyz"": [-1.371525574e-06, -4.5533384602e-06, -1.11740143998e-05]}, {""species"": [{""element"": ""Re"", ""occu"": 1.0}], ""abc"": [0.33333868, 0.66666937, 0.2778772], ""properties"": {""magmom"": -0.0}, ""label"": ""Re"", ""xyz"": [2.8574825650810607, 1.6497204208518215, 1.774284273474237]}, {""species"": [{""element"": ""Re"", ""occu"": 1.0}], ""abc"": [0.66666141, 0.3333298, 0.72212321], ""properties"": {""magmom"": -0.0}, ""label"": ""Re"", ""xyz"": [2.857424190383261, -1.6496681940480344, 4.610819544393663]}, {""species"": [{""element"": ""O"", ""occu"": 1.0}], ""abc"": [0.6666557200000001, 0.33333424, 0.45218898], ""properties"": {""magmom"": -0.0}, ""label"": ""O"", ""xyz"": [2.8574290998228142, -1.6496356965658188, 2.8872546594453956]}, {""species"": [{""element"": ""O"", ""occu"": 1.0}], ""abc"": [0.33334203, 0.66666841, 0.54780287], ""properties"": {""magmom"": -0.0}, ""label"": ""O"", ""xyz"": [2.8574809133940975, 1.6497167269100967, 3.4977945019887544]}, {""species"": [{""element"": ""O"", ""occu"": 1.0}], ""abc"": [0.81337241, 0.14850233000000002, 0.81285524], ""properties"": {""magmom"": -0.0}, ""label"": ""O"", ""xyz"": [2.7485065062212914, -3.2904986653408166, 5.190139470751393]}, {""species"": [{""element"": ""O"", ""occu"": 1.0}], ""abc"": [0.1485162, 0.33515385000000003, 0.18714642], ""properties"": {""magmom"": -0.0}, ""label"": ""O"", ""xyz"": [1.382065810992995, 0.923709540879101, 1.1949564976522224]}, {""species"": [{""element"": ""O"", ""occu"": 1.0}], ""abc"": [0.66484921, 0.81336307, 0.18714682], ""properties"": {""magmom"": 0.0}, ""label"": ""O"", ""xyz"": [4.223940752924804, 0.7350245904467364, 1.1949433407872292]}, {""species"": [{""element"": ""O"", ""occu"": 1.0}], ""abc"": [0.18663894, 0.85149317, 0.18714621], ""properties"": {""magmom"": -0.0}, ""label"": ""O"", ""xyz"": [2.9664219374916905, 3.290477001237993, 1.194970986810107]}, {""species"": [{""element"": ""O"", ""occu"": 1.0}], ""abc"": [0.85148807, 0.66485823, 0.81285893], ""properties"": {""magmom"": -0.0}, ""label"": ""O"", ""xyz"": [4.332889778432394, -0.9236141076686578, 5.190178862945093]}, {""species"": [{""element"": ""O"", ""occu"": 1.0}], ""abc"": [0.3351381, 0.18662823, 0.81285688], ""properties"": {""magmom"": 0.0}, ""label"": ""O"", ""xyz"": [1.4909069956503762, -0.7349480629694989, 5.190181484684108]}]}",0.0,3.992,26.19,0.0
148,mp-23218,AsI3,"{""@module"": ""pymatgen.core.structure"", ""@class"": ""Structure"", ""charge"": 0, ""lattice"": {""matrix"": [[6.59805068, -0.03209577, 5.15152165], [2.49582696, 6.10814373, 5.15120435], [-0.04778136, -0.031486799999999, 8.37079551]], ""pbc"": [true, true, true], ""a"": 8.37099027742352, ""b"": 8.370990281684723, ""c"": 8.370991097066934, ""alpha"": 52.345179652290135, ""beta"": 52.34519747803859, ""gamma"": 52.345186075269346, ""volume"": 340.20575807555747}, ""properties"": {}, ""sites"": [{""species"": [{""element"": ""As"", ""occu"": 1.0}], ""abc"": [0.19012803, 0.19012803, 0.19012803], ""properties"": {""magmom"": -0.0}, ""label"": ""As"", ""xyz"": [1.7199164649067284, 1.149240505565315, 3.5503598578589255]}, {""species"": [{""element"": ""As"", ""occu"": 1.0}], ""abc"": [0.80987197, 0.80987197, 0.80987197], ""properties"": {""magmom"": -0.0}, ""label"": ""As"", ""xyz"": [7.326179815093272, 4.895320654434686, 15.123161652141075]}, {""species"": [{""element"": ""I"", ""occu"": 1.0}], ""abc"": [0.43572368, 0.0602531, 0.7569975800000001], ""properties"": {""magmom"": -0.0}, ""label"": ""I"", ""xyz"": [2.98913786063057, 0.33021427655928615, 8.891687945503524]}, {""species"": [{""element"": ""I"", ""occu"": 1.0}], ""abc"": [0.7569975800000001, 0.43572368, 0.0602531], ""properties"": {""magmom"": -0.0}, ""label"": ""I"", ""xyz"": [6.079320330069552, 2.6352692664772097, 6.648557517125196]}, {""species"": [{""element"": ""I"", ""occu"": 1.0}], ""abc"": [0.0602531, 0.7569975800000001, 0.43572368], ""properties"": {""magmom"": -0.0}, ""label"": ""I"", ""xyz"": [2.26606850623126, 4.608196607895363, 7.857198200309766]}, {""species"": [{""element"": ""I"", ""occu"": 1.0}], ""abc"": [0.56427632, 0.939746899999999, 0.24300242], ""properties"": {""magmom"": -0.0}, ""label"": ""I"", ""xyz"": [6.056958419369429, 5.714346883440708, 9.781833564496473]}, {""species"": [{""element"": ""I"", ""occu"": 1.0}], ""abc"": [0.24300242, 0.56427632, 0.939746899999999], ""properties"": {""magmom"": -0.0}, ""label"": ""I"", ""xyz"": [2.966775949930449, 3.409291893522792, 12.024963992874799]}, {""species"": [{""element"": ""I"", ""occu"": 1.0}], ""abc"": [0.939746899999999, 0.24300242, 0.56427632], ""properties"": {""magmom"": -0.0}, ""label"": ""I"", ""xyz"": [6.780027773768733, 1.4363645521046382, 10.816323309690231]}]}",0.0,2.2375,3.438,0.0
148,mp-8290,BaSnF6,"{""@module"": ""pymatgen.core.structure"", ""@class"": ""Structure"", ""charge"": 0, ""lattice"": {""matrix"": [[4.89679523, 0.0029486300000000003, -0.61812428], [-0.70142185, 4.8462996700000005, -0.61812676], [0.00255083, 0.00295007, 4.93565355]], ""pbc"": [true, true, true], ""a"": 4.935654955980528, ""b"": 4.9356553561333305, ""c"": 4.9356550907933485, ""alpha"": 97.16479089463587, ""beta"": 97.16478172189218, ""gamma"": 97.16478692938952, ""volume"": 117.15771142021757}, ""properties"": {}, ""sites"": [{""species"": [{""element"": ""Ba"", ""occu"": 1.0}], ""abc"": [0.0, -0.0, -0.0], ""properties"": {""magmom"": 0.0}, ""label"": ""Ba"", ""xyz"": [0.0, 0.0, 0.0]}, {""species"": [{""element"": ""Sn"", ""occu"": 1.0}], ""abc"": [0.5, 0.5, 0.5], ""properties"": {""magmom"": 0.0}, ""label"": ""Sn"", ""xyz"": [2.098962105, 2.426099185, 1.8497012549999998]}, {""species"": [{""element"": ""F"", ""occu"": 1.0}], ""abc"": [0.43062155, 0.83611921, 0.72976202], ""properties"": {""magmom"": -0.0}, ""label"": ""F"", ""xyz"": [1.5240547677299447, 4.055506844166978, 2.818847210870877]}, {""species"": [{""element"": ""F"", ""occu"": 1.0}], ""abc"": [0.83611921, 0.72976202, 0.43062155], ""properties"": {""magmom"": -0.0}, ""label"": ""F"", ""xyz"": [3.583531975479618, 3.5403812066067246, 1.1574877642949286]}, {""species"": [{""element"": ""F"", ""occu"": 1.0}], ""abc"": [0.27023798, 0.56937845, 0.16388079], ""properties"": {""magmom"": -0.0}, ""label"": ""F"", ""xyz"": [0.9243435977152588, 2.7606588859572345, 0.28987008961182814]}, {""species"": [{""element"": ""F"", ""occu"": 1.0}], ""abc"": [0.16388079, 0.27023798, 0.56937845], ""properties"": {""magmom"": -0.0}, ""label"": ""F"", ""xyz"": [0.6143922345203823, 1.3118171633932758, 2.5419147457050713]}, {""species"": [{""element"": ""F"", ""occu"": 1.0}], ""abc"": [0.56937845, 0.16388079, 0.27023798], ""properties"": {""magmom"": -0.0}, ""label"": ""F"", ""xyz"": [2.6738694422700555, 0.7966915258330214, 0.8805552991291223]}, {""species"": [{""element"": ""F"", ""occu"": 1.0}], ""abc"": [0.72976202, 0.43062155, 0.83611921], ""properties"": {""magmom"": -0.0}, ""label"": ""F"", ""xyz"": [3.2735806122847415, 2.0915394840427664, 3.409532420388172]}]}",0.0,4.9883,35.683,0.0
148,mp-22849,BiI3,"{""@module"": ""pymatgen.core.structure"", ""@class"": ""Structure"", ""charge"": 0, ""lattice"": {""matrix"": [[6.88098193, 0.04773492, 4.92970271], [2.55828526, 6.38788529, 4.9297330200000005], [0.06999205, 0.04768138, 8.46433611]], ""pbc"": [true, true, true], ""a"": 8.464759875658332, ""b"": 8.464760457225589, ""c"": 8.464759783012855, ""alpha"": 53.90656508333764, ""beta"": 53.90657138850828, ""gamma"": 53.90656748225013, ""volume"": 367.81189633263233}, ""properties"": {}, ""sites"": [{""species"": [{""element"": ""Bi"", ""occu"": 1.0}], ""abc"": [0.66688537, 0.66688537, 0.66688537], ""properties"": {""magmom"": -0.0}, ""label"": ""Bi"", ""xyz"": [6.341585866693319, 4.323618979668738, 12.219855363313982]}, {""species"": [{""element"": ""Bi"", ""occu"": 1.0}], ""abc"": [0.33311463, 0.33311463, 0.33311463], ""properties"": {""magmom"": -0.0}, ""label"": ""Bi"", ""xyz"": [3.1676733733066817, 2.159682610331262, 6.103916476686019]}, {""species"": [{""element"": ""I"", ""occu"": 1.0}], ""abc"": [0.91696412, 0.26048317, 0.5714629800000001], ""properties"": {""magmom"": 0.0}, ""label"": ""I"", ""xyz"": [7.016001659936735, 1.7349559623519522, 10.641527728782247]}, {""species"": [{""element"": ""I"", ""occu"": 1.0}], ""abc"": [0.26048317, 0.5714629800000001, 0.91696412], ""properties"": {""magmom"": 0.0}, ""label"": ""I"", ""xyz"": [3.318525502744039, 3.706596221654946, 11.862757023762363]}, {""species"": [{""element"": ""I"", ""occu"": 1.0}], ""abc"": [0.42853702, 0.08303588, 0.73951683], ""properties"": {""magmom"": 0.0}, ""label"": ""I"", ""xyz"": [3.2129452577523785, 0.5861410397485689, 8.781423836431813]}, {""species"": [{""element"": ""I"", ""occu"": 1.0}], ""abc"": [0.73951683, 0.42853702, 0.08303588], ""properties"": {""magmom"": 0.0}, ""label"": ""I"", ""xyz"": [6.190733737255961, 2.7767053683450533, 6.461014816237636]}, {""species"": [{""element"": ""I"", ""occu"": 1.0}], ""abc"": [0.08303588, 0.73951683, 0.42853702], ""properties"": {""magmom"": 0.0}, ""label"": ""I"", ""xyz"": [2.4932575800632653, 4.748345627648048, 7.682244111217754]}, {""species"": [{""element"": ""I"", ""occu"": 1.0}], ""abc"": [0.5714629800000001, 0.91696412, 0.26048317], ""properties"": {""magmom"": 0.0}, ""label"": ""I"", ""xyz"": [6.2963139822476215, 5.8971605502514315, 9.542348003568186]}]}",0.0,2.5349,2.668,0.0
152,mp-306,B2O3,"{""@module"": ""pymatgen.core.structure"", ""@class"": ""Structure"", ""charge"": 0, ""lattice"": {""matrix"": [[4.3374166, -9.9e-07, -0.0], [-2.16870879, 3.75631415, 0.0], [0.0, 0.0, 8.30902354]], ""pbc"": [true, true, true], ""a"": 4.337416600000113, ""b"": 4.337417873494954, ""c"": 8.30902354, ""alpha"": 90.0, ""beta"": 90.0, ""gamma"": 120.00001083919166, ""volume"": 135.3764045815366}, ""properties"": {}, ""sites"": [{""species"": [{""element"": ""B"", ""occu"": 1.0}], ""abc"": [0.1001487, 0.27065547, 0.89931969], ""properties"": {""magmom"": 0.0}, ""label"": ""B"", ""xyz"": [-0.15258626300216144, 1.0166668725886874, 7.4724684741955025]}, {""species"": [{""element"": ""B"", ""occu"": 1.0}], ""abc"": [0.17050877, 0.899851299999999, 0.56598569], ""properties"": {""magmom"": 0.0}, ""label"": ""B"", ""xyz"": [-1.2119478545593432, 3.3801240022822094, 4.702788421513143]}, {""species"": [{""element"": ""B"", ""occu"": 1.0}], ""abc"": [0.72934453, 0.82949123, 0.23265269], ""properties"": {""magmom"": 0.0}, ""label"": ""B"", ""xyz"": [1.3645461498122864, 3.11582892249882, 1.9331166778543225]}, {""species"": [{""element"": ""B"", ""occu"": 1.0}], ""abc"": [0.5665468100000001, 0.50382586, 0.68267751], ""properties"": {""magmom"": -0.0}, ""label"": ""B"", ""xyz"": [1.3646979671597368, 1.892527646172577, 5.672383500818586]}, {""species"": [{""element"": ""B"", ""occu"": 1.0}], ""abc"": [0.93727805, 0.43345319, 0.34934451], ""properties"": {""magmom"": -0.0}, ""label"": ""B"", ""xyz"": [3.12533162967909, 1.628185423054369, 2.9027117571597656]}, {""species"": [{""element"": ""B"", ""occu"": 1.0}], ""abc"": [0.49617414, 0.06272195, 0.01601151], ""properties"": {""magmom"": -0.0}, ""label"": ""B"", ""xyz"": [2.0160883070357833, 0.23560285708819392, 0.1330400135009454]}, {""species"": [{""element"": ""O"", ""occu"": 1.0}], ""abc"": [0.48233896, 0.21679708, 0.58562766], ""properties"": {""magmom"": 0.0}, ""label"": ""O"", ""xyz"": [1.6219352788884027, 0.8143574617671117, 4.865994012615117]}, {""species"": [{""element"": ""O"", ""occu"": 1.0}], ""abc"": [0.78320292, 0.26554188, 0.91896166], ""properties"": {""magmom"": 0.0}, ""label"": ""O"", ""xyz"": [2.821194337107347, 0.9974579458907112, 7.635674065297477]}, {""species"": [{""element"": ""O"", ""occu"": 1.0}], ""abc"": [0.73445812, 0.51766104, 0.25229466], ""properties"": {""magmom"": 0.0}, ""label"": ""O"", ""xyz"": [2.0629947940042506, 1.9444967623421774, 2.0963222689562966]}, {""species"": [{""element"": ""O"", ""occu"": 1.0}], ""abc"": [0.33336984000000003, 0.51095125, 0.79100187], ""properties"": {""magmom"": -0.0}, ""label"": ""O"", ""xyz"": [0.3378594108188566, 1.919293080299046, 6.57245315801402]}, {""species"": [{""element"": ""O"", ""occu"": 1.0}], ""abc"": [0.17758141, 0.66663016, 0.45766887], ""properties"": {""magmom"": -0.0}, ""label"": ""O"", ""xyz"": [-0.6754821320857004, 2.504072127019168, 3.8027814143552]}, {""species"": [{""element"": ""O"", ""occu"": 1.0}], ""abc"": [0.48904875000000003, 0.8224185900000001, 0.12433487], ""properties"": {""magmom"": -0.0}, ""label"": ""O"", ""xyz"": [0.33762174126684386, 3.0892621026817864, 1.0331013616728397]}, {""species"": [{""element"": ""O"", ""occu"": 1.0}], ""abc"": [0.88348663, 0.81565118, 0.6630372800000001], ""properties"": {""magmom"": -0.0}, ""label"": ""O"", ""xyz"": [2.0631396912001856, 3.063841194246433, 5.509192367417572]}, {""species"": [{""element"": ""O"", ""occu"": 1.0}], ""abc"": [0.93216255, 0.11651337, 0.32970428], ""properties"": {""magmom"": -0.0}, ""label"": ""O"", ""xyz"": [3.7904937485968078, 0.43765989755426105, 2.7395206237587515]}, {""species"": [{""element"": ""O"", ""occu"": 1.0}], ""abc"": [0.18434882, 0.06783745000000001, 0.99637128], ""properties"": {""magmom"": -0.0}, ""label"": ""O"", ""xyz"": [0.6524779579522264, 0.25481859082958574, 8.278872420099932]}]}",0.0,6.3017,33.164,0.0
152,mp-4236,BaZnO2,"{""@module"": ""pymatgen.core.structure"", ""@class"": ""Structure"", ""charge"": 0, ""lattice"": {""matrix"": [[5.90980663, -0.0, 0.0], [-2.95490331, 5.11804245, 0.0], [-0.0, -0.0, 6.75263671]], ""pbc"": [true, true, true], ""a"": 5.90980663, ""b"": 5.909806434347148, ""c"": 6.75263671, ""alpha"": 90.0, ""beta"": 90.0, ""gamma"": 120.00000103917904, ""volume"": 204.24457974584027}, ""properties"": {}, ""sites"": [{""species"": [{""element"": ""Ba"", ""occu"": 1.0}], ""abc"": [0.65403572, 0.0, 0.833333], ""properties"": {""magmom"": -0.0}, ""label"": ""Ba"", ""xyz"": [3.8652246343128236, 0.0, 5.62719500745443]}, {""species"": [{""element"": ""Ba"", ""occu"": 1.0}], ""abc"": [-0.0, 0.65403572, 0.166666999999999], ""properties"": {""magmom"": -0.0}, ""label"": ""Ba"", ""xyz"": [-1.9326123138862332, 3.347382578776314, 1.1254417025455634]}, {""species"": [{""element"": ""Ba"", ""occu"": 1.0}], ""abc"": [0.34596428, 0.34596428, 0.5], ""properties"": {""magmom"": -0.0}, ""label"": ""Ba"", ""xyz"": [1.0222909995734097, 1.770659871223686, 3.376318355]}, {""species"": [{""element"": ""Zn"", ""occu"": 1.0}], ""abc"": [0.41623821, 0.41623821, 0.0], ""properties"": {""magmom"": -0.0}, ""label"": ""Zn"", ""xyz"": [1.2299436686398573, 2.1303248280920144, 0.0]}, {""species"": [{""element"": ""Zn"", ""occu"": 1.0}], ""abc"": [-0.0, 0.5837617900000001, 0.666667], ""properties"": {""magmom"": -0.0}, ""label"": ""Zn"", ""xyz"": [-1.7249596455225251, 2.987717621907986, 4.50176005754557]}, {""species"": [{""element"": ""Zn"", ""occu"": 1.0}], ""abc"": [0.5837617900000001, 0.0, 0.333333], ""properties"": {""magmom"": -0.0}, ""label"": ""Zn"", ""xyz"": [3.449919296882668, 0.0, 2.25087665245443]}, {""species"": [{""element"": ""O"", ""occu"": 1.0}], ""abc"": [0.12940896, 0.42522116, 0.87324555], ""properties"": {""magmom"": 0.0}, ""label"": ""O"", ""xyz"": [-0.491705483376635, 2.176299947518242, 5.89670995777414]}, {""species"": [{""element"": ""O"", ""occu"": 1.0}], ""abc"": [0.57477884, 0.70418881, 0.20657855], ""properties"": {""magmom"": 0.0}, ""label"": ""O"", ""xyz"": [1.316021953881748, 3.6040682223949845, 1.3949499002285706]}, {""species"": [{""element"": ""O"", ""occu"": 1.0}], ""abc"": [0.29581119, 0.87059104, 0.53991255], ""properties"": {""magmom"": 0.0}, ""label"": ""O"", ""xyz"": [-0.8243254138621527, 4.455721899309648, 3.645833305319711]}, {""species"": [{""element"": ""O"", ""occu"": 1.0}], ""abc"": [0.70418881, 0.57477884, 0.79342145], ""properties"": {""magmom"": 0.0}, ""label"": ""O"", ""xyz"": [2.46320380127585, 2.941742502481758, 5.35768680977143]}, {""species"": [{""element"": ""O"", ""occu"": 1.0}], ""abc"": [0.42522116, 0.12940896, 0.12675445], ""properties"": {""magmom"": 0.0}, ""label"": ""O"", ""xyz"": [2.130583866336633, 0.6623205506903519, 0.8559267522258595]}, {""species"": [{""element"": ""O"", ""occu"": 1.0}], ""abc"": [0.87059104, 0.29581119, 0.46008745], ""properties"": {""magmom"": 0.0}, ""label"": ""O"", ""xyz"": [4.270931235744556, 1.5139742276050154, 3.1068034046802895]}]}",0.0,2.2724,82.555,0.0
152,mp-12403,LiBF4,"{""@module"": ""pymatgen.core.structure"", ""@class"": ""Structure"", ""charge"": 0, ""lattice"": {""matrix"": [[4.7333317, 1e-08, 0.0], [-2.36666633, 4.09918622, -0.0], [0.0, -0.0, 10.83966193]], ""pbc"": [true, true, true], ""a"": 4.7333317, ""b"": 4.733332566363107, ""c"": 10.83966193, ""alpha"": 90.0, ""beta"": 90.0, ""gamma"": 120.00000053335056, ""volume"": 210.3198803291395}, ""properties"": {}, ""sites"": [{""species"": [{""element"": ""Li"", ""occu"": 1.0}], ""abc"": [-0.0, 0.45103296, 0.666667], ""properties"": {""magmom"": -0.0}, ""label"": ""Li"", ""xyz"": [-1.067444520152237, 1.848868094397811, 7.22644489988731]}, {""species"": [{""element"": ""Li"", ""occu"": 1.0}], ""abc"": [0.45103296, 0.0, 0.333333], ""properties"": {""magmom"": -0.0}, ""label"": ""Li"", ""xyz"": [2.1348886073128317, 4.5103295999999995e-09, 3.61321703011269]}, {""species"": [{""element"": ""Li"", ""occu"": 1.0}], ""abc"": [0.54896704, 0.54896704, -0.0], ""properties"": {""magmom"": -0.0}, ""label"": ""Li"", ""xyz"": [1.2992212828394045, 2.250318131091859, 0.0]}, {""species"": [{""element"": ""B"", ""occu"": 1.0}], ""abc"": [0.55613501, 0.55613501, 0.5], ""properties"": {""magmom"": 0.0}, ""label"": ""B"", ""xyz"": [1.3161854692116035, 2.2797009750129122, 5.419830965]}, {""species"": [{""element"": ""B"", ""occu"": 1.0}], ""abc"": [-0.0, 0.44386499, 0.166666999999999], ""properties"": {""magmom"": 0.0}, ""label"": ""B"", ""xyz"": [-1.0504803268987868, 1.8194852505484378, 1.8066139348872994]}, {""species"": [{""element"": ""B"", ""occu"": 1.0}], ""abc"": [0.44386499, 0.0, 0.833333], ""properties"": {""magmom"": 0.0}, ""label"": ""B"", ""xyz"": [2.100960227687183, 4.4386499e-09, 9.03304799511269]}, {""species"": [{""element"": ""F"", ""occu"": 1.0}], ""abc"": [0.57548036, 0.91917567, 0.9344256200000001], ""properties"": {""magmom"": -0.0}, ""label"": ""F"", ""xyz"": [0.5485573211712205, 3.7678722459780714, 10.128857819530648]}, {""species"": [{""element"": ""F"", ""occu"": 1.0}], ""abc"": [0.08082433, 0.65630569, 0.26775862], ""properties"": {""magmom"": -0.0}, ""label"": ""F"", ""xyz"": [-1.170688215390157, 2.6903192413638353, 2.9024129196433366]}, {""species"": [{""element"": ""F"", ""occu"": 1.0}], ""abc"": [0.34369431, 0.42451964000000003, 0.60109162], ""properties"": {""magmom"": -0.0}, ""label"": ""F"", ""xyz"": [0.6221228342209055, 1.740185061844304, 6.515629949756027]}, {""species"": [{""element"": ""F"", ""occu"": 1.0}], ""abc"": [0.65630569, 0.08082433, 0.73224138], ""properties"": {""magmom"": -0.0}, ""label"": ""F"", ""xyz"": [2.9152283069115645, 0.3313139863397895, 7.937249010356664]}, {""species"": [{""element"": ""F"", ""occu"": 1.0}], ""abc"": [0.42451964000000003, 0.34369431, 0.39890838], ""properties"": {""magmom"": -0.0}, ""label"": ""F"", ""xyz"": [1.1959825179950057, 1.4088669836896046, 4.324031980243974]}, {""species"": [{""element"": ""F"", ""occu"": 1.0}], ""abc"": [0.91917567, 0.57548036, 0.06557438], ""properties"": {""magmom"": -0.0}, ""label"": ""F"", ""xyz"": [2.9887933450914597, 2.359001170784396, 0.7108041104693534]}, {""species"": [{""element"": ""F"", ""occu"": 1.0}], ""abc"": [0.26666571, 0.40602841, 0.13458007], ""properties"": {""magmom"": -0.0}, ""label"": ""F"", ""xyz"": [0.30128349147557154, 1.6643860658671674, 1.458802461315735]}, {""species"": [{""element"": ""F"", ""occu"": 1.0}], ""abc"": [0.59397159, 0.86063729, 0.46791307], ""properties"": {""magmom"": -0.0}, ""label"": ""F"", ""xyz"": [0.7746232592609572, 3.5279125255258594, 5.072019491428425]}, {""species"": [{""element"": ""F"", ""occu"": 1.0}], ""abc"": [0.13936271, 0.73333429, 0.80124607], ""properties"": {""magmom"": -0.0}, ""label"": ""F"", ""xyz"": [-1.075907639736549, 3.006073817615111, 8.685236521541116]}, {""species"": [{""element"": ""F"", ""occu"": 1.0}], ""abc"": [0.86063729, 0.59397159, 0.53208693], ""properties"": {""magmom"": -0.0}, ""label"": ""F"", ""xyz"": [2.6679492039295285, 2.434800165405863, 5.767642438571574]}, {""species"": [{""element"": ""F"", ""occu"": 1.0}], ""abc"": [0.73333429, 0.13936271, 0.19875393], ""properties"": {""magmom"": -0.0}, ""label"": ""F"", ""xyz"": [3.141289408139439, 0.5712737077471991, 2.1544254084588847]}, {""species"": [{""element"": ""F"", ""occu"": 1.0}], ""abc"": [0.40602841, 0.26666571, 0.8654199300000001], ""properties"": {""magmom"": -0.0}, ""label"": ""F"", ""xyz"": [1.2907583869310528, 1.0931124078388004, 9.380859468684266]}]}",0.0,8.246,14.836,0.0
156,mp-22965,BiTeI,"{""@module"": ""pymatgen.core.structure"", ""@class"": ""Structure"", ""charge"": 0, ""lattice"": {""matrix"": [[4.39568684, -0.0, 0.0], [-2.19784342, 3.8067774500000002, 0.0], [0.0, -0.0, 7.22271835]], ""pbc"": [true, true, true], ""a"": 4.39568684, ""b"": 4.395687688253773, ""c"": 7.22271835, ""alpha"": 90.0, ""beta"": 90.0, ""gamma"": 119.99999361646914, ""volume"": 120.86064635924218}, ""properties"": {}, ""sites"": [{""species"": [{""element"": ""Bi"", ""occu"": 1.0}], ""abc"": [-0.0, 0.0, 0.92133509], ""properties"": {""magmom"": -0.0}, ""label"": ""Bi"", ""xyz"": [0.0, 0.0, 6.654543861041902]}, {""species"": [{""element"": ""Te"", ""occu"": 1.0}], ""abc"": [0.666667, 0.333333, 0.68687904], ""properties"": {""magmom"": 0.0}, ""label"": ""Te"", ""xyz"": [2.19784561784342, 1.26892454774085, 4.961133846438384]}, {""species"": [{""element"": ""I"", ""occu"": 1.0}], ""abc"": [0.333333, 0.666667, 0.21108586000000001], ""properties"": {""magmom"": 0.0}, ""label"": ""I"", ""xyz"": [-2.1978434199265706e-06, 2.53785290225915, 1.5246137144475311]}]}",0.0,1.2325,5.729,0.0
156,mp-570437,CdI2,"{""@module"": ""pymatgen.core.structure"", ""@class"": ""Structure"", ""charge"": 0, ""lattice"": {""matrix"": [[4.28513318, 1e-08, -0.0], [-2.14256608, 3.71103394, 0.0], [0.0, 0.0, 21.48415297]], ""pbc"": [true, true, true], ""a"": 4.28513318, ""b"": 4.285132706346268, ""c"": 21.48415297, ""alpha"": 90.0, ""beta"": 90.0, ""gamma"": 119.99999564868871, ""volume"": 341.64690200717655}, ""properties"": {}, ""sites"": [{""species"": [{""element"": ""Cd"", ""occu"": 1.0}], ""abc"": [0.666667, 0.333333, 0.08276464], ""properties"": {""magmom"": -0.0}, ""label"": ""Cd"", ""xyz"": [2.14256890256642, 1.23701008298869, 1.7781281862669809]}, {""species"": [{""element"": ""Cd"", ""occu"": 1.0}], ""abc"": [-0.0, -0.0, 0.41684597], ""properties"": {""magmom"": -0.0}, ""label"": ""Cd"", ""xyz"": [0.0, 0.0, 8.955582584408031]}, {""species"": [{""element"": ""Cd"", ""occu"": 1.0}], ""abc"": [-0.0, -0.0, 0.75027485], ""properties"": {""magmom"": 0.0}, ""label"": ""Cd"", ""xyz"": [0.0, 0.0, 16.119019646943805]}, {""species"": [{""element"": ""I"", ""occu"": 1.0}], ""abc"": [0.666667, 0.333333, 0.6700958100000001], ""properties"": {""magmom"": -0.0}, ""label"": ""I"", ""xyz"": [2.14256890256642, 1.23701008298869, 14.396440886596057]}, {""species"": [{""element"": ""I"", ""occu"": 1.0}], ""abc"": [0.333333, 0.666667, 0.8306464], ""properties"": {""magmom"": 0.0}, ""label"": ""I"", ""xyz"": [-1.8025664201282154e-06, 2.47402386701131, 17.84573432157981]}, {""species"": [{""element"": ""I"", ""occu"": 1.0}], ""abc"": [0.333333, 0.666667, 0.16287952], ""properties"": {""magmom"": 0.0}, ""label"": ""I"", ""xyz"": [-1.8025664201282154e-06, 2.47402386701131, 3.4993285233601745]}, {""species"": [{""element"": ""I"", ""occu"": 1.0}], ""abc"": [0.666667, 0.333333, 0.33675565], ""properties"": {""magmom"": -0.0}, ""label"": ""I"", ""xyz"": [2.14256890256642, 1.23701008298869, 7.2349098981117805]}, {""species"": [{""element"": ""I"", ""occu"": 1.0}], ""abc"": [-0.0, -0.0, 0.00263259], ""properties"": {""magmom"": 0.0}, ""label"": ""I"", ""xyz"": [0.0, 0.0, 0.0565589662672923]}, {""species"": [{""element"": ""I"", ""occu"": 1.0}], ""abc"": [0.333333, 0.666667, 0.49710357], ""properties"": {""magmom"": 0.0}, ""label"": ""I"", ""xyz"": [-1.8025664201282154e-06, 2.47402386701131, 10.679849139813102]}]}",0.0,2.3382,6.7940000000000005,0.0
156,mp-29057,Nb3SBr7,"{""@module"": ""pymatgen.core.structure"", ""@class"": ""Structure"", ""charge"": 0, ""lattice"": {""matrix"": [[7.17997263, -0.0, 0.0], [-3.58998631, 6.2180386, -0.0], [-0.0, -0.0, 6.54616994]], ""pbc"": [true, true, true], ""a"": 7.17997263, ""b"": 7.179972544312226, ""c"": 6.54616994, ""alpha"": 90.0, ""beta"": 90.0, ""gamma"": 120.00000034871047, ""volume"": 292.25602823227837}, ""properties"": {}, ""sites"": [{""species"": [{""element"": ""Nb"", ""occu"": 1.0}], ""abc"": [0.60236407, 0.80118154, 0.22319273], ""properties"": {""magmom"": -0.0}, ""label"": ""Nb"", ""xyz"": [1.4487267754706865, 4.981777741327444, 1.4610575399525363]}, {""species"": [{""element"": ""Nb"", ""occu"": 1.0}], ""abc"": [0.19881846, 0.39763593, 0.22319273], ""properties"": {""magmom"": -0.0}, ""label"": ""Nb"", ""xyz"": [3.556074631427819e-06, 2.4725155614868983, 1.4610575399525363]}, {""species"": [{""element"": ""Nb"", ""occu"": 1.0}], ""abc"": [0.19881846, 0.80118154, 0.22319273], ""properties"": {""magmom"": -0.0}, ""label"": ""Nb"", ""xyz"": [-1.4487196592859677, 4.981777741327444, 1.4610575399525363]}, {""species"": [{""element"": ""S"", ""occu"": 1.0}], ""abc"": [0.333333, 0.666667, 0.48734174], ""properties"": {""magmom"": 0.0}, ""label"": ""S"", ""xyz"": [-3.5866529799477576e-06, 4.1453611393462, 3.190221848895296]}, {""species"": [{""element"": ""Br"", ""occu"": 1.0}], ""abc"": [0.99681891, 0.49840945000000003, 0.96289035], ""properties"": {""magmom"": -0.0}, ""label"": ""Br"", ""xyz"": [5.367849388591804, 3.09912919870477, 6.303243864686079]}, {""species"": [{""element"": ""Br"", ""occu"": 1.0}], ""abc"": [0.50159055, 0.00318109, 0.96289035], ""properties"": {""magmom"": -0.0}, ""label"": ""Br"", ""xyz"": [3.5899863509157686, 0.019780140410074, 6.303243864686079]}, {""species"": [{""element"": ""Br"", ""occu"": 1.0}], ""abc"": [-0.0, -0.0, 0.00807452], ""properties"": {""magmom"": -0.0}, ""label"": ""Br"", ""xyz"": [0.0, 0.0, 0.0528571801039288]}, {""species"": [{""element"": ""Br"", ""occu"": 1.0}], ""abc"": [0.33611509, 0.16805804, 0.44374518], ""properties"": {""magmom"": -0.0}, ""label"": ""Br"", ""xyz"": [1.8099710838445544, 1.0449913797603438, 2.9048313583358896]}, {""species"": [{""element"": ""Br"", ""occu"": 1.0}], ""abc"": [0.83194196, 0.16805804, 0.44374518], ""properties"": {""magmom"": -0.0}, ""label"": ""Br"", ""xyz"": [5.369994439663123, 1.0449913797603438, 2.9048313583358896]}, {""species"": [{""element"": ""Br"", ""occu"": 1.0}], ""abc"": [0.83194196, 0.66388491, 0.44374518], ""properties"": {""magmom"": -0.0}, ""label"": ""Br"", ""xyz"": [3.5899827642329725, 4.128061996337526, 2.9048313583358896]}, {""species"": [{""element"": ""Br"", ""occu"": 1.0}], ""abc"": [0.50159055, 0.49840945000000003, 0.96289035], ""properties"": {""magmom"": -0.0}, ""label"": ""Br"", ""xyz"": [1.8121233181920167, 3.09912919870477, 6.303243864686079]}]}",0.0,0.7444000000000001,12.982,0.0
160,mp-3532,CrAgSe2,"{""@module"": ""pymatgen.core.structure"", ""@class"": ""Structure"", ""charge"": 0, ""lattice"": {""matrix"": [[3.57853932, -0.0232759, 6.41002398], [1.65011328, 3.17547073, 6.41002399], [-0.03860896, -0.0232759, 7.34117685]], ""pbc"": [true, true, true], ""a"": 7.341314109645623, ""b"": 7.34131430646411, ""c"": 7.341315274682665, ""alpha"": 29.47459481174027, ""beta"": 29.474594018082545, ""gamma"": 29.474595625352144, ""volume"": 84.78312531820237}, ""properties"": {}, ""sites"": [{""species"": [{""element"": ""Cr"", ""occu"": 1.0}], ""abc"": [-0.00011694, -0.00011694, -0.00011694], ""properties"": {""magmom"": 3.11}, ""label"": ""Cr"", ""xyz"": [-0.0006069237032616, -0.00036589577967419996, -0.0023576536304508]}, {""species"": [{""element"": ""Ag"", ""occu"": 1.0}], ""abc"": [0.15082652, 0.15082652, 0.15082652], ""properties"": {""magmom"": -0.01}, ""label"": ""Ag"", ""xyz"": [0.7827962208693329, 0.47192395357402356, 3.0408473785382264]}, {""species"": [{""element"": ""Se"", ""occu"": 1.0}], ""abc"": [0.27089067, 0.27089067, 0.27089067], ""properties"": {""magmom"": -0.126}, ""label"": ""Se"", ""xyz"": [1.4059343989688389, 0.8475949453233831, 5.46148769951043]}, {""species"": [{""element"": ""Se"", ""occu"": 1.0}], ""abc"": [0.73419875, 0.73419875, 0.73419875], ""properties"": {""magmom"": -0.081}, ""label"": ""Se"", ""xyz"": [3.81052355293345, 2.2972483672573376, 14.802346061312978]}]}",0.0,0.42390000000000005,62.714,0.03538440212885
160,mp-938,GeTe,"{""@module"": ""pymatgen.core.structure"", ""@class"": ""Structure"", ""charge"": 0, ""lattice"": {""matrix"": [[3.7166743, 0.041400980000000004, 2.35988507], [1.31776065, 3.47546919, 2.35988506], [0.05926534, 0.04140096, 4.40218144]], ""pbc"": [true, true, true], ""a"": 4.40277633284208, ""b"": 4.402776024026078, ""c"": 4.402775017042628, ""alpha"": 56.81262633501402, ""beta"": 56.81263335537376, ""gamma"": 56.81261992383447, ""volume"": 55.908968810771796}, ""properties"": {}, ""sites"": [{""species"": [{""element"": ""Ge"", ""occu"": 1.0}], ""abc"": [0.99222319, 0.99222319, 0.99222319], ""properties"": {""magmom"": 0.0}, ""label"": ""Ge"", ""xyz"": [5.054087550647725, 3.530599131493505, 9.051011885810908]}, {""species"": [{""element"": ""Te"", ""occu"": 1.0}], ""abc"": [0.52877681, 0.52877681, 0.52877681], ""properties"": {""magmom"": -0.0}, ""label"": ""Te"", ""xyz"": [2.6934305904422753, 1.881531257236495, 4.823476452159092]}]}",0.0,0.5565,33.016,0.0
160,mp-22958,KBrO3,"{""@module"": ""pymatgen.core.structure"", ""@class"": ""Structure"", ""charge"": 0, ""lattice"": {""matrix"": [[4.38068464, 0.03189449, 0.34045774], [0.31748156, 4.36928164, 0.34045774], [0.034046599999999004, 0.03189449, 4.39376226]], ""pbc"": [true, true, true], ""a"": 4.394010314775126, ""b"": 4.394010476012435, ""c"": 4.394009925667468, ""alpha"": 85.10928318798958, ""beta"": 85.1092845005652, ""gamma"": 85.10928800253501, ""volume"": 83.95967616702733}, ""properties"": {}, ""sites"": [{""species"": [{""element"": ""K"", ""occu"": 1.0}], ""abc"": [0.01559889, 0.01559889, 0.01559889], ""properties"": {""magmom"": -0.0}, ""label"": ""K"", ""xyz"": [0.07381726692379201, 0.06915098096361179, 0.0791593398517086]}, {""species"": [{""element"": ""Br"", ""occu"": 1.0}], ""abc"": [0.50568188, 0.50568188, 0.50568188], ""properties"": {""magmom"": -0.0}, ""label"": ""Br"", ""xyz"": [2.392994265264064, 2.241723485294365, 2.5661725799573514]}, {""species"": [{""element"": ""O"", ""occu"": 1.0}], ""abc"": [0.12570132, 0.56900846, 0.56900846], ""properties"": {""magmom"": -0.0}, ""label"": ""O"", ""xyz"": [0.7506803387199579, 2.508315631413787, 2.7366072188234174]}, {""species"": [{""element"": ""O"", ""occu"": 1.0}], ""abc"": [0.56900846, 0.56900846, 0.12570132], ""properties"": {""magmom"": -0.0}, ""label"": ""O"", ""xyz"": [2.6775760168475644, 2.508315631413787, 0.939748384513144]}, {""species"": [{""element"": ""O"", ""occu"": 1.0}], ""abc"": [0.56900846, 0.12570132, 0.56900846], ""properties"": {""magmom"": -0.0}, ""label"": ""O"", ""xyz"": [2.5519272753539495, 0.5855209388745355, 2.7366072188234174]}]}",0.0,3.8569,19.057,0.0
161,mp-552185,AgNO3,"{""@module"": ""pymatgen.core.structure"", ""@class"": ""Structure"", ""charge"": 0, ""lattice"": {""matrix"": [[4.66677261, -0.02019971, 4.08445317], [1.84114753, 4.28822816, 4.0843814], [-0.030335070000000002, -0.02017805, 6.20157991]], ""pbc"": [true, true, true], ""a"": 6.201768483235515, ""b"": 6.201684964596964, ""c"": 6.201686927787416, ""alpha"": 49.089530444954136, ""beta"": 49.086916542685145, ""gamma"": 49.088562551141926, ""volume"": 125.10450403344892}, ""properties"": {}, ""sites"": [{""species"": [{""element"": ""Ag"", ""occu"": 1.0}], ""abc"": [0.99658301, 0.99654992, 0.99655336], ""properties"": {""magmom"": 0.0}, ""label"": ""Ag"", ""xyz"": [6.455391202454718, 4.233194238471072, 14.320991888401128]}, {""species"": [{""element"": ""Ag"", ""occu"": 1.0}], ""abc"": [0.49653529, 0.49655383000000003, 0.49658726000000003], ""properties"": {""magmom"": -0.0}, ""label"": ""Ag"", ""xyz"": [3.2163821395937386, 2.1092860853374438, 7.1358159417860785]}, {""species"": [{""element"": ""N"", ""occu"": 1.0}], ""abc"": [0.22297904000000002, 0.22306326, 0.22306707], ""properties"": {""magmom"": -0.0}, ""label"": ""N"", ""xyz"": [1.4445180914756972, 0.9475409825575097, 3.2051911368334847]}, {""species"": [{""element"": ""N"", ""occu"": 1.0}], ""abc"": [0.72303754, 0.72305146, 0.72297607], ""properties"": {""magmom"": 0.0}, ""label"": ""N"", ""xyz"": [4.683564667623898, 3.071416235984737, 10.390024777871599]}, {""species"": [{""element"": ""O"", ""occu"": 1.0}], ""abc"": [0.6641300800000001, 0.99176169, 0.5114172300000001], ""properties"": {""magmom"": -0.0}, ""label"": ""O"", ""xyz"": [4.909809775241979, 4.229165769611113, 9.93493602961277]}, {""species"": [{""element"": ""O"", ""occu"": 1.0}], ""abc"": [0.4916987, 0.16408355, 0.01155259], ""properties"": {""magmom"": 0.0}, ""label"": ""O"", ""xyz"": [2.596397599702407, 0.6934624198167415, 2.7501444236183157]}, {""species"": [{""element"": ""O"", ""occu"": 1.0}], ""abc"": [0.51150091, 0.6641084700000001, 0.9916815], ""properties"": {""magmom"": -0.0}, ""label"": ""O"", ""xyz"": [3.579697378250449, 2.8175062734107046, 10.951665863276508]}, {""species"": [{""element"": ""O"", ""occu"": 1.0}], ""abc"": [0.99173699, 0.5114059400000001, 0.66412393], ""properties"": {""magmom"": 0.0}, ""label"": ""O"", ""xyz"": [5.5496385586089465, 2.159591827639261, 10.258097823835522]}, {""species"": [{""element"": ""O"", ""occu"": 1.0}], ""abc"": [0.16411448, 0.011468820000000001, 0.49174686], ""properties"": {""magmom"": -0.0}, ""label"": ""O"", ""xyz"": [0.7720835743630272, 0.035943359254747405, 3.7667683909484326]}, {""species"": [{""element"": ""O"", ""occu"": 1.0}], ""abc"": [0.01148297, 0.49175107, 0.16409512], ""properties"": {""magmom"": 0.0}, ""label"": ""O"", ""xyz"": [0.9539968408309505, 2.1051977138840763, 3.0730495764766523]}]}",0.0,1.853899999999999,32.285,0.0
161,mp-3666,LiTaO3,"{""@module"": ""pymatgen.core.structure"", ""@class"": ""Structure"", ""charge"": 0, ""lattice"": {""matrix"": [[4.54224478, 0.00874807, 3.06003204], [1.63272292, 4.23866502, 3.06003204], [0.012717570000000001, 0.00874807, 5.47682561]], ""pbc"": [true, true, true], ""a"": 5.4768476568179745, ""b"": 5.476847758619139, ""c"": 5.476847362093205, ""alpha"": 55.89940507067018, ""beta"": 55.899407951958544, ""gamma"": 55.89941376879602, ""volume"": 105.12489484369374}, ""properties"": {}, ""sites"": [{""species"": [{""element"": ""Li"", ""occu"": 1.0}], ""abc"": [0.28322578, 0.28322578, 0.28322578], ""properties"": {""magmom"": 0.0}, ""label"": ""Li"", ""xyz"": [1.7525119869902603, 1.205454564346705, 3.2845381280242076]}, {""species"": [{""element"": ""Li"", ""occu"": 1.0}], ""abc"": [0.78322578, 0.78322578, 0.78322578], ""properties"": {""magmom"": 0.0}, ""label"": ""Li"", ""xyz"": [4.84635462199026, 3.333535144346705, 9.082982973024208]}, {""species"": [{""element"": ""Ta"", ""occu"": 1.0}], ""abc"": [0.9994646500000001, 0.9994646500000001, 0.9994646500000001], ""properties"": {""magmom"": 0.0}, ""label"": ""Ta"", ""xyz"": [6.184372692690706, 4.253882624122994, 11.59068129510446]}, {""species"": [{""element"": ""Ta"", ""occu"": 1.0}], ""abc"": [0.49946465, 0.49946465, 0.49946465], ""properties"": {""magmom"": 0.0}, ""label"": ""Ta"", ""xyz"": [3.0905300576907053, 2.125802044122994, 5.7922364501044585]}, {""species"": [{""element"": ""O"", ""occu"": 1.0}], ""abc"": [0.61431885, 0.22446262, 0.86672709], ""properties"": {""magmom"": -0.0}, ""label"": ""O"", ""xyz"": [3.167894516463324, 0.9643781492478881, 7.313611296151073]}, {""species"": [{""element"": ""O"", ""occu"": 1.0}], ""abc"": [0.7244626200000001, 0.11431885, 0.36672709000000003], ""properties"": {""magmom"": -0.0}, ""label"": ""O"", ""xyz"": [3.482001438021137, 0.49410511458798667, 4.575198491151074]}, {""species"": [{""element"": ""O"", ""occu"": 1.0}], ""abc"": [0.11431885, 0.36672709000000003, 0.7244626200000001], ""properties"": {""magmom"": -0.0}, ""label"": ""O"", ""xyz"": [1.1272413289782393, 1.5617710072836548, 5.439771419815616]}, {""species"": [{""element"": ""O"", ""occu"": 1.0}], ""abc"": [0.36672709000000003, 0.7244626200000001, 0.11431885], ""properties"": {""magmom"": -0.0}, ""label"": ""O"", ""xyz"": [2.8500647925715348, 3.0749625892478885, 3.9651798797040567]}, {""species"": [{""element"": ""O"", ""occu"": 1.0}], ""abc"": [0.86672709, 0.61431885, 0.22446262], ""properties"": {""magmom"": -0.0}, ""label"": ""O"", ""xyz"": [4.942753685902366, 2.613437624587987, 5.7613906548156155]}, {""species"": [{""element"": ""O"", ""occu"": 1.0}], ""abc"": [0.22446262, 0.86672709, 0.61431885], ""properties"": {""magmom"": -0.0}, ""label"": ""O"", ""xyz"": [2.442501992205221, 3.681103517283655, 6.703592684704057]}]}",0.0,3.7003,121.383,0.0
161,mp-4514,NaNbO3,"{""@module"": ""pymatgen.core.structure"", ""@class"": ""Structure"", ""charge"": 0, ""lattice"": {""matrix"": [[4.81082109, 0.01308428, 2.8997843100000003], [1.64429555, 4.52111241, 2.8997843100000003], [0.01862743, 0.01308427, 5.61715204]], ""pbc"": [true, true, true], ""a"": 5.617198572499826, ""b"": 5.617198084822004, ""c"": 5.617198164543066, ""alpha"": 58.72980801617477, ""beta"": 58.72981108887725, ""gamma"": 58.72980534434097, ""volume"": 121.69003756668432}, ""properties"": {}, ""sites"": [{""species"": [{""element"": ""Na"", ""occu"": 1.0}], ""abc"": [0.27565789, 0.27565789, 0.27565789], ""properties"": {""magmom"": 0.0}, ""label"": ""Na"", ""xyz"": [1.7845386307362125, 1.2534938746707744, 3.147109127855008]}, {""species"": [{""element"": ""Na"", ""occu"": 1.0}], ""abc"": [0.77565789, 0.77565789, 0.77565789], ""properties"": {""magmom"": 0.0}, ""label"": ""Na"", ""xyz"": [5.021410665736212, 3.5271343546707743, 8.855469457855007]}, {""species"": [{""element"": ""Nb"", ""occu"": 1.0}], ""abc"": [0.0129165, 0.0129165, 0.0129165], ""properties"": {""magmom"": -0.0}, ""label"": ""Nb"", ""xyz"": [0.08361811528015499, 0.05873495451983999, 0.14746407240488998]}, {""species"": [{""element"": ""Nb"", ""occu"": 1.0}], ""abc"": [0.5129165, 0.5129165, 0.5129165], ""properties"": {""magmom"": -0.0}, ""label"": ""Nb"", ""xyz"": [3.3204901502801554, 2.33237543451984, 5.85582440240489]}, {""species"": [{""element"": ""O"", ""occu"": 1.0}], ""abc"": [0.24205233, 0.82506483, 0.67280745], ""properties"": {""magmom"": 0.0}, ""label"": ""O"", ""xyz"": [2.5336535561564997, 3.7421811167617243, 6.873671337794457]}, {""species"": [{""element"": ""O"", ""occu"": 1.0}], ""abc"": [0.82506483, 0.67280745, 0.24205233], ""properties"": {""magmom"": 0.0}, ""label"": ""O"", ""xyz"": [5.080042393656524, 3.0558005690291754, 5.70315127517418]}, {""species"": [{""element"": ""O"", ""occu"": 1.0}], ""abc"": [0.67280745, 0.24205233, 0.82506483], ""properties"": {""magmom"": 0.0}, ""label"": ""O"", ""xyz"": [3.650130676421539, 1.1139443650975251, 7.287410628860805]}, {""species"": [{""element"": ""O"", ""occu"": 1.0}], ""abc"": [0.17280745, 0.32506483, 0.74205233], ""properties"": {""magmom"": 0.0}, ""label"": ""O"", ""xyz"": [1.3796709062330388, 1.4816249110692754, 5.61194298517418]}, {""species"": [{""element"": ""O"", ""occu"": 1.0}], ""abc"": [0.74205233, 0.17280745, 0.32506483], ""properties"": {""magmom"": 0.0}, ""label"": ""O"", ""xyz"": [3.8600826424557746, 0.795244363199051, 4.478834608860805]}, {""species"": [{""element"": ""O"", ""occu"": 1.0}], ""abc"": [0.32506483, 0.74205233, 0.17280745], ""properties"": {""magmom"": 0.0}, ""label"": ""O"", ""xyz"": [2.78720104254575, 3.3614162966200993, 4.065095317794459]}]}",0.0,2.5048,100.75,0.0
162,mp-9127,Ba(SbO3)2,"{""@module"": ""pymatgen.core.structure"", ""@class"": ""Structure"", ""charge"": 0, ""lattice"": {""matrix"": [[5.32814826, -0.0, -0.0], [-2.66407363, 4.61431053, 0.0], [-0.0, 0.0, 5.81558169]], ""pbc"": [true, true, true], ""a"": 5.32814826, ""b"": 5.32814695493004, ""c"": 5.81558169, ""alpha"": 90.0, ""beta"": 90.0, ""gamma"": 120.00000189402304, ""volume"": 142.98032483777925}, ""properties"": {}, ""sites"": [{""species"": [{""element"": ""Ba"", ""occu"": 1.0}], ""abc"": [-0.0, 0.0, -0.0], ""properties"": {""magmom"": 0.0}, ""label"": ""Ba"", ""xyz"": [0.0, 0.0, 0.0]}, {""species"": [{""element"": ""Sb"", ""occu"": 1.0}], ""abc"": [0.666667, 0.333333, 0.5], ""properties"": {""magmom"": 0.0}, ""label"": ""Sb"", ""xyz"": [2.6640769607406303, 1.53810197189649, 2.907790845]}, {""species"": [{""element"": ""Sb"", ""occu"": 1.0}], ""abc"": [0.333333, 0.666667, 0.5], ""properties"": {""magmom"": 0.0}, ""label"": ""Sb"", ""xyz"": [-2.3307406300521194e-06, 3.07620855810351, 2.907790845]}, {""species"": [{""element"": ""O"", ""occu"": 1.0}], ""abc"": [0.38629843, 0.38629843, 0.69293191], ""properties"": {""magmom"": 0.0}, ""label"": ""O"", ""xyz"": [1.029127846971831, 1.782500913271468, 4.029802128212728]}, {""species"": [{""element"": ""O"", ""occu"": 1.0}], ""abc"": [0.61370157, 0.0, 0.69293191], ""properties"": {""magmom"": 0.0}, ""label"": ""O"", ""xyz"": [3.2698929523547684, 0.0, 4.029802128212728]}, {""species"": [{""element"": ""O"", ""occu"": 1.0}], ""abc"": [-0.0, 0.61370157, 0.69293191], ""properties"": {""magmom"": 0.0}, ""label"": ""O"", ""xyz"": [-1.6349461693265992, 2.831809616728532, 4.029802128212728]}, {""species"": [{""element"": ""O"", ""occu"": 1.0}], ""abc"": [0.38629843, -0.0, 0.30706809], ""properties"": {""magmom"": 0.0}, ""label"": ""O"", ""xyz"": [2.058255307645232, 0.0, 1.7857795617872723]}, {""species"": [{""element"": ""O"", ""occu"": 1.0}], ""abc"": [0.0, 0.38629843, 0.30706809], ""properties"": {""magmom"": 0.0}, ""label"": ""O"", ""xyz"": [-1.0291274606734009, 1.782500913271468, 1.7857795617872723]}, {""species"": [{""element"": ""O"", ""occu"": 1.0}], ""abc"": [0.61370157, 0.61370157, 0.30706809], ""properties"": {""magmom"": 0.0}, ""label"": ""O"", ""xyz"": [1.6349467830281692, 2.831809616728532, 1.7857795617872723]}]}",0.0,2.8606,87.909,0.0
162,mp-9125,Ca(SbO3)2,"{""@module"": ""pymatgen.core.structure"", ""@class"": ""Structure"", ""charge"": 0, ""lattice"": {""matrix"": [[5.25791554, -0.0, -0.0], [-2.62895827, 4.55348815, 0.0], [0.0, -0.0, 5.02144323]], ""pbc"": [true, true, true], ""a"": 5.25791554, ""b"": 5.257915548731438, ""c"": 5.02144323, ""alpha"": 90.0, ""beta"": 90.0, ""gamma"": 120.00000623648303, ""volume"": 120.22267125254261}, ""properties"": {}, ""sites"": [{""species"": [{""element"": ""Ca"", ""occu"": 1.0}], ""abc"": [0.0, -0.0, 0.0], ""properties"": {""magmom"": -0.0}, ""label"": ""Ca"", ""xyz"": [0.0, 0.0, 0.0]}, {""species"": [{""element"": ""Sb"", ""occu"": 1.0}], ""abc"": [0.333333, 0.666667, 0.5], ""properties"": {""magmom"": -0.0}, ""label"": ""Sb"", ""xyz"": [-2.96229127005887e-06, 3.03566028449605, 2.510721615]}, {""species"": [{""element"": ""Sb"", ""occu"": 1.0}], ""abc"": [0.666667, 0.333333, 0.5], ""properties"": {""magmom"": -0.0}, ""label"": ""Sb"", ""xyz"": [2.62896023229127, 1.5178278655039499, 2.510721615]}, {""species"": [{""element"": ""O"", ""occu"": 1.0}], ""abc"": [0.36817111, 0.36817111, 0.71712232], ""properties"": {""magmom"": 0.0}, ""label"": ""O"", ""xyz"": [0.9679061162384698, 1.6764627865573465, 3.6009890188458935]}, {""species"": [{""element"": ""O"", ""occu"": 1.0}], ""abc"": [0.63182889, -0.0, 0.71712232], ""properties"": {""magmom"": 0.0}, ""label"": ""O"", ""xyz"": [3.3221029393519506, 0.0, 3.6009890188458935]}, {""species"": [{""element"": ""O"", ""occu"": 1.0}], ""abc"": [-0.0, 0.63182889, 0.71712232], ""properties"": {""magmom"": 0.0}, ""label"": ""O"", ""xyz"": [-1.6610517855904203, 2.877025363442653, 3.6009890188458935]}, {""species"": [{""element"": ""O"", ""occu"": 1.0}], ""abc"": [0.36817111, 0.0, 0.28287768], ""properties"": {""magmom"": 0.0}, ""label"": ""O"", ""xyz"": [1.9358126006480496, 0.0, 1.4204542111541065]}, {""species"": [{""element"": ""O"", ""occu"": 1.0}], ""abc"": [0.0, 0.36817111, 0.28287768], ""properties"": {""magmom"": 0.0}, ""label"": ""O"", ""xyz"": [-0.9679064844095798, 1.6764627865573465, 1.4204542111541065]}, {""species"": [{""element"": ""O"", ""occu"": 1.0}], ""abc"": [0.63182889, 0.63182889, 0.28287768], ""properties"": {""magmom"": 0.0}, ""label"": ""O"", ""xyz"": [1.6610511537615302, 2.877025363442653, 1.4204542111541065]}]}",0.0,2.6942999999999993,98.203,0.0
162,mp-8922,Cd(SbO3)2,"{""@module"": ""pymatgen.core.structure"", ""@class"": ""Structure"", ""charge"": 0, ""lattice"": {""matrix"": [[5.26329933, 0.0, -0.0], [-2.63164967, 4.55815139, 0.0], [0.0, -0.0, 4.8221408]], ""pbc"": [true, true, true], ""a"": 5.26329933, ""b"": 5.263299733035355, ""c"": 4.8221408, ""alpha"": 90.0, ""beta"": 90.0, ""gamma"": 119.99999752978067, ""volume"": 115.68757080803138}, ""properties"": {}, ""sites"": [{""species"": [{""element"": ""Cd"", ""occu"": 1.0}], ""abc"": [-0.0, -0.0, -0.0], ""properties"": {""magmom"": 0.0}, ""label"": ""Cd"", ""xyz"": [0.0, 0.0, 0.0]}, {""species"": [{""element"": ""Sb"", ""occu"": 1.0}], ""abc"": [0.333333, 0.666667, 0.5], ""properties"": {""magmom"": 0.0}, ""label"": ""Sb"", ""xyz"": [-2.6349830002381225e-06, 3.03876911271713, 2.4110704]}, {""species"": [{""element"": ""Sb"", ""occu"": 1.0}], ""abc"": [0.666667, 0.333333, 0.5], ""properties"": {""magmom"": 0.0}, ""label"": ""Sb"", ""xyz"": [2.6316522949829997, 1.51938227728287, 2.4110704]}, {""species"": [{""element"": ""O"", ""occu"": 1.0}], ""abc"": [0.36588076, 0.36588076, 0.7238038800000001], ""properties"": {""magmom"": 0.0}, ""label"": ""O"", ""xyz"": [0.9628699776545415, 1.6677398947682565, 3.490284220946304]}, {""species"": [{""element"": ""O"", ""occu"": 1.0}], ""abc"": [0.63411924, -0.0, 0.7238038800000001], ""properties"": {""magmom"": 0.0}, ""label"": ""O"", ""xyz"": [3.3375593710321088, 0.0, 3.490284220946304]}, {""species"": [{""element"": ""O"", ""occu"": 1.0}], ""abc"": [0.0, 0.63411924, 0.7238038800000001], ""properties"": {""magmom"": 0.0}, ""label"": ""O"", ""xyz"": [-1.6687796886866506, 2.8904114952317435, 3.490284220946304]}, {""species"": [{""element"": ""O"", ""occu"": 1.0}], ""abc"": [0.36588076, -0.0, 0.27619612], ""properties"": {""magmom"": 0.0}, ""label"": ""O"", ""xyz"": [1.9257399589678907, 0.0, 1.3318565790536958]}, {""species"": [{""element"": ""O"", ""occu"": 1.0}], ""abc"": [-0.0, 0.36588076, 0.27619612], ""properties"": {""magmom"": 0.0}, ""label"": ""O"", ""xyz"": [-0.9628699813133492, 1.6677398947682565, 1.3318565790536958]}, {""species"": [{""element"": ""O"", ""occu"": 1.0}], ""abc"": [0.63411924, 0.63411924, 0.27619612], ""properties"": {""magmom"": 0.0}, ""label"": ""O"", ""xyz"": [1.6687796823454581, 2.8904114952317435, 1.3318565790536958]}]}",0.0,1.4136,107.992,0.0
163,mp-29417,Na3ScBr6,"{""@module"": ""pymatgen.core.structure"", ""@class"": ""Structure"", ""charge"": 0, ""lattice"": {""matrix"": [[3.61857756, -6.2691695, -0.00023779999999900002], [3.61846558, 6.26910479, 0.00057913], [0.00061487, 0.00084225, 13.14095624]], ""pbc"": [true, true, true], ""a"": 7.238548876260673, ""b"": 7.238436872490996, ""c"": 13.14095628137637, ""alpha"": 89.99089522099742, ""beta"": 90.0037225861464, ""gamma"": 120.01324998809737, ""volume"": 596.2053906028334}, ""properties"": {}, ""sites"": [{""species"": [{""element"": ""Na"", ""occu"": 1.0}], ""abc"": [0.666677699999999, 0.33336428, 0.46654391], ""properties"": {""magmom"": 0.0}, ""label"": ""Na"", ""xyz"": [3.6189790016078325, -2.0892269519990454, 6.1308676306469145]}, {""species"": [{""element"": ""Na"", ""occu"": 1.0}], ""abc"": [0.66665911, 0.33336592, 0.03343458], ""properties"": {""magmom"": 0.0}, ""label"": ""Na"", ""xyz"": [3.6186513606008095, -2.089464913139383, 0.43939688335167143]}, {""species"": [{""element"": ""Na"", ""occu"": 1.0}], ""abc"": [0.33334942, 0.66666692, 0.53343343], ""properties"": {""magmom"": 0.0}, ""label"": ""Na"", ""xyz"": [3.618890026408733, 2.090030049106275, 7.010132176904407]}, {""species"": [{""element"": ""Na"", ""occu"": 1.0}], ""abc"": [0.33335974, 0.66668828, 0.9665532800000001], ""properties"": {""magmom"": -0.0}, ""label"": ""Na"", ""xyz"": [3.61927097295611, 2.090464054549011, 12.701741182345893]}, {""species"": [{""element"": ""Na"", ""occu"": 1.0}], ""abc"": [4.37e-06, 4.7050000000000005e-05, 0.74998873], ""properties"": {""magmom"": 0.0}, ""label"": ""Na"", ""xyz"": [0.0006472075598913, 0.0008992431174970001, 9.855569107632055]}, {""species"": [{""element"": ""Na"", ""occu"": 1.0}], ""abc"": [4.949e-05, 0.99998655, 0.24997667], ""properties"": {""magmom"": 0.0}, ""label"": ""Na"", ""xyz"": [3.6187496981964764, 6.268920752192328, 3.2855115919329005]}, {""species"": [{""element"": ""Sc"", ""occu"": 1.0}], ""abc"": [0.66664651, 0.333372699999999, 0.75000738], ""properties"": {""magmom"": 0.0}, ""label"": ""Sc"", ""xyz"": [3.6190708988377187, -2.088739883632413, 9.855848697848725]}, {""species"": [{""element"": ""Sc"", ""occu"": 1.0}], ""abc"": [0.33335292, 0.6666440100000001, 0.25000463], ""properties"": {""magmom"": -0.0}, ""label"": ""Sc"", ""xyz"": [3.618645520517499, 2.089625763915486, 3.2856067048485267]}, {""species"": [{""element"": ""Br"", ""occu"": 1.0}], ""abc"": [0.36393324, 0.32132137, 0.87010293], ""properties"": {""magmom"": 0.0}, ""label"": ""Br"", ""xyz"": [2.480145973254108, -0.26642898425502515, 11.43408407094632]}, {""species"": [{""element"": ""Br"", ""occu"": 1.0}], ""abc"": [0.95742362, 0.32144901, 0.62993487], ""properties"": {""magmom"": -0.0}, ""label"": ""Br"", ""xyz"": [4.62805113320956, -3.9865228661075753, 8.277905046148415]}, {""species"": [{""element"": ""Br"", ""occu"": 1.0}], ""abc"": [0.36397868, 0.04249014, 0.62993141], ""properties"": {""magmom"": -0.0}, ""label"": ""Br"", ""xyz"": [1.4712215187718687, -2.014938339374417, 8.277839146196172]}, {""species"": [{""element"": ""Br"", ""occu"": 1.0}], ""abc"": [0.67863493, 0.63609392, 0.62990516], ""properties"": {""magmom"": -0.0}, ""label"": ""Br"", ""xyz"": [4.757764394083173, -0.2662074264077486, 8.277763144595735]}, {""species"": [{""element"": ""Br"", ""occu"": 1.0}], ""abc"": [0.95741483, 0.63608931, 0.87009256], ""properties"": {""magmom"": -0.0}, ""label"": ""Br"", ""xyz"": [5.766682087302533, -2.0137524754362306, 11.4339889608651]}, {""species"": [{""element"": ""Br"", ""occu"": 1.0}], ""abc"": [0.6786448900000001, 0.04258198, 0.87005878], ""properties"": {""magmom"": 0.0}, ""label"": ""Br"", ""xyz"": [2.6103455721629754, -3.986856143925716, 11.433267632955024]}, {""species"": [{""element"": ""Br"", ""occu"": 1.0}], ""abc"": [0.32125904, 0.36386256, 0.3701212], ""properties"": {""magmom"": -0.0}, ""label"": ""Br"", ""xyz"": [2.4793524787240715, 0.2673768772110827, 4.863880821020948]}, {""species"": [{""element"": ""Br"", ""occu"": 1.0}], ""abc"": [0.63615235, 0.95747667, 0.37005506], ""properties"": {""magmom"": -0.0}, ""label"": ""Br"", ""xyz"": [5.7667905282540275, 2.014686347111209, 4.863280576285642]}, {""species"": [{""element"": ""Br"", ""occu"": 1.0}], ""abc"": [0.04260324, 0.6785627200000001, 0.3700561], ""properties"": {""magmom"": -0.0}, ""label"": ""Br"", ""xyz"": [2.6097465108326796, 3.9872055452084743, 4.863273861422625]}, {""species"": [{""element"": ""Br"", ""occu"": 1.0}], ""abc"": [0.63594766, 0.67853911, 0.12992427], ""properties"": {""magmom"": -0.0}, ""label"": ""Br"", ""xyz"": [4.756576232565239, 0.2670785397513741, 1.7075708805851717]}, {""species"": [{""element"": ""Br"", ""occu"": 1.0}], ""abc"": [0.04250197, 0.3639544, 0.12994457], ""properties"": {""magmom"": -0.0}, ""label"": ""Br"", ""xyz"": [1.4708330430051013, 2.015325664181744, 1.707796577938823]}, {""species"": [{""element"": ""Br"", ""occu"": 1.0}], ""abc"": [0.32140528, 0.95744111, 0.12993148000000002], ""properties"": {""magmom"": 0.0}, ""label"": ""Br"", ""xyz"": [4.627577526254618, 3.9874639051179868, 1.7079019455728859]}]}",0.0,3.3749000000000002,14.933,0.0
164,mp-8281,Ba(CdAs)2,"{""@module"": ""pymatgen.core.structure"", ""@class"": ""Structure"", ""charge"": 0, ""lattice"": {""matrix"": [[4.5604501200000005, -1e-08, -0.0], [-2.28022609, 3.94946691, 0.0], [0.0, 0.0, 7.7562877100000005]], ""pbc"": [true, true, true], ""a"": 4.5604501200000005, ""b"": 4.560451720466037, ""c"": 7.7562877100000005, ""alpha"": 90.0, ""beta"": 90.0, ""gamma"": 120.000003458916, ""volume"": 139.70118798705423}, ""properties"": {}, ""sites"": [{""species"": [{""element"": ""Ba"", ""occu"": 1.0}], ""abc"": [0.0, -0.0, 0.0], ""properties"": {""magmom"": 0.0}, ""label"": ""Ba"", ""xyz"": [0.0, 0.0, 0.0]}, {""species"": [{""element"": ""Cd"", ""occu"": 1.0}], ""abc"": [0.666667, 0.333333, 0.37100356], ""properties"": {""magmom"": -0.0}, ""label"": ""Cd"", ""xyz"": [2.28022699689207, 1.3164876468443598, 2.877610352794248]}, {""species"": [{""element"": ""Cd"", ""occu"": 1.0}], ""abc"": [0.333333, 0.666667, 0.62899644], ""properties"": {""magmom"": -0.0}, ""label"": ""Cd"", ""xyz"": [-2.9668920702441426e-06, 2.6329792531556397, 4.878677357205753]}, {""species"": [{""element"": ""As"", ""occu"": 1.0}], ""abc"": [0.666667, 0.333333, 0.73516224], ""properties"": {""magmom"": 0.0}, ""label"": ""As"", ""xyz"": [2.28022699689207, 1.3164876468443598, 5.70212984696807]}, {""species"": [{""element"": ""As"", ""occu"": 1.0}], ""abc"": [0.333333, 0.666667, 0.26483776000000003], ""properties"": {""magmom"": 0.0}, ""label"": ""As"", ""xyz"": [-2.9668920702441426e-06, 2.6329792531556397, 2.05415786303193]}]}",0.0,0.15759999999999902,44.501,0.0
164,mp-8279,Ba(CdP)2,"{""@module"": ""pymatgen.core.structure"", ""@class"": ""Structure"", ""charge"": 0, ""lattice"": {""matrix"": [[4.4372007700000005, -0.0, -0.0], [-2.21860038, 3.84272843, 0.0], [-0.0, -0.0, 7.6148527900000005]], ""pbc"": [true, true, true], ""a"": 4.4372007700000005, ""b"": 4.437200630224693, ""c"": 7.6148527900000005, ""alpha"": 90.0, ""beta"": 90.0, ""gamma"": 120.0000009674867, ""volume"": 129.84053166034315}, ""properties"": {}, ""sites"": [{""species"": [{""element"": ""Ba"", ""occu"": 1.0}], ""abc"": [-0.0, 0.0, 0.0], ""properties"": {""magmom"": -0.0}, ""label"": ""Ba"", ""xyz"": [0.0, 0.0, 0.0]}, {""species"": [{""element"": ""Cd"", ""occu"": 1.0}], ""abc"": [0.666667, 0.333333, 0.36968804], ""properties"": {""magmom"": 0.0}, ""label"": ""Cd"", ""xyz"": [2.2186026052670504, 1.28090819575719, 2.815120002823632]}, {""species"": [{""element"": ""Cd"", ""occu"": 1.0}], ""abc"": [0.333333, 0.666667, 0.63031196], ""properties"": {""magmom"": 0.0}, ""label"": ""Cd"", ""xyz"": [-2.215267049798797e-06, 2.56182023424281, 4.799732787176369]}, {""species"": [{""element"": ""P"", ""occu"": 1.0}], ""abc"": [0.666667, 0.333333, 0.73157145], ""properties"": {""magmom"": -0.0}, ""label"": ""P"", ""xyz"": [2.2186026052670504, 1.28090819575719, 5.570808897116846]}, {""species"": [{""element"": ""P"", ""occu"": 1.0}], ""abc"": [0.333333, 0.666667, 0.26842855], ""properties"": {""magmom"": -0.0}, ""label"": ""P"", ""xyz"": [-2.215267049798797e-06, 2.56182023424281, 2.0440438928831544]}]}",0.0,0.6835999999999991,50.707,0.0
166,mp-1591,Al4C3,"{""@module"": ""pymatgen.core.structure"", ""@class"": ""Structure"", ""charge"": 0, ""lattice"": {""matrix"": [[3.26309188, -0.00361671, 7.87602324], [1.5640351, 2.86383986, 7.87602324], [-0.00610255, -0.00361671, 8.52522531]], ""pbc"": [true, true, true], ""a"": 8.525228664084809, ""b"": 8.525228830640087, ""c"": 8.525228261341296, ""alpha"": 22.54559013747872, ""beta"": 22.545582959120743, ""gamma"": 22.54558792639824, ""volume"": 79.90244024318747}, ""properties"": {}, ""sites"": [{""species"": [{""element"": ""Al"", ""occu"": 1.0}], ""abc"": [0.86987806, 0.86987806, 0.86987806], ""properties"": {""magmom"": 0.0}, ""label"": ""Al"", ""xyz"": [4.193703378381006, 2.4848992682107065, 21.11826608677793]}, {""species"": [{""element"": ""Al"", ""occu"": 1.0}], ""abc"": [0.13012194, 0.13012194, 0.13012194], ""properties"": {""magmom"": 0.0}, ""label"": ""Al"", ""xyz"": [0.6273210516189941, 0.3717071717892936, 3.1590057032220726]}, {""species"": [{""element"": ""Al"", ""occu"": 1.0}], ""abc"": [0.7064868, 0.7064868, 0.7064868], ""properties"": {""magmom"": -0.0}, ""label"": ""Al"", ""xyz"": [3.405990122272524, 2.018154742654992, 17.15157205964737]}, {""species"": [{""element"": ""Al"", ""occu"": 1.0}], ""abc"": [0.2935132, 0.2935132, 0.2935132], ""properties"": {""magmom"": -0.0}, ""label"": ""Al"", ""xyz"": [1.4150343077274758, 0.8384516973450079, 7.125699730352627]}, {""species"": [{""element"": ""C"", ""occu"": 1.0}], ""abc"": [0.78327526, 0.78327526, 0.78327526], ""properties"": {""magmom"": 0.0}, ""label"": ""C"", ""xyz"": [3.776189163874602, 2.2375091520086743, 19.015786373402918]}, {""species"": [{""element"": ""C"", ""occu"": 1.0}], ""abc"": [0.21672474, 0.21672474, 0.21672474], ""properties"": {""magmom"": 0.0}, ""label"": ""C"", ""xyz"": [1.0448352661253981, 0.6190972879913256, 5.261485416597084]}, {""species"": [{""element"": ""C"", ""occu"": 1.0}], ""abc"": [-0.0, -0.0, 0.0], ""properties"": {""magmom"": 0.0}, ""label"": ""C"", ""xyz"": [0.0, 0.0, 0.0]}]}",0.0,1.3154,159.382,0.0
166,mp-160,B,"{""@module"": ""pymatgen.core.structure"", ""@class"": ""Structure"", ""charge"": 0, ""lattice"": {""matrix"": [[4.2804641, -0.00172243, 2.66533213], [1.47931971, 4.01671422, 2.66533213], [-0.00247162, -0.00172244, 5.04245687]], ""pbc"": [true, true, true], ""a"": 5.042456865592828, ""b"": 5.042457267320669, ""c"": 5.0424577699287845, ""alpha"": 58.118645181355646, ""beta"": 58.11864724749343, ""gamma"": 58.118627323475415, ""volume"": 86.74916330018324}, ""properties"": {}, ""sites"": [{""species"": [{""element"": ""B"", ""occu"": 1.0}], ""abc"": [0.00997004, 0.65428512, 0.00997004], ""properties"": {""magmom"": 0.0}, ""label"": ""B"", ""xyz"": [1.0105486301210145, 2.6280419999467117, 1.8207341171584657]}, {""species"": [{""element"": ""B"", ""occu"": 1.0}], ""abc"": [0.00997004, 0.00997004, 0.65428512], ""properties"": {""magmom"": 0.0}, ""label"": ""B"", ""xyz"": [0.055808130788757994, 0.038902661883878795, 3.352351434181545]}, {""species"": [{""element"": ""B"", ""occu"": 1.0}], ""abc"": [0.65428512, 0.00997004, 0.00997004], ""properties"": {""magmom"": 0.0}, ""label"": ""B"", ""xyz"": [2.8153682018554154, 0.03890266832702959, 1.8207341171584657]}, {""species"": [{""element"": ""B"", ""occu"": 1.0}], ""abc"": [0.34571488, 0.99002996, 0.99002996], ""properties"": {""magmom"": 0.0}, ""label"": ""B"", ""xyz"": [2.941943988144584, 3.97436668167297, 8.552387012841534]}, {""species"": [{""element"": ""B"", ""occu"": 1.0}], ""abc"": [0.99002996, 0.34571488, 0.99002996], ""properties"": {""magmom"": 0.0}, ""label"": ""B"", ""xyz"": [4.7467635598789855, 1.3852273500532883, 8.552387012841534]}, {""species"": [{""element"": ""B"", ""occu"": 1.0}], ""abc"": [0.99002996, 0.99002996, 0.34571488], ""properties"": {""magmom"": 0.0}, ""label"": ""B"", ""xyz"": [5.701504059211241, 3.974366688116121, 7.020769695818455]}, {""species"": [{""element"": ""B"", ""occu"": 1.0}], ""abc"": [0.22056557000000002, 0.63163483, 0.22056557000000002], ""properties"": {""magmom"": -0.0}, ""label"": ""B"", ""xyz"": [1.8779677033484128, 2.5363367837931565, 3.3835894810508176]}, {""species"": [{""element"": ""B"", ""occu"": 1.0}], ""abc"": [0.22056557000000002, 0.22056557000000002, 0.63163483], ""properties"": {""magmom"": -0.0}, ""label"": ""B"", ""xyz"": [1.268848837850897, 0.8844809996100851, 4.36075238885031]}, {""species"": [{""element"": ""B"", ""occu"": 1.0}], ""abc"": [0.63163483, 0.22056557000000002, 0.22056557000000002], ""properties"": {""magmom"": -0.0}, ""label"": ""B"", ""xyz"": [3.029432054898864, 0.8844810037207776, 3.3835894810508176]}, {""species"": [{""element"": ""B"", ""occu"": 1.0}], ""abc"": [0.36836517, 0.77943443, 0.77943443], ""properties"": {""magmom"": -0.0}, ""label"": ""B"", ""xyz"": [2.7278801351011355, 3.1287883462792223, 6.989531648949182]}, {""species"": [{""element"": ""B"", ""occu"": 1.0}], ""abc"": [0.77943443, 0.36836517, 0.77943443], ""properties"": {""magmom"": -0.0}, ""label"": ""B"", ""xyz"": [3.879344486651587, 1.4769325662068433, 6.989531648949182]}, {""species"": [{""element"": ""B"", ""occu"": 1.0}], ""abc"": [0.77943443, 0.77943443, 0.36836517], ""properties"": {""magmom"": -0.0}, ""label"": ""B"", ""xyz"": [4.488463352149103, 3.128788350389915, 6.0123687411496896]}]}",0.0,1.433399999999999,210.223,0.0
166,mp-1346,B6O,"{""@module"": ""pymatgen.core.structure"", ""@class"": ""Structure"", ""charge"": 0, ""lattice"": {""matrix"": [[4.57963831, -0.00249812, 2.3250242], [1.42603843, 4.35195504, 2.3250242], [-0.00345015, -0.00249812, 5.13603114]], ""pbc"": [true, true, true], ""a"": 5.1360325954581745, ""b"": 5.136033080559733, ""c"": 5.136032906357616, ""alpha"": 63.122150719299306, ""beta"": 63.122153932933735, ""gamma"": 63.12214625802739, ""volume"": 102.43459585845005}, ""properties"": {}, ""sites"": [{""species"": [{""element"": ""B"", ""occu"": 1.0}], ""abc"": [0.79861792, 0.32391046, 0.79861792], ""properties"": {""magmom"": -0.0}, ""label"": ""B"", ""xyz"": [4.116534633706805, 1.4056536721090975, 6.711632154768825]}, {""species"": [{""element"": ""B"", ""occu"": 1.0}], ""abc"": [0.79861792, 0.79861792, 0.32391046], ""properties"": {""magmom"": -0.0}, ""label"": ""B"", ""xyz"": [4.795123526617612, 3.4727450713816714, 5.377226190239052]}, {""species"": [{""element"": ""B"", ""occu"": 1.0}], ""abc"": [0.32391046, 0.79861792, 0.79861792], ""properties"": {""magmom"": -0.0}, ""label"": ""B"", ""xyz"": [2.6194972448157006, 3.4727450713816714, 6.711632154768825]}, {""species"": [{""element"": ""B"", ""occu"": 1.0}], ""abc"": [0.67608954, 0.20138208, 0.20138208], ""properties"": {""magmom"": -0.0}, ""label"": ""B"", ""xyz"": [3.3827293451842997, 0.8742137286183288, 3.074447385231175]}, {""species"": [{""element"": ""B"", ""occu"": 1.0}], ""abc"": [0.20138208, 0.67608954, 0.20138208], ""properties"": {""magmom"": -0.0}, ""label"": ""B"", ""xyz"": [1.8856919562931949, 2.9413051278909026, 3.074447385231175]}, {""species"": [{""element"": ""B"", ""occu"": 1.0}], ""abc"": [0.20138208, 0.20138208, 0.67608954], ""properties"": {""magmom"": -0.0}, ""label"": ""B"", ""xyz"": [1.207103063382388, 0.8742137286183288, 4.408853349760948]}, {""species"": [{""element"": ""B"", ""occu"": 1.0}], ""abc"": [0.9977964500000001, 0.66660797, 0.9977964500000001], ""properties"": {""magmom"": 0.0}, ""label"": ""B"", ""xyz"": [5.5167128835443195, 2.8960626842103214, 8.994494193668418]}, {""species"": [{""element"": ""B"", ""occu"": 1.0}], ""abc"": [0.9977964500000001, 0.9977964500000001, 0.66660797], ""properties"": {""magmom"": 0.0}, ""label"": ""B"", ""xyz"": [5.990143033531878, 4.338207407501918, 8.063521077940367]}, {""species"": [{""element"": ""B"", ""occu"": 1.0}], ""abc"": [0.66660797, 0.9977964500000001, 0.9977964500000001], ""properties"": {""magmom"": 0.0}, ""label"": ""B"", ""xyz"": [4.472276932758937, 4.338207407501918, 8.994494193668418]}, {""species"": [{""element"": ""B"", ""occu"": 1.0}], ""abc"": [0.33339203, 0.00220355, 0.00220355], ""properties"": {""magmom"": 0.0}, ""label"": ""B"", ""xyz"": [1.5299496572410634, 0.0087513924980824, 0.7915853463315831]}, {""species"": [{""element"": ""B"", ""occu"": 1.0}], ""abc"": [0.00220355, 0.33339203, 0.00220355], ""properties"": {""magmom"": 0.0}, ""label"": ""B"", ""xyz"": [0.48551370645568087, 1.4508961157896794, 0.7915853463315831]}, {""species"": [{""element"": ""B"", ""occu"": 1.0}], ""abc"": [0.00220355, 0.00220355, 0.33339203], ""properties"": {""magmom"": 0.0}, ""label"": ""B"", ""xyz"": [0.0120835564681225, 0.0087513924980824, 1.7225584620596344]}, {""species"": [{""element"": ""O"", ""occu"": 1.0}], ""abc"": [0.37789722000000003, 0.37789722000000003, 0.37789722000000003], ""properties"": {""magmom"": -0.0}, ""label"": ""O"", ""xyz"": [2.2682247421710797, 1.642703645974536, 3.6981322528648795]}, {""species"": [{""element"": ""O"", ""occu"": 1.0}], ""abc"": [0.62210278, 0.62210278, 0.62210278], ""properties"": {""magmom"": -0.0}, ""label"": ""O"", ""xyz"": [3.73400184782892, 2.7042551540254642, 6.087947287135121]}]}",0.0,1.856399999999999,228.689,0.0
167,mp-1143,Al2O3,"{""@module"": ""pymatgen.core.structure"", ""@class"": ""Structure"", ""charge"": 0, ""lattice"": {""matrix"": [[4.256773, 0.000341, 2.948067], [1.54451, 3.966687, 2.948066], [0.0004969999999990001, 0.000339, 5.177956]], ""pbc"": [true, true, true], ""a"": 5.177954762867189, ""b"": 5.1779542327472345, ""c"": 5.177956034949119, ""alpha"": 55.28962764116247, ""beta"": 55.289609396062694, ""gamma"": 55.289594926906936, ""volume"": 87.42001939959368}, ""properties"": {}, ""sites"": [{""species"": [{""element"": ""Al"", ""occu"": 1.0}], ""abc"": [0.647903999999999, 0.647903, 0.647903], ""properties"": {""magmom"": -0.0}, ""label"": ""Al"", ""xyz"": [3.7589949241129954, 2.570468981742, 7.174938433433997]}, {""species"": [{""element"": ""Al"", ""occu"": 1.0}], ""abc"": [0.852097, 0.852097, 0.852097], ""properties"": {""magmom"": -0.0}, ""label"": ""Al"", ""xyz"": [4.9436793326599995, 3.3805815185989996, 9.436198014633]}, {""species"": [{""element"": ""Al"", ""occu"": 1.0}], ""abc"": [0.147903999999999, 0.147903, 0.147903], ""properties"": {""magmom"": -0.0}, ""label"": ""Al"", ""xyz"": [0.8581049241129957, 0.586785481742, 1.6378939334339973]}, {""species"": [{""element"": ""Al"", ""occu"": 1.0}], ""abc"": [0.352097, 0.352095999999999, 0.352095999999999], ""properties"": {""magmom"": -0.0}, ""label"": ""Al"", ""xyz"": [2.042787787652998, 1.396894051572996, 3.899145388610992]}, {""species"": [{""element"": ""O"", ""occu"": 1.0}], ""abc"": [0.443855, 0.056145, 0.750000999999999], ""properties"": {""magmom"": 0.0}, ""label"": ""O"", ""xyz"": [1.9764792443619992, 0.223115246509, 5.357505621810995]}, {""species"": [{""element"": ""O"", ""occu"": 1.0}], ""abc"": [0.943855, 0.250001, 0.556145], ""properties"": {""magmom"": 0.0}, ""label"": ""O"", ""xyz"": [4.404181928489999, 0.9921861043969998, 6.399261565971]}, {""species"": [{""element"": ""O"", ""occu"": 1.0}], ""abc"": [0.056144, 0.75, 0.443855], ""properties"": {""magmom"": 0.0}, ""label"": ""O"", ""xyz"": [1.3975953592469996, 2.975184861949, 4.674827434028]}, {""species"": [{""element"": ""O"", ""occu"": 1.0}], ""abc"": [0.750000999999999, 0.443856, 0.056144], ""properties"": {""magmom"": 0.0}, ""label"": ""O"", ""xyz"": [3.8781519409009952, 1.7609126082289996, 3.8102811422269967]}, {""species"": [{""element"": ""O"", ""occu"": 1.0}], ""abc"": [0.25, 0.556144, 0.943855], ""properties"": {""magmom"": 0.0}, ""label"": ""O"", ""xyz"": [1.9236323153749992, 2.2064543917729997, 7.2638056278839995]}, {""species"": [{""element"": ""O"", ""occu"": 1.0}], ""abc"": [0.556144, 0.943855999999999, 0.249999], ""properties"": {""magmom"": 0.0}, ""label"": ""O"", ""xyz"": [3.825298043374998, 3.7442557198369966, 5.7165833781879964]}]}",0.0,5.853700000000001,231.003,0.0
167,mp-468,AlF3,"{""@module"": ""pymatgen.core.structure"", ""@class"": ""Structure"", ""charge"": 0, ""lattice"": {""matrix"": [[1.49977107, 4.01631768, 7.65552109], [-2.77026822, 4.00518636, 5.02070744], [-1.47913833, -4.00456564, -2.63668075]], ""pbc"": [true, true, true], ""a"": 8.774230685850716, ""b"": 6.994526930904145, ""c"": 5.017617117892153, ""alpha"": 135.8441151816736, ""beta"": 150.95003079516627, ""gamma"": 34.845401928338525, ""volume"": 85.43418366311855}, ""properties"": {}, ""sites"": [{""species"": [{""element"": ""Al"", ""occu"": 1.0}], ""abc"": [0.49991311, 0.75013768, 0.00011922], ""properties"": {""magmom"": 0.0}, ""label"": ""Al"", ""xyz"": [-1.3285036985085048, 5.01177364189923, 7.5930028426938145]}, {""species"": [{""element"": ""Al"", ""occu"": 1.0}], ""abc"": [0.4999865, 0.24996728000000001, -0.00016565000000000001], ""properties"": {""magmom"": -0.0}, ""label"": ""Al"", ""xyz"": [0.0576338955310778, 3.0099335163118868, 5.083106544084086]}, {""species"": [{""element"": ""F"", ""occu"": 1.0}], ""abc"": [0.41281156, -0.00027007, 0.825163], ""properties"": {""magmom"": 0.0}, ""label"": ""F"", ""xyz"": [-0.6006592204100454, -1.6475187109431841, 0.9832402636052295]}, {""species"": [{""element"": ""F"", ""occu"": 1.0}], ""abc"": [1.4680000000000002e-05, 0.91197287, 0.4117825], ""properties"": {""magmom"": 0.0}, ""label"": ""F"", ""xyz"": [-3.135470721997109, 2.0036702085042952, 3.4931223655998798]}, {""species"": [{""element"": ""F"", ""occu"": 1.0}], ""abc"": [0.41180985000000003, 0.08818844, 0.41163447000000003], ""properties"": {""magmom"": 0.0}, ""label"": ""F"", ""xyz"": [-0.23554945585857234, 0.35875306354921555, 2.5100386654892777]}, {""species"": [{""element"": ""F"", ""occu"": 1.0}], ""abc"": [0.5876363, 0.50026991, 0.17574064], ""properties"": {""magmom"": 0.0}, ""label"": ""F"", ""xyz"": [-0.7645066274361505, 3.6600433524546014, 6.546998984564016]}, {""species"": [{""element"": ""F"", ""occu"": 1.0}], ""abc"": [4.1400000000000003e-05, 0.58739818, 0.58782109], ""properties"": {""magmom"": 0.0}, ""label"": ""F"", ""xyz"": [-2.4966571254189214, -0.0011626855045712148, 1.3995747986945675]}, {""species"": [{""element"": ""F"", ""occu"": 1.0}], ""abc"": [0.58778759, 0.41233672, 0.58790473], ""properties"": {""magmom"": -0.0}, ""label"": ""F"", ""xyz"": [-1.130328909099318, 1.657924015121253, 5.019925245149523]}]}",0.0,7.6012,39.119,0.0
167,mp-23933,AlH3,"{""@module"": ""pymatgen.core.structure"", ""@class"": ""Structure"", ""charge"": 0, ""lattice"": {""matrix"": [[3.88485949, 0.0018655, 2.57303193], [1.38299771, 3.63035109, 2.57303193], [0.00270588, 0.0018655, 4.65967988]], ""pbc"": [true, true, true], ""a"": 4.659681324933373, ""b"": 4.659680784702849, ""c"": 4.659681039079138, ""alpha"": 56.44929535930358, ""beta"": 56.44929723809896, ""gamma"": 56.44930481299007, ""volume"": 65.66805385043641}, ""properties"": {}, ""sites"": [{""species"": [{""element"": ""Al"", ""occu"": 1.0}], ""abc"": [0.5, 0.5, 0.5], ""properties"": {""magmom"": 0.0}, ""label"": ""Al"", ""xyz"": [2.63528154, 1.817041045, 4.90287187]}, {""species"": [{""element"": ""Al"", ""occu"": 1.0}], ""abc"": [-0.0, -0.0, -0.0], ""properties"": {""magmom"": 0.0}, ""label"": ""Al"", ""xyz"": [0.0, 0.0, 0.0]}, {""species"": [{""element"": ""H"", ""occu"": 1.0}], ""abc"": [0.38261977, 0.75, 0.11738023], ""properties"": {""magmom"": 0.0}, ""label"": ""H"", ""xyz"": [2.52398994386287, 2.7236960675, 3.4612211288000285]}, {""species"": [{""element"": ""H"", ""occu"": 1.0}], ""abc"": [0.75, 0.11738023, 0.38261977], ""properties"": {""magmom"": 0.0}, ""label"": ""H"", ""xyz"": [3.077016529972521, 0.42824434810588574, 4.014682671199971]}, {""species"": [{""element"": ""H"", ""occu"": 1.0}], ""abc"": [0.88261977, 0.61738023, 0.25], ""properties"": {""magmom"": 0.0}, ""label"": ""H"", ""xyz"": [4.283365703835391, 2.2434198931058855, 5.024467865]}, {""species"": [{""element"": ""H"", ""occu"": 1.0}], ""abc"": [0.25, 0.88261977, 0.61738023], ""properties"": {""magmom"": 0.0}, ""label"": ""H"", ""xyz"": [2.193546550027479, 3.2058377418941144, 5.791061068800028]}, {""species"": [{""element"": ""H"", ""occu"": 1.0}], ""abc"": [0.61738023, 0.25, 0.88261977], ""properties"": {""magmom"": 0.0}, ""label"": ""H"", ""xyz"": [2.74657313613713, 0.9103860225, 6.344522611199972]}, {""species"": [{""element"": ""H"", ""occu"": 1.0}], ""abc"": [0.11738023, 0.38261977, 0.75], ""properties"": {""magmom"": 0.0}, ""label"": ""H"", ""xyz"": [0.9871973761646093, 1.3906621968941144, 4.781275875]}]}",0.0,2.197699999999999,27.922,0.0
176,mp-23225,BBr3,"{""@module"": ""pymatgen.core.structure"", ""@class"": ""Structure"", ""charge"": 0, ""lattice"": {""matrix"": [[6.57294773, 0.00011569, 0.0], [-3.28657549, 5.69228226, -0.0], [-0.0, 0.0, 7.03509395]], ""pbc"": [true, true, true], ""a"": 6.572947731018126, ""b"": 6.572948788708112, ""c"": 7.03509395, ""alpha"": 90.0, ""beta"": 90.0, ""gamma"": 120.0000091159374, ""volume"": 263.2212339544504}, ""properties"": {}, ""sites"": [{""species"": [{""element"": ""B"", ""occu"": 1.0}], ""abc"": [0.333333, 0.666667, 0.25], ""properties"": {""magmom"": -0.0}, ""label"": ""B"", ""xyz"": [-7.103650774009651e-05, 3.7948953007221897, 1.7587734875]}, {""species"": [{""element"": ""B"", ""occu"": 1.0}], ""abc"": [0.666667, 0.333333, 0.75], ""properties"": {""magmom"": -0.0}, ""label"": ""B"", ""xyz"": [3.2864432765077405, 1.8975026492778098, 5.2763204625]}, {""species"": [{""element"": ""Br"", ""occu"": 1.0}], ""abc"": [0.055205660000000004, 0.36736544, 0.25], ""properties"": {""magmom"": -0.0}, ""label"": ""Br"", ""xyz"": [-0.8445103333969137, 2.0911541637918996, 1.7587734875]}, {""species"": [{""element"": ""Br"", ""occu"": 1.0}], ""abc"": [0.68784122, 0.055205660000000004, 0.75], ""properties"": {""magmom"": -0.0}, ""label"": ""Br"", ""xyz"": [4.339706816534157, 0.3143257754203334, 5.2763204625]}, {""species"": [{""element"": ""Br"", ""occu"": 1.0}], ""abc"": [0.36736544, 0.31215878, 0.75], ""properties"": {""magmom"": -0.0}, ""label"": ""Br"", ""xyz"": [1.388740439592149, 1.7769383862049963, 5.2763204625]}, {""species"": [{""element"": ""Br"", ""occu"": 1.0}], ""abc"": [0.63263556, 0.68784122, 0.25], ""properties"": {""magmom"": -0.0}, ""label"": ""Br"", ""xyz"": [1.8976383733555808, 3.9154595639106935, 1.7587734875]}, {""species"": [{""element"": ""Br"", ""occu"": 1.0}], ""abc"": [0.31215878, 0.9447943400000001, 0.25], ""properties"": {""magmom"": -0.0}, ""label"": ""Br"", ""xyz"": [-1.0533345765341577, 5.378072174579668, 1.7587734875]}, {""species"": [{""element"": ""Br"", ""occu"": 1.0}], ""abc"": [0.9447943400000001, 0.63263556, 0.75], ""properties"": {""magmom"": -0.0}, ""label"": ""Br"", ""xyz"": [4.130879286821424, 3.60124947849036, 5.2763204625]}]}",0.0,3.8273,1.53,0.0
186,mp-661,AlN,"{""@module"": ""pymatgen.core.structure"", ""@class"": ""Structure"", ""charge"": 0, ""lattice"": {""matrix"": [[3.128588, 0.0, 0.0], [-1.564293999999999, 2.709437, 0.0], [0.0, 0.0, 5.016955]], ""pbc"": [true, true, true], ""a"": 3.128588, ""b"": 3.1285882719535016, ""c"": 5.016955, ""alpha"": 90.0, ""beta"": 90.0, ""gamma"": 119.99999712453396, ""volume"": 42.52728307818043}, ""properties"": {}, ""sites"": [{""species"": [{""element"": ""Al"", ""occu"": 1.0}], ""abc"": [0.666667, 0.333333, 0.499287], ""properties"": {""magmom"": 0.0}, ""label"": ""Al"", ""xyz"": [1.5642955642940006, 0.9031447635209999, 2.504900411085]}, {""species"": [{""element"": ""Al"", ""occu"": 1.0}], ""abc"": [0.333333, 0.666667, 0.999286999999999], ""properties"": {""magmom"": 0.0}, ""label"": ""Al"", ""xyz"": [-1.5642939992233096e-06, 1.806292236479, 5.013377911084995]}, {""species"": [{""element"": ""N"", ""occu"": 1.0}], ""abc"": [0.666667, 0.333333, 0.880713], ""properties"": {""magmom"": -0.0}, ""label"": ""N"", ""xyz"": [1.5642955642940006, 0.9031447635209999, 4.418497488915]}, {""species"": [{""element"": ""N"", ""occu"": 1.0}], ""abc"": [0.333333, 0.666667, 0.380712999999999], ""properties"": {""magmom"": -0.0}, ""label"": ""N"", ""xyz"": [-1.5642939992233096e-06, 1.806292236479, 1.9100199889149951]}]}",0.0,4.0467,194.62,0.0
186,mp-2542,BeO,"{""@module"": ""pymatgen.core.structure"", ""@class"": ""Structure"", ""charge"": 0, ""lattice"": {""matrix"": [[2.69427722, 0.0, 0.0], [-1.347137609999999, 2.33331192, 0.0], [0.0, 0.0, 4.37601889]], ""pbc"": [true, true, true], ""a"": 2.69427722, ""b"": 2.694276202673103, ""c"": 4.37601889, ""alpha"": 90.0, ""beta"": 90.0, ""gamma"": 119.99998793495537, ""volume"": 27.51023288811809}, ""properties"": {}, ""sites"": [{""species"": [{""element"": ""Be"", ""occu"": 1.0}], ""abc"": [0.333333, 0.666667, 0.00016017], ""properties"": {""magmom"": 0.0}, ""label"": ""Be"", ""xyz"": [-6.804716092823071e-07, 1.55554205777064, 0.0007009069456113]}, {""species"": [{""element"": ""Be"", ""occu"": 1.0}], ""abc"": [0.666667, 0.333333, 0.50016017], ""properties"": {""magmom"": 0.0}, ""label"": ""Be"", ""xyz"": [1.3471402904716103, 0.77776986222936, 2.1887103519456113]}, {""species"": [{""element"": ""O"", ""occu"": 1.0}], ""abc"": [0.333333, 0.666667, 0.37733983], ""properties"": {""magmom"": -0.0}, ""label"": ""O"", ""xyz"": [-6.804716092823071e-07, 1.55554205777064, 1.6512462240293886]}, {""species"": [{""element"": ""O"", ""occu"": 1.0}], ""abc"": [0.666667, 0.333333, 0.87733983], ""properties"": {""magmom"": -0.0}, ""label"": ""O"", ""xyz"": [1.3471402904716103, 0.77776986222936, 3.839255669029389]}]}",0.0,7.463900000000001,208.037,0.0
186,mp-672,CdS,"{""@module"": ""pymatgen.core.structure"", ""@class"": ""Structure"", ""charge"": 0, ""lattice"": {""matrix"": [[4.16883814, 0.0, 0.0], [-2.08441907, 3.61031964, 0.0], [0.0, 0.0, 6.77961741]], ""pbc"": [true, true, true], ""a"": 4.16883814, ""b"": 4.16883805902189, ""c"": 6.77961741, ""alpha"": 90.0, ""beta"": 90.0, ""gamma"": 120.00000064256139, ""volume"": 102.03892478274858}, ""properties"": {}, ""sites"": [{""species"": [{""element"": ""Cd"", ""occu"": 1.0}], ""abc"": [0.666667, 0.333333, 0.50022437], ""properties"": {""magmom"": -0.0}, ""label"": ""Cd"", ""xyz"": [2.0844211544190703, 1.20343867656012, 3.3913298477582816]}, {""species"": [{""element"": ""Cd"", ""occu"": 1.0}], ""abc"": [0.333333, 0.666667, 0.00022437], ""properties"": {""magmom"": -0.0}, ""label"": ""Cd"", ""xyz"": [-2.0844190700142207e-06, 2.40688096343988, 0.0015211427582817]}, {""species"": [{""element"": ""S"", ""occu"": 1.0}], ""abc"": [0.666667, 0.333333, 0.87677563], ""properties"": {""magmom"": 0.0}, ""label"": ""S"", ""xyz"": [2.0844211544190703, 1.20343867656012, 5.944203325811719]}, {""species"": [{""element"": ""S"", ""occu"": 1.0}], ""abc"": [0.333333, 0.666667, 0.37677563000000003], ""properties"": {""magmom"": 0.0}, ""label"": ""S"", ""xyz"": [-2.0844190700142207e-06, 2.40688096343988, 2.5543946208117188]}]}",0.0,1.125,53.116,0.0
187,mp-10616,BaLiAs,"{""@module"": ""pymatgen.core.structure"", ""@class"": ""Structure"", ""charge"": 0, ""lattice"": {""matrix"": [[4.53227881, 0.0, 0.0], [-2.2661394, 3.92506842, 0.0], [0.0, 0.0, 4.60523575]], ""pbc"": [true, true, true], ""a"": 4.53227881, ""b"": 4.5322786633120495, ""c"": 4.60523575, ""alpha"": 90.0, ""beta"": 90.0, ""gamma"": 120.0000009976441, ""volume"": 81.92486176553213}, ""properties"": {}, ""sites"": [{""species"": [{""element"": ""Ba"", ""occu"": 1.0}], ""abc"": [-0.0, 0.0, -0.0], ""properties"": {""magmom"": 0.0}, ""label"": ""Ba"", ""xyz"": [0.0, 0.0, 0.0]}, {""species"": [{""element"": ""Li"", ""occu"": 1.0}], ""abc"": [0.333333, 0.666667, 0.5], ""properties"": {""magmom"": 0.0}, ""label"": ""Li"", ""xyz"": [-2.2628060700746744e-06, 2.61671358835614, 2.302617875]}, {""species"": [{""element"": ""As"", ""occu"": 1.0}], ""abc"": [0.666667, 0.333333, 0.5], ""properties"": {""magmom"": 0.0}, ""label"": ""As"", ""xyz"": [2.26614167280607, 1.30835483164386, 2.302617875]}]}",0.0,0.5928,34.083,0.0
187,mp-28797,YHSe,"{""@module"": ""pymatgen.core.structure"", ""@class"": ""Structure"", ""charge"": 0, ""lattice"": {""matrix"": [[3.8409309, -0.0, -0.0], [-1.92046545, 3.32634474, 0.0], [0.0, -0.0, 3.91554956]], ""pbc"": [true, true, true], ""a"": 3.8409309, ""b"": 3.840931771584777, ""c"": 3.91554956, ""alpha"": 90.0, ""beta"": 90.0, ""gamma"": 119.99999249354248, ""volume"": 50.026080380129024}, ""properties"": {}, ""sites"": [{""species"": [{""element"": ""Y"", ""occu"": 1.0}], ""abc"": [-0.0, 0.0, 0.0], ""properties"": {""magmom"": -0.0}, ""label"": ""Y"", ""xyz"": [0.0, 0.0, 0.0]}, {""species"": [{""element"": ""H"", ""occu"": 1.0}], ""abc"": [0.333333, 0.666667, -0.0], ""properties"": {""magmom"": 0.0}, ""label"": ""H"", ""xyz"": [-1.9204654500004636e-06, 2.21756426878158, 0.0]}, {""species"": [{""element"": ""Se"", ""occu"": 1.0}], ""abc"": [0.666667, 0.333333, 0.5], ""properties"": {""magmom"": 0.0}, ""label"": ""Se"", ""xyz"": [1.92046737046545, 1.10878047121842, 1.95777478]}]}",0.0,1.5072,81.843,0.0
189,mp-31235,BaNaBi,"{""@module"": ""pymatgen.core.structure"", ""@class"": ""Structure"", ""charge"": 0, ""lattice"": {""matrix"": [[4.34836449, -7.53158758, 0.0], [4.34836449, 7.53158758, 0.0], [0.0, 0.0, 5.16072533]], ""pbc"": [true, true, true], ""a"": 8.69672842010737, ""b"": 8.69672842010737, ""c"": 5.16072533, ""alpha"": 90.0, ""beta"": 90.0, ""gamma"": 119.99999574067434, ""volume"": 338.0284172601914}, ""properties"": {}, ""sites"": [{""species"": [{""element"": ""Ba"", ""occu"": 1.0}], ""abc"": [0.41778571000000003, -0.0, 0.0], ""properties"": {""magmom"": -0.0}, ""label"": ""Ba"", ""xyz"": [1.816684545793438, -3.146589664537482, 0.0]}, {""species"": [{""element"": ""Ba"", ""occu"": 1.0}], ""abc"": [0.58221429, 0.58221429, 0.0], ""properties"": {""magmom"": -0.0}, ""label"": ""Ba"", ""xyz"": [5.063359888413125, 0.0, 0.0]}, {""species"": [{""element"": ""Ba"", ""occu"": 1.0}], ""abc"": [-0.0, 0.41778571000000003, 0.0], ""properties"": {""magmom"": -0.0}, ""label"": ""Ba"", ""xyz"": [1.816684545793438, 3.146589664537482, 0.0]}, {""species"": [{""element"": ""Na"", ""occu"": 1.0}], ""abc"": [0.75985143, 0.0, 0.5], ""properties"": {""magmom"": 0.0}, ""label"": ""Na"", ""xyz"": [3.3041109758877205, -5.7228875928332394, 2.580362665]}, {""species"": [{""element"": ""Na"", ""occu"": 1.0}], ""abc"": [0.0, 0.75985143, 0.5], ""properties"": {""magmom"": 0.0}, ""label"": ""Na"", ""xyz"": [3.3041109758877205, 5.7228875928332394, 2.580362665]}, {""species"": [{""element"": ""Na"", ""occu"": 1.0}], ""abc"": [0.24014857, 0.24014857, 0.5], ""properties"": {""magmom"": 0.0}, ""label"": ""Na"", ""xyz"": [2.0885070282245586, 0.0, 2.580362665]}, {""species"": [{""element"": ""Bi"", ""occu"": 1.0}], ""abc"": [-0.0, 0.0, 0.0], ""properties"": {""magmom"": 0.0}, ""label"": ""Bi"", ""xyz"": [0.0, 0.0, 0.0]}, {""species"": [{""element"": ""Bi"", ""occu"": 1.0}], ""abc"": [0.333333, 0.666667, 0.5], ""properties"": {""magmom"": -0.0}, ""label"": ""Bi"", ""xyz"": [4.34836449, 2.51053421439172, 2.580362665]}, {""species"": [{""element"": ""Bi"", ""occu"": 1.0}], ""abc"": [0.666667, 0.333333, 0.5], ""properties"": {""magmom"": -0.0}, ""label"": ""Bi"", ""xyz"": [4.34836449, -2.51053421439172, 2.580362665]}]}",0.0,0.23550000000000001,23.376,0.0
189,mp-5615,CaAgAs,"{""@module"": ""pymatgen.core.structure"", ""@class"": ""Structure"", ""charge"": 0, ""lattice"": {""matrix"": [[7.20327013, 1e-08, 0.0], [-3.60163455, 6.23821465, -0.0], [-0.0, -0.0, 4.28892519]], ""pbc"": [true, true, true], ""a"": 7.20327013, ""b"": 7.2032696361602575, ""c"": 4.28892519, ""alpha"": 90.0, ""beta"": 90.0, ""gamma"": 119.99999745823814, ""volume"": 192.72519211590506}, ""properties"": {}, ""sites"": [{""species"": [{""element"": ""Ca"", ""occu"": 1.0}], ""abc"": [-0.0, 0.586564699999999, 0.5], ""properties"": {""magmom"": -0.0}, ""label"": ""Ca"", ""xyz"": [-2.1125916893303818, 3.659116504712849, 2.144462595]}, {""species"": [{""element"": ""Ca"", ""occu"": 1.0}], ""abc"": [0.4134353, 0.4134353, 0.5], ""properties"": {""magmom"": -0.0}, ""label"": ""Ca"", ""xyz"": [1.489043286507974, 2.579098149421498, 2.144462595]}, {""species"": [{""element"": ""Ca"", ""occu"": 1.0}], ""abc"": [0.586564699999999, -0.0, 0.5], ""properties"": {""magmom"": -0.0}, ""label"": ""Ca"", ""xyz"": [4.225183982822404, 5.86564699999999e-09, 2.144462595]}, {""species"": [{""element"": ""Ag"", ""occu"": 1.0}], ""abc"": [-0.0, 0.25009156, 0.0], ""properties"": {""magmom"": 0.0}, ""label"": ""Ag"", ""xyz"": [-0.900738403159398, 1.560124833433354, 0.0]}, {""species"": [{""element"": ""Ag"", ""occu"": 1.0}], ""abc"": [0.74990844, 0.74990844, -0.0], ""properties"": {""magmom"": 0.0}, ""label"": ""Ag"", ""xyz"": [2.7008969192462953, 4.67808982406573, 0.0]}, {""species"": [{""element"": ""Ag"", ""occu"": 1.0}], ""abc"": [0.25009156, -0.0, -0.0], ""properties"": {""magmom"": 0.0}, ""label"": ""Ag"", ""xyz"": [1.8014770639131028, 2.5009156e-09, 0.0]}, {""species"": [{""element"": ""As"", ""occu"": 1.0}], ""abc"": [0.0, 0.0, 0.5], ""properties"": {""magmom"": 0.0}, ""label"": ""As"", ""xyz"": [0.0, 0.0, 2.144462595]}, {""species"": [{""element"": ""As"", ""occu"": 1.0}], ""abc"": [0.333333, 0.666667, 0.0], ""properties"": {""magmom"": 0.0}, ""label"": ""As"", ""xyz"": [-3.2583015601161947e-06, 4.15881184940488, 0.0]}, {""species"": [{""element"": ""As"", ""occu"": 1.0}], ""abc"": [0.666667, 0.333333, 0.0], ""properties"": {""magmom"": 0.0}, ""label"": ""As"", ""xyz"": [3.60163883830156, 2.07940281059512, 0.0]}]}",0.0,0.020699999999999,60.562,0.0
189,mp-12277,CaAgP,"{""@module"": ""pymatgen.core.structure"", ""@class"": ""Structure"", ""charge"": 0, ""lattice"": {""matrix"": [[7.02965944, 2e-08, 0.0], [-3.51482818, 6.08786254, 0.0], [-0.0, 0.0, 4.19710426]], ""pbc"": [true, true, true], ""a"": 7.02965944, ""b"": 7.0296577043877, ""c"": 4.19710426, ""alpha"": 90.0, ""beta"": 90.0, ""gamma"": 119.99999351065117, ""volume"": 179.61759693289594}, ""properties"": {}, ""sites"": [{""species"": [{""element"": ""Ca"", ""occu"": 1.0}], ""abc"": [0.58838669, -0.0, 0.5], ""properties"": {""magmom"": -0.0}, ""label"": ""Ca"", ""xyz"": [4.136158049728853, 1.17677338e-08, 2.09855213]}, {""species"": [{""element"": ""Ca"", ""occu"": 1.0}], ""abc"": [0.41161331, 0.41161331, 0.5], ""properties"": {""magmom"": -0.0}, ""label"": ""Ca"", ""xyz"": [1.4467513290200704, 2.5058452591466733, 2.09855213]}, {""species"": [{""element"": ""Ca"", ""occu"": 1.0}], ""abc"": [0.0, 0.58838669, 0.5], ""properties"": {""magmom"": -0.0}, ""label"": ""Ca"", ""xyz"": [-2.068078118748924, 3.5820172890855924, 2.09855213]}, {""species"": [{""element"": ""Ag"", ""occu"": 1.0}], ""abc"": [0.252469699999999, -0.0, 0.0], ""properties"": {""magmom"": 0.0}, ""label"": ""Ag"", ""xyz"": [1.7747760099189611, 5.04939399999998e-09, 0.0]}, {""species"": [{""element"": ""Ag"", ""occu"": 1.0}], ""abc"": [0.7475303, 0.7475303, 0.0], ""properties"": {""magmom"": 0.0}, ""label"": ""Ag"", ""xyz"": [2.627442866237178, 4.550861725835568, 0.0]}, {""species"": [{""element"": ""Ag"", ""occu"": 1.0}], ""abc"": [0.0, 0.252469699999999, -0.0], ""properties"": {""magmom"": 0.0}, ""label"": ""Ag"", ""xyz"": [-0.8873876161561425, 1.5370008291150319, 0.0]}, {""species"": [{""element"": ""P"", ""occu"": 1.0}], ""abc"": [0.0, -0.0, 0.5], ""properties"": {""magmom"": -0.0}, ""label"": ""P"", ""xyz"": [0.0, 0.0, 2.09855213]}, {""species"": [{""element"": ""P"", ""occu"": 1.0}], ""abc"": [0.333333, 0.666667, 0.0], ""properties"": {""magmom"": 0.0}, ""label"": ""P"", ""xyz"": [-2.4881625400041685e-06, 4.05857706262084, 0.0]}, {""species"": [{""element"": ""P"", ""occu"": 1.0}], ""abc"": [0.666667, 0.333333, 0.0], ""properties"": {""magmom"": 0.0}, ""label"": ""P"", ""xyz"": [3.5148337481625402, 2.02928549737916, 0.0]}]}",0.0,0.007,67.623,0.0
191,mp-2251,Li3N,"{""@module"": ""pymatgen.core.structure"", ""@class"": ""Structure"", ""charge"": 0, ""lattice"": {""matrix"": [[3.60972717, -0.0, 0.0], [-1.8048640900000001, 3.12611567, -0.0], [0.0, 0.0, 3.85463861]], ""pbc"": [true, true, true], ""a"": 3.60972717, ""b"": 3.6097276303886248, ""c"": 3.85463861, ""alpha"": 90.0, ""beta"": 90.0, ""gamma"": 120.00000503666766, ""volume"": 43.49737902678387}, ""properties"": {}, ""sites"": [{""species"": [{""element"": ""Li"", ""occu"": 1.0}], ""abc"": [0.0, 0.0, 0.5], ""properties"": {""magmom"": -0.0}, ""label"": ""Li"", ""xyz"": [0.0, 0.0, 1.927319305]}, {""species"": [{""element"": ""Li"", ""occu"": 1.0}], ""abc"": [0.333333, 0.666667, -0.0], ""properties"": {""magmom"": 0.0}, ""label"": ""Li"", ""xyz"": [-2.1415304201077845e-06, 2.08407815537189, 0.0]}, {""species"": [{""element"": ""Li"", ""occu"": 1.0}], ""abc"": [0.666667, 0.333333, 0.0], ""properties"": {""magmom"": 0.0}, ""label"": ""Li"", ""xyz"": [1.8048652215304202, 1.04203751462811, 0.0]}, {""species"": [{""element"": ""N"", ""occu"": 1.0}], ""abc"": [0.0, 0.0, 0.0], ""properties"": {""magmom"": 0.0}, ""label"": ""N"", ""xyz"": [0.0, 0.0, 0.0]}]}",0.0,0.9840000000000001,51.984,0.0
194,mp-9631,AlAgO2,"{""@module"": ""pymatgen.core.structure"", ""@class"": ""Structure"", ""charge"": 0, ""lattice"": {""matrix"": [[2.877864289999999, 0.0, -0.0], [-1.43893264, 2.4923042300000002, 0.0], [0.0, 0.0, 12.24930776]], ""pbc"": [true, true, true], ""a"": 2.877864289999999, ""b"": 2.877865097139417, ""c"": 12.24930776, ""alpha"": 90.0, ""beta"": 90.0, ""gamma"": 120.00000210189822, ""volume"": 87.85832335519179}, ""properties"": {}, ""sites"": [{""species"": [{""element"": ""Al"", ""occu"": 1.0}], ""abc"": [0.0, 0.0, 0.0], ""properties"": {""magmom"": 0.0}, ""label"": ""Al"", ""xyz"": [0.0, 0.0, 0.0]}, {""species"": [{""element"": ""Al"", ""occu"": 1.0}], ""abc"": [0.0, 0.0, 0.5], ""properties"": {""magmom"": 0.0}, ""label"": ""Al"", ""xyz"": [0.0, 0.0, 6.12465388]}, {""species"": [{""element"": ""Ag"", ""occu"": 1.0}], ""abc"": [0.666667, 0.333333, 0.75], ""properties"": {""magmom"": -0.0}, ""label"": ""Ag"", ""xyz"": [1.4389334189323093, 0.8307672458985901, 9.18698082]}, {""species"": [{""element"": ""Ag"", ""occu"": 1.0}], ""abc"": [0.333333, 0.666667, 0.25], ""properties"": {""magmom"": -0.0}, ""label"": ""Ag"", ""xyz"": [-1.768932310408644e-06, 1.6615369841014103, 3.06232694]}, {""species"": [{""element"": ""O"", ""occu"": 1.0}], ""abc"": [0.333333, 0.666667, 0.42217883], ""properties"": {""magmom"": 0.0}, ""label"": ""O"", ""xyz"": [-1.768932310408644e-06, 1.6615369841014103, 5.171398418426721]}, {""species"": [{""element"": ""O"", ""occu"": 1.0}], ""abc"": [0.666667, 0.333333, 0.92217883], ""properties"": {""magmom"": 0.0}, ""label"": ""O"", ""xyz"": [1.4389334189323093, 0.8307672458985901, 11.296052298426721]}, {""species"": [{""element"": ""O"", ""occu"": 1.0}], ""abc"": [0.333333, 0.666667, 0.07782117], ""properties"": {""magmom"": 0.0}, ""label"": ""O"", ""xyz"": [-1.768932310408644e-06, 1.6615369841014103, 0.9532554615732792]}, {""species"": [{""element"": ""O"", ""occu"": 1.0}], ""abc"": [0.666667, 0.333333, 0.57782117], ""properties"": {""magmom"": 0.0}, ""label"": ""O"", ""xyz"": [1.4389334189323093, 0.8307672458985901, 7.07790934157328]}]}",0.0,1.4090999999999991,154.008,0.0
194,mp-3098,AlCuO2,"{""@module"": ""pymatgen.core.structure"", ""@class"": ""Structure"", ""charge"": 0, ""lattice"": {""matrix"": [[2.8427728500000002, 0.0, -0.0], [-1.42138643, 2.46191325, 0.0], [0.0, 0.0, 11.29784621]], ""pbc"": [true, true, true], ""a"": 2.8427728500000002, ""b"": 2.842772631413512, ""c"": 11.29784621, ""alpha"": 90.0, ""beta"": 90.0, ""gamma"": 120.00000265993143, ""volume"": 79.06978600731827}, ""properties"": {}, ""sites"": [{""species"": [{""element"": ""Al"", ""occu"": 1.0}], ""abc"": [-0.0, 0.0, -0.0], ""properties"": {""magmom"": -0.0}, ""label"": ""Al"", ""xyz"": [0.0, 0.0, 0.0]}, {""species"": [{""element"": ""Al"", ""occu"": 1.0}], ""abc"": [-0.0, 0.0, 0.5], ""properties"": {""magmom"": -0.0}, ""label"": ""Al"", ""xyz"": [0.0, 0.0, 5.648923105]}, {""species"": [{""element"": ""Cu"", ""occu"": 1.0}], ""abc"": [0.666667, 0.333333, 0.75], ""properties"": {""magmom"": -0.0}, ""label"": ""Cu"", ""xyz"": [1.42138784471976, 0.82063692936225, 8.473384657499999]}, {""species"": [{""element"": ""Cu"", ""occu"": 1.0}], ""abc"": [0.333333, 0.666667, 0.25], ""properties"": {""magmom"": -0.0}, ""label"": ""Cu"", ""xyz"": [-1.4247197600569805e-06, 1.6412763206377499, 2.8244615525]}, {""species"": [{""element"": ""O"", ""occu"": 1.0}], ""abc"": [0.333333, 0.666667, 0.41487475], ""properties"": {""magmom"": 0.0}, ""label"": ""O"", ""xyz"": [-1.4247197600569805e-06, 1.6412763206377499, 4.687191121912197]}, {""species"": [{""element"": ""O"", ""occu"": 1.0}], ""abc"": [0.666667, 0.333333, 0.9148747500000001], ""properties"": {""magmom"": 0.0}, ""label"": ""O"", ""xyz"": [1.42138784471976, 0.82063692936225, 10.336114226912198]}, {""species"": [{""element"": ""O"", ""occu"": 1.0}], ""abc"": [0.333333, 0.666667, 0.08512525], ""properties"": {""magmom"": 0.0}, ""label"": ""O"", ""xyz"": [-1.4247197600569805e-06, 1.6412763206377499, 0.9617319830878025]}, {""species"": [{""element"": ""O"", ""occu"": 1.0}], ""abc"": [0.666667, 0.333333, 0.58512525], ""properties"": {""magmom"": 0.0}, ""label"": ""O"", ""xyz"": [1.42138784471976, 0.82063692936225, 6.610655088087802]}]}",0.0,1.8148,178.355,0.0
194,mp-567666,Ba3BiN,"{""@module"": ""pymatgen.core.structure"", ""@class"": ""Structure"", ""charge"": 0, ""lattice"": {""matrix"": [[7.72798537, 2e-08, -0.0], [-3.86399165, 6.69263154, 0.0], [-0.0, 0.0, 6.77933811]], ""pbc"": [true, true, true], ""a"": 7.72798537, ""b"": 7.727984756809015, ""c"": 6.77933811, ""alpha"": 90.0, ""beta"": 90.0, ""gamma"": 119.99999361583004, ""volume"": 350.63115470065736}, ""properties"": {}, ""sites"": [{""species"": [{""element"": ""Ba"", ""occu"": 1.0}], ""abc"": [0.15809635, 0.84190365, 0.25], ""properties"": {""magmom"": 0.0}, ""label"": ""Ba"", ""xyz"": [-2.031342393854123, 5.634550924793047, 1.6948345275]}, {""species"": [{""element"": ""Ba"", ""occu"": 1.0}], ""abc"": [0.84190365, 0.68380831, 0.75], ""properties"": {""magmom"": 0.0}, ""label"": ""Ba"", ""xyz"": [3.863989490108989, 4.57647707965817, 5.0845035825]}, {""species"": [{""element"": ""Ba"", ""occu"": 1.0}], ""abc"": [0.31619169, 0.15809635, 0.75], ""properties"": {""magmom"": 0.0}, ""label"": ""Ba"", ""xyz"": [1.8326417781400979, 1.0580806246927128, 5.0845035825]}, {""species"": [{""element"": ""Ba"", ""occu"": 1.0}], ""abc"": [0.84190365, 0.15809635, 0.75], ""properties"": {""magmom"": 0.0}, ""label"": ""Ba"", ""xyz"": [5.895336113854123, 1.0580806352069518, 5.0845035825]}, {""species"": [{""element"": ""Ba"", ""occu"": 1.0}], ""abc"": [0.68380831, 0.84190365, 0.25], ""properties"": {""magmom"": 0.0}, ""label"": ""Ba"", ""xyz"": [2.031351941859902, 5.634550935307287, 1.6948345275]}, {""species"": [{""element"": ""Ba"", ""occu"": 1.0}], ""abc"": [0.15809635, 0.31619169, 0.25], ""properties"": {""magmom"": 0.0}, ""label"": ""Ba"", ""xyz"": [4.229891010787412e-06, 2.1161544803418297, 1.6948345275]}, {""species"": [{""element"": ""Bi"", ""occu"": 1.0}], ""abc"": [0.333333, 0.666667, 0.75], ""properties"": {""magmom"": -0.0}, ""label"": ""Bi"", ""xyz"": [-3.173992340510523e-06, 4.4617565975438405, 5.0845035825]}, {""species"": [{""element"": ""Bi"", ""occu"": 1.0}], ""abc"": [0.666667, 0.333333, 0.25], ""properties"": {""magmom"": -0.0}, ""label"": ""Bi"", ""xyz"": [3.86399689399234, 2.23087496245616, 1.6948345275]}, {""species"": [{""element"": ""N"", ""occu"": 1.0}], ""abc"": [-0.0, 0.0, 0.0], ""properties"": {""magmom"": -0.0}, ""label"": ""N"", ""xyz"": [0.0, 0.0, 0.0]}, {""species"": [{""element"": ""N"", ""occu"": 1.0}], ""abc"": [-0.0, 0.0, 0.5], ""properties"": {""magmom"": -0.0}, ""label"": ""N"", ""xyz"": [0.0, 0.0, 3.389669055]}]}",0.0,0.6466000000000001,24.629,0.0
198,mp-871,FeSi,"{""@module"": ""pymatgen.core.structure"", ""@class"": ""Structure"", ""charge"": 0, ""lattice"": {""matrix"": [[4.40220979, 0.0, 0.0], [0.0, 4.40220979, -0.0], [0.0, 0.0, 4.40220979]], ""pbc"": [true, true, true], ""a"": 4.40220979, ""b"": 4.40220979, ""c"": 4.40220979, ""alpha"": 90.0, ""beta"": 90.0, ""gamma"": 90.0, ""volume"": 85.31240907185911}, ""properties"": {}, ""sites"": [{""species"": [{""element"": ""Fe"", ""occu"": 1.0}], ""abc"": [0.86308769, 0.63691231, 0.36308769], ""properties"": {""magmom"": 0.0}, ""label"": ""Fe"", ""xyz"": [3.799493078546485, 2.8038216064535146, 1.598388183546485]}, {""species"": [{""element"": ""Fe"", ""occu"": 1.0}], ""abc"": [0.63691231, 0.36308769, 0.86308769], ""properties"": {""magmom"": 0.0}, ""label"": ""Fe"", ""xyz"": [2.8038216064535146, 1.598388183546485, 3.799493078546485]}, {""species"": [{""element"": ""Fe"", ""occu"": 1.0}], ""abc"": [0.36308769, 0.86308769, 0.63691231], ""properties"": {""magmom"": 0.0}, ""label"": ""Fe"", ""xyz"": [1.598388183546485, 3.799493078546485, 2.8038216064535146]}, {""species"": [{""element"": ""Fe"", ""occu"": 1.0}], ""abc"": [0.13691231, 0.13691231, 0.13691231], ""properties"": {""magmom"": 0.0}, ""label"": ""Fe"", ""xyz"": [0.6027167114535149, 0.6027167114535149, 0.6027167114535149]}, {""species"": [{""element"": ""Si"", ""occu"": 1.0}], ""abc"": [0.15869827, 0.34130173, 0.65869827], ""properties"": {""magmom"": 0.0}, ""label"": ""Si"", ""xyz"": [0.6986230778500633, 1.5024818171499368, 2.899727972850063]}, {""species"": [{""element"": ""Si"", ""occu"": 1.0}], ""abc"": [0.34130173, 0.65869827, 0.15869827], ""properties"": {""magmom"": 0.0}, ""label"": ""Si"", ""xyz"": [1.5024818171499368, 2.899727972850063, 0.6986230778500633]}, {""species"": [{""element"": ""Si"", ""occu"": 1.0}], ""abc"": [0.65869827, 0.15869827, 0.34130173], ""properties"": {""magmom"": 0.0}, ""label"": ""Si"", ""xyz"": [2.899727972850063, 0.6986230778500633, 1.5024818171499368]}, {""species"": [{""element"": ""Si"", ""occu"": 1.0}], ""abc"": [0.84130173, 0.84130173, 0.84130173], ""properties"": {""magmom"": 0.0}, ""label"": ""Si"", ""xyz"": [3.7035867121499364, 3.7035867121499364, 3.7035867121499364]}]}",0.0,0.18020000000000103,201.745,0.0
198,mp-29145,H3N,"{""@module"": ""pymatgen.core.structure"", ""@class"": ""Structure"", ""charge"": 0.0, ""lattice"": {""matrix"": [[4.977089476056824, 0.0, 0.0], [0.0, 4.977089476056824, 0.0], [0.0, 0.0, 4.977089476056824]], ""pbc"": [true, true, true], ""a"": 4.977089476056824, ""b"": 4.977089476056824, ""c"": 4.977089476056824, ""alpha"": 90.0, ""beta"": 90.0, ""gamma"": 90.0, ""volume"": 123.28957206031883}, ""properties"": {}, ""sites"": [{""species"": [{""element"": ""H"", ""occu"": 1.0}], ""abc"": [0.025660495538765003, 0.374401029464479, 0.358242290132025], ""properties"": {""magmom"": -0.0}, ""label"": ""H"", ""xyz"": [0.12771458229639038, 1.8634274235724992, 1.783003932094597]}, {""species"": [{""element"": ""H"", ""occu"": 1.0}], ""abc"": [0.12559897053552002, 0.6417577098679741, 0.525660495538765], ""properties"": {""magmom"": -0.0}, ""label"": ""H"", ""xyz"": [0.6251173144559078, 3.194085543962222, 2.616259320324802]}, {""species"": [{""element"": ""H"", ""occu"": 1.0}], ""abc"": [0.141757709867974, 0.9743395044612341, 0.8744010294644791], ""properties"": {""magmom"": -0.0}, ""label"": ""H"", ""xyz"": [0.70554080593381, 4.849374893760428, 4.351972161600911]}, {""species"": [{""element"": ""H"", ""occu"": 1.0}], ""abc"": [0.358242290132025, 0.025660495538765003, 0.374401029464479], ""properties"": {""magmom"": -0.0}, ""label"": ""H"", ""xyz"": [1.783003932094597, 0.12771458229639038, 1.8634274235724992]}, {""species"": [{""element"": ""H"", ""occu"": 1.0}], ""abc"": [0.374401029464479, 0.358242290132025, 0.025660495538765003], ""properties"": {""magmom"": -0.0}, ""label"": ""H"", ""xyz"": [1.8634274235724992, 1.783003932094597, 0.12771458229639038]}, {""species"": [{""element"": ""H"", ""occu"": 1.0}], ""abc"": [0.474339504461234, 0.62559897053552, 0.858242290132025], ""properties"": {""magmom"": -0.0}, ""label"": ""H"", ""xyz"": [2.3608301557320166, 3.1136620524843197, 4.271548670123009]}, {""species"": [{""element"": ""H"", ""occu"": 1.0}], ""abc"": [0.525660495538765, 0.12559897053552002, 0.6417577098679741], ""properties"": {""magmom"": -0.0}, ""label"": ""H"", ""xyz"": [2.616259320324802, 0.6251173144559078, 3.194085543962222]}, {""species"": [{""element"": ""H"", ""occu"": 1.0}], ""abc"": [0.62559897053552, 0.858242290132025, 0.474339504461234], ""properties"": {""magmom"": -0.0}, ""label"": ""H"", ""xyz"": [3.1136620524843197, 4.271548670123009, 2.3608301557320166]}, {""species"": [{""element"": ""H"", ""occu"": 1.0}], ""abc"": [0.6417577098679741, 0.525660495538765, 0.12559897053552002], ""properties"": {""magmom"": -0.0}, ""label"": ""H"", ""xyz"": [3.194085543962222, 2.616259320324802, 0.6251173144559078]}, {""species"": [{""element"": ""H"", ""occu"": 1.0}], ""abc"": [0.858242290132025, 0.474339504461234, 0.62559897053552], ""properties"": {""magmom"": -0.0}, ""label"": ""H"", ""xyz"": [4.271548670123009, 2.3608301557320166, 3.1136620524843197]}, {""species"": [{""element"": ""H"", ""occu"": 1.0}], ""abc"": [0.8744010294644791, 0.141757709867974, 0.9743395044612341], ""properties"": {""magmom"": -0.0}, ""label"": ""H"", ""xyz"": [4.351972161600911, 0.70554080593381, 4.849374893760428]}, {""species"": [{""element"": ""H"", ""occu"": 1.0}], ""abc"": [0.9743395044612341, 0.8744010294644791, 0.141757709867974], ""properties"": {""magmom"": -0.0}, ""label"": ""H"", ""xyz"": [4.849374893760428, 4.351972161600911, 0.70554080593381]}, {""species"": [{""element"": ""N"", ""occu"": 1.0}], ""abc"": [0.039564347496103006, 0.039564347496103006, 0.039564347496103006], ""properties"": {""magmom"": 0.0}, ""label"": ""N"", ""xyz"": [0.1969152975499094, 0.1969152975499094, 0.1969152975499094]}, {""species"": [{""element"": ""N"", ""occu"": 1.0}], ""abc"": [0.460435652503896, 0.9604356525038961, 0.539564347496103], ""properties"": {""magmom"": 0.0}, ""label"": ""N"", ""xyz"": [2.2916294404784976, 4.780174178506909, 2.6854600355783216]}, {""species"": [{""element"": ""N"", ""occu"": 1.0}], ""abc"": [0.539564347496103, 0.460435652503896, 0.9604356525038961], ""properties"": {""magmom"": 0.0}, ""label"": ""N"", ""xyz"": [2.6854600355783216, 2.2916294404784976, 4.780174178506909]}, {""species"": [{""element"": ""N"", ""occu"": 1.0}], ""abc"": [0.9604356525038961, 0.539564347496103, 0.460435652503896], ""properties"": {""magmom"": 0.0}, ""label"": ""N"", ""xyz"": [4.780174178506909, 2.6854600355783216, 2.2916294404784976]}]}",0.0,4.3412,8.895,0.0
198,mp-23339,NaBrO3,"{""@module"": ""pymatgen.core.structure"", ""@class"": ""Structure"", ""charge"": 0, ""lattice"": {""matrix"": [[6.64015405, -0.0, 0.0], [-0.0, 6.64015405, -0.0], [-0.0, 0.0, 6.64015405]], ""pbc"": [true, true, true], ""a"": 6.64015405, ""b"": 6.64015405, ""c"": 6.64015405, ""alpha"": 90.0, ""beta"": 90.0, ""gamma"": 90.0, ""volume"": 292.7753204813731}, ""properties"": {}, ""sites"": [{""species"": [{""element"": ""Na"", ""occu"": 1.0}], ""abc"": [0.07864327, 0.07864327, 0.07864327], ""properties"": {""magmom"": -0.0}, ""label"": ""Na"", ""xyz"": [0.5222034277957435, 0.5222034277957435, 0.5222034277957435]}, {""species"": [{""element"": ""Na"", ""occu"": 1.0}], ""abc"": [0.42135673, 0.9213567300000001, 0.57864327], ""properties"": {""magmom"": -0.0}, ""label"": ""Na"", ""xyz"": [2.7978735972042563, 6.117950622204257, 3.8422804527957437]}, {""species"": [{""element"": ""Na"", ""occu"": 1.0}], ""abc"": [0.57864327, 0.42135673, 0.9213567300000001], ""properties"": {""magmom"": -0.0}, ""label"": ""Na"", ""xyz"": [3.8422804527957437, 2.7978735972042563, 6.117950622204257]}, {""species"": [{""element"": ""Na"", ""occu"": 1.0}], ""abc"": [0.9213567300000001, 0.57864327, 0.42135673], ""properties"": {""magmom"": -0.0}, ""label"": ""Na"", ""xyz"": [6.117950622204257, 3.8422804527957437, 2.7978735972042563]}, {""species"": [{""element"": ""Br"", ""occu"": 1.0}], ""abc"": [0.40260815, 0.40260815, 0.40260815], ""properties"": {""magmom"": -0.0}, ""label"": ""Br"", ""xyz"": [2.6733801377855073, 2.6733801377855073, 2.6733801377855073]}, {""species"": [{""element"": ""Br"", ""occu"": 1.0}], ""abc"": [0.09739185, 0.5973918500000001, 0.90260815], ""properties"": {""magmom"": -0.0}, ""label"": ""Br"", ""xyz"": [0.6466968872144925, 3.9667739122144927, 5.993457162785507]}, {""species"": [{""element"": ""Br"", ""occu"": 1.0}], ""abc"": [0.90260815, 0.09739185, 0.5973918500000001], ""properties"": {""magmom"": -0.0}, ""label"": ""Br"", ""xyz"": [5.993457162785507, 0.6466968872144925, 3.9667739122144927]}, {""species"": [{""element"": ""Br"", ""occu"": 1.0}], ""abc"": [0.5973918500000001, 0.90260815, 0.09739185], ""properties"": {""magmom"": -0.0}, ""label"": ""Br"", ""xyz"": [3.9667739122144927, 5.993457162785507, 0.6466968872144925]}, {""species"": [{""element"": ""O"", ""occu"": 1.0}], ""abc"": [0.21692492, 0.40131514, 0.00576595], ""properties"": {""magmom"": -0.0}, ""label"": ""O"", ""xyz"": [1.4404148860839259, 2.6647943521973168, 0.03828679624459749]}, {""species"": [{""element"": ""O"", ""occu"": 1.0}], ""abc"": [0.71692492, 0.09868486, 0.99423405], ""properties"": {""magmom"": -0.0}, ""label"": ""O"", ""xyz"": [4.760491911083926, 0.6552826728026829, 6.601867253755402]}, {""species"": [{""element"": ""O"", ""occu"": 1.0}], ""abc"": [0.78307508, 0.90131514, 0.49423405000000004], ""properties"": {""magmom"": -0.0}, ""label"": ""O"", ""xyz"": [5.199739163916074, 5.984871377197317, 3.2817902287554026]}, {""species"": [{""element"": ""O"", ""occu"": 1.0}], ""abc"": [0.09868486, 0.99423405, 0.71692492], ""properties"": {""magmom"": -0.0}, ""label"": ""O"", ""xyz"": [0.6552826728026829, 6.601867253755402, 4.760491911083926]}, {""species"": [{""element"": ""O"", ""occu"": 1.0}], ""abc"": [0.49423405000000004, 0.78307508, 0.90131514], ""properties"": {""magmom"": -0.0}, ""label"": ""O"", ""xyz"": [3.2817902287554026, 5.199739163916074, 5.984871377197317]}, {""species"": [{""element"": ""O"", ""occu"": 1.0}], ""abc"": [0.99423405, 0.71692492, 0.09868486], ""properties"": {""magmom"": -0.0}, ""label"": ""O"", ""xyz"": [6.601867253755402, 4.760491911083926, 0.6552826728026829]}, {""species"": [{""element"": ""O"", ""occu"": 1.0}], ""abc"": [0.40131514, 0.00576595, 0.21692492], ""properties"": {""magmom"": -0.0}, ""label"": ""O"", ""xyz"": [2.6647943521973168, 0.03828679624459749, 1.4404148860839259]}, {""species"": [{""element"": ""O"", ""occu"": 1.0}], ""abc"": [0.00576595, 0.21692492, 0.40131514], ""properties"": {""magmom"": -0.0}, ""label"": ""O"", ""xyz"": [0.03828679624459749, 1.4404148860839259, 2.6647943521973168]}, {""species"": [{""element"": ""O"", ""occu"": 1.0}], ""abc"": [0.28307508, 0.59868486, 0.50576595], ""properties"": {""magmom"": -0.0}, ""label"": ""O"", ""xyz"": [1.8796621389160737, 3.975359697802683, 3.3583638212445974]}, {""species"": [{""element"": ""O"", ""occu"": 1.0}], ""abc"": [0.50576595, 0.28307508, 0.59868486], ""properties"": {""magmom"": -0.0}, ""label"": ""O"", ""xyz"": [3.3583638212445974, 1.8796621389160737, 3.975359697802683]}, {""species"": [{""element"": ""O"", ""occu"": 1.0}], ""abc"": [0.59868486, 0.50576595, 0.28307508], ""properties"": {""magmom"": -0.0}, ""label"": ""O"", ""xyz"": [3.975359697802683, 3.3583638212445974, 1.8796621389160737]}, {""species"": [{""element"": ""O"", ""occu"": 1.0}], ""abc"": [0.90131514, 0.49423405000000004, 0.78307508], ""properties"": {""magmom"": -0.0}, ""label"": ""O"", ""xyz"": [5.984871377197317, 3.2817902287554026, 5.199739163916074]}]}",0.0,4.4812,27.038,0.0
199,mp-8624,K2Sn2O3,"{""@module"": ""pymatgen.core.structure"", ""@class"": ""Structure"", ""charge"": 0, ""lattice"": {""matrix"": [[6.82336045, -1e-08, -2.4124217], [-3.41168174, 5.90920318, -2.4124217], [0.0, 0.0, 7.23726712]], ""pbc"": [true, true, true], ""a"": 7.23726649290014, ""b"": 7.237266954880305, ""c"": 7.23726712, ""alpha"": 109.47121544267902, ""beta"": 109.47121673576166, ""gamma"": 109.4712353026053, ""volume"": 291.8111207988129}, ""properties"": {}, ""sites"": [{""species"": [{""element"": ""K"", ""occu"": 1.0}], ""abc"": [0.4806838, 0.5, 0.0], ""properties"": {""magmom"": 0.0}, ""label"": ""K"", ""xyz"": [1.57403795987571, 2.954601585193162, -2.36582287995846]}, {""species"": [{""element"": ""K"", ""occu"": 1.0}], ""abc"": [0.0193162, 0.0193162, 0.0193162], ""properties"": {""magmom"": 0.0}, ""label"": ""K"", ""xyz"": [0.06590066829810198, 0.114143350272354, 0.04659885906026401]}, {""species"": [{""element"": ""K"", ""occu"": 1.0}], ""abc"": [0.0, 0.4806838, 0.5], ""properties"": {""magmom"": 0.0}, ""label"": ""K"", ""xyz"": [-1.639940143173812, 2.840458239534484, 2.4590215300415403]}, {""species"": [{""element"": ""K"", ""occu"": 1.0}], ""abc"": [0.5, -0.0, 0.4806838], ""properties"": {""magmom"": 0.0}, ""label"": ""K"", ""xyz"": [3.411680225, -5e-09, 2.2726262108566564]}, {""species"": [{""element"": ""Sn"", ""occu"": 1.0}], ""abc"": [0.5, -0.0, 0.00852063], ""properties"": {""magmom"": -0.0}, ""label"": ""Sn"", ""xyz"": [3.411680225, -5e-09, -1.1445447746593143]}, {""species"": [{""element"": ""Sn"", ""occu"": 1.0}], ""abc"": [0.0, 0.00852063, 0.5], ""properties"": {""magmom"": -0.0}, ""label"": ""Sn"", ""xyz"": [-0.0290696777842962, 0.0503501338916034, 3.598078207290329]}, {""species"": [{""element"": ""Sn"", ""occu"": 1.0}], ""abc"": [0.49147937, 0.49147937, 0.49147937], ""properties"": {""magmom"": -0.0}, ""label"": ""Sn"", ""xyz"": [1.6767697030332125, 2.9042514511936033, 1.1856564900786566]}, {""species"": [{""element"": ""Sn"", ""occu"": 1.0}], ""abc"": [0.00852063, 0.5, 0.0], ""properties"": {""magmom"": -0.0}, ""label"": ""Sn"", ""xyz"": [-1.6477015402489166, 2.9546015899147937, -1.2267662027096708]}, {""species"": [{""element"": ""O"", ""occu"": 1.0}], ""abc"": [0.75, 0.9820285200000001, 0.23202852000000002], ""properties"": {""magmom"": 0.0}, ""label"": ""O"", ""xyz"": [1.767151567656775, 5.803006045734695, -2.4991308079686214]}, {""species"": [{""element"": ""O"", ""occu"": 1.0}], ""abc"": [0.25, 0.51797148, 0.26797148], ""properties"": {""magmom"": 0.0}, ""label"": ""O"", ""xyz"": [-0.06131372765677545, 3.0607987142653066, 0.0867101179686216]}, {""species"": [{""element"": ""O"", ""occu"": 1.0}], ""abc"": [0.9820285200000001, 0.23202852000000002, 0.75], ""properties"": {""magmom"": 0.0}, ""label"": ""O"", ""xyz"": [5.90912709929681, 1.3711036584144085, 2.499132791666233]}, {""species"": [{""element"": ""O"", ""occu"": 1.0}], ""abc"": [0.23202852000000002, 0.75, 0.9820285200000001], ""properties"": {""magmom"": 0.0}, ""label"": ""O"", ""xyz"": [-0.9755470783599658, 4.4319023826797155, 4.73813580703138]}, {""species"": [{""element"": ""O"", ""occu"": 1.0}], ""abc"": [0.26797148, 0.25, 0.51797148], ""properties"": {""magmom"": 0.0}, ""label"": ""O"", ""xyz"": [0.9755455633599658, 1.4773007923202852, 2.499132322968622]}, {""species"": [{""element"": ""O"", ""occu"": 1.0}], ""abc"": [0.51797148, 0.26797148, 0.25], ""properties"": {""magmom"": 0.0}, ""label"": ""O"", ""xyz"": [2.6200727057031914, 1.5834979165855916, -0.08670907166623198]}]}",0.0,1.3022,23.501,0.0
204,mp-540912,As3Ir,"{""@module"": ""pymatgen.core.structure"", ""@class"": ""Structure"", ""charge"": 0, ""lattice"": {""matrix"": [[6.95544293, 0.0, -2.4591208], [-3.47772096, 6.02359019, -2.4591208], [-0.0, -0.0, 7.37736139]], ""pbc"": [true, true, true], ""a"": 7.37736141594538, ""b"": 7.377361110971877, ""c"": 7.37736139, ""alpha"": 109.47122417396687, ""beta"": 109.47122333655567, ""gamma"": 109.47121484778813, ""volume"": 309.087375814539}, ""properties"": {}, ""sites"": [{""species"": [{""element"": ""As"", ""occu"": 1.0}], ""abc"": [0.49298688, 0.14511912, 0.34786776], ""properties"": {""magmom"": -0.0}, ""label"": ""As"", ""xyz"": [2.9242583037580037, 0.8741381076134328, 0.9971664442449866]}, {""species"": [{""element"": ""As"", ""occu"": 1.0}], ""abc"": [0.14511912, 0.65213224, 0.79725035], ""properties"": {""magmom"": -0.0}, ""label"": ""As"", ""xyz"": [-1.258566202527929, 3.928177363446726, 3.9210665480496987]}, {""species"": [{""element"": ""As"", ""occu"": 1.0}], ""abc"": [0.34786776, 0.20274965, 0.85488188], ""properties"": {""magmom"": -0.0}, ""label"": ""As"", ""xyz"": [1.7144676444292732, 1.2212808027659336, 4.952737848749485]}, {""species"": [{""element"": ""As"", ""occu"": 1.0}], ""abc"": [0.85488188, 0.65213224, 0.50701312], ""properties"": {""magmom"": -0.0}, ""label"": ""As"", ""xyz"": [3.6781481684913584, 3.928177363446726, 0.03448924732574099]}, {""species"": [{""element"": ""As"", ""occu"": 1.0}], ""abc"": [0.65213224, 0.79725035, 0.14511912], ""properties"": {""magmom"": -0.0}, ""label"": ""As"", ""xyz"": [1.763254325570728, 4.802309387234066, -2.493610681388095]}, {""species"": [{""element"": ""As"", ""occu"": 1.0}], ""abc"": [0.85488188, 0.34786776, 0.20274965], ""properties"": {""magmom"": -0.0}, ""label"": ""As"", ""xyz"": [4.736295127970859, 2.0954128265532748, -1.4619492171704986]}, {""species"": [{""element"": ""As"", ""occu"": 1.0}], ""abc"": [0.65213224, 0.50701312, 0.85488188], ""properties"": {""magmom"": -0.0}, ""label"": ""As"", ""xyz"": [2.7726184237140687, 3.0540392558332927, 3.4562941095231254]}, {""species"": [{""element"": ""As"", ""occu"": 1.0}], ""abc"": [0.34786776, 0.49298688, 0.14511912], ""properties"": {""magmom"": -0.0}, ""label"": ""As"", ""xyz"": [0.7051035462859323, 2.9695509341667075, -0.9971669421617357]}, {""species"": [{""element"": ""As"", ""occu"": 1.0}], ""abc"": [0.14511912, 0.34786776, 0.49298688], ""properties"": {""magmom"": -0.0}, ""label"": ""As"", ""xyz"": [-0.20041924304842818, 2.0954128265532748, 2.424628083553459]}, {""species"": [{""element"": ""As"", ""occu"": 1.0}], ""abc"": [0.79725035, 0.14511912, 0.65213224], ""properties"": {""magmom"": -0.0}, ""label"": ""As"", ""xyz"": [5.0405455050267705, 0.8741381076134328, 2.493614843588238]}, {""species"": [{""element"": ""As"", ""occu"": 1.0}], ""abc"": [0.20274965, 0.85488188, 0.34786776], ""properties"": {""magmom"": -0.0}, ""label"": ""As"", ""xyz"": [-1.5628270127477302, 5.149458105976757, -0.03449751270903745]}, {""species"": [{""element"": ""As"", ""occu"": 1.0}], ""abc"": [0.50701312, 0.85488188, 0.65213224], ""properties"": {""magmom"": -0.0}, ""label"": ""As"", ""xyz"": [0.5534601885210368, 5.149458105976757, 1.461950886634214]}, {""species"": [{""element"": ""Ir"", ""occu"": 1.0}], ""abc"": [0.5, 0.5, 0.5], ""properties"": {""magmom"": 0.0}, ""label"": ""Ir"", ""xyz"": [1.738860985, 3.011795095, 1.229559895]}, {""species"": [{""element"": ""Ir"", ""occu"": 1.0}], ""abc"": [0.0, 0.5, 0.0], ""properties"": {""magmom"": 0.0}, ""label"": ""Ir"", ""xyz"": [-1.73886048, 3.011795095, -1.2295604]}, {""species"": [{""element"": ""Ir"", ""occu"": 1.0}], ""abc"": [0.0, 0.0, 0.5], ""properties"": {""magmom"": 0.0}, ""label"": ""Ir"", ""xyz"": [0.0, 0.0, 3.688680695]}, {""species"": [{""element"": ""Ir"", ""occu"": 1.0}], ""abc"": [0.5, 0.0, 0.0], ""properties"": {""magmom"": 0.0}, ""label"": ""Ir"", ""xyz"": [3.477721465, 0.0, -1.2295604]}]}",0.0,0.026799999999999,128.27,0.0
204,mp-1317,CoSb3,"{""@module"": ""pymatgen.core.structure"", ""@class"": ""Structure"", ""charge"": 0, ""lattice"": {""matrix"": [[7.39186059, -2.508e-05, -2.61340979], [-3.69594978, 6.40161738, -2.61345101], [2.347e-05, -1.232e-05, 7.84029276]], ""pbc"": [true, true, true], ""a"": 7.840249595076167, ""b"": 7.840336474786661, ""c"": 7.840292760044808, ""alpha"": 109.47142713644983, ""beta"": 109.47099686243064, ""gamma"": 109.47124303836763, ""volume"": 371.00088993935856}, ""properties"": {}, ""sites"": [{""species"": [{""element"": ""Co"", ""occu"": 1.0}], ""abc"": [0.49999822, 0.49999926, 0.49999902], ""properties"": {""magmom"": 0.0}, ""label"": ""Co"", ""xyz"": [1.8479567174679865, 3.200785252859855, 1.3067148823362689]}, {""species"": [{""element"": ""Co"", ""occu"": 1.0}], ""abc"": [4.9e-07, 0.50000182, 7.599999999999997e-07], ""properties"": {""magmom"": -0.0}, ""label"": ""Co"", ""xyz"": [-1.8479779945990733, 3.2008203409219793, -1.3067255834291378]}, {""species"": [{""element"": ""Co"", ""occu"": 1.0}], ""abc"": [-6.000000000000001e-08, -3.799999999999998e-07, 0.50000115], ""properties"": {""magmom"": 0.0}, ""label"": ""Co"", ""xyz"": [1.26959762715e-05, -8.592627267599999e-06, 3.9201565462526453]}, {""species"": [{""element"": ""Co"", ""occu"": 1.0}], ""abc"": [0.5000009400000001, 0.9999996600000001, 2.6e-07], ""properties"": {""magmom"": -0.0}, ""label"": ""Co"", ""xyz"": [-1.1280022017808723e-05, 6.401602663423313, -3.920155434555742]}, {""species"": [{""element"": ""Sb"", ""occu"": 1.0}], ""abc"": [0.49259228, 0.15874925, 0.33386421], ""properties"": {""magmom"": 0.0}, ""label"": ""Sb"", ""xyz"": [3.054452041650589, 1.0162354904405155, 0.9153642737064556]}, {""species"": [{""element"": ""Sb"", ""occu"": 1.0}], ""abc"": [0.15872563, 0.6661346, 0.82488878], ""properties"": {""magmom"": -0.0}, ""label"": ""Sb"", ""xyz"": [-1.2887029391607996, 4.264324689310778, 4.311644271107369]}, {""species"": [{""element"": ""Sb"", ""occu"": 1.0}], ""abc"": [0.33384006, 0.17510957, 0.84124738], ""properties"": {""magmom"": -0.0}, ""label"": ""Sb"", ""xyz"": [1.8205227502358496, 1.1209657298399003, 5.265524579107615]}, {""species"": [{""element"": ""Sb"", ""occu"": 1.0}], ""abc"": [0.84125538, 0.66615262, 0.50740537], ""properties"": {""magmom"": -0.0}, ""label"": ""Sb"", ""xyz"": [3.7563877690160847, 4.264426840005446, 0.038704365260804785]}, {""species"": [{""element"": ""Sb"", ""occu"": 1.0}], ""abc"": [0.66615986, 0.8248872700000001, 0.15875306], ""properties"": {""magmom"": 0.0}, ""label"": ""Sb"", ""xyz"": [1.875422617626936, 5.280594021045765, -2.652080701800827]}, {""species"": [{""element"": ""Sb"", ""occu"": 1.0}], ""abc"": [0.84127439, 0.33386662, 0.17510996], ""properties"": {""magmom"": -0.0}, ""label"": ""Sb"", ""xyz"": [4.984632857909708, 2.137263100677447, -1.6982254305546747]}, {""species"": [{""element"": ""Sb"", ""occu"": 1.0}], ""abc"": [0.66615767, 0.50740536, 0.84126026], ""properties"": {""magmom"": -0.0}, ""label"": ""Sb"", ""xyz"": [3.0488196433147072, 3.2481878997203903, 3.5287046987207145]}, {""species"": [{""element"": ""Sb"", ""occu"": 1.0}], ""abc"": [0.33384019, 0.49259228, 0.15873665], ""properties"": {""magmom"": 0.0}, ""label"": ""Sb"", ""xyz"": [0.6471075404725891, 3.1533769725543332, -0.9152852047840088]}, {""species"": [{""element"": ""Sb"", ""occu"": 1.0}], ""abc"": [0.1587419, 0.33384632000000003, 0.49259472], ""properties"": {""magmom"": 0.0}, ""label"": ""Sb"", ""xyz"": [-0.06046967716801025, 2.1371463543472395, 2.5747381790982424]}, {""species"": [{""element"": ""Sb"", ""occu"": 1.0}], ""abc"": [0.82490346, 0.15875423, 0.66615766], ""properties"": {""magmom"": -0.0}, ""label"": ""Sb"", ""xyz"": [5.510839349806353, 1.0162549422753693, 2.6521638978123954]}, {""species"": [{""element"": ""Sb"", ""occu"": 1.0}], ""abc"": [0.17509919000000002, 0.84124991, 0.33384479], ""properties"": {""magmom"": -0.0}, ""label"": ""Sb"", ""xyz"": [-1.8149007825503762, 5.3853515403239385, -0.038730474318259045]}, {""species"": [{""element"": ""Sb"", ""occu"": 1.0}], ""abc"": [0.5074094, 0.8412526, 0.66613498], ""properties"": {""magmom"": 0.0}, ""label"": ""Sb"", ""xyz"": [0.6414878191490988, 5.385356332519483, 1.6980521102435926]}]}",0.0,0.1633,84.037,0.0
204,mp-2789,NO2,"{""@module"": ""pymatgen.core.structure"", ""@class"": ""Structure"", ""charge"": 0, ""lattice"": {""matrix"": [[6.29377961, -1e-08, -2.22518688], [-3.14688932, 5.4505737100000005, -2.22518688], [-1e-08, -1e-08, 6.6755616]], ""pbc"": [true, true, true], ""a"": 6.675561282032836, ""b"": 6.6755616101866195, ""c"": 6.6755616, ""alpha"": 109.47121772185686, ""beta"": 109.47121877205905, ""gamma"": 109.47121749857881, ""volume"": 229.00320208951547}, ""properties"": {}, ""sites"": [{""species"": [{""element"": ""N"", ""occu"": 1.0}], ""abc"": [0.38383142000000003, 0.0, 0.38383142000000003], ""properties"": {""magmom"": 0.0}, ""label"": ""N"", ""xyz"": [2.415750361035032, -7.6766284e-09, 1.7081936483097027]}, {""species"": [{""element"": ""N"", ""occu"": 1.0}], ""abc"": [-0.0, 0.61616858, 0.61616858], ""properties"": {""magmom"": 0.0}, ""label"": ""N"", ""xyz"": [-1.9390143298832514, 3.358472256914346, 2.7421810716902977]}, {""species"": [{""element"": ""N"", ""occu"": 1.0}], ""abc"": [0.38383142000000003, 0.38383142000000003, 0.0], ""properties"": {""magmom"": 0.0}, ""label"": ""N"", ""xyz"": [1.2078753685949117, 2.0921014430856544, -1.7081932798315393]}, {""species"": [{""element"": ""N"", ""occu"": 1.0}], ""abc"": [0.61616858, 0.61616858, -0.0], ""properties"": {""magmom"": 0.0}, ""label"": ""N"", ""xyz"": [1.9390149214050878, 3.358472256914346, -2.7421804801684604]}, {""species"": [{""element"": ""N"", ""occu"": 1.0}], ""abc"": [0.0, 0.38383142000000003, 0.38383142000000003], ""properties"": {""magmom"": 0.0}, ""label"": ""N"", ""xyz"": [-1.2078750001167486, 2.0921014430856544, 1.7081936483097027]}, {""species"": [{""element"": ""N"", ""occu"": 1.0}], ""abc"": [0.61616858, -0.0, 0.61616858], ""properties"": {""magmom"": 0.0}, ""label"": ""N"", ""xyz"": [3.8780292389649675, -1.23233716e-08, 2.7421810716902977]}, {""species"": [{""element"": ""O"", ""occu"": 1.0}], ""abc"": [0.46690059, 0.14312672, 0.32377488], ""properties"": {""magmom"": -0.0}, ""label"": ""O"", ""xyz"": [2.488165463426591, 0.7801227293237767, 0.8039543893189149]}, {""species"": [{""element"": ""O"", ""occu"": 1.0}], ""abc"": [0.14312672, 0.67622612, 0.81935184], ""properties"": {""magmom"": -0.0}, ""label"": ""O"", ""xyz"": [-1.2272007311443778, 3.6858203020625204, 3.646420490334605]}, {""species"": [{""element"": ""O"", ""occu"": 1.0}], ""abc"": [0.32377488, 0.18064816, 0.8568732800000001], ""properties"": {""magmom"": -0.0}, ""label"": ""O"", ""xyz"": [1.4692879640238123, 0.984636099849392, 4.597674833456333]}, {""species"": [{""element"": ""O"", ""occu"": 1.0}], ""abc"": [0.8568732800000001, 0.67622612, 0.53309941], ""properties"": {""magmom"": -0.0}, ""label"": ""O"", ""xyz"": [3.2649628177537884, 3.6858202977875787, 0.14730527976278474]}, {""species"": [{""element"": ""O"", ""occu"": 1.0}], ""abc"": [0.67622612, 0.81935184, 0.14312672], ""properties"": {""magmom"": -0.0}, ""label"": ""O"", ""xyz"": [1.6776086097557967, 4.465937590150599, -2.3724892186432127]}, {""species"": [{""element"": ""O"", ""occu"": 1.0}], ""abc"": [0.8568732800000001, 0.32377488, 0.18064816], ""properties"": {""magmom"": -0.0}, ""label"": ""O"", ""xyz"": [4.374087864255059, 1.7647588385111903, -1.4212348755214845]}, {""species"": [{""element"": ""O"", ""occu"": 1.0}], ""abc"": [0.67622612, 0.53309941, 0.8568732800000001], ""properties"": {""magmom"": -0.0}, ""label"": ""O"", ""xyz"": [2.5784133174093786, 2.9056976136315176, 3.0291350610290015]}, {""species"": [{""element"": ""O"", ""occu"": 1.0}], ""abc"": [0.32377488, 0.46690059, 0.14312672], ""properties"": {""magmom"": -0.0}, ""label"": ""O"", ""xyz"": [0.5684832563702303, 2.5448760763684732, -0.8039494462158815]}, {""species"": [{""element"": ""O"", ""occu"": 1.0}], ""abc"": [0.14312672, 0.32377488, 0.46690059], ""properties"": {""magmom"": -0.0}, ""label"": ""O"", ""xyz"": [-0.11807568464310841, 1.7647588427861318, 2.077880335050336]}, {""species"": [{""element"": ""O"", ""occu"": 1.0}], ""abc"": [0.81935184, 0.14312672, 0.67622612], ""properties"": {""magmom"": -0.0}, ""label"": ""O"", ""xyz"": [4.706415950671091, 0.7801227222747518, 2.372494455595699]}, {""species"": [{""element"": ""O"", ""occu"": 1.0}], ""abc"": [0.18064816, 0.8568732800000001, 0.32377488], ""properties"": {""magmom"": -0.0}, ""label"": ""O"", ""xyz"": [-1.559525670671101, 4.670450967725239, -0.1472999400340993]}, {""species"": [{""element"": ""O"", ""occu"": 1.0}], ""abc"": [0.53309941, 0.8568732800000001, 0.67622612], ""properties"": {""magmom"": -0.0}, ""label"": ""O"", ""xyz"": [0.6587248165733992, 4.670450960676214, 1.4212401262426848]}]}",0.0,2.8265000000000002,5.601,0.0
205,mp-2513,As2Pt,"{""@module"": ""pymatgen.core.structure"", ""@class"": ""Structure"", ""charge"": 0, ""lattice"": {""matrix"": [[6.00835033, 0.0, -0.0], [0.0, 6.00835033, -0.0], [-0.0, -0.0, 6.00835033]], ""pbc"": [true, true, true], ""a"": 6.00835033, ""b"": 6.00835033, ""c"": 6.00835033, ""alpha"": 90.0, ""beta"": 90.0, ""gamma"": 90.0, ""volume"": 216.90309132645186}, ""properties"": {}, ""sites"": [{""species"": [{""element"": ""As"", ""occu"": 1.0}], ""abc"": [0.38408976, 0.38408976, 0.38408976], ""properties"": {""magmom"": 0.0}, ""label"": ""As"", ""xyz"": [2.307745836245621, 2.307745836245621, 2.307745836245621]}, {""species"": [{""element"": ""As"", ""occu"": 1.0}], ""abc"": [0.11591024, 0.61591024, 0.8840897600000001], ""properties"": {""magmom"": 0.0}, ""label"": ""As"", ""xyz"": [0.6964293287543791, 3.7006044937543794, 5.311921001245621]}, {""species"": [{""element"": ""As"", ""occu"": 1.0}], ""abc"": [0.8840897600000001, 0.11591024, 0.61591024], ""properties"": {""magmom"": 0.0}, ""label"": ""As"", ""xyz"": [5.311921001245621, 0.6964293287543791, 3.7006044937543794]}, {""species"": [{""element"": ""As"", ""occu"": 1.0}], ""abc"": [0.61591024, 0.8840897600000001, 0.11591024], ""properties"": {""magmom"": 0.0}, ""label"": ""As"", ""xyz"": [3.7006044937543794, 5.311921001245621, 0.6964293287543791]}, {""species"": [{""element"": ""As"", ""occu"": 1.0}], ""abc"": [0.61591024, 0.61591024, 0.61591024], ""properties"": {""magmom"": 0.0}, ""label"": ""As"", ""xyz"": [3.7006044937543794, 3.7006044937543794, 3.7006044937543794]}, {""species"": [{""element"": ""As"", ""occu"": 1.0}], ""abc"": [0.8840897600000001, 0.38408976, 0.11591024], ""properties"": {""magmom"": 0.0}, ""label"": ""As"", ""xyz"": [5.311921001245621, 2.307745836245621, 0.6964293287543791]}, {""species"": [{""element"": ""As"", ""occu"": 1.0}], ""abc"": [0.11591024, 0.8840897600000001, 0.38408976], ""properties"": {""magmom"": 0.0}, ""label"": ""As"", ""xyz"": [0.6964293287543791, 5.311921001245621, 2.307745836245621]}, {""species"": [{""element"": ""As"", ""occu"": 1.0}], ""abc"": [0.38408976, 0.11591024, 0.8840897600000001], ""properties"": {""magmom"": 0.0}, ""label"": ""As"", ""xyz"": [2.307745836245621, 0.6964293287543791, 5.311921001245621]}, {""species"": [{""element"": ""Pt"", ""occu"": 1.0}], ""abc"": [0.0, -0.0, -0.0], ""properties"": {""magmom"": -0.0}, ""label"": ""Pt"", ""xyz"": [0.0, 0.0, 0.0]}, {""species"": [{""element"": ""Pt"", ""occu"": 1.0}], ""abc"": [0.5, -0.0, 0.5], ""properties"": {""magmom"": -0.0}, ""label"": ""Pt"", ""xyz"": [3.004175165, 0.0, 3.004175165]}, {""species"": [{""element"": ""Pt"", ""occu"": 1.0}], ""abc"": [0.5, 0.5, 0.0], ""properties"": {""magmom"": -0.0}, ""label"": ""Pt"", ""xyz"": [3.004175165, 3.004175165, 0.0]}, {""species"": [{""element"": ""Pt"", ""occu"": 1.0}], ""abc"": [0.0, 0.5, 0.5], ""properties"": {""magmom"": -0.0}, ""label"": ""Pt"", ""xyz"": [0.0, 3.004175165, 3.004175165]}]}",0.0,0.0785,136.486,0.0
205,mp-20066,CO2,"{""@module"": ""pymatgen.core.structure"", ""@class"": ""Structure"", ""charge"": 0, ""lattice"": {""matrix"": [[5.49707328, -0.0, -0.0], [0.0, 5.49707328, 0.0], [0.0, -0.0, 5.49707328]], ""pbc"": [true, true, true], ""a"": 5.49707328, ""b"": 5.49707328, ""c"": 5.49707328, ""alpha"": 90.0, ""beta"": 90.0, ""gamma"": 90.0, ""volume"": 166.10954146881497}, ""properties"": {}, ""sites"": [{""species"": [{""element"": ""C"", ""occu"": 1.0}], ""abc"": [-0.0, 0.0, 0.0], ""properties"": {""magmom"": -0.0}, ""label"": ""C"", ""xyz"": [0.0, 0.0, 0.0]}, {""species"": [{""element"": ""C"", ""occu"": 1.0}], ""abc"": [0.5, 0.0, 0.5], ""properties"": {""magmom"": -0.0}, ""label"": ""C"", ""xyz"": [2.74853664, 0.0, 2.74853664]}, {""species"": [{""element"": ""C"", ""occu"": 1.0}], ""abc"": [0.5, 0.5, 0.0], ""properties"": {""magmom"": -0.0}, ""label"": ""C"", ""xyz"": [2.74853664, 2.74853664, 0.0]}, {""species"": [{""element"": ""C"", ""occu"": 1.0}], ""abc"": [-0.0, 0.5, 0.5], ""properties"": {""magmom"": -0.0}, ""label"": ""C"", ""xyz"": [0.0, 2.74853664, 2.74853664]}, {""species"": [{""element"": ""O"", ""occu"": 1.0}], ""abc"": [0.12253698, 0.12253698, 0.12253698], ""properties"": {""magmom"": 0.0}, ""label"": ""O"", ""xyz"": [0.6735947585698945, 0.6735947585698945, 0.6735947585698945]}, {""species"": [{""element"": ""O"", ""occu"": 1.0}], ""abc"": [0.37746302, 0.87746302, 0.62253698], ""properties"": {""magmom"": 0.0}, ""label"": ""O"", ""xyz"": [2.0749418814301057, 4.823478521430106, 3.4221313985698947]}, {""species"": [{""element"": ""O"", ""occu"": 1.0}], ""abc"": [0.62253698, 0.37746302, 0.87746302], ""properties"": {""magmom"": 0.0}, ""label"": ""O"", ""xyz"": [3.4221313985698947, 2.0749418814301057, 4.823478521430106]}, {""species"": [{""element"": ""O"", ""occu"": 1.0}], ""abc"": [0.87746302, 0.62253698, 0.37746302], ""properties"": {""magmom"": 0.0}, ""label"": ""O"", ""xyz"": [4.823478521430106, 3.4221313985698947, 2.0749418814301057]}, {""species"": [{""element"": ""O"", ""occu"": 1.0}], ""abc"": [0.87746302, 0.87746302, 0.87746302], ""properties"": {""magmom"": 0.0}, ""label"": ""O"", ""xyz"": [4.823478521430106, 4.823478521430106, 4.823478521430106]}, {""species"": [{""element"": ""O"", ""occu"": 1.0}], ""abc"": [0.62253698, 0.12253698, 0.37746302], ""properties"": {""magmom"": 0.0}, ""label"": ""O"", ""xyz"": [3.4221313985698947, 0.6735947585698945, 2.0749418814301057]}, {""species"": [{""element"": ""O"", ""occu"": 1.0}], ""abc"": [0.37746302, 0.62253698, 0.12253698], ""properties"": {""magmom"": 0.0}, ""label"": ""O"", ""xyz"": [2.0749418814301057, 3.4221313985698947, 0.6735947585698945]}, {""species"": [{""element"": ""O"", ""occu"": 1.0}], ""abc"": [0.12253698, 0.37746302, 0.62253698], ""properties"": {""magmom"": 0.0}, ""label"": ""O"", ""xyz"": [0.6735947585698945, 2.0749418814301057, 3.4221313985698947]}]}",0.0,6.6332,4.63,0.0
205,mp-2604,MgTe2,"{""@module"": ""pymatgen.core.structure"", ""@class"": ""Structure"", ""charge"": 0, ""lattice"": {""matrix"": [[7.08744796, -0.0, 0.0], [-0.0, 7.08744796, -0.0], [-0.0, -0.0, 7.08744796]], ""pbc"": [true, true, true], ""a"": 7.08744796, ""b"": 7.08744796, ""c"": 7.08744796, ""alpha"": 90.0, ""beta"": 90.0, ""gamma"": 90.0, ""volume"": 356.0161089071634}, ""properties"": {}, ""sites"": [{""species"": [{""element"": ""Mg"", ""occu"": 1.0}], ""abc"": [-0.0, -0.0, -0.0], ""properties"": {""magmom"": -0.0}, ""label"": ""Mg"", ""xyz"": [0.0, 0.0, 0.0]}, {""species"": [{""element"": ""Mg"", ""occu"": 1.0}], ""abc"": [0.5, -0.0, 0.5], ""properties"": {""magmom"": -0.0}, ""label"": ""Mg"", ""xyz"": [3.54372398, 0.0, 3.54372398]}, {""species"": [{""element"": ""Mg"", ""occu"": 1.0}], ""abc"": [0.5, 0.5, -0.0], ""properties"": {""magmom"": -0.0}, ""label"": ""Mg"", ""xyz"": [3.54372398, 3.54372398, 0.0]}, {""species"": [{""element"": ""Mg"", ""occu"": 1.0}], ""abc"": [-0.0, 0.5, 0.5], ""properties"": {""magmom"": -0.0}, ""label"": ""Mg"", ""xyz"": [0.0, 3.54372398, 3.54372398]}, {""species"": [{""element"": ""Te"", ""occu"": 1.0}], ""abc"": [0.38722486, 0.38722486, 0.38722486], ""properties"": {""magmom"": 0.0}, ""label"": ""Te"", ""xyz"": [2.744436044068286, 2.744436044068286, 2.744436044068286]}, {""species"": [{""element"": ""Te"", ""occu"": 1.0}], ""abc"": [0.11277514, 0.61277514, 0.88722486], ""properties"": {""magmom"": 0.0}, ""label"": ""Te"", ""xyz"": [0.7992879359317144, 4.343011915931714, 6.2881600240682864]}, {""species"": [{""element"": ""Te"", ""occu"": 1.0}], ""abc"": [0.88722486, 0.11277514, 0.61277514], ""properties"": {""magmom"": 0.0}, ""label"": ""Te"", ""xyz"": [6.2881600240682864, 0.7992879359317144, 4.343011915931714]}, {""species"": [{""element"": ""Te"", ""occu"": 1.0}], ""abc"": [0.61277514, 0.88722486, 0.11277514], ""properties"": {""magmom"": 0.0}, ""label"": ""Te"", ""xyz"": [4.343011915931714, 6.2881600240682864, 0.7992879359317144]}, {""species"": [{""element"": ""Te"", ""occu"": 1.0}], ""abc"": [0.61277514, 0.61277514, 0.61277514], ""properties"": {""magmom"": 0.0}, ""label"": ""Te"", ""xyz"": [4.343011915931714, 4.343011915931714, 4.343011915931714]}, {""species"": [{""element"": ""Te"", ""occu"": 1.0}], ""abc"": [0.88722486, 0.38722486, 0.11277514], ""properties"": {""magmom"": 0.0}, ""label"": ""Te"", ""xyz"": [6.2881600240682864, 2.744436044068286, 0.7992879359317144]}, {""species"": [{""element"": ""Te"", ""occu"": 1.0}], ""abc"": [0.11277514, 0.88722486, 0.38722486], ""properties"": {""magmom"": 0.0}, ""label"": ""Te"", ""xyz"": [0.7992879359317144, 6.2881600240682864, 2.744436044068286]}, {""species"": [{""element"": ""Te"", ""occu"": 1.0}], ""abc"": [0.38722486, 0.11277514, 0.88722486], ""properties"": {""magmom"": 0.0}, ""label"": ""Te"", ""xyz"": [2.744436044068286, 0.7992879359317144, 6.2881600240682864]}]}",0.0,1.116199999999999,37.266,0.0
215,mp-5621,NbCu3S4,"{""@module"": ""pymatgen.core.structure"", ""@class"": ""Structure"", ""charge"": 0, ""lattice"": {""matrix"": [[5.48125339, 0.0, -0.0], [-0.0, 5.48125339, -0.0], [0.0, 0.0, 5.48125339]], ""pbc"": [true, true, true], ""a"": 5.48125339, ""b"": 5.48125339, ""c"": 5.48125339, ""alpha"": 90.0, ""beta"": 90.0, ""gamma"": 90.0, ""volume"": 164.67953723815498}, ""properties"": {}, ""sites"": [{""species"": [{""element"": ""Nb"", ""occu"": 1.0}], ""abc"": [0.0, 0.0, 0.0], ""properties"": {""magmom"": 0.0}, ""label"": ""Nb"", ""xyz"": [0.0, 0.0, 0.0]}, {""species"": [{""element"": ""Cu"", ""occu"": 1.0}], ""abc"": [0.5, 0.0, 0.0], ""properties"": {""magmom"": -0.0}, ""label"": ""Cu"", ""xyz"": [2.740626695, 0.0, 0.0]}, {""species"": [{""element"": ""Cu"", ""occu"": 1.0}], ""abc"": [0.0, 0.0, 0.5], ""properties"": {""magmom"": -0.0}, ""label"": ""Cu"", ""xyz"": [0.0, 0.0, 2.740626695]}, {""species"": [{""element"": ""Cu"", ""occu"": 1.0}], ""abc"": [0.0, 0.5, 0.0], ""properties"": {""magmom"": -0.0}, ""label"": ""Cu"", ""xyz"": [0.0, 2.740626695, 0.0]}, {""species"": [{""element"": ""S"", ""occu"": 1.0}], ""abc"": [0.24431287000000002, 0.75568713, 0.75568713], ""properties"": {""magmom"": -0.0}, ""label"": ""S"", ""xyz"": [1.3391407469081293, 4.14211264309187, 4.14211264309187]}, {""species"": [{""element"": ""S"", ""occu"": 1.0}], ""abc"": [0.75568713, 0.75568713, 0.24431287000000002], ""properties"": {""magmom"": -0.0}, ""label"": ""S"", ""xyz"": [4.14211264309187, 4.14211264309187, 1.3391407469081293]}, {""species"": [{""element"": ""S"", ""occu"": 1.0}], ""abc"": [0.75568713, 0.24431287000000002, 0.75568713], ""properties"": {""magmom"": -0.0}, ""label"": ""S"", ""xyz"": [4.14211264309187, 1.3391407469081293, 4.14211264309187]}, {""species"": [{""element"": ""S"", ""occu"": 1.0}], ""abc"": [0.24431287000000002, 0.24431287000000002, 0.24431287000000002], ""properties"": {""magmom"": -0.0}, ""label"": ""S"", ""xyz"": [1.3391407469081293, 1.3391407469081293, 1.3391407469081293]}]}",0.0,1.6574,44.381,0.0
215,mp-4043,NbCu3Se4,"{""@module"": ""pymatgen.core.structure"", ""@class"": ""Structure"", ""charge"": 0, ""lattice"": {""matrix"": [[5.66526997, 0.0, 0.0], [0.0, 5.66526997, -0.0], [0.0, -0.0, 5.66526997]], ""pbc"": [true, true, true], ""a"": 5.66526997, ""b"": 5.66526997, ""c"": 5.66526997, ""alpha"": 90.0, ""beta"": 90.0, ""gamma"": 90.0, ""volume"": 181.82844767762958}, ""properties"": {}, ""sites"": [{""species"": [{""element"": ""Nb"", ""occu"": 1.0}], ""abc"": [-0.0, -0.0, -0.0], ""properties"": {""magmom"": 0.0}, ""label"": ""Nb"", ""xyz"": [0.0, 0.0, 0.0]}, {""species"": [{""element"": ""Cu"", ""occu"": 1.0}], ""abc"": [0.5, -0.0, -0.0], ""properties"": {""magmom"": 0.0}, ""label"": ""Cu"", ""xyz"": [2.832634985, 0.0, 0.0]}, {""species"": [{""element"": ""Cu"", ""occu"": 1.0}], ""abc"": [-0.0, -0.0, 0.5], ""properties"": {""magmom"": 0.0}, ""label"": ""Cu"", ""xyz"": [0.0, 0.0, 2.832634985]}, {""species"": [{""element"": ""Cu"", ""occu"": 1.0}], ""abc"": [-0.0, 0.5, -0.0], ""properties"": {""magmom"": 0.0}, ""label"": ""Cu"", ""xyz"": [0.0, 2.832634985, 0.0]}, {""species"": [{""element"": ""Se"", ""occu"": 1.0}], ""abc"": [0.25007292000000003, 0.25007292000000003, 0.25007292000000003], ""properties"": {""magmom"": 0.0}, ""label"": ""Se"", ""xyz"": [1.4167306039862124, 1.4167306039862124, 1.4167306039862124]}, {""species"": [{""element"": ""Se"", ""occu"": 1.0}], ""abc"": [0.74992708, 0.74992708, 0.25007292000000003], ""properties"": {""magmom"": 0.0}, ""label"": ""Se"", ""xyz"": [4.248539366013787, 4.248539366013787, 1.4167306039862124]}, {""species"": [{""element"": ""Se"", ""occu"": 1.0}], ""abc"": [0.74992708, 0.25007292000000003, 0.74992708], ""properties"": {""magmom"": 0.0}, ""label"": ""Se"", ""xyz"": [4.248539366013787, 1.4167306039862124, 4.248539366013787]}, {""species"": [{""element"": ""Se"", ""occu"": 1.0}], ""abc"": [0.25007292000000003, 0.74992708, 0.74992708], ""properties"": {""magmom"": 0.0}, ""label"": ""Se"", ""xyz"": [1.4167306039862124, 4.248539366013787, 4.248539366013787]}]}",0.0,1.3604,33.566,0.0
215,mp-991676,NbCu3Te4,"{""@module"": ""pymatgen.core.structure"", ""@class"": ""Structure"", ""charge"": 0, ""lattice"": {""matrix"": [[5.97188355, 0.0, -0.0], [0.0, 5.97188355, -0.0], [-0.0, 0.0, 5.97188355]], ""pbc"": [true, true, true], ""a"": 5.97188355, ""b"": 5.97188355, ""c"": 5.97188355, ""alpha"": 90.0, ""beta"": 90.0, ""gamma"": 90.0, ""volume"": 212.9776307986598}, ""properties"": {}, ""sites"": [{""species"": [{""element"": ""Nb"", ""occu"": 1.0}], ""abc"": [0.0, -0.0, -0.0], ""properties"": {""magmom"": 0.0}, ""label"": ""Nb"", ""xyz"": [0.0, 0.0, 0.0]}, {""species"": [{""element"": ""Cu"", ""occu"": 1.0}], ""abc"": [0.0, -0.0, 0.5], ""properties"": {""magmom"": -0.0}, ""label"": ""Cu"", ""xyz"": [0.0, 0.0, 2.985941775]}, {""species"": [{""element"": ""Cu"", ""occu"": 1.0}], ""abc"": [0.0, 0.5, -0.0], ""properties"": {""magmom"": -0.0}, ""label"": ""Cu"", ""xyz"": [0.0, 2.985941775, 0.0]}, {""species"": [{""element"": ""Cu"", ""occu"": 1.0}], ""abc"": [0.5, -0.0, -0.0], ""properties"": {""magmom"": -0.0}, ""label"": ""Cu"", ""xyz"": [2.985941775, 0.0, 0.0]}, {""species"": [{""element"": ""Te"", ""occu"": 1.0}], ""abc"": [0.74351228, 0.74351228, 0.25648772000000003], ""properties"": {""magmom"": 0.0}, ""label"": ""Te"", ""xyz"": [4.440168754154994, 4.440168754154994, 1.5317147958450061]}, {""species"": [{""element"": ""Te"", ""occu"": 1.0}], ""abc"": [0.74351228, 0.25648772000000003, 0.74351228], ""properties"": {""magmom"": 0.0}, ""label"": ""Te"", ""xyz"": [4.440168754154994, 1.5317147958450061, 4.440168754154994]}, {""species"": [{""element"": ""Te"", ""occu"": 1.0}], ""abc"": [0.25648772000000003, 0.74351228, 0.74351228], ""properties"": {""magmom"": 0.0}, ""label"": ""Te"", ""xyz"": [1.5317147958450061, 4.440168754154994, 4.440168754154994]}, {""species"": [{""element"": ""Te"", ""occu"": 1.0}], ""abc"": [0.25648772000000003, 0.25648772000000003, 0.25648772000000003], ""properties"": {""magmom"": 0.0}, ""label"": ""Te"", ""xyz"": [1.5317147958450061, 1.5317147958450061, 1.5317147958450061]}]}",0.0,0.9169,30.476,0.0
216,mp-2172,AlAs,"{""@module"": ""pymatgen.core.structure"", ""@class"": ""Structure"", ""charge"": 0, ""lattice"": {""matrix"": [[3.47570478, -0.0, 2.00669923], [1.15856826, 3.27692555, 2.00669923], [-0.0, -0.0, 4.01339746]], ""pbc"": [true, true, true], ""a"": 4.013398250535005, ""b"": 4.013397970922497, ""c"": 4.01339746, ""alpha"": 59.999995968863786, ""beta"": 59.99999827352137, ""gamma"": 59.999996544356684, ""volume"": 45.711095247398035}, ""properties"": {}, ""sites"": [{""species"": [{""element"": ""Al"", ""occu"": 1.0}], ""abc"": [0.0, 0.0, 0.0], ""properties"": {""magmom"": -0.0}, ""label"": ""Al"", ""xyz"": [0.0, 0.0, 0.0]}, {""species"": [{""element"": ""As"", ""occu"": 1.0}], ""abc"": [0.25, 0.25, 0.25], ""properties"": {""magmom"": 0.0}, ""label"": ""As"", ""xyz"": [1.15856826, 0.8192313875, 2.0066989800000004]}]}",0.0,1.503699999999999,67.291,0.0
216,mp-1550,AlP,"{""@module"": ""pymatgen.core.structure"", ""@class"": ""Structure"", ""charge"": 0, ""lattice"": {""matrix"": [[3.35149458, -0.0, 1.93498577], [1.11716486, 3.15981891, 1.93498577], [-0.0, -0.0, 3.86997254]], ""pbc"": [true, true, true], ""a"": 3.8699723319258843, ""b"": 3.869971937690879, ""c"": 3.86997254, ""alpha"": 60.00000339938077, ""beta"": 60.00000676922062, ""gamma"": 60.00000114297318, ""volume"": 40.983457924417976}, ""properties"": {}, ""sites"": [{""species"": [{""element"": ""Al"", ""occu"": 1.0}], ""abc"": [0.0, -0.0, 0.0], ""properties"": {""magmom"": -0.0}, ""label"": ""Al"", ""xyz"": [0.0, 0.0, 0.0]}, {""species"": [{""element"": ""P"", ""occu"": 1.0}], ""abc"": [0.25, 0.25, 0.25], ""properties"": {""magmom"": 0.0}, ""label"": ""P"", ""xyz"": [1.11716486, 0.7899547275, 1.93498602]}]}",0.0,1.6294,82.769,0.0
216,mp-2624,AlSb,"{""@module"": ""pymatgen.core.structure"", ""@class"": ""Structure"", ""charge"": 0, ""lattice"": {""matrix"": [[3.78754953, -0.0, 2.18674194], [1.26251684, 3.57093527, 2.18674194], [-0.0, -0.0, 4.373485889999999]], ""pbc"": [true, true, true], ""a"": 4.373485081071866, ""b"": 4.3734846273844985, ""c"": 4.373485889999999, ""alpha"": 60.00000565299335, ""beta"": 60.00000908454813, ""gamma"": 59.999998301572866, ""volume"": 59.15180866014199}, ""properties"": {}, ""sites"": [{""species"": [{""element"": ""Al"", ""occu"": 1.0}], ""abc"": [-0.0, 0.0, 0.0], ""properties"": {""magmom"": 0.0}, ""label"": ""Al"", ""xyz"": [0.0, 0.0, 0.0]}, {""species"": [{""element"": ""Sb"", ""occu"": 1.0}], ""abc"": [0.25, 0.25, 0.25], ""properties"": {""magmom"": -0.0}, ""label"": ""Sb"", ""xyz"": [1.2625165925, 0.8927338175, 2.1867424425]}]}",0.0,1.2255,49.576,0.0
217,mp-8703,Na3SbSe4,"{""@module"": ""pymatgen.core.structure"", ""@class"": ""Structure"", ""charge"": 0, ""lattice"": {""matrix"": [[6.11630229, 2e-08, -2.16244028], [-3.05815012, 5.29687387, -2.16244028], [-1e-08, -2e-08, 6.48731779]], ""pbc"": [true, true, true], ""a"": 6.487318526727798, ""b"": 6.487318622952881, ""c"": 6.48731779, ""alpha"": 109.47122766619364, ""beta"": 109.4712279461688, ""gamma"": 109.47120390492317, ""volume"": 210.1714623304772}, ""properties"": {}, ""sites"": [{""species"": [{""element"": ""Na"", ""occu"": 1.0}], ""abc"": [-0.0, 0.5, 0.5], ""properties"": {""magmom"": -0.0}, ""label"": ""Na"", ""xyz"": [-1.529075065, 2.648436925, 2.1624387549999997]}, {""species"": [{""element"": ""Na"", ""occu"": 1.0}], ""abc"": [0.5, -0.0, 0.5], ""properties"": {""magmom"": -0.0}, ""label"": ""Na"", ""xyz"": [3.05815114, 0.0, 2.1624387549999997]}, {""species"": [{""element"": ""Na"", ""occu"": 1.0}], ""abc"": [0.5, 0.5, 0.0], ""properties"": {""magmom"": -0.0}, ""label"": ""Na"", ""xyz"": [1.529076085, 2.648436945, -2.16244028]}, {""species"": [{""element"": ""Sb"", ""occu"": 1.0}], ""abc"": [-0.0, -0.0, 0.0], ""properties"": {""magmom"": 0.0}, ""label"": ""Sb"", ""xyz"": [0.0, 0.0, 0.0]}, {""species"": [{""element"": ""Se"", ""occu"": 1.0}], ""abc"": [0.38417576000000003, 0.38417576000000003, 0.38417576000000003], ""properties"": {""magmom"": 0.0}, ""label"": ""Se"", ""xyz"": [1.1748679302636418, 2.0349305446313912, 0.8307559662875446]}, {""species"": [{""element"": ""Se"", ""occu"": 1.0}], ""abc"": [-0.0, 0.61582424, -0.0], ""properties"": {""magmom"": 0.0}, ""label"": ""Se"", ""xyz"": [-1.883282973454909, 3.261943325368609, -1.3316831419763875]}, {""species"": [{""element"": ""Se"", ""occu"": 1.0}], ""abc"": [0.61582424, -0.0, -0.0], ""properties"": {""magmom"": 0.0}, ""label"": ""Se"", ""xyz"": [3.76656720934951, 1.23164848e-08, -1.3316831419763875]}, {""species"": [{""element"": ""Se"", ""occu"": 1.0}], ""abc"": [0.0, 0.0, 0.61582424], ""properties"": {""magmom"": 0.0}, ""label"": ""Se"", ""xyz"": [-6.1582424e-09, -1.23164848e-08, 3.9950475476652296]}]}",0.0,0.9870999999999991,19.392,0.0
217,mp-1025396,NbTl3Se4,"{""@module"": ""pymatgen.core.structure"", ""@class"": ""Structure"", ""charge"": 0, ""lattice"": {""matrix"": [[-3.97875334, -3.97875334, 3.97875334], [-3.97875334, 3.97875334, -3.97875334], [3.97875334, -3.97875334, -3.97875334]], ""pbc"": [true, true, true], ""a"": 6.891402935664368, ""b"": 6.891402935664368, ""c"": 6.891402935664368, ""alpha"": 109.47122063449069, ""beta"": 109.47122063449069, ""gamma"": 109.47122063449069, ""volume"": 251.94227110221874}, ""properties"": {}, ""sites"": [{""species"": [{""element"": ""Nb"", ""occu"": 1.0}], ""abc"": [-0.0, 0.0, 0.0], ""properties"": {""magmom"": -0.0}, ""label"": ""Nb"", ""xyz"": [0.0, 0.0, 0.0]}, {""species"": [{""element"": ""Tl"", ""occu"": 1.0}], ""abc"": [0.5, 0.5, 0.0], ""properties"": {""magmom"": 0.0}, ""label"": ""Tl"", ""xyz"": [-3.97875334, 0.0, 0.0]}, {""species"": [{""element"": ""Tl"", ""occu"": 1.0}], ""abc"": [0.5, 0.0, 0.5], ""properties"": {""magmom"": 0.0}, ""label"": ""Tl"", ""xyz"": [0.0, -3.97875334, 0.0]}, {""species"": [{""element"": ""Tl"", ""occu"": 1.0}], ""abc"": [-0.0, 0.5, 0.5], ""properties"": {""magmom"": 0.0}, ""label"": ""Tl"", ""xyz"": [0.0, 0.0, -3.97875334]}, {""species"": [{""element"": ""Se"", ""occu"": 1.0}], ""abc"": [0.64970412, 0.64970412, 0.64970412], ""properties"": {""magmom"": 0.0}, ""label"": ""Se"", ""xyz"": [-2.585012437461761, -2.585012437461761, -2.585012437461761]}, {""species"": [{""element"": ""Se"", ""occu"": 1.0}], ""abc"": [0.35029588, -0.0, -0.0], ""properties"": {""magmom"": 0.0}, ""label"": ""Se"", ""xyz"": [-1.3937409025382392, -1.3937409025382392, 1.3937409025382392]}, {""species"": [{""element"": ""Se"", ""occu"": 1.0}], ""abc"": [0.0, 0.35029588, 0.0], ""properties"": {""magmom"": 0.0}, ""label"": ""Se"", ""xyz"": [-1.3937409025382392, 1.3937409025382392, -1.3937409025382392]}, {""species"": [{""element"": ""Se"", ""occu"": 1.0}], ""abc"": [-0.0, 0.0, 0.35029588], ""properties"": {""magmom"": 0.0}, ""label"": ""Se"", ""xyz"": [1.3937409025382392, -1.3937409025382392, -1.3937409025382392]}]}",0.0,2.1041,18.062,0.0
217,mp-1818,SiF4,"{""@module"": ""pymatgen.core.structure"", ""@class"": ""Structure"", ""charge"": 0, ""lattice"": {""matrix"": [[4.31321239, -0.0, -1.5249498300000002], [-2.1566047, 3.73535048, -1.5249498300000002], [-0.0, -0.0, 4.5748514700000005]], ""pbc"": [true, true, true], ""a"": 4.574852249555885, ""b"": 4.574850710626015, ""c"": 4.5748514700000005, ""alpha"": 109.47121522964466, ""beta"": 109.47120841537594, ""gamma"": 109.47122094438402, ""volume"": 73.70707884853113}, ""properties"": {}, ""sites"": [{""species"": [{""element"": ""Si"", ""occu"": 1.0}], ""abc"": [0.0, -0.0, -0.0], ""properties"": {""magmom"": -0.0}, ""label"": ""Si"", ""xyz"": [0.0, 0.0, 0.0]}, {""species"": [{""element"": ""F"", ""occu"": 1.0}], ""abc"": [-0.0, -0.0, 0.65750054], ""properties"": {""magmom"": 0.0}, ""label"": ""F"", ""xyz"": [0.0, 0.0, 3.0079673119447943]}, {""species"": [{""element"": ""F"", ""occu"": 1.0}], ""abc"": [0.34249946000000003, 0.34249946000000003, 0.34249946000000003], ""properties"": {""magmom"": 0.0}, ""label"": ""F"", ""xyz"": [0.7386369692568475, 1.279355522310741, 0.5222951714510227]}, {""species"": [{""element"": ""F"", ""occu"": 1.0}], ""abc"": [0.65750054, -0.0, -0.0], ""properties"": {""magmom"": 0.0}, ""label"": ""F"", ""xyz"": [2.835939475559691, 0.0, -1.0026553366979083]}, {""species"": [{""element"": ""F"", ""occu"": 1.0}], ""abc"": [0.0, 0.65750054, 0.0], ""properties"": {""magmom"": 0.0}, ""label"": ""F"", ""xyz"": [-1.417968754816538, 2.4559949576892595, -1.0026553366979083]}]}",0.0,7.7173,7.258,0.0
220,mp-15661,Sc4C3,"{""@module"": ""pymatgen.core.structure"", ""@class"": ""Structure"", ""charge"": 0, ""lattice"": {""matrix"": [[5.89052906, -1e-08, -2.08261603], [-2.94526504, 5.10134818, -2.08261603], [0.0, 1e-08, 6.24784912]], ""pbc"": [true, true, true], ""a"": 6.2478494008032435, ""b"": 6.247849945209029, ""c"": 6.24784912, ""alpha"": 109.47121454001304, ""beta"": 109.4712163845332, ""gamma"": 109.47122787570902, ""volume"": 187.74561495263885}, ""properties"": {}, ""sites"": [{""species"": [{""element"": ""Sc"", ""occu"": 1.0}], ""abc"": [0.40113149000000003, 0.5, -0.0], ""properties"": {""magmom"": 0.0}, ""label"": ""Sc"", ""xyz"": [0.8902441787260997, 2.550674085988685, -1.876710886211785]}, {""species"": [{""element"": ""Sc"", ""occu"": 1.0}], ""abc"": [0.59886851, 0.59886851, 0.59886851], ""properties"": {""magmom"": 0.0}, ""label"": ""Sc"", ""xyz"": [1.7638258752140106, 3.0550367835478114, 1.2472137756227801]}, {""species"": [{""element"": ""Sc"", ""occu"": 1.0}], ""abc"": [0.5, -0.0, 0.40113149000000003], ""properties"": {""magmom"": 0.0}, ""label"": ""Sc"", ""xyz"": [2.94526453, -9.886850999999995e-10, 1.4649010118007888]}, {""species"": [{""element"": ""Sc"", ""occu"": 1.0}], ""abc"": [0.0, 0.40113149000000003, 0.5], ""properties"": {""magmom"": 0.0}, ""label"": ""Sc"", ""xyz"": [-1.1814385539401095, 2.046311401452188, 2.288521688788215]}, {""species"": [{""element"": ""Sc"", ""occu"": 1.0}], ""abc"": [0.5, -0.0, 0.90113149], ""properties"": {""magmom"": 0.0}, ""label"": ""Sc"", ""xyz"": [2.94526453, 4.0113149e-09, 4.588825571800789]}, {""species"": [{""element"": ""Sc"", ""occu"": 1.0}], ""abc"": [0.0, 0.90113149, 0.5], ""properties"": {""magmom"": 0.0}, ""label"": ""Sc"", ""xyz"": [-2.6540710739401097, 4.596985491452188, 1.2472136737882151]}, {""species"": [{""element"": ""Sc"", ""occu"": 1.0}], ""abc"": [0.90113149, 0.5, -0.0], ""properties"": {""magmom"": 0.0}, ""label"": ""Sc"", ""xyz"": [3.8355087087261004, 2.550674080988685, -2.9180189012117848]}, {""species"": [{""element"": ""Sc"", ""occu"": 1.0}], ""abc"": [0.09886851, 0.09886851, 0.09886851], ""properties"": {""magmom"": 0.0}, ""label"": ""Sc"", ""xyz"": [0.2911938652140103, 0.5043626935478118, 0.20590524562278062]}, {""species"": [{""element"": ""C"", ""occu"": 1.0}], ""abc"": [0.75, 0.875, 0.125], ""properties"": {""magmom"": -0.0}, ""label"": ""C"", ""xyz"": [1.8407898850000008, 4.46367965125, -2.6032699087499998]}, {""species"": [{""element"": ""C"", ""occu"": 1.0}], ""abc"": [0.625, 0.375, 0.25], ""properties"": {""magmom"": -0.0}, ""label"": ""C"", ""xyz"": [2.5771062725, 1.9130055637499999, -0.5206537500000001]}, {""species"": [{""element"": ""C"", ""occu"": 1.0}], ""abc"": [0.875, 0.125, 0.75], ""properties"": {""magmom"": -0.0}, ""label"": ""C"", ""xyz"": [4.7860547975, 0.63766852125, 2.60327081]}, {""species"": [{""element"": ""C"", ""occu"": 1.0}], ""abc"": [0.125, 0.75, 0.875], ""properties"": {""magmom"": -0.0}, ""label"": ""C"", ""xyz"": [-1.4726326475, 3.8260111424999996, 3.64457895375]}, {""species"": [{""element"": ""C"", ""occu"": 1.0}], ""abc"": [0.375, 0.25, 0.625], ""properties"": {""magmom"": -0.0}, ""label"": ""C"", ""xyz"": [1.4726321375000004, 1.2753370474999999, 2.6032706812499997]}, {""species"": [{""element"": ""C"", ""occu"": 1.0}], ""abc"": [0.25, 0.625, 0.375], ""properties"": {""magmom"": -0.0}, ""label"": ""C"", ""xyz"": [-0.36815838499999964, 3.1883426137499993, 0.5206543937500001]}]}",0.0,0.32870000000000005,113.058,0.0
221,mp-23818,BaLiH3,"{""@module"": ""pymatgen.core.structure"", ""@class"": ""Structure"", ""charge"": 0, ""lattice"": {""matrix"": [[4.01142218, 0.0, 0.0], [0.0, 4.01142218, 0.0], [-0.0, -0.0, 4.01142218]], ""pbc"": [true, true, true], ""a"": 4.01142218, ""b"": 4.01142218, ""c"": 4.01142218, ""alpha"": 90.0, ""beta"": 90.0, ""gamma"": 90.0, ""volume"": 64.54983172455981}, ""properties"": {}, ""sites"": [{""species"": [{""element"": ""Ba"", ""occu"": 1.0}], ""abc"": [-0.0, -0.0, -0.0], ""properties"": {""magmom"": -0.0}, ""label"": ""Ba"", ""xyz"": [0.0, 0.0, 0.0]}, {""species"": [{""element"": ""Li"", ""occu"": 1.0}], ""abc"": [0.5, 0.5, 0.5], ""properties"": {""magmom"": 0.0}, ""label"": ""Li"", ""xyz"": [2.00571109, 2.00571109, 2.00571109]}, {""species"": [{""element"": ""H"", ""occu"": 1.0}], ""abc"": [0.5, -0.0, 0.5], ""properties"": {""magmom"": -0.0}, ""label"": ""H"", ""xyz"": [2.00571109, 0.0, 2.00571109]}, {""species"": [{""element"": ""H"", ""occu"": 1.0}], ""abc"": [0.5, 0.5, -0.0], ""properties"": {""magmom"": -0.0}, ""label"": ""H"", ""xyz"": [2.00571109, 2.00571109, 0.0]}, {""species"": [{""element"": ""H"", ""occu"": 1.0}], ""abc"": [-0.0, 0.5, 0.5], ""properties"": {""magmom"": -0.0}, ""label"": ""H"", ""xyz"": [0.0, 2.00571109, 2.00571109]}]}",0.0,2.2146,37.474,0.0
221,mp-3163,BaSnO3,"{""@module"": ""pymatgen.core.structure"", ""@class"": ""Structure"", ""charge"": 0, ""lattice"": {""matrix"": [[4.14346542, -0.0, 0.0], [-0.0, 4.14346542, -0.0], [0.0, -0.0, 4.14346542]], ""pbc"": [true, true, true], ""a"": 4.14346542, ""b"": 4.14346542, ""c"": 4.14346542, ""alpha"": 90.0, ""beta"": 90.0, ""gamma"": 90.0, ""volume"": 71.13628093297905}, ""properties"": {}, ""sites"": [{""species"": [{""element"": ""Ba"", ""occu"": 1.0}], ""abc"": [0.5, 0.5, 0.5], ""properties"": {""magmom"": -0.0}, ""label"": ""Ba"", ""xyz"": [2.07173271, 2.07173271, 2.07173271]}, {""species"": [{""element"": ""Sn"", ""occu"": 1.0}], ""abc"": [-0.0, -0.0, -0.0], ""properties"": {""magmom"": 0.0}, ""label"": ""Sn"", ""xyz"": [0.0, 0.0, 0.0]}, {""species"": [{""element"": ""O"", ""occu"": 1.0}], ""abc"": [0.0, 0.5, 0.0], ""properties"": {""magmom"": -0.0}, ""label"": ""O"", ""xyz"": [0.0, 2.07173271, 0.0]}, {""species"": [{""element"": ""O"", ""occu"": 1.0}], ""abc"": [-0.0, 0.0, 0.5], ""properties"": {""magmom"": -0.0}, ""label"": ""O"", ""xyz"": [0.0, 0.0, 2.07173271]}, {""species"": [{""element"": ""O"", ""occu"": 1.0}], ""abc"": [0.5, 0.0, 0.0], ""properties"": {""magmom"": -0.0}, ""label"": ""O"", ""xyz"": [2.07173271, 0.0, 0.0]}]}",0.0,0.372399999999999,133.913,0.0
221,mp-27294,Ca3AsBr3,"{""@module"": ""pymatgen.core.structure"", ""@class"": ""Structure"", ""charge"": 0, ""lattice"": {""matrix"": [[5.93247235, 0.0, 0.0], [-0.0, 5.93247235, 0.0], [-0.0, -0.0, 5.93247235]], ""pbc"": [true, true, true], ""a"": 5.93247235, ""b"": 5.93247235, ""c"": 5.93247235, ""alpha"": 90.0, ""beta"": 90.0, ""gamma"": 90.0, ""volume"": 208.78878557829066}, ""properties"": {}, ""sites"": [{""species"": [{""element"": ""Ca"", ""occu"": 1.0}], ""abc"": [0.5, -0.0, -0.0], ""properties"": {""magmom"": -0.0}, ""label"": ""Ca"", ""xyz"": [2.966236175, 0.0, 0.0]}, {""species"": [{""element"": ""Ca"", ""occu"": 1.0}], ""abc"": [-0.0, 0.5, -0.0], ""properties"": {""magmom"": -0.0}, ""label"": ""Ca"", ""xyz"": [0.0, 2.966236175, 0.0]}, {""species"": [{""element"": ""Ca"", ""occu"": 1.0}], ""abc"": [-0.0, 0.0, 0.5], ""properties"": {""magmom"": -0.0}, ""label"": ""Ca"", ""xyz"": [0.0, 0.0, 2.966236175]}, {""species"": [{""element"": ""As"", ""occu"": 1.0}], ""abc"": [-0.0, -0.0, -0.0], ""properties"": {""magmom"": -0.0}, ""label"": ""As"", ""xyz"": [0.0, 0.0, 0.0]}, {""species"": [{""element"": ""Br"", ""occu"": 1.0}], ""abc"": [0.0, 0.5, 0.5], ""properties"": {""magmom"": -0.0}, ""label"": ""Br"", ""xyz"": [0.0, 2.966236175, 2.966236175]}, {""species"": [{""element"": ""Br"", ""occu"": 1.0}], ""abc"": [0.5, 0.0, 0.5], ""properties"": {""magmom"": -0.0}, ""label"": ""Br"", ""xyz"": [2.966236175, 0.0, 2.966236175]}, {""species"": [{""element"": ""Br"", ""occu"": 1.0}], ""abc"": [0.5, 0.5, 0.0], ""properties"": {""magmom"": -0.0}, ""label"": ""Br"", ""xyz"": [2.966236175, 2.966236175, 0.0]}]}",0.0,1.6726,34.272,0.0
224,mp-947,Au2S,"{""@module"": ""pymatgen.core.structure"", ""@class"": ""Structure"", ""charge"": 0, ""lattice"": {""matrix"": [[5.27398218, -0.0, -0.0], [-0.0, 5.27398218, 0.0], [0.0, -0.0, 5.27398218]], ""pbc"": [true, true, true], ""a"": 5.27398218, ""b"": 5.27398218, ""c"": 5.27398218, ""alpha"": 90.0, ""beta"": 90.0, ""gamma"": 90.0, ""volume"": 146.69522383506134}, ""properties"": {}, ""sites"": [{""species"": [{""element"": ""Au"", ""occu"": 1.0}], ""abc"": [0.5, 0.5, 0.0], ""properties"": {""magmom"": 0.0}, ""label"": ""Au"", ""xyz"": [2.63699109, 2.63699109, 0.0]}, {""species"": [{""element"": ""Au"", ""occu"": 1.0}], ""abc"": [0.0, 0.5, 0.5], ""properties"": {""magmom"": 0.0}, ""label"": ""Au"", ""xyz"": [0.0, 2.63699109, 2.63699109]}, {""species"": [{""element"": ""Au"", ""occu"": 1.0}], ""abc"": [0.5, -0.0, 0.5], ""properties"": {""magmom"": 0.0}, ""label"": ""Au"", ""xyz"": [2.63699109, 0.0, 2.63699109]}, {""species"": [{""element"": ""Au"", ""occu"": 1.0}], ""abc"": [0.0, 0.0, -0.0], ""properties"": {""magmom"": 0.0}, ""label"": ""Au"", ""xyz"": [0.0, 0.0, 0.0]}, {""species"": [{""element"": ""S"", ""occu"": 1.0}], ""abc"": [0.25, 0.25, 0.25], ""properties"": {""magmom"": 0.0}, ""label"": ""S"", ""xyz"": [1.318495545, 1.318495545, 1.318495545]}, {""species"": [{""element"": ""S"", ""occu"": 1.0}], ""abc"": [0.75, 0.75, 0.75], ""properties"": {""magmom"": 0.0}, ""label"": ""S"", ""xyz"": [3.9554866349999998, 3.9554866349999998, 3.9554866349999998]}]}",0.0,1.9091,66.577,0.0
224,mp-361,Cu2O,"{""@module"": ""pymatgen.core.structure"", ""@class"": ""Structure"", ""charge"": 0, ""lattice"": {""matrix"": [[4.24669932, -0.0, -0.0], [0.0, 4.24669932, -0.0], [-0.0, 0.0, 4.24669932]], ""pbc"": [true, true, true], ""a"": 4.24669932, ""b"": 4.24669932, ""c"": 4.24669932, ""alpha"": 90.0, ""beta"": 90.0, ""gamma"": 90.0, ""volume"": 76.5869082712687}, ""properties"": {}, ""sites"": [{""species"": [{""element"": ""Cu"", ""occu"": 1.0}], ""abc"": [0.5, 0.5, -0.0], ""properties"": {""magmom"": 0.0}, ""label"": ""Cu"", ""xyz"": [2.12334966, 2.12334966, 0.0]}, {""species"": [{""element"": ""Cu"", ""occu"": 1.0}], ""abc"": [-0.0, 0.5, 0.5], ""properties"": {""magmom"": 0.0}, ""label"": ""Cu"", ""xyz"": [0.0, 2.12334966, 2.12334966]}, {""species"": [{""element"": ""Cu"", ""occu"": 1.0}], ""abc"": [0.5, -0.0, 0.5], ""properties"": {""magmom"": 0.0}, ""label"": ""Cu"", ""xyz"": [2.12334966, 0.0, 2.12334966]}, {""species"": [{""element"": ""Cu"", ""occu"": 1.0}], ""abc"": [0.0, 0.0, 0.0], ""properties"": {""magmom"": 0.0}, ""label"": ""Cu"", ""xyz"": [0.0, 0.0, 0.0]}, {""species"": [{""element"": ""O"", ""occu"": 1.0}], ""abc"": [0.75, 0.75, 0.75], ""properties"": {""magmom"": -0.0}, ""label"": ""O"", ""xyz"": [3.18502449, 3.18502449, 3.18502449]}, {""species"": [{""element"": ""O"", ""occu"": 1.0}], ""abc"": [0.25, 0.25, 0.25], ""properties"": {""magmom"": -0.0}, ""label"": ""O"", ""xyz"": [1.06167483, 1.06167483, 1.06167483]}]}",0.0,0.512699999999999,111.715,0.0
225,mp-23231,AgBr,"{""@module"": ""pymatgen.core.structure"", ""@class"": ""Structure"", ""charge"": 0, ""lattice"": {""matrix"": [[3.54216907, 1e-08, 2.04507188], [1.18072406, 3.33958984, 2.04507188], [-2e-08, -2e-08, 4.09014583]], ""pbc"": [true, true, true], ""a"": 4.0901443391195125, ""b"": 4.090145303000964, ""c"": 4.09014583, ""alpha"": 60.00001283680782, ""beta"": 60.00000496389182, ""gamma"": 59.99999626407792, ""volume"": 48.383937881431955}, ""properties"": {}, ""sites"": [{""species"": [{""element"": ""Ag"", ""occu"": 1.0}], ""abc"": [0.0, 0.0, 0.0], ""properties"": {""magmom"": -0.0}, ""label"": ""Ag"", ""xyz"": [0.0, 0.0, 0.0]}, {""species"": [{""element"": ""Br"", ""occu"": 1.0}], ""abc"": [0.5, 0.5, 0.5], ""properties"": {""magmom"": 0.0}, ""label"": ""Br"", ""xyz"": [2.361446555, 1.669794915, 4.0901447950000005]}]}",0.0,0.730399999999999,38.284,0.0
225,mp-22922,AgCl,"{""@module"": ""pymatgen.core.structure"", ""@class"": ""Structure"", ""charge"": 0, ""lattice"": {""matrix"": [[3.39580525, -1e-08, 1.96056859], [1.13193439, 3.20159536, 1.96056859], [0.0, 0.0, 3.92113719]], ""pbc"": [true, true, true], ""a"": 3.921137907804589, ""b"": 3.9211372723398488, ""c"": 3.92113719, ""alpha"": 60.000000779002974, ""beta"": 60.000006139947594, ""gamma"": 60.000009001124944, ""volume"": 42.630581348524416}, ""properties"": {}, ""sites"": [{""species"": [{""element"": ""Ag"", ""occu"": 1.0}], ""abc"": [0.0, -0.0, 0.0], ""properties"": {""magmom"": -0.0}, ""label"": ""Ag"", ""xyz"": [0.0, 0.0, 0.0]}, {""species"": [{""element"": ""Cl"", ""occu"": 1.0}], ""abc"": [0.5, 0.5, 0.5], ""properties"": {""magmom"": -0.0}, ""label"": ""Cl"", ""xyz"": [2.26386982, 1.600797675, 3.921137185]}]}",0.0,0.9522,40.56,0.0
227,mp-4842,Al2ZnS4,"{""@module"": ""pymatgen.core.structure"", ""@class"": ""Structure"", ""charge"": 0, ""lattice"": {""matrix"": [[6.1290082, 0.0, 3.53858497], [2.04300273, 5.77848326, 3.53858497], [0.0, 0.0, 7.07716894]], ""pbc"": [true, true, true], ""a"": 7.077169286203146, ""b"": 7.077168397798486, ""c"": 7.07716894, ""alpha"": 59.99999279152135, ""beta"": 59.99999694405697, ""gamma"": 59.99999383715533, ""volume"": 250.64764281935976}, ""properties"": {}, ""sites"": [{""species"": [{""element"": ""Al"", ""occu"": 1.0}], ""abc"": [0.5, -0.0, 0.5], ""properties"": {""magmom"": 0.0}, ""label"": ""Al"", ""xyz"": [3.0645041, 0.0, 5.307876955]}, {""species"": [{""element"": ""Al"", ""occu"": 1.0}], ""abc"": [0.0, 0.5, 0.5], ""properties"": {""magmom"": 0.0}, ""label"": ""Al"", ""xyz"": [1.021501365, 2.88924163, 5.307876955]}, {""species"": [{""element"": ""Al"", ""occu"": 1.0}], ""abc"": [0.5, 0.5, 0.5], ""properties"": {""magmom"": 0.0}, ""label"": ""Al"", ""xyz"": [4.086005465, 2.88924163, 7.0771694400000005]}, {""species"": [{""element"": ""Al"", ""occu"": 1.0}], ""abc"": [0.5, 0.5, -0.0], ""properties"": {""magmom"": 0.0}, ""label"": ""Al"", ""xyz"": [4.086005465, 2.88924163, 3.53858497]}, {""species"": [{""element"": ""Zn"", ""occu"": 1.0}], ""abc"": [0.125, 0.125, 0.125], ""properties"": {""magmom"": 0.0}, ""label"": ""Zn"", ""xyz"": [1.02150136625, 0.7223104075, 1.7692923600000001]}, {""species"": [{""element"": ""Zn"", ""occu"": 1.0}], ""abc"": [0.875, 0.875, 0.875], ""properties"": {""magmom"": 0.0}, ""label"": ""Zn"", ""xyz"": [7.15050956375, 5.0561728525, 12.38504652]}, {""species"": [{""element"": ""S"", ""occu"": 1.0}], ""abc"": [0.25937529, 0.25937529, 0.7218741200000001], ""properties"": {""magmom"": 0.0}, ""label"": ""S"", ""xyz"": [2.11961770485192, 1.4987957713226452, 6.944468106220616]}, {""species"": [{""element"": ""S"", ""occu"": 1.0}], ""abc"": [0.74062471, 0.74062471, 0.74062471], ""properties"": {""magmom"": 0.0}, ""label"": ""S"", ""xyz"": [6.05239322514808, 4.279687488677355, 10.483053128241725]}, {""species"": [{""element"": ""S"", ""occu"": 1.0}], ""abc"": [0.25937529, 0.25937529, 0.25937529], ""properties"": {""magmom"": 0.0}, ""label"": ""S"", ""xyz"": [2.11961770485192, 1.4987957713226452, 3.671285751758275]}, {""species"": [{""element"": ""S"", ""occu"": 1.0}], ""abc"": [0.74062471, 0.74062471, 0.27812588], ""properties"": {""magmom"": 0.0}, ""label"": ""S"", ""xyz"": [6.05239322514808, 4.279687488677355, 7.209870773779384]}, {""species"": [{""element"": ""S"", ""occu"": 1.0}], ""abc"": [0.27812588, 0.74062471, 0.74062471], ""properties"": {""magmom"": 0.0}, ""label"": ""S"", ""xyz"": [3.2177341035876745, 4.279687488677355, 8.84646171976114]}, {""species"": [{""element"": ""S"", ""occu"": 1.0}], ""abc"": [0.74062471, 0.27812588, 0.74062471], ""properties"": {""magmom"": 0.0}, ""label"": ""S"", ""xyz"": [5.107506852836274, 1.6071457417527686, 8.84646171976114]}, {""species"": [{""element"": ""S"", ""occu"": 1.0}], ""abc"": [0.7218741200000001, 0.25937529, 0.25937529], ""properties"": {""magmom"": 0.0}, ""label"": ""S"", ""xyz"": [4.954276826412326, 1.4987957713226452, 5.307877160238861]}, {""species"": [{""element"": ""S"", ""occu"": 1.0}], ""abc"": [0.25937529, 0.7218741200000001, 0.25937529], ""properties"": {""magmom"": 0.0}, ""label"": ""S"", ""xyz"": [3.0645040771637255, 4.171337518247231, 5.307877160238861]}]}",0.0,2.4934000000000003,84.975,0.0
227,mp-559200,Cd(InS2)2,"{""@module"": ""pymatgen.core.structure"", ""@class"": ""Structure"", ""charge"": 0, ""lattice"": {""matrix"": [[0.0, 5.46305935, 5.46305935], [5.46305935, 0.0, 5.46305935], [5.46305935, 5.46305935, 0.0]], ""pbc"": [true, true, true], ""a"": 7.725932624819145, ""b"": 7.725932624819145, ""c"": 7.725932624819145, ""alpha"": 60.00000000000001, ""beta"": 60.00000000000001, ""gamma"": 60.00000000000001, ""volume"": 326.0902033892593}, ""properties"": {}, ""sites"": [{""species"": [{""element"": ""Cd"", ""occu"": 1.0}], ""abc"": [0.5, 0.5, 0.5], ""properties"": {""magmom"": 0.0}, ""label"": ""Cd"", ""xyz"": [5.46305935, 5.46305935, 5.46305935]}, {""species"": [{""element"": ""Cd"", ""occu"": 1.0}], ""abc"": [0.75, 0.75, 0.75], ""properties"": {""magmom"": 0.0}, ""label"": ""Cd"", ""xyz"": [8.194589024999999, 8.194589024999999, 8.194589024999999]}, {""species"": [{""element"": ""In"", ""occu"": 1.0}], ""abc"": [0.125, 0.125, 0.625], ""properties"": {""magmom"": -0.0}, ""label"": ""In"", ""xyz"": [4.0972945125, 4.0972945125, 1.3657648375]}, {""species"": [{""element"": ""In"", ""occu"": 1.0}], ""abc"": [0.125, 0.125, 0.125], ""properties"": {""magmom"": -0.0}, ""label"": ""In"", ""xyz"": [1.3657648375, 1.3657648375, 1.3657648375]}, {""species"": [{""element"": ""In"", ""occu"": 1.0}], ""abc"": [0.125, 0.625, 0.125], ""properties"": {""magmom"": -0.0}, ""label"": ""In"", ""xyz"": [4.0972945125, 1.3657648375, 4.0972945125]}, {""species"": [{""element"": ""In"", ""occu"": 1.0}], ""abc"": [0.625, 0.125, 0.125], ""properties"": {""magmom"": -0.0}, ""label"": ""In"", ""xyz"": [1.3657648375, 4.0972945125, 4.0972945125]}, {""species"": [{""element"": ""S"", ""occu"": 1.0}], ""abc"": [0.88462103, 0.88462103, 0.34613692], ""properties"": {""magmom"": 0.0}, ""label"": ""S"", ""xyz"": [6.723703726334333, 6.723703726334333, 9.665474378296262]}, {""species"": [{""element"": ""S"", ""occu"": 1.0}], ""abc"": [0.34613692, 0.88462103, 0.88462103], ""properties"": {""magmom"": 0.0}, ""label"": ""S"", ""xyz"": [9.665474378296262, 6.723703726334333, 6.723703726334333]}, {""species"": [{""element"": ""S"", ""occu"": 1.0}], ""abc"": [0.88462103, 0.34613692, 0.88462103], ""properties"": {""magmom"": 0.0}, ""label"": ""S"", ""xyz"": [6.723703726334333, 9.665474378296262, 6.723703726334333]}, {""species"": [{""element"": ""S"", ""occu"": 1.0}], ""abc"": [0.36537897, 0.36537897, 0.36537897], ""properties"": {""magmom"": 0.0}, ""label"": ""S"", ""xyz"": [3.9921739967037393, 3.9921739967037393, 3.9921739967037393]}, {""species"": [{""element"": ""S"", ""occu"": 1.0}], ""abc"": [0.88462103, 0.88462103, 0.88462103], ""properties"": {""magmom"": 0.0}, ""label"": ""S"", ""xyz"": [9.665474378296262, 9.665474378296262, 9.665474378296262]}, {""species"": [{""element"": ""S"", ""occu"": 1.0}], ""abc"": [0.90386308, 0.36537897, 0.36537897], ""properties"": {""magmom"": 0.0}, ""label"": ""S"", ""xyz"": [3.9921739967037393, 6.933944648665668, 6.933944648665668]}, {""species"": [{""element"": ""S"", ""occu"": 1.0}], ""abc"": [0.36537897, 0.90386308, 0.36537897], ""properties"": {""magmom"": 0.0}, ""label"": ""S"", ""xyz"": [6.933944648665668, 3.9921739967037393, 6.933944648665668]}, {""species"": [{""element"": ""S"", ""occu"": 1.0}], ""abc"": [0.36537897, 0.36537897, 0.90386308], ""properties"": {""magmom"": 0.0}, ""label"": ""S"", ""xyz"": [6.933944648665668, 6.933944648665668, 3.9921739967037393]}]}",0.0,1.050399999999999,63.647,0.0
227,mp-14069,CsAlO2,"{""@module"": ""pymatgen.core.structure"", ""@class"": ""Structure"", ""charge"": 0, ""lattice"": {""matrix"": [[4.97487497, 0.0, 2.87224568], [1.6582916600000002, 4.69035647, 2.87224568], [0.0, 0.0, 5.7444903499999995]], ""pbc"": [true, true, true], ""a"": 5.744490944671352, ""b"": 5.744490429235223, ""c"": 5.7444903499999995, ""alpha"": 59.99999464017702, ""beta"": 59.99999760832398, ""gamma"": 59.999995404155605, ""volume"": 134.04157594112974}, ""properties"": {}, ""sites"": [{""species"": [{""element"": ""Cs"", ""occu"": 1.0}], ""abc"": [0.625, 0.625, 0.625], ""properties"": {""magmom"": 0.0}, ""label"": ""Cs"", ""xyz"": [4.145729143750001, 2.9314727937500002, 7.180613568749999]}, {""species"": [{""element"": ""Cs"", ""occu"": 1.0}], ""abc"": [0.375, 0.375, 0.375], ""properties"": {""magmom"": 0.0}, ""label"": ""Cs"", ""xyz"": [2.48743748625, 1.75888367625, 4.30836814125]}, {""species"": [{""element"": ""Al"", ""occu"": 1.0}], ""abc"": [0.875, 0.875, 0.875], ""properties"": {""magmom"": 0.0}, ""label"": ""Al"", ""xyz"": [5.80402080125, 4.1040619112500005, 10.052858996249999]}, {""species"": [{""element"": ""Al"", ""occu"": 1.0}], ""abc"": [0.125, 0.125, 0.125], ""properties"": {""magmom"": 0.0}, ""label"": ""Al"", ""xyz"": [0.82914582875, 0.58629455875, 1.43612271375]}, {""species"": [{""element"": ""O"", ""occu"": 1.0}], ""abc"": [-0.0, 0.5, 0.0], ""properties"": {""magmom"": -0.0}, ""label"": ""O"", ""xyz"": [0.8291458300000001, 2.345178235, 1.43612284]}, {""species"": [{""element"": ""O"", ""occu"": 1.0}], ""abc"": [0.5, -0.0, 0.0], ""properties"": {""magmom"": -0.0}, ""label"": ""O"", ""xyz"": [2.487437485, 0.0, 1.43612284]}, {""species"": [{""element"": ""O"", ""occu"": 1.0}], ""abc"": [-0.0, -0.0, 0.0], ""properties"": {""magmom"": -0.0}, ""label"": ""O"", ""xyz"": [0.0, 0.0, 0.0]}, {""species"": [{""element"": ""O"", ""occu"": 1.0}], ""abc"": [-0.0, -0.0, 0.5], ""properties"": {""magmom"": -0.0}, ""label"": ""O"", ""xyz"": [0.0, 0.0, 2.8722451749999998]}]}",0.0,4.273499999999999,92.213,0.0
