input_cif,action_prompt,output_cif
mp-1013842.cif,Add one Sn at [7.38150459 0.9454405  3.41684617] to the cif file.,mp-1013842_processed.cif
mp-1015026.cif,Add one Os at [0.34947225 0.93919864 0.26124393] to the cif file.,mp-1015026_processed.cif
mp-1016569.cif,Add one Y at [0.98680772 4.12177926 0.90479998] to the cif file.,mp-1016569_processed.cif
mp-1016660.cif,Add one Re at [4.17054523 3.99921658 6.18541394] to the cif file.,mp-1016660_processed.cif
mp-1020181.cif,Add one Pu at [4.91631697 5.81113054 7.41178573] to the cif file.,mp-1020181_processed.cif
mp-1020716.cif,Add one Rf at [0.68115976 0.82153436 2.95876586] to the cif file.,mp-1020716_processed.cif
mp-1021278.cif,Add one Sg at [4.65343648 1.45585614 1.82768202] to the cif file.,mp-1021278_processed.cif
mp-1021658.cif,Add one Se at [3.49262214 0.36552261 6.30288387] to the cif file.,mp-1021658_processed.cif
mp-1021682.cif,Add one Am at [1.80015248 3.34246345 6.16977999] to the cif file.,mp-1021682_processed.cif
mp-1022203.cif,Add one Mn at [4.10254879 4.48363568 3.6442984 ] to the cif file.,mp-1022203_processed.cif
mp-1026634.cif,Add one Sg at [4.60194651 2.72868866 6.65786851] to the cif file.,mp-1026634_processed.cif
mp-1026773.cif,Add one Sb at [-1.11276077  2.57659993  5.98439287] to the cif file.,mp-1026773_processed.cif
mp-1026775.cif,Add one Tb at [1.46195266 4.52185633 3.44757851] to the cif file.,mp-1026775_processed.cif
mp-1026818.cif,Add one Rh at [0.71961376 3.87613858 4.94207393] to the cif file.,mp-1026818_processed.cif
mp-1026852.cif,Add one Nh at [4.20113102 2.95617016 4.84770578] to the cif file.,mp-1026852_processed.cif
mp-1026901.cif,Add one Lu at [3.86045968 3.26797456 2.1985987 ] to the cif file.,mp-1026901_processed.cif
mp-1027134.cif,Add one Pr at [ 2.5769158   1.24115152 25.3706596 ] to the cif file.,mp-1027134_processed.cif
mp-1027152.cif,Add one Zn at [2.60466992 0.0706001  2.69300986] to the cif file.,mp-1027152_processed.cif
mp-1027852.cif,Add one Ac at [2.19637171 0.03526402 3.62237395] to the cif file.,mp-1027852_processed.cif
mp-1027965.cif,Add one Sb at [0.61529156 5.28496573 8.19169101] to the cif file.,mp-1027965_processed.cif
mp-1027971.cif,Add one Db at [0.67759681 2.69673261 0.12976991] to the cif file.,mp-1027971_processed.cif
mp-1028124.cif,Add one Ho at [4.48980152 1.16881375 9.95456051] to the cif file.,mp-1028124_processed.cif
mp-1028136.cif,Add one Lr at [2.90649481 0.52188199 1.32974441] to the cif file.,mp-1028136_processed.cif
mp-1028229.cif,Add one Ag at [0.69582562 4.01087053 3.96284874] to the cif file.,mp-1028229_processed.cif
mp-1028374.cif,Add one Ho at [3.75026452 0.18887498 2.87527991] to the cif file.,mp-1028374_processed.cif
mp-1028383.cif,Add one Ag at [0.01430443 3.60640402 5.09991646] to the cif file.,mp-1028383_processed.cif
mp-1028854.cif,Add one Se at [ 0.2492006   1.97434817 20.67457153] to the cif file.,mp-1028854_processed.cif
mp-1029113.cif,Add one Am at [ 1.53482651  0.0283391  16.00878447] to the cif file.,mp-1029113_processed.cif
mp-1029368.cif,Add one Gd at [1.85513781 4.59723665 2.14735716] to the cif file.,mp-1029368_processed.cif
mp-1031131.cif,Add one Hg at [6.43718938 0.85702369 1.12704312] to the cif file.,mp-1031131_processed.cif
mp-1032360.cif,Add one Ag at [3.66723193 2.49834133 4.30635325] to the cif file.,mp-1032360_processed.cif
mp-1033383.cif,Add one Nd at [7.26537859 3.74390444 0.11643395] to the cif file.,mp-1033383_processed.cif
mp-1034355.cif,Add one Bh at [0.07557164 6.61397847 1.31731637] to the cif file.,mp-1034355_processed.cif
mp-1035597.cif,Add one Pd at [3.56066778 4.73457275 2.18014346] to the cif file.,mp-1035597_processed.cif
mp-1035800.cif,Add one Na at [3.01944952 4.54777567 0.50611487] to the cif file.,mp-1035800_processed.cif
mp-1037450.cif,Add one Ar at [7.82775661 4.76249877 6.69436834] to the cif file.,mp-1037450_processed.cif
mp-1038247.cif,Add one Cf at [0.33380374 6.94192816 6.30738141] to the cif file.,mp-1038247_processed.cif
mp-1038590.cif,Add one Co at [1.64668581 4.62920505 5.17983213] to the cif file.,mp-1038590_processed.cif
mp-1038638.cif,Add one Rb at [7.50684361 1.63697377 0.5051993 ] to the cif file.,mp-1038638_processed.cif
mp-1039951.cif,Add one H at [1.32872846 8.29218614 1.43184428] to the cif file.,mp-1039951_processed.cif
mp-1040370.cif,Add one Na at [1.39458749 8.34116182 0.98194681] to the cif file.,mp-1040370_processed.cif
mp-1041045.cif,Add one Pa at [11.63690125  4.2546825  14.22464743] to the cif file.,mp-1041045_processed.cif
mp-1041056.cif,Add one Rh at [0.23818516 0.02048216 3.25230252] to the cif file.,mp-1041056_processed.cif
mp-1041213.cif,Add one Na at [ 8.13746769 10.33736854  8.1608666 ] to the cif file.,mp-1041213_processed.cif
mp-1042028.cif,Add one Ac at [1.47973809 0.21341234 1.13938696] to the cif file.,mp-1042028_processed.cif
mp-1042158.cif,Add one Hg at [0.37454499 3.21298736 5.93440841] to the cif file.,mp-1042158_processed.cif
mp-1042205.cif,Add one Be at [2.43463987 3.32390595 1.81043787] to the cif file.,mp-1042205_processed.cif
mp-1042378.cif,Add one Al at [ 3.66453569  0.37706693 10.64977946] to the cif file.,mp-1042378_processed.cif
mp-1042415.cif,Add one Eu at [ 3.04952285  7.09135327 13.85624853] to the cif file.,mp-1042415_processed.cif
mp-1042656.cif,Add one Li at [1.49623793 6.24626352 9.34724803] to the cif file.,mp-1042656_processed.cif
mp-1042677.cif,Add one U at [ 2.44799423 -2.97940202  9.35782372] to the cif file.,mp-1042677_processed.cif
mp-1042685.cif,Add one Pm at [-1.06660159  5.69551575  7.26721276] to the cif file.,mp-1042685_processed.cif
mp-1042896.cif,Add one La at [5.41444505 5.27350647 4.04478629] to the cif file.,mp-1042896_processed.cif
mp-1043828.cif,Add one W at [3.38738229 4.49547064 0.48740306] to the cif file.,mp-1043828_processed.cif
mp-1044049.cif,Add one Eu at [ 5.54033568  1.99384323 11.14357636] to the cif file.,mp-1044049_processed.cif
mp-1044636.cif,Add one Br at [2.18927195 6.61251885 3.37085176] to the cif file.,mp-1044636_processed.cif
mp-1045786.cif,Add one Ca at [2.92377568 4.46702562 2.41656957] to the cif file.,mp-1045786_processed.cif
mp-1045992.cif,Add one Nh at [1.47481218 5.05215205 8.29392109] to the cif file.,mp-1045992_processed.cif
mp-1046286.cif,Add one Cu at [15.31699249  4.27864676  3.86389165] to the cif file.,mp-1046286_processed.cif
mp-1047007.cif,Add one Te at [4.26914879 4.29964637 3.37603702] to the cif file.,mp-1047007_processed.cif
mp-1047085.cif,Add one Mo at [18.12622763  4.41634222  0.70093069] to the cif file.,mp-1047085_processed.cif
mp-1047504.cif,Add one Hf at [ 2.216328   -0.2632878   1.58731671] to the cif file.,mp-1047504_processed.cif
mp-1047641.cif,Add one Pr at [1.21318903 2.43232171 8.44496545] to the cif file.,mp-1047641_processed.cif
mp-1047798.cif,Add one Mg at [4.8558042  2.53100494 7.72129727] to the cif file.,mp-1047798_processed.cif
mp-1048141.cif,Add one Lr at [2.85805669 2.35120549 3.63169367] to the cif file.,mp-1048141_processed.cif
mp-1048241.cif,Add one He at [3.63340403 6.15781706 7.1062781 ] to the cif file.,mp-1048241_processed.cif
mp-1048742.cif,Add one Ga at [ 1.9433571  -1.34071328  3.47763167] to the cif file.,mp-1048742_processed.cif
mp-1048819.cif,Add one Rb at [ 3.80810394  2.33786027 10.14031448] to the cif file.,mp-1048819_processed.cif
mp-10543.cif,Add one Fl at [-0.12741433  1.70607602  1.05327837] to the cif file.,mp-10543_processed.cif
mp-1073454.cif,Add one Rb at [2.1854492  1.54713711 3.39960762] to the cif file.,mp-1073454_processed.cif
mp-1073857.cif,Add one Nd at [-1.74132708  3.47695057  4.37727122] to the cif file.,mp-1073857_processed.cif
mp-1074382.cif,Add one B at [-0.28027543 -2.61291707  5.82564306] to the cif file.,mp-1074382_processed.cif
mp-1075115.cif,Add one Ge at [ 5.430045   -1.43144678  3.27993811] to the cif file.,mp-1075115_processed.cif
mp-1076171.cif,Add one Rn at [5.20687646 0.89513584 0.86058996] to the cif file.,mp-1076171_processed.cif
mp-1076264.cif,Add one Yb at [6.85687401 1.14171027 6.06085969] to the cif file.,mp-1076264_processed.cif
mp-1080179.cif,Add one Y at [2.03818251 0.04108256 5.96582268] to the cif file.,mp-1080179_processed.cif
mp-1080349.cif,Add one Fm at [-0.57830371 -1.3511797  11.31418966] to the cif file.,mp-1080349_processed.cif
mp-1080354.cif,Add one Zn at [4.48533993 2.06384723 2.47873564] to the cif file.,mp-1080354_processed.cif
mp-1080713.cif,Add one Og at [2.74310736 0.7443077  1.92198771] to the cif file.,mp-1080713_processed.cif
mp-1094804.cif,Add one As at [2.30202127 1.51228812 4.65175953] to the cif file.,mp-1094804_processed.cif
mp-1095083.cif,Add one La at [6.10650077 3.86781798 1.2578042 ] to the cif file.,mp-1095083_processed.cif
mp-1095476.cif,Add one Cn at [3.25019911 1.68790018 2.52734209] to the cif file.,mp-1095476_processed.cif
mp-1095575.cif,Add one Sb at [-0.96240294 -0.08954047  2.89092608] to the cif file.,mp-1095575_processed.cif
mp-1095585.cif,Add one Fm at [ 3.72570221  0.84077201 10.97464708] to the cif file.,mp-1095585_processed.cif
mp-1095643.cif,Add one Y at [1.56565689 4.16188418 0.76732701] to the cif file.,mp-1095643_processed.cif
mp-1095675.cif,Add one S at [3.37648488 3.28911784 1.35659376] to the cif file.,mp-1095675_processed.cif
mp-1095677.cif,Add one Mo at [0.21666115 4.34037316 5.7596103 ] to the cif file.,mp-1095677_processed.cif
mp-1096913.cif,Add one C at [0.58352754 3.16306696 1.30663379] to the cif file.,mp-1096913_processed.cif
mp-1099100.cif,Add one B at [1.58387223 2.83467634 2.38675065] to the cif file.,mp-1099100_processed.cif
mp-1100340.cif,Add one Zn at [3.17720033 4.32263488 3.33816657] to the cif file.,mp-1100340_processed.cif
mp-1100512.cif,Add one Re at [3.40578095 4.80110933 4.83539434] to the cif file.,mp-1100512_processed.cif
mp-1100602.cif,Add one V at [1.03410957 4.07528301 6.14949897] to the cif file.,mp-1100602_processed.cif
mp-1100645.cif,Add one Ce at [ 7.67971778  1.73384085 13.63318604] to the cif file.,mp-1100645_processed.cif
mp-1100655.cif,Add one Cm at [10.56772136  2.0763674   1.30437425] to the cif file.,mp-1100655_processed.cif
mp-1100709.cif,Add one Ga at [ 2.03898918 -0.16569208  1.60978943] to the cif file.,mp-1100709_processed.cif
mp-1100895.cif,Add one Dy at [3.38628898 4.74812192 2.2097257 ] to the cif file.,mp-1100895_processed.cif
mp-1101365.cif,Add one Bk at [5.42121359 5.13787494 3.82290498] to the cif file.,mp-1101365_processed.cif
mp-1101490.cif,Add one I at [5.98250627 1.86794078 8.06417   ] to the cif file.,mp-1101490_processed.cif
mp-1101729.cif,Add one Ru at [8.48164774 4.76291662 8.68704594] to the cif file.,mp-1101729_processed.cif
mp-1101899.cif,Add one Mg at [-1.839887    3.75818616  3.84301224] to the cif file.,mp-1101899_processed.cif
mp-1102433.cif,Add one No at [1.39412404 1.20565841 3.15668902] to the cif file.,mp-1102433_processed.cif
mp-1102534.cif,Add one Os at [1.6666996  4.29665626 2.91604059] to the cif file.,mp-1102534_processed.cif
mp-1102795.cif,Add one Al at [3.60095658 1.86573864 7.62810074] to the cif file.,mp-1102795_processed.cif
mp-1102865.cif,Add one Ce at [0.23014511 0.67704601 3.87022494] to the cif file.,mp-1102865_processed.cif
mp-1102948.cif,Add one Sc at [3.88621357 0.10383196 0.75909453] to the cif file.,mp-1102948_processed.cif
mp-1102963.cif,Add one Pu at [1.82740548 5.30831264 4.90155786] to the cif file.,mp-1102963_processed.cif
mp-1103212.cif,Add one Co at [0.58146973 5.05011141 3.02161259] to the cif file.,mp-1103212_processed.cif
mp-1103303.cif,Add one Md at [2.06103293 4.06782268 3.23453018] to the cif file.,mp-1103303_processed.cif
mp-1103651.cif,Add one Mo at [1.8464654  1.65019885 9.82110749] to the cif file.,mp-1103651_processed.cif
mp-1104386.cif,Add one Ho at [7.88991505 6.32999923 3.69469989] to the cif file.,mp-1104386_processed.cif
mp-1104404.cif,Add one Pr at [5.83203661 3.44481477 4.0318869 ] to the cif file.,mp-1104404_processed.cif
mp-1104448.cif,Add one Pd at [0.9732056  5.55328686 0.97341173] to the cif file.,mp-1104448_processed.cif
mp-1105372.cif,Add one Xe at [3.43926063 0.31215484 3.13890089] to the cif file.,mp-1105372_processed.cif
mp-1105581.cif,Add one Cn at [2.44886195 0.57095533 1.60350306] to the cif file.,mp-1105581_processed.cif
mp-1105587.cif,Add one Th at [4.84444321 7.42138748 1.31332041] to the cif file.,mp-1105587_processed.cif
mp-1105631.cif,Add one Sn at [4.1556416  2.35833554 7.13520742] to the cif file.,mp-1105631_processed.cif
mp-1105736.cif,Add one Rb at [0.65013114 2.18919812 0.55138581] to the cif file.,mp-1105736_processed.cif
mp-1105952.cif,Add one Be at [0.69217765 7.49559682 3.62142288] to the cif file.,mp-1105952_processed.cif
mp-1105985.cif,Add one Cr at [21.40122002  3.53798224  4.27856576] to the cif file.,mp-1105985_processed.cif
mp-1106159.cif,Add one Bk at [4.84882602 0.43756146 3.79539297] to the cif file.,mp-1106159_processed.cif
mp-1110626.cif,Add one Rn at [7.54479204 4.77793746 3.04565064] to the cif file.,mp-1110626_processed.cif
mp-1110754.cif,Add one In at [9.59095526 2.1117774  2.5103833 ] to the cif file.,mp-1110754_processed.cif
mp-1111211.cif,Add one Rn at [12.66121038  6.08812822  2.50368443] to the cif file.,mp-1111211_processed.cif
mp-1111610.cif,Add one Br at [3.29636413 1.24656236 1.59222441] to the cif file.,mp-1111610_processed.cif
mp-1111940.cif,Add one Cr at [4.24510428 4.77363567 1.03901646] to the cif file.,mp-1111940_processed.cif
mp-1112257.cif,Add one Cn at [4.09749911 2.74263397 2.92667778] to the cif file.,mp-1112257_processed.cif
mp-1112416.cif,Add one Cn at [4.8574424  3.81596775 2.32359737] to the cif file.,mp-1112416_processed.cif
mp-11143.cif,Add one P at [2.42815789 1.94329484 5.30332434] to the cif file.,mp-11143_processed.cif
mp-11145.cif,Add one Os at [-1.12662774  5.63227347  3.31499481] to the cif file.,mp-11145_processed.cif
mp-1120749.cif,Add one Ti at [2.8023101  0.64188402 1.51108235] to the cif file.,mp-1120749_processed.cif
mp-11250.cif,Add one Kr at [3.34687421 1.48931406 7.20077339] to the cif file.,mp-11250_processed.cif
mp-1157680.cif,Add one He at [5.76998233 5.16874165 1.66765284] to the cif file.,mp-1157680_processed.cif
mp-1173361.cif,Add one Zr at [-1.44198757  3.15859036  4.69874773] to the cif file.,mp-1173361_processed.cif
mp-1173548.cif,Add one Bh at [ 2.39821897  2.93518477 10.74363891] to the cif file.,mp-1173548_processed.cif
mp-1173561.cif,Add one I at [9.96272931 2.77892664 0.05119601] to the cif file.,mp-1173561_processed.cif
mp-1173706.cif,Add one Ac at [0.39014021 1.26685412 9.94677627] to the cif file.,mp-1173706_processed.cif
mp-1173883.cif,Add one Sc at [0.27815359 1.90131265 4.94202043] to the cif file.,mp-1173883_processed.cif
mp-1174010.cif,Add one Rh at [1.16740383 0.52952824 3.65534247] to the cif file.,mp-1174010_processed.cif
mp-1174079.cif,Add one Rb at [-0.21200718 -0.03064719  1.85458519] to the cif file.,mp-1174079_processed.cif
mp-1174299.cif,Add one Cn at [4.34918305 0.43660954 2.837828  ] to the cif file.,mp-1174299_processed.cif
mp-1174536.cif,Add one B at [1.26392421 9.24925158 8.15597067] to the cif file.,mp-1174536_processed.cif
mp-1174549.cif,Add one Mc at [ 4.91835443  2.77714262 16.89821364] to the cif file.,mp-1174549_processed.cif
mp-1174561.cif,Add one Ge at [2.26007725 0.81689142 1.86122582] to the cif file.,mp-1174561_processed.cif
mp-1174631.cif,Add one Sm at [-1.80048632  0.67060613  6.25575502] to the cif file.,mp-1174631_processed.cif
mp-1174708.cif,Add one Lv at [0.67759318 2.94444693 3.14920821] to the cif file.,mp-1174708_processed.cif
mp-1175060.cif,Add one Rh at [-0.04603384  1.42095906  2.35658307] to the cif file.,mp-1175060_processed.cif
mp-1175670.cif,Add one Ni at [4.39713715 4.13145316 5.30065703] to the cif file.,mp-1175670_processed.cif
mp-1175676.cif,Add one C at [3.09445378 5.73032073 7.26469751] to the cif file.,mp-1175676_processed.cif
mp-1175716.cif,Add one Tc at [13.43794719  4.91691435  3.34431268] to the cif file.,mp-1175716_processed.cif
mp-1176074.cif,Add one Pb at [ 2.1902545  11.02416969  7.30676948] to the cif file.,mp-1176074_processed.cif
mp-1176243.cif,Add one Pr at [3.79379918 0.51002886 3.19842865] to the cif file.,mp-1176243_processed.cif
mp-1176471.cif,Add one Ds at [5.29234932 1.29985449 5.64485407] to the cif file.,mp-1176471_processed.cif
mp-1176486.cif,Add one W at [16.07219604  7.69995548  6.99323944] to the cif file.,mp-1176486_processed.cif
mp-1176593.cif,Add one Cr at [6.09426781 6.60076067 8.76679869] to the cif file.,mp-1176593_processed.cif
mp-1176664.cif,Add one I at [0.36281471 2.63024692 8.52678592] to the cif file.,mp-1176664_processed.cif
mp-1176678.cif,Add one Xe at [0.42858579 3.00210583 4.34561264] to the cif file.,mp-1176678_processed.cif
mp-1176692.cif,Add one Bk at [3.32789355 2.8284812  2.00489702] to the cif file.,mp-1176692_processed.cif
mp-1176965.cif,Add one Ts at [1.39890703 5.24029849 1.7859956 ] to the cif file.,mp-1176965_processed.cif
mp-1177279.cif,Add one Ne at [3.94055969 4.71593043 5.68543093] to the cif file.,mp-1177279_processed.cif
mp-1177537.cif,Add one Es at [0.77334843 0.28955166 5.39651022] to the cif file.,mp-1177537_processed.cif
mp-1177559.cif,Add one Hs at [1.5194539  6.94618091 5.19906485] to the cif file.,mp-1177559_processed.cif
mp-1177564.cif,Add one Cn at [4.52065484 0.22755272 8.8222485 ] to the cif file.,mp-1177564_processed.cif
mp-1177801.cif,Add one Se at [4.00755772 1.80971186 0.15322468] to the cif file.,mp-1177801_processed.cif
mp-1178026.cif,Add one Ni at [-3.17332628  0.54802289  4.95464268] to the cif file.,mp-1178026_processed.cif
mp-1178085.cif,Add one Ru at [2.7386117  3.81707826 0.64842907] to the cif file.,mp-1178085_processed.cif
mp-1178148.cif,Add one N at [0.74727709 4.54174478 4.01496939] to the cif file.,mp-1178148_processed.cif
mp-1178259.cif,Add one Rn at [7.29595937 2.65851949 5.24066342] to the cif file.,mp-1178259_processed.cif
mp-1178586.cif,Add one Zr at [9.77777598 2.56565333 8.75889099] to the cif file.,mp-1178586_processed.cif
mp-1180130.cif,Add one No at [1.14092515 6.39180126 0.55262593] to the cif file.,mp-1180130_processed.cif
mp-1180252.cif,Add one W at [0.95913334 6.93401211 4.12921116] to the cif file.,mp-1180252_processed.cif
mp-1180744.cif,Add one Tb at [1.75050832 5.63302253 0.52880618] to the cif file.,mp-1180744_processed.cif
mp-1180763.cif,Add one Tc at [-2.38632686  7.49407576  2.97749305] to the cif file.,mp-1180763_processed.cif
mp-1181255.cif,Add one Rn at [6.68135123 4.0222974  7.15725847] to the cif file.,mp-1181255_processed.cif
mp-1181584.cif,Add one Hf at [22.1573446   2.02677237  2.39672825] to the cif file.,mp-1181584_processed.cif
mp-1182011.cif,Add one Na at [7.34395466 4.15520708 7.82640673] to the cif file.,mp-1182011_processed.cif
mp-1182045.cif,Add one Rh at [11.25248319  3.34188694  5.60373848] to the cif file.,mp-1182045_processed.cif
mp-1182066.cif,Add one At at [4.28439322 8.27385234 1.14037358] to the cif file.,mp-1182066_processed.cif
mp-1182302.cif,Add one Ce at [ 1.99715403 14.66097737  4.92625128] to the cif file.,mp-1182302_processed.cif
mp-1182516.cif,Add one Rg at [2.43407895 1.6787552  0.83171376] to the cif file.,mp-1182516_processed.cif
mp-1182952.cif,Add one Mc at [0.06994914 1.50370577 4.16413487] to the cif file.,mp-1182952_processed.cif
mp-1182993.cif,Add one Nd at [4.65600293 4.88866726 3.15464135] to the cif file.,mp-1182993_processed.cif
mp-1185691.cif,Add one Rn at [3.34978046 8.97517069 4.61466187] to the cif file.,mp-1185691_processed.cif
mp-1185729.cif,Add one Ar at [-1.27613296  0.33387997  4.43730237] to the cif file.,mp-1185729_processed.cif
mp-1185730.cif,Add one Ra at [-1.06030863  8.28890641  0.27567965] to the cif file.,mp-1185730_processed.cif
mp-1186069.cif,Add one K at [3.56203579 4.38516144 0.41664603] to the cif file.,mp-1186069_processed.cif
mp-1188168.cif,Add one Fl at [3.8744918  2.28701546 7.10069685] to the cif file.,mp-1188168_processed.cif
mp-1188839.cif,Add one Ne at [ 1.6605739   1.17190209 17.44748489] to the cif file.,mp-1188839_processed.cif
mp-1189137.cif,Add one Ru at [ 1.58969591 11.35251401  5.61571   ] to the cif file.,mp-1189137_processed.cif
mp-1189325.cif,Add one Sm at [6.27619453 3.43016264 0.58665328] to the cif file.,mp-1189325_processed.cif
mp-1189617.cif,Add one Og at [-0.38801686 -3.58949553  6.82753405] to the cif file.,mp-1189617_processed.cif
mp-1190360.cif,Add one Pu at [4.43482458 1.34886798 0.39343999] to the cif file.,mp-1190360_processed.cif
mp-1190450.cif,Add one Re at [-0.10302774  3.20497167  3.92660491] to the cif file.,mp-1190450_processed.cif
mp-1190471.cif,Add one Ga at [5.12633385 0.82244348 3.19887313] to the cif file.,mp-1190471_processed.cif
mp-1190593.cif,Add one In at [0.69367478 1.76467569 2.05800874] to the cif file.,mp-1190593_processed.cif
mp-1190765.cif,Add one F at [-0.7067607  -0.2954096   3.59677756] to the cif file.,mp-1190765_processed.cif
mp-1190906.cif,Add one Pm at [1.08719676 5.30599882 4.76720854] to the cif file.,mp-1190906_processed.cif
mp-1191263.cif,Add one Cd at [3.76706855 1.98977427 0.84704927] to the cif file.,mp-1191263_processed.cif
mp-1191575.cif,Add one Hf at [5.98116511 5.9690202  6.10798923] to the cif file.,mp-1191575_processed.cif
mp-1191633.cif,Add one Be at [0.356325   3.38287215 0.86952121] to the cif file.,mp-1191633_processed.cif
mp-1191681.cif,Add one Sb at [2.04091014 3.09088867 2.74838079] to the cif file.,mp-1191681_processed.cif
mp-1192077.cif,Add one Ti at [1.51859441 4.70227999 2.30301664] to the cif file.,mp-1192077_processed.cif
mp-1192111.cif,Add one Fr at [1.82139116 2.92823585 1.83317501] to the cif file.,mp-1192111_processed.cif
mp-1192527.cif,Add one Y at [3.28081984 2.02084424 0.17018804] to the cif file.,mp-1192527_processed.cif
mp-1192550.cif,Add one Cs at [ 5.9343643   5.63266535 10.03540203] to the cif file.,mp-1192550_processed.cif
mp-1192556.cif,Add one Rh at [ 0.25115796  5.15493462 10.5656794 ] to the cif file.,mp-1192556_processed.cif
mp-1192588.cif,Add one Kr at [4.41090254 0.23823959 5.66672072] to the cif file.,mp-1192588_processed.cif
mp-1192755.cif,Add one Rg at [ 5.47257551 -0.3387767   2.74691771] to the cif file.,mp-1192755_processed.cif
mp-1192984.cif,Add one Nb at [4.24818401 0.12765108 4.19002473] to the cif file.,mp-1192984_processed.cif
mp-1193276.cif,Add one Pa at [2.00663477 4.59195304 5.38223319] to the cif file.,mp-1193276_processed.cif
mp-1193461.cif,Add one Ga at [ 2.76252508  1.1193074  16.47595519] to the cif file.,mp-1193461_processed.cif
mp-1193658.cif,Add one Pd at [3.44284922 8.57120341 4.47655244] to the cif file.,mp-1193658_processed.cif
mp-1193669.cif,Add one Al at [1.07880638 2.56830134 7.8859172 ] to the cif file.,mp-1193669_processed.cif
mp-1193753.cif,Add one Rf at [3.28148673 1.71097435 5.01609041] to the cif file.,mp-1193753_processed.cif
mp-1194315.cif,Add one Pd at [-5.98642254  3.71991264  4.21436789] to the cif file.,mp-1194315_processed.cif
mp-1194467.cif,Add one Cd at [4.56709069 2.89245357 4.06140617] to the cif file.,mp-1194467_processed.cif
mp-1194648.cif,Add one Mc at [3.11771561 3.99994422 8.36803173] to the cif file.,mp-1194648_processed.cif
mp-1194808.cif,Add one Rb at [3.77808711 7.72460048 5.20797525] to the cif file.,mp-1194808_processed.cif
mp-1194897.cif,Add one Cr at [7.54055557 3.0033366  3.89787264] to the cif file.,mp-1194897_processed.cif
mp-1194954.cif,Add one Pd at [6.20701684 3.83667546 9.2737016 ] to the cif file.,mp-1194954_processed.cif
mp-1195087.cif,Add one Sg at [3.86166693 6.52362537 5.60103277] to the cif file.,mp-1195087_processed.cif
mp-1195106.cif,Add one La at [1.30893611 5.48470844 1.99342083] to the cif file.,mp-1195106_processed.cif
mp-1195319.cif,Add one Si at [-0.22370647  1.82060642  1.58055937] to the cif file.,mp-1195319_processed.cif
mp-1195337.cif,Add one Nd at [5.83826565 2.1959255  3.09292228] to the cif file.,mp-1195337_processed.cif
mp-1195540.cif,Add one Ds at [-3.52804513  7.13141735  0.08489883] to the cif file.,mp-1195540_processed.cif
mp-1195827.cif,Add one Gd at [4.65637527 7.2879845  9.56964602] to the cif file.,mp-1195827_processed.cif
mp-1195929.cif,Add one Xe at [7.14664841 4.02551178 2.70318866] to the cif file.,mp-1195929_processed.cif
mp-1195965.cif,Add one Li at [2.96413234 5.07436159 5.63661219] to the cif file.,mp-1195965_processed.cif
mp-1195967.cif,Add one Er at [1.20476015 4.25573461 1.00193392] to the cif file.,mp-1195967_processed.cif
mp-1196244.cif,Add one In at [5.86158207 0.92916451 7.8452264 ] to the cif file.,mp-1196244_processed.cif
mp-1196468.cif,Add one Zr at [2.09311376 1.90312441 4.63141446] to the cif file.,mp-1196468_processed.cif
mp-1196513.cif,Add one Pr at [7.10419651 3.4885872  9.99725802] to the cif file.,mp-1196513_processed.cif
mp-1196514.cif,Add one Cu at [ 4.11069313 11.63706784  2.98784931] to the cif file.,mp-1196514_processed.cif
mp-1197108.cif,Add one Co at [-0.38850049 10.09157656  8.5536175 ] to the cif file.,mp-1197108_processed.cif
mp-1197227.cif,Add one Kr at [6.64102593 5.35030623 1.087952  ] to the cif file.,mp-1197227_processed.cif
mp-1197238.cif,Add one Bh at [1.61447785 8.62051481 8.76733752] to the cif file.,mp-1197238_processed.cif
mp-1197636.cif,Add one Cf at [1.86982494 3.88669002 1.64551921] to the cif file.,mp-1197636_processed.cif
mp-1197877.cif,Add one Ni at [ 6.72189289  6.0926817  14.63812109] to the cif file.,mp-1197877_processed.cif
mp-1198057.cif,Add one As at [ 2.68848666  2.00199028 14.82914879] to the cif file.,mp-1198057_processed.cif
mp-1198140.cif,Add one Sr at [ 3.8227872   3.85089675 11.37057858] to the cif file.,mp-1198140_processed.cif
mp-1198411.cif,Add one Sr at [4.43723716 6.53132138 0.45163233] to the cif file.,mp-1198411_processed.cif
mp-1198574.cif,Add one V at [7.15140743 0.36848042 6.22406609] to the cif file.,mp-1198574_processed.cif
mp-1198593.cif,Add one Md at [9.63796079 4.04380199 2.12661679] to the cif file.,mp-1198593_processed.cif
mp-1198603.cif,Add one In at [4.18918904 2.44314649 1.38196694] to the cif file.,mp-1198603_processed.cif
mp-1198841.cif,Add one Bh at [ 3.58467215  5.24887406 14.50315218] to the cif file.,mp-1198841_processed.cif
mp-1199018.cif,Add one Md at [ 0.77534371  3.81231685 12.46806081] to the cif file.,mp-1199018_processed.cif
mp-1199088.cif,Add one Re at [-2.69399114  3.6696373   8.23198953] to the cif file.,mp-1199088_processed.cif
mp-1199566.cif,Add one I at [-0.57961257  8.32601473  6.90981671] to the cif file.,mp-1199566_processed.cif
mp-1199672.cif,Add one B at [4.64195156 6.4395735  0.859318  ] to the cif file.,mp-1199672_processed.cif
mp-1200359.cif,Add one Mn at [1.65286687 8.42084127 3.38874534] to the cif file.,mp-1200359_processed.cif
mp-1200542.cif,Add one Ni at [15.35441132  3.65319182  2.82143475] to the cif file.,mp-1200542_processed.cif
mp-1200692.cif,Add one Ga at [ 2.88776275  0.94020325 12.22628968] to the cif file.,mp-1200692_processed.cif
mp-1200758.cif,Add one Md at [12.02860723  9.55648815  7.28578171] to the cif file.,mp-1200758_processed.cif
mp-1201497.cif,Add one Os at [3.44119189 2.84054169 2.22529488] to the cif file.,mp-1201497_processed.cif
mp-1201607.cif,Add one Tb at [ 0.84926008  1.96258376 15.44916912] to the cif file.,mp-1201607_processed.cif
mp-1201876.cif,Add one C at [2.76185525 0.500086   6.09197474] to the cif file.,mp-1201876_processed.cif
mp-1201895.cif,Add one O at [4.19690397 5.62832205 3.62471324] to the cif file.,mp-1201895_processed.cif
mp-1202389.cif,Add one Rg at [5.16795821 4.59816044 5.72214622] to the cif file.,mp-1202389_processed.cif
mp-1202709.cif,Add one Ba at [6.12075359 3.29719026 1.45060486] to the cif file.,mp-1202709_processed.cif
mp-1202898.cif,Add one Kr at [4.08181825 3.70490528 6.64619072] to the cif file.,mp-1202898_processed.cif
mp-1202901.cif,Add one Ga at [10.47509152  0.8797849   8.45435516] to the cif file.,mp-1202901_processed.cif
mp-1203035.cif,Add one Sr at [4.26749768 1.7612206  2.49382976] to the cif file.,mp-1203035_processed.cif
mp-1203146.cif,Add one La at [4.03735234 3.31874217 0.79605919] to the cif file.,mp-1203146_processed.cif
mp-1203196.cif,Add one K at [10.26665218 10.45425168  8.80995912] to the cif file.,mp-1203196_processed.cif
mp-1203220.cif,Add one Ac at [7.21909251 6.92125719 6.71120568] to the cif file.,mp-1203220_processed.cif
mp-1203746.cif,Add one Cd at [21.33004552  6.08369725  8.48145196] to the cif file.,mp-1203746_processed.cif
mp-1203808.cif,Add one Tm at [7.44516665 5.76590278 0.75890016] to the cif file.,mp-1203808_processed.cif
mp-1203996.cif,Add one Ba at [0.64108715 2.7847416  4.49833811] to the cif file.,mp-1203996_processed.cif
mp-1204064.cif,Add one Mo at [10.44337687  2.58125051 10.70330937] to the cif file.,mp-1204064_processed.cif
mp-1204087.cif,Add one Gd at [-2.94777421  6.99988057  4.13655244] to the cif file.,mp-1204087_processed.cif
mp-1204178.cif,Add one Ga at [ 1.89401933  5.37051631 13.09318937] to the cif file.,mp-1204178_processed.cif
mp-1204195.cif,Add one Fr at [4.75085641 0.97232094 1.99666852] to the cif file.,mp-1204195_processed.cif
mp-1204482.cif,Add one Be at [3.87225822 1.41693205 6.84307692] to the cif file.,mp-1204482_processed.cif
mp-1204573.cif,Add one Rn at [ 7.10128632  2.12767515 21.4594788 ] to the cif file.,mp-1204573_processed.cif
mp-1204620.cif,Add one Sm at [8.23172482 2.52479979 0.77867851] to the cif file.,mp-1204620_processed.cif
mp-1204800.cif,Add one Cf at [3.99600688 1.98560368 8.26843216] to the cif file.,mp-1204800_processed.cif
mp-1205388.cif,Add one La at [11.27717164  4.67879943 13.2973764 ] to the cif file.,mp-1205388_processed.cif
mp-1205391.cif,Add one Rg at [3.00606996 4.61352261 7.09140435] to the cif file.,mp-1205391_processed.cif
mp-1205393.cif,Add one Rg at [7.68655853 4.55795264 5.36044914] to the cif file.,mp-1205393_processed.cif
mp-1205503.cif,Add one Lv at [-1.00490192  2.57135767  9.28628429] to the cif file.,mp-1205503_processed.cif
mp-1205523.cif,Add one K at [11.15092893  3.72543467  7.66123015] to the cif file.,mp-1205523_processed.cif
mp-1205660.cif,Add one Tm at [3.92198774 3.5146547  0.42028867] to the cif file.,mp-1205660_processed.cif
mp-1205745.cif,Add one Yb at [0.1475537  3.11813206 5.63892926] to the cif file.,mp-1205745_processed.cif
mp-1205771.cif,Add one Rb at [0.77826751 1.5357517  2.65333301] to the cif file.,mp-1205771_processed.cif
mp-1206201.cif,Add one Co at [2.07135384 3.08011354 0.99004728] to the cif file.,mp-1206201_processed.cif
mp-1206250.cif,Add one Zn at [0.01758427 3.52518371 0.26521524] to the cif file.,mp-1206250_processed.cif
mp-1206569.cif,Add one Mg at [0.38373313 3.52664694 4.70096854] to the cif file.,mp-1206569_processed.cif
mp-1206737.cif,Add one W at [7.72273536 5.20744357 3.78710554] to the cif file.,mp-1206737_processed.cif
mp-1207144.cif,Add one Fm at [1.67399349 6.20602226 2.25321441] to the cif file.,mp-1207144_processed.cif
mp-1207398.cif,Add one Te at [6.3770471  4.48411635 4.26603869] to the cif file.,mp-1207398_processed.cif
mp-1207522.cif,Add one Es at [3.20467195 2.07239845 4.48504931] to the cif file.,mp-1207522_processed.cif
mp-1207549.cif,Add one Gd at [4.72577643 7.77122732 9.22737408] to the cif file.,mp-1207549_processed.cif
mp-1207596.cif,Add one Db at [1.17775131 0.01140308 0.33338626] to the cif file.,mp-1207596_processed.cif
mp-1207733.cif,Add one Fe at [1.22476811 3.36531665 4.34821257] to the cif file.,mp-1207733_processed.cif
mp-1207797.cif,Add one Hf at [ 2.78228498 -0.82563847  3.07954764] to the cif file.,mp-1207797_processed.cif
mp-1207993.cif,Add one Pd at [4.52789034 2.28364    4.62614777] to the cif file.,mp-1207993_processed.cif
mp-1208058.cif,Add one Bk at [10.38310403  6.35348443  6.084774  ] to the cif file.,mp-1208058_processed.cif
mp-1208219.cif,Add one Au at [ 0.58277658  3.44157357 11.38901027] to the cif file.,mp-1208219_processed.cif
mp-1208275.cif,Add one Ce at [3.8511345  0.04048657 3.72128432] to the cif file.,mp-1208275_processed.cif
mp-1208331.cif,Add one Si at [4.37870885 1.1223452  4.59289865] to the cif file.,mp-1208331_processed.cif
mp-1208361.cif,Add one Dy at [4.01267616 5.88545047 1.12029124] to the cif file.,mp-1208361_processed.cif
mp-1208425.cif,Add one Tc at [ 7.2323292   1.97234376 10.82597121] to the cif file.,mp-1208425_processed.cif
mp-1208879.cif,Add one Lv at [3.46596503 1.3239897  7.88497847] to the cif file.,mp-1208879_processed.cif
mp-1209036.cif,Add one Lv at [4.61734595 0.72417617 3.34464482] to the cif file.,mp-1209036_processed.cif
mp-1209206.cif,Add one Co at [3.1938827  3.67256951 5.44052387] to the cif file.,mp-1209206_processed.cif
mp-1209348.cif,Add one Pa at [12.63152846  3.58656354  4.02109976] to the cif file.,mp-1209348_processed.cif
mp-1209483.cif,Add one Og at [ 3.65170584  2.21323996 12.11541484] to the cif file.,mp-1209483_processed.cif
mp-1209534.cif,Add one Ga at [ 6.32473311  2.11306319 11.47536348] to the cif file.,mp-1209534_processed.cif
mp-1209695.cif,Add one Ag at [ 5.84427585  1.27251859 13.4381365 ] to the cif file.,mp-1209695_processed.cif
mp-1210015.cif,Add one Pa at [6.14973712 3.00804024 5.61008612] to the cif file.,mp-1210015_processed.cif
mp-1210035.cif,Add one Cs at [4.88752264 7.25949893 6.96186945] to the cif file.,mp-1210035_processed.cif
mp-1210161.cif,Add one Hs at [-0.06903049  3.29749862  6.48654107] to the cif file.,mp-1210161_processed.cif
mp-1210237.cif,Add one Nb at [ 0.48272908 -0.56999851  3.73480901] to the cif file.,mp-1210237_processed.cif
mp-1210462.cif,Add one In at [-0.31740657  5.40975745  0.72572358] to the cif file.,mp-1210462_processed.cif
mp-1210502.cif,Add one Bi at [1.69428374 5.99570752 2.28223209] to the cif file.,mp-1210502_processed.cif
mp-1210518.cif,Add one Os at [5.39483461 5.26114358 6.19202758] to the cif file.,mp-1210518_processed.cif
mp-1210584.cif,Add one Er at [3.85808065 4.85059265 3.4435637 ] to the cif file.,mp-1210584_processed.cif
mp-1211181.cif,Add one Cs at [9.68786134 3.10884374 9.85800724] to the cif file.,mp-1211181_processed.cif
mp-1211192.cif,Add one Ba at [1.2308089  7.60634516 0.68272633] to the cif file.,mp-1211192_processed.cif
mp-1211198.cif,Add one Mo at [3.03175222 0.31022548 4.13015286] to the cif file.,mp-1211198_processed.cif
mp-1211303.cif,Add one Cf at [1.40423266 6.97017943 5.41606425] to the cif file.,mp-1211303_processed.cif
mp-1211402.cif,Add one B at [-0.68372313  7.26486973  2.70671406] to the cif file.,mp-1211402_processed.cif
mp-1211546.cif,Add one Kr at [6.91479955 4.52991406 1.12284643] to the cif file.,mp-1211546_processed.cif
mp-1211686.cif,Add one Cr at [ 1.93227149  2.18058965 18.25251847] to the cif file.,mp-1211686_processed.cif
mp-1211861.cif,Add one Bk at [-0.51833459 -1.66048358  4.42429263] to the cif file.,mp-1211861_processed.cif
mp-1211971.cif,Add one Au at [0.71225681 3.29824194 2.72922296] to the cif file.,mp-1211971_processed.cif
mp-1212118.cif,Add one W at [1.36138178 1.41823721 7.63317206] to the cif file.,mp-1212118_processed.cif
mp-1212387.cif,Add one Os at [0.69277469 1.25112039 4.81956638] to the cif file.,mp-1212387_processed.cif
mp-1212504.cif,Add one Rh at [ 4.19513004 10.84681876 10.12538351] to the cif file.,mp-1212504_processed.cif
mp-1212600.cif,Add one Er at [4.32901215 6.63636033 1.75295869] to the cif file.,mp-1212600_processed.cif
mp-1212621.cif,Add one Lr at [2.4703559  4.48107105 9.71737058] to the cif file.,mp-1212621_processed.cif
mp-1212645.cif,Add one N at [7.12622974 5.65476481 4.56463116] to the cif file.,mp-1212645_processed.cif
mp-1212670.cif,Add one Zn at [10.32456356  2.35712971  4.01701552] to the cif file.,mp-1212670_processed.cif
mp-1212757.cif,Add one F at [0.06512363 0.87384369 2.56414679] to the cif file.,mp-1212757_processed.cif
mp-1213080.cif,Add one Tl at [10.72133584  5.18007539  1.95653858] to the cif file.,mp-1213080_processed.cif
mp-1213206.cif,Add one S at [7.84575392 3.65564506 0.74282838] to the cif file.,mp-1213206_processed.cif
mp-1213529.cif,Add one Dy at [1.58535223 3.57798218 5.70674337] to the cif file.,mp-1213529_processed.cif
mp-1213562.cif,Add one Pm at [3.4449717  6.20955018 5.79755159] to the cif file.,mp-1213562_processed.cif
mp-1213790.cif,Add one Mg at [1.04849201 7.28261348 8.1973071 ] to the cif file.,mp-1213790_processed.cif
mp-1214336.cif,Add one Rg at [0.74277615 2.41357663 2.72518494] to the cif file.,mp-1214336_processed.cif
mp-1214464.cif,Add one Np at [5.63251627 3.70790349 2.98607699] to the cif file.,mp-1214464_processed.cif
mp-1214610.cif,Add one Og at [-0.13739552  0.45415956  2.37314109] to the cif file.,mp-1214610_processed.cif
mp-1214788.cif,Add one In at [ 0.71597518  4.03008381 18.37741775] to the cif file.,mp-1214788_processed.cif
mp-1214890.cif,Add one Re at [1.7481009  3.88909003 2.52545228] to the cif file.,mp-1214890_processed.cif
mp-1214936.cif,Add one Ds at [0.85041722 8.15190573 8.60235939] to the cif file.,mp-1214936_processed.cif
mp-1215141.cif,Add one Nb at [0.2934015  0.32448111 7.48499112] to the cif file.,mp-1215141_processed.cif
mp-1215289.cif,Add one Cu at [ 2.18388945  1.23524052 10.94846217] to the cif file.,mp-1215289_processed.cif
mp-1215601.cif,Add one Dy at [4.32968332 0.09785588 2.51077229] to the cif file.,mp-1215601_processed.cif
mp-1215607.cif,Add one Pt at [2.603261  3.2434171 2.0360306] to the cif file.,mp-1215607_processed.cif
mp-1215624.cif,Add one Rf at [0.89397745 0.50059804 1.70032169] to the cif file.,mp-1215624_processed.cif
mp-1215653.cif,Add one Fe at [3.3806665  2.54400647 6.86392133] to the cif file.,mp-1215653_processed.cif
mp-1215929.cif,Add one Xe at [-1.54534154  4.02506266  7.34790515] to the cif file.,mp-1215929_processed.cif
mp-1216177.cif,Add one Ds at [1.98041881 0.98415576 7.0596009 ] to the cif file.,mp-1216177_processed.cif
mp-1216179.cif,Add one Se at [0.88680111 1.71556329 1.28454586] to the cif file.,mp-1216179_processed.cif
mp-1216787.cif,Add one U at [0.33113145 1.13641684 3.35245401] to the cif file.,mp-1216787_processed.cif
mp-1216925.cif,Add one Rb at [2.95755294 0.73971131 4.81402604] to the cif file.,mp-1216925_processed.cif
mp-1217133.cif,Add one P at [25.25395709  2.71737482  2.41035052] to the cif file.,mp-1217133_processed.cif
mp-1217420.cif,Add one Rg at [4.11596204 1.31541176 4.36972361] to the cif file.,mp-1217420_processed.cif
mp-1217464.cif,Add one U at [0.33177244 1.65551179 4.06789227] to the cif file.,mp-1217464_processed.cif
mp-1217479.cif,Add one Rg at [3.9813784  1.5423556  5.90852121] to the cif file.,mp-1217479_processed.cif
mp-1217682.cif,Add one Re at [3.93868265 3.83616818 1.30979735] to the cif file.,mp-1217682_processed.cif
mp-1217834.cif,Add one Tm at [3.28598346 1.12707291 0.44712426] to the cif file.,mp-1217834_processed.cif
mp-1218011.cif,Add one Y at [0.20315231 4.35705698 1.29030767] to the cif file.,mp-1218011_processed.cif
mp-1218423.cif,Add one Ba at [3.79483673 5.60434429 0.73714413] to the cif file.,mp-1218423_processed.cif
mp-1218682.cif,Add one Ta at [-3.16195435  1.42685705  5.52742756] to the cif file.,mp-1218682_processed.cif
mp-1218922.cif,Add one La at [42.96241505  5.23916089  2.58723775] to the cif file.,mp-1218922_processed.cif
mp-1219071.cif,Add one Mn at [8.05198484 5.46765664 4.13222981] to the cif file.,mp-1219071_processed.cif
mp-1219127.cif,Add one Pb at [3.5400268  1.66949163 2.23488443] to the cif file.,mp-1219127_processed.cif
mp-1219578.cif,Add one Lv at [2.3248195  4.88494766 2.42782595] to the cif file.,mp-1219578_processed.cif
mp-1219615.cif,Add one Cr at [3.36202135 1.00784758 6.91558924] to the cif file.,mp-1219615_processed.cif
mp-1219892.cif,Add one Be at [0.9222877  3.13232794 1.55139491] to the cif file.,mp-1219892_processed.cif
mp-1219893.cif,Add one Rn at [3.85047742 1.81293824 0.44235673] to the cif file.,mp-1219893_processed.cif
mp-1220065.cif,Add one Ga at [5.86753995 8.34228349 0.65403571] to the cif file.,mp-1220065_processed.cif
mp-1220070.cif,Add one Mo at [4.58805727 6.95746267 5.40034975] to the cif file.,mp-1220070_processed.cif
mp-1220202.cif,Add one Pd at [2.62871025 3.18998858 7.8070559 ] to the cif file.,mp-1220202_processed.cif
mp-1220419.cif,Add one Ho at [1.60945979 4.17906552 6.40067116] to the cif file.,mp-1220419_processed.cif
mp-1220444.cif,Add one Cn at [5.68196692 4.62470721 0.20169361] to the cif file.,mp-1220444_processed.cif
mp-1220553.cif,Add one Ru at [5.65588445 6.71177152 0.54164328] to the cif file.,mp-1220553_processed.cif
mp-1220692.cif,Add one Es at [5.06268388 1.60291472 1.2207224 ] to the cif file.,mp-1220692_processed.cif
mp-1220760.cif,Add one Th at [1.15409298 4.62682572 0.77280698] to the cif file.,mp-1220760_processed.cif
mp-1221207.cif,Add one Fl at [3.81750627 3.8429458  2.89798112] to the cif file.,mp-1221207_processed.cif
mp-1221380.cif,Add one Lv at [1.28611183 1.39599051 0.29965284] to the cif file.,mp-1221380_processed.cif
mp-1221838.cif,Add one I at [0.09342768 5.33474913 1.24350004] to the cif file.,mp-1221838_processed.cif
mp-1221843.cif,Add one Cu at [-0.83849369  3.96846317  6.78681717] to the cif file.,mp-1221843_processed.cif
mp-1221998.cif,Add one Br at [4.48061086 4.87225907 1.24215243] to the cif file.,mp-1221998_processed.cif
mp-1222146.cif,Add one Ag at [0.3466452  3.18126083 0.56481261] to the cif file.,mp-1222146_processed.cif
mp-1222327.cif,Add one No at [0.69225326 3.3046092  1.40196297] to the cif file.,mp-1222327_processed.cif
mp-1222509.cif,Add one Zr at [1.8473334  0.78836785 1.87499899] to the cif file.,mp-1222509_processed.cif
mp-1222563.cif,Add one Db at [3.04308991 3.49566378 1.24430203] to the cif file.,mp-1222563_processed.cif
mp-1222827.cif,Add one Mg at [2.65052281 0.18043261 8.80292257] to the cif file.,mp-1222827_processed.cif
mp-1223169.cif,Add one S at [6.36167737 6.29191296 2.28512902] to the cif file.,mp-1223169_processed.cif
mp-1223295.cif,Add one P at [7.13442438 7.84345175 2.68950482] to the cif file.,mp-1223295_processed.cif
mp-1223429.cif,Add one No at [1.90375902 3.4704682  5.8140905 ] to the cif file.,mp-1223429_processed.cif
mp-1223578.cif,Add one Li at [3.54774807 1.75264958 7.17701091] to the cif file.,mp-1223578_processed.cif
mp-1223597.cif,Add one Fm at [1.10166683 2.75533987 8.56327895] to the cif file.,mp-1223597_processed.cif
mp-1223626.cif,Add one Yb at [6.11001134 1.35644853 0.07440635] to the cif file.,mp-1223626_processed.cif
mp-1223895.cif,Add one Cd at [3.63482949 2.39362825 6.62563792] to the cif file.,mp-1223895_processed.cif
mp-1224478.cif,Add one Bi at [1.80578274 2.64339776 0.99299777] to the cif file.,mp-1224478_processed.cif
mp-1224502.cif,Add one O at [2.5104367  1.37888775 3.85049851] to the cif file.,mp-1224502_processed.cif
mp-1225147.cif,Add one Sm at [4.40413275 1.26597117 0.42725447] to the cif file.,mp-1225147_processed.cif
mp-1225213.cif,Add one Tc at [9.0064999  2.67840023 5.49124895] to the cif file.,mp-1225213_processed.cif
mp-1225229.cif,Add one Mg at [3.43285587 2.50829832 5.66928371] to the cif file.,mp-1225229_processed.cif
mp-1225237.cif,Add one N at [4.50073941 4.44127333 1.86176136] to the cif file.,mp-1225237_processed.cif
mp-1225440.cif,Add one Po at [-0.98609526 -2.0129985   4.38027237] to the cif file.,mp-1225440_processed.cif
mp-1225651.cif,Add one Y at [ 2.19203753 10.98367018  7.2098575 ] to the cif file.,mp-1225651_processed.cif
mp-1225781.cif,Add one K at [6.02833894 4.65341478 4.14099718] to the cif file.,mp-1225781_processed.cif
mp-1226113.cif,Add one Lv at [7.26764627 3.96581769 6.44256401] to the cif file.,mp-1226113_processed.cif
mp-1226144.cif,Add one In at [2.07026244 6.02560856 7.44975971] to the cif file.,mp-1226144_processed.cif
mp-1226291.cif,Add one C at [-1.85277555  3.38518156  4.23063927] to the cif file.,mp-1226291_processed.cif
mp-1226695.cif,Add one Xe at [2.37883531 2.86978512 8.76639093] to the cif file.,mp-1226695_processed.cif
mp-1227099.cif,Add one Hg at [3.82816092 2.63502232 3.91968296] to the cif file.,mp-1227099_processed.cif
mp-1227106.cif,Add one Ar at [4.47895887 3.151457   1.86351365] to the cif file.,mp-1227106_processed.cif
mp-1227447.cif,Add one Sr at [-1.43492397  4.5823539   3.48553638] to the cif file.,mp-1227447_processed.cif
mp-1227574.cif,Add one K at [2.81924648 2.59905733 8.03689033] to the cif file.,mp-1227574_processed.cif
mp-1227644.cif,Add one Ac at [2.64091399 4.11823494 8.78933955] to the cif file.,mp-1227644_processed.cif
mp-1227756.cif,Add one V at [3.7146606  0.2751901  0.37059732] to the cif file.,mp-1227756_processed.cif
mp-1227836.cif,Add one Bh at [4.69766956 2.81325859 4.57163268] to the cif file.,mp-1227836_processed.cif
mp-1227849.cif,Add one Cs at [0.96155313 3.82662852 0.50224099] to the cif file.,mp-1227849_processed.cif
mp-1227954.cif,Add one Pt at [ 4.03516938 11.63238383  7.85623785] to the cif file.,mp-1227954_processed.cif
mp-1228056.cif,Add one Na at [ 0.42037667  3.09763384 10.24428306] to the cif file.,mp-1228056_processed.cif
mp-1228315.cif,Add one Lv at [2.66852084 2.52793902 0.19124687] to the cif file.,mp-1228315_processed.cif
mp-1228494.cif,Add one Sb at [7.73362708 6.78011031 4.6290676 ] to the cif file.,mp-1228494_processed.cif
mp-1228522.cif,Add one Co at [0.63757447 2.98317792 5.64352598] to the cif file.,mp-1228522_processed.cif
mp-1228836.cif,Add one Bi at [0.69313969 0.99531169 2.71158838] to the cif file.,mp-1228836_processed.cif
mp-1229286.cif,Add one Cn at [-4.09017824  9.14695536 24.38318054] to the cif file.,mp-1229286_processed.cif
mp-1232260.cif,Add one Li at [ 0.81770826 10.05535772  7.9650623 ] to the cif file.,mp-1232260_processed.cif
mp-1232340.cif,Add one Re at [2.10573065 2.04804703 1.10102953] to the cif file.,mp-1232340_processed.cif
mp-1233155.cif,Add one La at [ 2.23884714  6.30573378 10.51853604] to the cif file.,mp-1233155_processed.cif
mp-1233280.cif,Add one Fe at [-1.59399428  0.77615496  5.16099707] to the cif file.,mp-1233280_processed.cif
mp-1233390.cif,Add one U at [1.59983879 4.07247103 1.71834781] to the cif file.,mp-1233390_processed.cif
mp-1233443.cif,Add one Hs at [1.28725428 0.37355468 3.21617381] to the cif file.,mp-1233443_processed.cif
mp-1233468.cif,Add one Rb at [7.59128758 2.2972002  8.14107658] to the cif file.,mp-1233468_processed.cif
mp-1233776.cif,Add one Fe at [-0.61421412  2.65937411  4.35276432] to the cif file.,mp-1233776_processed.cif
mp-1233932.cif,Add one Lu at [0.88277661 1.5984414  8.6080369 ] to the cif file.,mp-1233932_processed.cif
mp-1233998.cif,Add one Pt at [-0.19726617  2.7836838  12.04078109] to the cif file.,mp-1233998_processed.cif
mp-1234032.cif,Add one At at [3.3612178  3.86317554 1.35823042] to the cif file.,mp-1234032_processed.cif
mp-1234239.cif,Add one Ag at [10.39808114  8.01641132  2.40602121] to the cif file.,mp-1234239_processed.cif
mp-12343.cif,Add one Lu at [2.22017562 3.46930729 4.02133656] to the cif file.,mp-12343_processed.cif
mp-1234325.cif,Add one Ir at [0.16150555 6.22860681 0.26324938] to the cif file.,mp-1234325_processed.cif
mp-1234413.cif,Add one K at [6.18764468 4.30525469 3.45755877] to the cif file.,mp-1234413_processed.cif
mp-1234620.cif,Add one He at [2.03569185 6.41264326 2.56906493] to the cif file.,mp-1234620_processed.cif
mp-1234667.cif,Add one Ta at [0.24581036 0.64970894 9.07244134] to the cif file.,mp-1234667_processed.cif
mp-1234741.cif,Add one La at [2.22750712 5.48402071 8.87344446] to the cif file.,mp-1234741_processed.cif
mp-1235023.cif,Add one Pd at [7.07117988 5.33890676 3.55661612] to the cif file.,mp-1235023_processed.cif
mp-1235295.cif,Add one W at [0.36189465 1.71756629 4.66409795] to the cif file.,mp-1235295_processed.cif
mp-1235548.cif,Add one Fl at [8.23234696 2.25080141 3.91901447] to the cif file.,mp-1235548_processed.cif
mp-1235562.cif,Add one Fm at [1.48506108 2.36234351 2.1034097 ] to the cif file.,mp-1235562_processed.cif
mp-1235571.cif,Add one Ne at [0.41773691 0.74985936 5.25352115] to the cif file.,mp-1235571_processed.cif
mp-1235672.cif,Add one W at [2.55271331 2.84378185 0.51579677] to the cif file.,mp-1235672_processed.cif
mp-1235780.cif,Add one Lv at [0.23151918 4.54023255 2.2949653 ] to the cif file.,mp-1235780_processed.cif
mp-1236433.cif,Add one Lu at [-1.7324589   1.29156471  4.02927874] to the cif file.,mp-1236433_processed.cif
mp-1236543.cif,Add one Na at [0.03813648 0.22841042 1.98035408] to the cif file.,mp-1236543_processed.cif
mp-1237278.cif,Add one Co at [3.73002467 0.19807033 5.98112152] to the cif file.,mp-1237278_processed.cif
mp-1237483.cif,Add one Ge at [4.21708839 1.64951478 1.2405584 ] to the cif file.,mp-1237483_processed.cif
mp-1238409.cif,Add one Rf at [0.64466576 2.86074362 5.86742142] to the cif file.,mp-1238409_processed.cif
mp-1239078.cif,Add one He at [1.82569821 6.57175111 5.32840113] to the cif file.,mp-1239078_processed.cif
mp-1239118.cif,Add one Zr at [2.4178011  3.53743569 4.49347014] to the cif file.,mp-1239118_processed.cif
mp-1239141.cif,Add one Cr at [5.74266594 1.48395166 1.24463126] to the cif file.,mp-1239141_processed.cif
mp-1239223.cif,Add one Rn at [0.06699058 3.47118665 2.55590819] to the cif file.,mp-1239223_processed.cif
mp-1245280.cif,Add one N at [5.80276485 1.90320327 6.60279937] to the cif file.,mp-1245280_processed.cif
mp-1245339.cif,Add one Db at [10.07876783  5.84285833  4.92932219] to the cif file.,mp-1245339_processed.cif
mp-1245361.cif,Add one Rg at [0.42423155 2.99421563 4.7594335 ] to the cif file.,mp-1245361_processed.cif
mp-1245365.cif,Add one Rn at [4.72497844 8.75675962 2.24409951] to the cif file.,mp-1245365_processed.cif
mp-1245626.cif,Add one Ac at [3.69589657 4.15227838 1.53291922] to the cif file.,mp-1245626_processed.cif
mp-1245657.cif,Add one Au at [12.04267031  6.48726271  0.38313164] to the cif file.,mp-1245657_processed.cif
mp-1245740.cif,Add one Sm at [10.23563405  1.14831575  4.92006808] to the cif file.,mp-1245740_processed.cif
mp-1246144.cif,Add one Ti at [10.09513595  5.43397313  3.74166597] to the cif file.,mp-1246144_processed.cif
mp-1246228.cif,Add one Tc at [5.6119956  5.81651123 3.35870324] to the cif file.,mp-1246228_processed.cif
mp-1246371.cif,Add one Li at [0.75895062 3.98292398 8.75678363] to the cif file.,mp-1246371_processed.cif
mp-1246720.cif,Add one Ne at [4.28520739 1.92562067 0.07479274] to the cif file.,mp-1246720_processed.cif
mp-1246726.cif,Add one Xe at [6.05865674 3.61820315 2.19247176] to the cif file.,mp-1246726_processed.cif
mp-1246860.cif,Add one Fm at [2.4664656  0.17274848 1.58019949] to the cif file.,mp-1246860_processed.cif
mp-1247094.cif,Add one Ge at [6.0682474  3.28505262 1.83764674] to the cif file.,mp-1247094_processed.cif
mp-1247286.cif,Add one Ti at [2.6285714  3.26623739 5.46009622] to the cif file.,mp-1247286_processed.cif
mp-1247309.cif,Add one Rn at [7.86147842 4.37851024 6.34122917] to the cif file.,mp-1247309_processed.cif
mp-1247354.cif,Add one Rf at [ 1.65538159  0.3453767  10.73321247] to the cif file.,mp-1247354_processed.cif
mp-1247634.cif,Add one Ra at [ 1.54633242 10.86205649  1.55387665] to the cif file.,mp-1247634_processed.cif
mp-1247690.cif,Add one Th at [3.31022476 1.71569326 3.87634805] to the cif file.,mp-1247690_processed.cif
mp-1250148.cif,Add one Sm at [11.32491669  6.56304546  7.98665051] to the cif file.,mp-1250148_processed.cif
mp-1250558.cif,Add one Ra at [7.03128086 1.57728291 1.45174821] to the cif file.,mp-1250558_processed.cif
mp-1253019.cif,Add one Rb at [5.01045029 2.11214105 2.7251241 ] to the cif file.,mp-1253019_processed.cif
mp-1262123.cif,Add one Cr at [ 9.00457523  6.0917845  13.08450414] to the cif file.,mp-1262123_processed.cif
mp-12645.cif,Add one Hs at [0.09889842 5.31691961 0.27100021] to the cif file.,mp-12645_processed.cif
mp-1273464.cif,Add one Pb at [6.8893699  1.07836874 4.49828668] to the cif file.,mp-1273464_processed.cif
mp-1274050.cif,Add one Ra at [2.7964008  6.60438442 3.48197078] to the cif file.,mp-1274050_processed.cif
mp-1275879.cif,Add one Ra at [8.12473678 2.65968552 5.27042259] to the cif file.,mp-1275879_processed.cif
mp-1278738.cif,Add one Cr at [2.81351933 4.29033026 2.37256145] to the cif file.,mp-1278738_processed.cif
mp-1290926.cif,Add one Pb at [-0.37407722  7.28165611  3.3461896 ] to the cif file.,mp-1290926_processed.cif
mp-1290947.cif,Add one Cl at [3.56625507 6.99724748 3.33795963] to the cif file.,mp-1290947_processed.cif
mp-1293037.cif,Add one V at [2.60827716 2.9311416  2.16505706] to the cif file.,mp-1293037_processed.cif
mp-1294897.cif,Add one In at [ 2.19875826  2.20194648 23.39406316] to the cif file.,mp-1294897_processed.cif
mp-1297758.cif,Add one As at [0.96084181 3.43672284 2.42116249] to the cif file.,mp-1297758_processed.cif
mp-1299593.cif,Add one Nb at [5.32077716 4.37037609 5.62472485] to the cif file.,mp-1299593_processed.cif
mp-1301981.cif,Add one Ar at [6.16750337 4.93130133 4.7521227 ] to the cif file.,mp-1301981_processed.cif
mp-1302395.cif,Add one Nh at [ 3.74747566 -1.33203016  5.06209138] to the cif file.,mp-1302395_processed.cif
mp-1307565.cif,Add one F at [0.94707458 3.25744042 6.60437241] to the cif file.,mp-1307565_processed.cif
mp-1310460.cif,Add one W at [0.91490915 5.24412052 2.59055211] to the cif file.,mp-1310460_processed.cif
mp-1311133.cif,Add one Cl at [2.98531072 3.67736298 2.85339699] to the cif file.,mp-1311133_processed.cif
mp-1323.cif,Add one Yb at [8.03682502 4.84292305 5.5919842 ] to the cif file.,mp-1323_processed.cif
mp-1329989.cif,Add one Xe at [ 1.32199599 13.10640065  7.12505343] to the cif file.,mp-1329989_processed.cif
mp-1330925.cif,Add one Mg at [6.83298531 5.02987396 3.78695996] to the cif file.,mp-1330925_processed.cif
mp-1337025.cif,Add one In at [0.84749704 4.05207362 0.76470828] to the cif file.,mp-1337025_processed.cif
mp-1337931.cif,Add one Be at [26.62775971  7.24316681 23.74469219] to the cif file.,mp-1337931_processed.cif
mp-1344766.cif,Add one K at [2.67296272 3.93657266 0.27040001] to the cif file.,mp-1344766_processed.cif
mp-1347018.cif,Add one Li at [2.96072604 9.62832592 7.17812317] to the cif file.,mp-1347018_processed.cif
mp-1348043.cif,Add one Ni at [2.4254585  4.19971089 1.90286426] to the cif file.,mp-1348043_processed.cif
mp-1350284.cif,Add one Ni at [ 2.02743744 -1.06721035 14.17653762] to the cif file.,mp-1350284_processed.cif
mp-1354141.cif,Add one Lr at [ 9.68773164  6.99651244 10.45185863] to the cif file.,mp-1354141_processed.cif
mp-13560.cif,Add one Rg at [8.64263235 6.75429577 4.45247578] to the cif file.,mp-13560_processed.cif
mp-1368020.cif,Add one Nh at [0.91089627 5.73849323 3.4636395 ] to the cif file.,mp-1368020_processed.cif
mp-1370295.cif,Add one Ru at [0.30972273 1.00987879 6.50523918] to the cif file.,mp-1370295_processed.cif
mp-1373337.cif,Add one Cr at [2.76808476 0.83916286 3.80080416] to the cif file.,mp-1373337_processed.cif
mp-1376405.cif,Add one Pa at [7.00008205 5.25130185 6.71881958] to the cif file.,mp-1376405_processed.cif
mp-1377393.cif,Add one Re at [17.79875343  2.10019837 11.16623036] to the cif file.,mp-1377393_processed.cif
mp-1377991.cif,Add one He at [0.90511526 2.09633479 0.71232248] to the cif file.,mp-1377991_processed.cif
mp-1385417.cif,Add one In at [4.91256954 4.74460872 4.35500607] to the cif file.,mp-1385417_processed.cif
mp-1388114.cif,Add one Br at [6.57463125 5.28513122 0.03679608] to the cif file.,mp-1388114_processed.cif
mp-1388425.cif,Add one Ba at [0.07934753 2.64804565 6.61504865] to the cif file.,mp-1388425_processed.cif
mp-1391777.cif,Add one Ra at [9.34113843 4.41473046 4.59764241] to the cif file.,mp-1391777_processed.cif
mp-14005.cif,Add one No at [0.22692083 2.2769441  2.04483473] to the cif file.,mp-14005_processed.cif
mp-1401385.cif,Add one U at [-0.33246303  2.31354988  1.65815661] to the cif file.,mp-1401385_processed.cif
mp-1405211.cif,Add one Rn at [3.18301851 1.23110609 6.7576685 ] to the cif file.,mp-1405211_processed.cif
mp-1412002.cif,Add one Hs at [1.41440304 0.89331421 2.14420424] to the cif file.,mp-1412002_processed.cif
mp-1419122.cif,Add one Mt at [-2.5459181   4.91286575  4.61037292] to the cif file.,mp-1419122_processed.cif
mp-1439.cif,Add one B at [0.86743609 0.67452898 4.42886382] to the cif file.,mp-1439_processed.cif
mp-14555.cif,Add one Bk at [6.47848533 5.18753495 0.61794209] to the cif file.,mp-14555_processed.cif
mp-14556.cif,Add one Mc at [7.87433635 7.89171008 8.97704364] to the cif file.,mp-14556_processed.cif
mp-1516666.cif,Add one Gd at [4.516106   4.0973099  1.70424337] to the cif file.,mp-1516666_processed.cif
mp-1517169.cif,Add one Cf at [2.70616251 1.72579499 1.22706551] to the cif file.,mp-1517169_processed.cif
mp-1517627.cif,Add one Eu at [5.05625028 2.7978637  4.24693676] to the cif file.,mp-1517627_processed.cif
mp-1518007.cif,Add one Lr at [3.78933686 0.11827633 5.86187855] to the cif file.,mp-1518007_processed.cif
mp-1518014.cif,Add one Po at [3.97713802 1.40108946 8.19211332] to the cif file.,mp-1518014_processed.cif
mp-1518246.cif,Add one Bi at [3.99013053 1.54139585 1.93350336] to the cif file.,mp-1518246_processed.cif
mp-1518458.cif,Add one Fm at [2.9050313  3.64244702 0.63640103] to the cif file.,mp-1518458_processed.cif
mp-1518757.cif,Add one Fr at [3.34445126 0.40828924 4.67626045] to the cif file.,mp-1518757_processed.cif
mp-1519002.cif,Add one Og at [2.48666046 2.07055655 0.68508616] to the cif file.,mp-1519002_processed.cif
mp-1519698.cif,Add one Re at [7.61894939 3.40001647 1.93232098] to the cif file.,mp-1519698_processed.cif
mp-1519736.cif,Add one Al at [5.92035876 4.89287892 3.03920715] to the cif file.,mp-1519736_processed.cif
mp-1519860.cif,Add one Ds at [5.22215757 4.05758516 6.15790004] to the cif file.,mp-1519860_processed.cif
mp-1519983.cif,Add one Xe at [8.5324609  3.53197401 3.52706529] to the cif file.,mp-1519983_processed.cif
mp-1519998.cif,Add one Md at [5.33396229 1.37851378 0.13515059] to the cif file.,mp-1519998_processed.cif
mp-1520500.cif,Add one Fr at [4.45730415 0.52626965 2.32149013] to the cif file.,mp-1520500_processed.cif
mp-1521011.cif,Add one Tb at [7.54362585 3.0330877  2.71122322] to the cif file.,mp-1521011_processed.cif
mp-1521056.cif,Add one Os at [5.31322696 3.3215677  4.36050494] to the cif file.,mp-1521056_processed.cif
mp-1521082.cif,Add one B at [5.36412961 1.83977746 4.19390171] to the cif file.,mp-1521082_processed.cif
mp-1521221.cif,Add one Li at [4.54795656 3.40383444 2.8055863 ] to the cif file.,mp-1521221_processed.cif
mp-1521309.cif,Add one Pb at [6.47067043 5.50202031 2.63609196] to the cif file.,mp-1521309_processed.cif
mp-1521702.cif,Add one Rh at [5.14003659 2.33887202 2.31449807] to the cif file.,mp-1521702_processed.cif
mp-1522205.cif,Add one Ho at [1.9305355  4.54044249 6.12735315] to the cif file.,mp-1522205_processed.cif
mp-1522629.cif,Add one Co at [5.24157666 1.00960193 2.83277204] to the cif file.,mp-1522629_processed.cif
mp-1522792.cif,Add one Ra at [4.08765841 3.40518672 3.13953257] to the cif file.,mp-1522792_processed.cif
mp-1523004.cif,Add one Mg at [7.48413573 5.59988768 2.58408968] to the cif file.,mp-1523004_processed.cif
mp-1523044.cif,Add one Pb at [7.68563641 3.1949814  0.43593162] to the cif file.,mp-1523044_processed.cif
mp-1523067.cif,Add one Mg at [5.30614472 5.04162876 0.75401206] to the cif file.,mp-1523067_processed.cif
mp-1523239.cif,Add one Nh at [4.30271328 1.45419272 2.14193364] to the cif file.,mp-1523239_processed.cif
mp-15896.cif,Add one Sr at [6.51913447 3.2535359  2.79414996] to the cif file.,mp-15896_processed.cif
mp-1643677.cif,Add one Rg at [5.91828853 4.85144811 3.46790301] to the cif file.,mp-1643677_processed.cif
mp-1645697.cif,Add one Ba at [0.25947535 9.34155213 4.06418011] to the cif file.,mp-1645697_processed.cif
mp-1661789.cif,Add one Rb at [0.70180979 4.49461503 8.5722204 ] to the cif file.,mp-1661789_processed.cif
mp-1661936.cif,Add one Bi at [-0.68189187  2.16892225  3.2016193 ] to the cif file.,mp-1661936_processed.cif
mp-1662795.cif,Add one Tl at [-0.06580807  0.31350257  9.37519005] to the cif file.,mp-1662795_processed.cif
mp-1666930.cif,Add one Ar at [ 1.97885817 -0.62408855  6.40250957] to the cif file.,mp-1666930_processed.cif
mp-17024.cif,Add one Sn at [2.67079821 4.01688545 3.71773404] to the cif file.,mp-17024_processed.cif
mp-17282.cif,Add one Si at [6.93854122 8.77747361 1.46477303] to the cif file.,mp-17282_processed.cif
mp-17344.cif,Add one Hs at [5.34947416 1.09028172 0.95332832] to the cif file.,mp-17344_processed.cif
mp-17676.cif,Add one Lv at [1.18475772 2.50552188 5.02059603] to the cif file.,mp-17676_processed.cif
mp-17770.cif,Add one Ni at [2.51591861 2.38596302 8.12050756] to the cif file.,mp-17770_processed.cif
mp-17838.cif,Add one Pm at [8.71012166 7.47119721 3.54733402] to the cif file.,mp-17838_processed.cif
mp-17861.cif,Add one Fl at [0.42583316 6.36550926 7.24411069] to the cif file.,mp-17861_processed.cif
mp-18469.cif,Add one Rn at [ 3.68159792  6.19615451 10.371505  ] to the cif file.,mp-18469_processed.cif
mp-18525.cif,Add one Sn at [1.20897142 2.3324981  0.77410374] to the cif file.,mp-18525_processed.cif
mp-18612.cif,Add one N at [ 1.83040389  6.60440705 11.68197249] to the cif file.,mp-18612_processed.cif
mp-18701.cif,Add one At at [3.66765766 2.90905215 1.10038122] to the cif file.,mp-18701_processed.cif
mp-18713.cif,Add one Rg at [9.63375211 1.60984564 2.87581158] to the cif file.,mp-18713_processed.cif
mp-18817.cif,Add one Xe at [3.49280566 1.1359405  1.07243718] to the cif file.,mp-18817_processed.cif
mp-18833.cif,Add one Ta at [10.99811085  1.9651978   2.76406585] to the cif file.,mp-18833_processed.cif
mp-18848.cif,Add one Pu at [5.22917402 2.55015801 4.41205606] to the cif file.,mp-18848_processed.cif
mp-18996.cif,Add one U at [0.43268047 3.01725908 5.04041692] to the cif file.,mp-18996_processed.cif
mp-19070.cif,Add one Au at [-0.1429881   2.03383726  4.2603471 ] to the cif file.,mp-19070_processed.cif
mp-19087.cif,Add one Nd at [-0.13955481  2.26726911  2.85470169] to the cif file.,mp-19087_processed.cif
mp-19123.cif,Add one Ti at [2.95563077 2.19410784 7.72478217] to the cif file.,mp-19123_processed.cif
mp-19162.cif,Add one Si at [1.77300795 1.61542455 3.25929789] to the cif file.,mp-19162_processed.cif
mp-19426.cif,Add one Ga at [4.62078028 1.45623663 1.31251916] to the cif file.,mp-19426_processed.cif
mp-19785.cif,Add one Rf at [0.78890115 5.19034669 3.44898096] to the cif file.,mp-19785_processed.cif
mp-1987603.cif,Add one Nd at [2.0945562 2.1607508 7.0659353] to the cif file.,mp-1987603_processed.cif
mp-19903.cif,Add one Sm at [2.84454531 2.50607912 3.3640693 ] to the cif file.,mp-19903_processed.cif
mp-19931.cif,Add one Cu at [ 1.31339515 -1.09054578  2.13273024] to the cif file.,mp-19931_processed.cif
mp-20276.cif,Add one Am at [-1.30706001 -0.44753469  3.41246222] to the cif file.,mp-20276_processed.cif
mp-2030372.cif,Add one Cl at [0.69268419 0.39365215 2.22370685] to the cif file.,mp-2030372_processed.cif
mp-20460.cif,Add one Ce at [4.84795491 3.37990238 4.64002903] to the cif file.,mp-20460_processed.cif
mp-20499.cif,Add one Pm at [8.69283314 3.1951954  1.22752856] to the cif file.,mp-20499_processed.cif
mp-2053129.cif,Add one Np at [ 1.87331808  2.24931145 14.766045  ] to the cif file.,mp-2053129_processed.cif
mp-20633.cif,Add one Mo at [1.32869739 0.32542311 4.25151716] to the cif file.,mp-20633_processed.cif
mp-21208.cif,Add one Ru at [1.32401148 3.98049975 5.86524034] to the cif file.,mp-21208_processed.cif
mp-21493.cif,Add one Sb at [0.6223052  0.25724687 1.00764339] to the cif file.,mp-21493_processed.cif
mp-21658.cif,Add one Lr at [0.33141565 1.7042565  5.72949483] to the cif file.,mp-21658_processed.cif
mp-21799.cif,Add one K at [ 1.37969264  0.14343896 21.96850383] to the cif file.,mp-21799_processed.cif
mp-22042.cif,Add one La at [5.33959302 2.06444485 7.80020328] to the cif file.,mp-22042_processed.cif
mp-2206289.cif,Add one Te at [ 0.61464687  3.11345727 19.83672499] to the cif file.,mp-2206289_processed.cif
mp-22076.cif,Add one Pu at [3.65564051 1.52153151 5.53007133] to the cif file.,mp-22076_processed.cif
mp-2215910.cif,Add one K at [8.00464192 1.72081351 4.34372727] to the cif file.,mp-2215910_processed.cif
mp-2217621.cif,Add one Ac at [-1.22322424  2.41455891  7.24371199] to the cif file.,mp-2217621_processed.cif
mp-2217707.cif,Add one Sn at [2.68038149 1.3707714  3.17069316] to the cif file.,mp-2217707_processed.cif
mp-2217878.cif,Add one I at [1.4484451  1.85642843 4.29087979] to the cif file.,mp-2217878_processed.cif
mp-2218067.cif,Add one Mt at [0.38833546 4.23232613 4.74924967] to the cif file.,mp-2218067_processed.cif
mp-2218172.cif,Add one Am at [2.16475569 2.78447964 5.11142785] to the cif file.,mp-2218172_processed.cif
mp-2218202.cif,Add one N at [2.83045062 0.54765126 1.090738  ] to the cif file.,mp-2218202_processed.cif
mp-2218885.cif,Add one Ta at [2.81734915 1.54583061 1.88721663] to the cif file.,mp-2218885_processed.cif
mp-2218969.cif,Add one Rb at [-1.20905914 -1.51941437  5.00131469] to the cif file.,mp-2218969_processed.cif
mp-2219052.cif,Add one Gd at [1.27808017 1.19616386 0.9087746 ] to the cif file.,mp-2219052_processed.cif
mp-2219166.cif,Add one Db at [3.34438918 4.03722064 1.65020645] to the cif file.,mp-2219166_processed.cif
mp-2219262.cif,Add one B at [ 2.19083767  1.96479771 12.8374788 ] to the cif file.,mp-2219262_processed.cif
mp-2219466.cif,Add one Li at [2.41152077 3.19058793 1.5957189 ] to the cif file.,mp-2219466_processed.cif
mp-2222780.cif,Add one Pd at [13.97224403  4.53931643  4.02207444] to the cif file.,mp-2222780_processed.cif
mp-2223884.cif,Add one Ag at [ 0.99520112  2.02593182 23.33641595] to the cif file.,mp-2223884_processed.cif
mp-2224443.cif,Add one H at [3.63083415 2.52246463 2.4788852 ] to the cif file.,mp-2224443_processed.cif
mp-2224447.cif,Add one B at [1.28885044 4.16376208 2.62063429] to the cif file.,mp-2224447_processed.cif
mp-22248.cif,Add one Lu at [3.10971454 5.61384719 1.83775053] to the cif file.,mp-22248_processed.cif
mp-2224811.cif,Add one Si at [4.43538787 3.03616475 1.05417308] to the cif file.,mp-2224811_processed.cif
mp-2224860.cif,Add one Fl at [2.20750066 6.90628484 8.74107972] to the cif file.,mp-2224860_processed.cif
mp-2225000.cif,Add one Br at [6.24014527 0.02034314 0.03133342] to the cif file.,mp-2225000_processed.cif
mp-2228328.cif,Add one Pa at [0.68593451 3.85773058 0.49278135] to the cif file.,mp-2228328_processed.cif
mp-2228374.cif,Add one Fm at [-0.06716149  3.35770003  4.48830314] to the cif file.,mp-2228374_processed.cif
mp-2228437.cif,Add one Gd at [4.23974483 8.08830301 7.09891656] to the cif file.,mp-2228437_processed.cif
mp-2228500.cif,Add one Rg at [6.66759414 5.78172657 4.12139202] to the cif file.,mp-2228500_processed.cif
mp-2228706.cif,Add one As at [0.47925563 0.63458263 5.95167625] to the cif file.,mp-2228706_processed.cif
mp-2228915.cif,Add one Sm at [0.18223319 1.88700605 3.72061871] to the cif file.,mp-2228915_processed.cif
mp-2228929.cif,Add one Ta at [-0.32243836  6.18331447  4.28992794] to the cif file.,mp-2228929_processed.cif
mp-2229660.cif,Add one Cm at [1.77657258 4.01813448 5.12177283] to the cif file.,mp-2229660_processed.cif
mp-2230032.cif,Add one Am at [4.30690984 4.02535753 5.48488261] to the cif file.,mp-2230032_processed.cif
mp-2230094.cif,Add one Mc at [0.94988299 4.63859426 9.30350036] to the cif file.,mp-2230094_processed.cif
mp-2230252.cif,Add one Be at [1.0630756  0.20044322 5.36376346] to the cif file.,mp-2230252_processed.cif
mp-2230521.cif,Add one Mc at [3.20077665 4.61068543 2.22355293] to the cif file.,mp-2230521_processed.cif
mp-2230812.cif,Add one Te at [6.93724362 4.24709113 4.28355947] to the cif file.,mp-2230812_processed.cif
mp-2231004.cif,Add one Ti at [6.97410141 1.77718121 3.53951638] to the cif file.,mp-2231004_processed.cif
mp-2231286.cif,Add one He at [7.71797056 1.89870534 4.74669921] to the cif file.,mp-2231286_processed.cif
mp-2232282.cif,Add one Hg at [0.19081442 2.61923499 3.26691109] to the cif file.,mp-2232282_processed.cif
mp-2239868.cif,Add one Np at [-1.51523737  4.36028839  2.6104644 ] to the cif file.,mp-2239868_processed.cif
mp-2240173.cif,Add one Po at [10.65375555  6.60268221  3.59399938] to the cif file.,mp-2240173_processed.cif
mp-2241358.cif,Add one No at [11.28961766  4.39576046  2.0789335 ] to the cif file.,mp-2241358_processed.cif
mp-2254.cif,Add one W at [2.79496724 8.23548589 8.74963489] to the cif file.,mp-2254_processed.cif
mp-23418.cif,Add one F at [2.47995937 6.56018314 1.35608732] to the cif file.,mp-23418_processed.cif
mp-23498.cif,Add one Rg at [2.61747108 6.50493174 4.02398008] to the cif file.,mp-23498_processed.cif
mp-23586.cif,Add one Sb at [10.55134794  7.11659001  5.28956496] to the cif file.,mp-23586_processed.cif
mp-23979.cif,Add one Fe at [5.9206086  2.01037844 2.49999085] to the cif file.,mp-23979_processed.cif
mp-24037.cif,Add one Xe at [6.55415874 2.24648857 0.14370328] to the cif file.,mp-24037_processed.cif
mp-24044.cif,Add one At at [2.93054738 6.23292091 1.20220501] to the cif file.,mp-24044_processed.cif
mp-24515.cif,Add one Th at [6.07251603 7.07043424 1.86725562] to the cif file.,mp-24515_processed.cif
mp-2480.cif,Add one Ho at [0.12501824 4.65629923 3.47471842] to the cif file.,mp-2480_processed.cif
mp-25405.cif,Add one Os at [-1.05314782  0.89345166  6.48229678] to the cif file.,mp-25405_processed.cif
mp-25457.cif,Add one Ra at [ 1.8462469  13.32567661  9.40667177] to the cif file.,mp-25457_processed.cif
mp-26179.cif,Add one Ta at [3.45288964 5.59892594 0.52533955] to the cif file.,mp-26179_processed.cif
mp-26270.cif,Add one C at [9.61438913 2.87844795 3.83936051] to the cif file.,mp-26270_processed.cif
mp-2646946.cif,Add one As at [0.04284588 0.89305286 1.31209194] to the cif file.,mp-2646946_processed.cif
mp-26612.cif,Add one Cu at [4.12106254 3.51957832 2.69228501] to the cif file.,mp-26612_processed.cif
mp-2715259.cif,Add one Sg at [11.24401811  4.51039092  5.92968759] to the cif file.,mp-2715259_processed.cif
mp-2715379.cif,Add one Tl at [0.87893397 6.01487163 5.07561813] to the cif file.,mp-2715379_processed.cif
mp-27286.cif,Add one Cl at [6.54216255 8.07384176 1.55197974] to the cif file.,mp-27286_processed.cif
mp-27341.cif,Add one Ra at [0.85737636 4.40942574 1.31197192] to the cif file.,mp-27341_processed.cif
mp-27383.cif,Add one Zr at [4.83652904 2.86054571 6.07060683] to the cif file.,mp-27383_processed.cif
mp-2751271.cif,Add one Ni at [0.73261256 1.81940553 4.11397356] to the cif file.,mp-2751271_processed.cif
mp-28393.cif,Add one Nh at [4.56190057 5.8870971  3.29331658] to the cif file.,mp-28393_processed.cif
mp-28394.cif,Add one Ni at [4.31092527 4.84918837 6.55591459] to the cif file.,mp-28394_processed.cif
mp-28430.cif,Add one Re at [0.39676557 3.05050422 5.73228274] to the cif file.,mp-28430_processed.cif
mp-28450.cif,Add one Am at [2.3263875  4.3455038  5.18239041] to the cif file.,mp-28450_processed.cif
mp-28544.cif,Add one Cf at [3.79668526 5.88839883 6.0015512 ] to the cif file.,mp-28544_processed.cif
mp-28580.cif,Add one Mn at [4.60878698 5.57560035 4.62698843] to the cif file.,mp-28580_processed.cif
mp-28824.cif,Add one Tm at [2.89755865 6.28578194 4.0609033 ] to the cif file.,mp-28824_processed.cif
mp-2901870.cif,Add one Ce at [ 2.92016501 -3.45462585  8.52023865] to the cif file.,mp-2901870_processed.cif
mp-2911.cif,Add one Fr at [4.68126658 7.01367536 8.73814499] to the cif file.,mp-2911_processed.cif
mp-29144.cif,Add one Ts at [0.66553108 4.67939335 4.50448571] to the cif file.,mp-29144_processed.cif
mp-29412.cif,Add one Mt at [5.56414806 3.73929762 7.24481367] to the cif file.,mp-29412_processed.cif
mp-29415.cif,Add one Zn at [1.5344052  0.99099269 6.46659422] to the cif file.,mp-29415_processed.cif
mp-29755.cif,Add one Sg at [0.81434827 1.16798405 2.47756251] to the cif file.,mp-29755_processed.cif
mp-29770.cif,Add one S at [5.72170532 3.56961436 3.15363688] to the cif file.,mp-29770_processed.cif
mp-30305.cif,Add one Cn at [7.77696476 7.64092257 6.65411573] to the cif file.,mp-30305_processed.cif
mp-30320.cif,Add one Cm at [5.2967073  2.39144655 4.05976508] to the cif file.,mp-30320_processed.cif
mp-30859.cif,Add one Nh at [-1.66253822  2.15461812  3.8271577 ] to the cif file.,mp-30859_processed.cif
mp-30908.cif,Add one Pb at [1.12709147 3.37197936 5.63628114] to the cif file.,mp-30908_processed.cif
mp-31251.cif,Add one Zr at [5.60971859 6.00395876 3.56949765] to the cif file.,mp-31251_processed.cif
mp-31314.cif,Add one Db at [5.62718318 5.23317273 5.79456015] to the cif file.,mp-31314_processed.cif
mp-3138.cif,Add one Ce at [10.7501902   1.77826359  1.6371304 ] to the cif file.,mp-3138_processed.cif
mp-31394.cif,Add one B at [7.26413268 4.89290467 5.19650302] to the cif file.,mp-31394_processed.cif
mp-3205.cif,Add one Lu at [0.27779912 4.33148574 0.41536852] to the cif file.,mp-3205_processed.cif
mp-3216726.cif,Add one Eu at [7.88269741 1.98050027 4.21693104] to the cif file.,mp-3216726_processed.cif
mp-32528.cif,Add one Lu at [4.31522425 3.94826932 3.65127342] to the cif file.,mp-32528_processed.cif
mp-3316.cif,Add one Sm at [7.05270726 4.01675531 2.10879623] to the cif file.,mp-3316_processed.cif
mp-33325.cif,Add one Ta at [ 5.80241734  5.47570198 18.96330488] to the cif file.,mp-33325_processed.cif
mp-34185.cif,Add one Fr at [3.86741799 1.51779938 2.13350582] to the cif file.,mp-34185_processed.cif
mp-3538.cif,Add one O at [8.3113955  1.16638558 2.72536192] to the cif file.,mp-3538_processed.cif
mp-36310.cif,Add one Pa at [2.13697209 2.29269672 4.52786007] to the cif file.,mp-36310_processed.cif
mp-36484.cif,Add one F at [3.55160713 3.27484283 1.67863894] to the cif file.,mp-36484_processed.cif
mp-4419.cif,Add one Mg at [1.64556517 2.77495584 1.85767216] to the cif file.,mp-4419_processed.cif
mp-4421.cif,Add one O at [4.84699962 5.28468896 3.16343501] to the cif file.,mp-4421_processed.cif
mp-504149.cif,Add one Nh at [4.34927623 9.42494546 3.46591683] to the cif file.,mp-504149_processed.cif
mp-504509.cif,Add one Ru at [-1.05325725  2.31724415  4.46742857] to the cif file.,mp-504509_processed.cif
mp-505074.cif,Add one Dy at [7.19497238 8.04156289 8.13522183] to the cif file.,mp-505074_processed.cif
mp-505217.cif,Add one Bh at [1.68737615 0.1274762  3.86603893] to the cif file.,mp-505217_processed.cif
mp-505540.cif,Add one Pb at [3.24180777 2.40708775 3.70188868] to the cif file.,mp-505540_processed.cif
mp-505573.cif,Add one Be at [2.36317528 1.11553741 2.84438597] to the cif file.,mp-505573_processed.cif
mp-505766.cif,Add one Pa at [-1.38792618  4.77510726  2.67799224] to the cif file.,mp-505766_processed.cif
mp-510544.cif,Add one S at [-0.86529175  1.00818979  3.95636216] to the cif file.,mp-510544_processed.cif
mp-510717.cif,Add one Zn at [10.92779234  3.15471895  3.81460956] to the cif file.,mp-510717_processed.cif
mp-5151.cif,Add one Og at [7.24715925 5.54346099 9.35706514] to the cif file.,mp-5151_processed.cif
mp-530379.cif,Add one Mo at [8.87695974 4.61401559 6.63861517] to the cif file.,mp-530379_processed.cif
mp-530850.cif,Add one Pt at [ 3.15393481  0.71223592 13.36153341] to the cif file.,mp-530850_processed.cif
mp-540740.cif,Add one Rb at [ 3.12613986  1.87028252 13.66889261] to the cif file.,mp-540740_processed.cif
mp-540798.cif,Add one Sm at [15.31235141  5.80763083  2.14247331] to the cif file.,mp-540798_processed.cif
mp-540938.cif,Add one Fr at [40.84943168  3.77197245  3.57698588] to the cif file.,mp-540938_processed.cif
mp-540977.cif,Add one Bi at [12.50395927  3.99636963  2.98415533] to the cif file.,mp-540977_processed.cif
mp-541595.cif,Add one Tb at [7.7875676  3.778368   3.03515292] to the cif file.,mp-541595_processed.cif
mp-541619.cif,Add one Sm at [3.79997354 2.8791286  1.61186721] to the cif file.,mp-541619_processed.cif
mp-541894.cif,Add one Ta at [ 1.30711298 -1.05880704  2.28293035] to the cif file.,mp-541894_processed.cif
mp-541991.cif,Add one Rf at [4.11601978 1.78879109 5.11405832] to the cif file.,mp-541991_processed.cif
mp-542024.cif,Add one At at [9.18596679 8.0044792  2.36893315] to the cif file.,mp-542024_processed.cif
mp-542151.cif,Add one Bh at [4.48114201 1.93288615 4.64350698] to the cif file.,mp-542151_processed.cif
mp-542342.cif,Add one Al at [5.06069974 0.63952357 1.34961222] to the cif file.,mp-542342_processed.cif
mp-542435.cif,Add one Tb at [-1.57743612  0.9937758   4.91277735] to the cif file.,mp-542435_processed.cif
mp-542448.cif,Add one Es at [9.42880809 6.99829659 2.14410835] to the cif file.,mp-542448_processed.cif
mp-542812.cif,Add one Li at [-0.85292716  4.40324037  2.04476624] to the cif file.,mp-542812_processed.cif
mp-543036.cif,Add one Mo at [5.98676843 2.50055015 1.90589287] to the cif file.,mp-543036_processed.cif
mp-543042.cif,Add one Ni at [3.43851834 5.67083474 2.25808604] to the cif file.,mp-543042_processed.cif
mp-554174.cif,Add one Re at [25.11607803  5.79044046  4.69222693] to the cif file.,mp-554174_processed.cif
mp-554264.cif,Add one Fl at [ 2.42770455 11.11873158 17.73080058] to the cif file.,mp-554264_processed.cif
mp-554383.cif,Add one Tb at [1.64571253 5.52489471 6.94037754] to the cif file.,mp-554383_processed.cif
mp-554799.cif,Add one Es at [4.02863537 1.78112764 0.8700855 ] to the cif file.,mp-554799_processed.cif
mp-554818.cif,Add one Ti at [3.87036702 4.85934108 0.2802096 ] to the cif file.,mp-554818_processed.cif
mp-555198.cif,Add one Br at [-2.15937363  4.7914031  10.61810847] to the cif file.,mp-555198_processed.cif
mp-555534.cif,Add one Ta at [8.86850871 2.74319168 0.82644528] to the cif file.,mp-555534_processed.cif
mp-555790.cif,Add one Gd at [8.00621761 3.3831278  0.05213206] to the cif file.,mp-555790_processed.cif
mp-556185.cif,Add one Cr at [-1.00125516  3.19603491  1.57910282] to the cif file.,mp-556185_processed.cif
mp-556236.cif,Add one Pb at [ 2.2027229   0.23831623 14.86322695] to the cif file.,mp-556236_processed.cif
mp-556319.cif,Add one Ca at [1.9928139  1.87445721 1.99757498] to the cif file.,mp-556319_processed.cif
mp-556404.cif,Add one Bi at [ 4.80156957 12.75479373  8.21601589] to the cif file.,mp-556404_processed.cif
mp-557059.cif,Add one Es at [ 3.60143515  9.28958588 18.18311687] to the cif file.,mp-557059_processed.cif
mp-557180.cif,Add one Lr at [2.80503494 3.47955698 0.44718845] to the cif file.,mp-557180_processed.cif
mp-557215.cif,Add one Tb at [1.65554358 7.80238516 5.94061385] to the cif file.,mp-557215_processed.cif
mp-557266.cif,Add one Ra at [1.10752523 3.63371671 5.78491557] to the cif file.,mp-557266_processed.cif
mp-557389.cif,Add one Ag at [7.66252342 1.86766381 8.90455312] to the cif file.,mp-557389_processed.cif
mp-557574.cif,Add one Nh at [5.59413281 4.9337065  1.78467119] to the cif file.,mp-557574_processed.cif
mp-557589.cif,Add one Sr at [2.41962258 5.72851186 3.25746891] to the cif file.,mp-557589_processed.cif
mp-557752.cif,Add one Ca at [4.86332984 5.84313028 1.43849438] to the cif file.,mp-557752_processed.cif
mp-557824.cif,Add one Pr at [6.89277149 7.93659845 2.39861848] to the cif file.,mp-557824_processed.cif
mp-557864.cif,Add one Sn at [2.00048458 6.79225697 4.08156506] to the cif file.,mp-557864_processed.cif
mp-557961.cif,Add one C at [6.24085559 7.60031187 9.66692416] to the cif file.,mp-557961_processed.cif
mp-558023.cif,Add one H at [15.50638977  6.10604649  5.38741782] to the cif file.,mp-558023_processed.cif
mp-558368.cif,Add one F at [3.21639617 6.1194889  7.15531676] to the cif file.,mp-558368_processed.cif
mp-558382.cif,Add one Pt at [4.44253713 0.39728986 0.03213289] to the cif file.,mp-558382_processed.cif
mp-559140.cif,Add one Eu at [2.22452591 2.31798762 3.52790791] to the cif file.,mp-559140_processed.cif
mp-559223.cif,Add one Cu at [ 0.69074453 14.69495222  8.82128224] to the cif file.,mp-559223_processed.cif
mp-559929.cif,Add one Pa at [6.17649776 0.51821849 4.63500455] to the cif file.,mp-559929_processed.cif
mp-560091.cif,Add one Li at [15.14142109  6.69638213  4.98637384] to the cif file.,mp-560091_processed.cif
mp-560380.cif,Add one Li at [13.8421298   6.09241563  3.15761395] to the cif file.,mp-560380_processed.cif
mp-560535.cif,Add one Ga at [1.47000122 0.80931137 7.58097153] to the cif file.,mp-560535_processed.cif
mp-560605.cif,Add one Ir at [0.16044395 5.10954276 3.52518862] to the cif file.,mp-560605_processed.cif
mp-560751.cif,Add one Au at [0.94847346 5.97399609 3.91394493] to the cif file.,mp-560751_processed.cif
mp-560754.cif,Add one In at [10.2589583   0.09480821  1.21408044] to the cif file.,mp-560754_processed.cif
mp-561641.cif,Add one Db at [18.40959183  3.85921186  2.42686138] to the cif file.,mp-561641_processed.cif
mp-567492.cif,Add one Eu at [3.20492642 1.93915433 1.04971381] to the cif file.,mp-567492_processed.cif
mp-567540.cif,Add one Yb at [3.61640881 1.55888853 7.56624429] to the cif file.,mp-567540_processed.cif
mp-568306.cif,Add one H at [2.22375014 3.70490839 5.53138169] to the cif file.,mp-568306_processed.cif
mp-568716.cif,Add one Br at [ 4.70366438  2.67143031 41.48153057] to the cif file.,mp-568716_processed.cif
mp-568757.cif,Add one Cl at [ 7.4178869  12.35350149  9.36900615] to the cif file.,mp-568757_processed.cif
mp-570044.cif,Add one No at [ 5.41789927  1.64386616 12.74570093] to the cif file.,mp-570044_processed.cif
mp-571428.cif,Add one Es at [-2.1536197   4.03476868  6.50333174] to the cif file.,mp-571428_processed.cif
mp-571566.cif,Add one Tc at [1.29786057 3.01243913 8.22678556] to the cif file.,mp-571566_processed.cif
mp-5730.cif,Add one Sc at [0.96551675 6.39990582 1.59860929] to the cif file.,mp-5730_processed.cif
mp-574339.cif,Add one Gd at [19.18896204  3.55597116  1.25649409] to the cif file.,mp-574339_processed.cif
mp-581471.cif,Add one Am at [0.04103929 4.33978461 1.44878401] to the cif file.,mp-581471_processed.cif
mp-582081.cif,Add one Fr at [ 2.79863777  8.22042579 22.88107491] to the cif file.,mp-582081_processed.cif
mp-582587.cif,Add one Fe at [ 2.76430355  8.17578078 11.20813895] to the cif file.,mp-582587_processed.cif
mp-603694.cif,Add one Md at [2.88447448 5.64963208 0.50975961] to the cif file.,mp-603694_processed.cif
mp-607525.cif,Add one Pb at [ 4.37689555  0.61153092 16.79829334] to the cif file.,mp-607525_processed.cif
mp-608206.cif,Add one Po at [1.82614037 3.50059786 3.20675867] to the cif file.,mp-608206_processed.cif
mp-6112.cif,Add one Ca at [9.39971845 1.42735518 2.5416668 ] to the cif file.,mp-6112_processed.cif
mp-613327.cif,Add one Te at [1.05484528 0.34089421 1.96931568] to the cif file.,mp-613327_processed.cif
mp-616210.cif,Add one F at [3.95292345 3.29285982 0.52115708] to the cif file.,mp-616210_processed.cif
mp-616407.cif,Add one Pa at [0.31436615 2.40530611 1.44083629] to the cif file.,mp-616407_processed.cif
mp-621964.cif,Add one Au at [0.95638023 7.91921325 1.54257207] to the cif file.,mp-621964_processed.cif
mp-6257.cif,Add one In at [0.76151895 3.81604291 2.02908691] to the cif file.,mp-6257_processed.cif
mp-625744.cif,Add one Mo at [7.83284812 2.51799967 1.67387709] to the cif file.,mp-625744_processed.cif
mp-626565.cif,Add one Cl at [26.91893267  1.89797094  8.2181842 ] to the cif file.,mp-626565_processed.cif
mp-630976.cif,Add one Er at [3.31113863 5.56242258 4.36339099] to the cif file.,mp-630976_processed.cif
mp-637599.cif,Add one V at [1.16815382 1.80022286 3.30268171] to the cif file.,mp-637599_processed.cif
mp-639826.cif,Add one Np at [6.19062863 1.99175535 7.90966623] to the cif file.,mp-639826_processed.cif
mp-642315.cif,Add one Ca at [1.37080368 3.01623576 4.27145028] to the cif file.,mp-642315_processed.cif
mp-644221.cif,Add one Sm at [8.00746501 6.79338003 6.85886378] to the cif file.,mp-644221_processed.cif
mp-644529.cif,Add one Nb at [0.86542608 3.31922497 3.58837539] to the cif file.,mp-644529_processed.cif
mp-644741.cif,Add one Al at [ 1.61591716  1.57614561 12.50544585] to the cif file.,mp-644741_processed.cif
mp-654225.cif,Add one In at [ 5.03367806  7.22605688 12.81822421] to the cif file.,mp-654225_processed.cif
mp-6653.cif,Add one Kr at [8.1786134  2.29474286 2.6590272 ] to the cif file.,mp-6653_processed.cif
mp-667200.cif,Add one La at [ 3.55117708 -0.89935718 16.67095643] to the cif file.,mp-667200_processed.cif
mp-669359.cif,Add one Na at [ 9.89459556  1.75207448 10.44357918] to the cif file.,mp-669359_processed.cif
mp-669377.cif,Add one Ge at [12.47380154  6.25394227  5.66400524] to the cif file.,mp-669377_processed.cif
mp-672228.cif,Add one Y at [ 0.96575344  1.98291675 10.598624  ] to the cif file.,mp-672228_processed.cif
mp-672972.cif,Add one Ag at [4.47356294 4.72524646 4.56144823] to the cif file.,mp-672972_processed.cif
mp-6745.cif,Add one Mg at [6.36496099 5.82811467 2.69380063] to the cif file.,mp-6745_processed.cif
mp-675118.cif,Add one Os at [ 0.57349464  0.37774848 20.87531789] to the cif file.,mp-675118_processed.cif
mp-675519.cif,Add one Cu at [ 2.67996677  2.39461448 15.52716732] to the cif file.,mp-675519_processed.cif
mp-675778.cif,Add one Bi at [2.87949535 3.03084205 3.58894035] to the cif file.,mp-675778_processed.cif
mp-676.cif,Add one Ba at [6.19693563 0.74272641 2.67600695] to the cif file.,mp-676_processed.cif
mp-676275.cif,Add one Hs at [ 6.03580898  2.84484964 12.45722692] to the cif file.,mp-676275_processed.cif
mp-676816.cif,Add one Ag at [ 2.49235651 -1.27141382  3.9002695 ] to the cif file.,mp-676816_processed.cif
mp-676881.cif,Add one Br at [2.1085845  3.22068742 8.30021089] to the cif file.,mp-676881_processed.cif
mp-677725.cif,Add one Mc at [4.99993966 3.87646248 5.5919659 ] to the cif file.,mp-677725_processed.cif
mp-6800.cif,Add one Na at [2.17312336 2.92750436 5.35341593] to the cif file.,mp-6800_processed.cif
mp-680260.cif,Add one Ag at [ 0.05862557 12.36020555  7.93844658] to the cif file.,mp-680260_processed.cif
mp-684589.cif,Add one Cm at [3.93485411 4.74759889 2.97298578] to the cif file.,mp-684589_processed.cif
mp-684710.cif,Add one Sb at [1.44630816 0.71388203 0.38774978] to the cif file.,mp-684710_processed.cif
mp-685224.cif,Add one Og at [13.72751295  5.42418813 13.98681098] to the cif file.,mp-685224_processed.cif
mp-685418.cif,Add one Pa at [9.2629812  4.86161444 4.705133  ] to the cif file.,mp-685418_processed.cif
mp-690493.cif,Add one Xe at [1.0296833  5.7579628  3.23165113] to the cif file.,mp-690493_processed.cif
mp-690517.cif,Add one Eu at [-0.96887332  3.01833188  6.63692702] to the cif file.,mp-690517_processed.cif
mp-690674.cif,Add one Tb at [3.66138493 3.79034191 7.17162781] to the cif file.,mp-690674_processed.cif
mp-694979.cif,Add one Np at [7.74708199 9.05541143 6.13186274] to the cif file.,mp-694979_processed.cif
mp-695946.cif,Add one K at [ 6.28442146 -0.18674772  0.61177549] to the cif file.,mp-695946_processed.cif
mp-696298.cif,Add one Ge at [5.18809199 1.98717358 3.90295767] to the cif file.,mp-696298_processed.cif
mp-696990.cif,Add one Lu at [4.66731714 7.55726766 3.16944931] to the cif file.,mp-696990_processed.cif
mp-697075.cif,Add one He at [10.08065838  2.30105283  5.0393166 ] to the cif file.,mp-697075_processed.cif
mp-697458.cif,Add one La at [1.1273013  7.15953014 4.73249601] to the cif file.,mp-697458_processed.cif
mp-697721.cif,Add one Xe at [7.9974791  4.01667944 0.249205  ] to the cif file.,mp-697721_processed.cif
mp-698312.cif,Add one Pa at [-1.4015651   2.96905776 10.38508292] to the cif file.,mp-698312_processed.cif
mp-7022.cif,Add one Nb at [3.57361158 2.28936826 5.39890532] to the cif file.,mp-7022_processed.cif
mp-703291.cif,Add one F at [3.13225437 4.20210269 1.97499512] to the cif file.,mp-703291_processed.cif
mp-704116.cif,Add one Os at [3.59982959 7.30042429 1.34933461] to the cif file.,mp-704116_processed.cif
mp-704848.cif,Add one Pd at [2.42730304 5.14319352 9.28345911] to the cif file.,mp-704848_processed.cif
mp-705312.cif,Add one Sc at [2.98120366 7.86190302 3.55952053] to the cif file.,mp-705312_processed.cif
mp-706518.cif,Add one Ta at [2.75919091 5.80377295 3.39066454] to the cif file.,mp-706518_processed.cif
mp-706524.cif,Add one Na at [5.29682013 6.41445159 2.2690557 ] to the cif file.,mp-706524_processed.cif
mp-707406.cif,Add one Np at [4.10040499 5.51795454 7.55184073] to the cif file.,mp-707406_processed.cif
mp-707744.cif,Add one Sc at [3.25315915 6.40987256 1.13698709] to the cif file.,mp-707744_processed.cif
mp-707840.cif,Add one Og at [0.14490941 1.81916601 4.99548993] to the cif file.,mp-707840_processed.cif
mp-715457.cif,Add one Fm at [3.94954871 3.52129884 0.05142645] to the cif file.,mp-715457_processed.cif
mp-715553.cif,Add one Mg at [2.5166837  3.69701004 8.54134445] to the cif file.,mp-715553_processed.cif
mp-720104.cif,Add one Cl at [0.04693459 0.22356259 5.07094702] to the cif file.,mp-720104_processed.cif
mp-720572.cif,Add one N at [ 1.64737756  4.14760101 14.50908587] to the cif file.,mp-720572_processed.cif
mp-722790.cif,Add one Fe at [ 3.83820516  5.55151493 13.36402107] to the cif file.,mp-722790_processed.cif
mp-722980.cif,Add one Lv at [ 6.30226993  2.57790429 10.36933582] to the cif file.,mp-722980_processed.cif
mp-726672.cif,Add one Ds at [1.55766427 7.18216731 8.75755541] to the cif file.,mp-726672_processed.cif
mp-7281.cif,Add one U at [-1.0105148   3.31687382  4.80576036] to the cif file.,mp-7281_processed.cif
mp-728374.cif,Add one Th at [4.54199349 2.28851166 4.08928793] to the cif file.,mp-728374_processed.cif
mp-731813.cif,Add one V at [-2.10864829 -2.21682577  4.87348771] to the cif file.,mp-731813_processed.cif
mp-732021.cif,Add one Br at [ 1.78680092  7.60935813 10.82562591] to the cif file.,mp-732021_processed.cif
mp-734013.cif,Add one Ir at [3.62347211 2.81168671 5.95449727] to the cif file.,mp-734013_processed.cif
mp-738609.cif,Add one Sn at [10.61624997  5.33429334  3.95417583] to the cif file.,mp-738609_processed.cif
mp-752590.cif,Add one Ru at [1.91367845 4.60172678 2.40339005] to the cif file.,mp-752590_processed.cif
mp-752623.cif,Add one La at [3.79358733 3.43708035 7.61065068] to the cif file.,mp-752623_processed.cif
mp-752859.cif,Add one Po at [2.59324816 5.0929334  0.0767282 ] to the cif file.,mp-752859_processed.cif
mp-752896.cif,Add one K at [-1.29923897  3.40306969 10.0455196 ] to the cif file.,mp-752896_processed.cif
mp-752915.cif,Add one Ni at [4.62203393 0.16948577 0.1554346 ] to the cif file.,mp-752915_processed.cif
mp-752916.cif,Add one Bh at [2.69305845 3.2844842  2.8180551 ] to the cif file.,mp-752916_processed.cif
mp-752972.cif,Add one Ir at [0.62781081 5.53593404 5.60153469] to the cif file.,mp-752972_processed.cif
mp-753000.cif,Add one Os at [1.64305961 6.0054436  5.47569976] to the cif file.,mp-753000_processed.cif
mp-753018.cif,Add one Pb at [2.98302422 5.59754485 2.62859756] to the cif file.,mp-753018_processed.cif
mp-753047.cif,Add one Pa at [0.87108104 2.31379895 3.02770733] to the cif file.,mp-753047_processed.cif
mp-753220.cif,Add one V at [1.36304537 3.26076331 0.96760537] to the cif file.,mp-753220_processed.cif
mp-753282.cif,Add one Te at [3.6251998  5.17115138 4.80626676] to the cif file.,mp-753282_processed.cif
mp-753309.cif,Add one Ba at [8.27889579 1.5324208  3.32898927] to the cif file.,mp-753309_processed.cif
mp-753322.cif,Add one Co at [5.35433762 5.52626276 4.88198328] to the cif file.,mp-753322_processed.cif
mp-753612.cif,Add one Ac at [1.53900306 1.01470587 2.01222187] to the cif file.,mp-753612_processed.cif
mp-753724.cif,Add one Hg at [5.82421231 4.07158119 6.47131341] to the cif file.,mp-753724_processed.cif
mp-753992.cif,Add one Dy at [8.4031213  2.54999872 2.5733793 ] to the cif file.,mp-753992_processed.cif
mp-754070.cif,Add one He at [0.14421199 6.38238124 4.64551372] to the cif file.,mp-754070_processed.cif
mp-754274.cif,Add one As at [4.09673682 1.26100928 4.42970271] to the cif file.,mp-754274_processed.cif
mp-754345.cif,Add one Fm at [3.94139927 4.92177154 2.20700826] to the cif file.,mp-754345_processed.cif
mp-754644.cif,Add one Ds at [1.00512823 4.45495753 0.70499695] to the cif file.,mp-754644_processed.cif
mp-754745.cif,Add one V at [-5.03408824  3.16758317  3.63647451] to the cif file.,mp-754745_processed.cif
mp-754794.cif,Add one Po at [2.56359023 6.87175232 3.45441851] to the cif file.,mp-754794_processed.cif
mp-754886.cif,Add one Pb at [4.83742668 4.2718045  5.88609414] to the cif file.,mp-754886_processed.cif
mp-755114.cif,Add one S at [4.1555179  4.41963881 0.74006795] to the cif file.,mp-755114_processed.cif
mp-755229.cif,Add one Mt at [3.10232226 2.56187766 0.33692414] to the cif file.,mp-755229_processed.cif
mp-755317.cif,Add one Ac at [-0.40873499  4.20214173  0.83125289] to the cif file.,mp-755317_processed.cif
mp-755498.cif,Add one Np at [3.73381745 3.34276827 2.69920067] to the cif file.,mp-755498_processed.cif
mp-755582.cif,Add one Bi at [5.44062626 1.99588062 1.05432675] to the cif file.,mp-755582_processed.cif
mp-755926.cif,Add one B at [ 3.35580393 -1.39318247  3.95575071] to the cif file.,mp-755926_processed.cif
mp-755997.cif,Add one Tc at [4.64500741 4.69494655 6.07692415] to the cif file.,mp-755997_processed.cif
mp-756062.cif,Add one Lv at [4.45628198 2.22403777 2.72586642] to the cif file.,mp-756062_processed.cif
mp-756382.cif,Add one Ti at [1.16351176 2.49181637 6.60928973] to the cif file.,mp-756382_processed.cif
mp-756670.cif,Add one Si at [7.04477134 6.73887022 3.23825507] to the cif file.,mp-756670_processed.cif
mp-756859.cif,Add one Rg at [9.55355862 2.68355513 0.5077861 ] to the cif file.,mp-756859_processed.cif
mp-756990.cif,Add one Se at [10.51851534  3.87075982  3.98762251] to the cif file.,mp-756990_processed.cif
mp-757189.cif,Add one N at [0.16291644 1.44308815 1.15970126] to the cif file.,mp-757189_processed.cif
mp-757311.cif,Add one Ti at [7.23187824 1.13053349 7.00212196] to the cif file.,mp-757311_processed.cif
mp-757314.cif,Add one Rn at [4.37877082 9.10775731 0.40944605] to the cif file.,mp-757314_processed.cif
mp-757440.cif,Add one Mn at [11.93473322  8.84247251  6.09335231] to the cif file.,mp-757440_processed.cif
mp-757579.cif,Add one C at [3.71274743 9.11036051 5.77355679] to the cif file.,mp-757579_processed.cif
mp-757665.cif,Add one Rn at [4.74219351 3.57419215 4.13166565] to the cif file.,mp-757665_processed.cif
mp-757787.cif,Add one Hs at [4.40339523 0.68241256 3.40063558] to the cif file.,mp-757787_processed.cif
mp-758534.cif,Add one Ga at [7.95328804 6.17794443 5.33478173] to the cif file.,mp-758534_processed.cif
mp-758565.cif,Add one Si at [4.09430654 3.38890078 1.79544978] to the cif file.,mp-758565_processed.cif
mp-758722.cif,Add one Yb at [3.21261206 0.05666871 1.49128074] to the cif file.,mp-758722_processed.cif
mp-758858.cif,Add one C at [ 2.96566106 13.37730542  6.31552711] to the cif file.,mp-758858_processed.cif
mp-759080.cif,Add one Kr at [0.82473049 4.73424359 5.15940721] to the cif file.,mp-759080_processed.cif
mp-759482.cif,Add one Nh at [5.02264034 5.61781301 1.82934461] to the cif file.,mp-759482_processed.cif
mp-759507.cif,Add one Lv at [2.51287783 0.83008172 9.04488155] to the cif file.,mp-759507_processed.cif
mp-759524.cif,Add one Pm at [3.2988555  3.81687626 3.1768599 ] to the cif file.,mp-759524_processed.cif
mp-759607.cif,Add one Re at [ 1.39130442 -0.25803441  3.65881609] to the cif file.,mp-759607_processed.cif
mp-759656.cif,Add one Cn at [3.42266718 2.85770005 4.79729345] to the cif file.,mp-759656_processed.cif
mp-759790.cif,Add one Cr at [2.39268095 3.62323687 2.25789367] to the cif file.,mp-759790_processed.cif
mp-759809.cif,Add one Sb at [4.50395732 3.36612682 3.46948673] to the cif file.,mp-759809_processed.cif
mp-760193.cif,Add one La at [0.70331832 2.44492723 1.34615912] to the cif file.,mp-760193_processed.cif
mp-760300.cif,Add one Cu at [3.60806516 1.4508001  0.42796507] to the cif file.,mp-760300_processed.cif
mp-761082.cif,Add one Np at [7.84912432 2.41593219 5.6903429 ] to the cif file.,mp-761082_processed.cif
mp-761112.cif,Add one Cs at [4.58845533 4.95613543 6.85415944] to the cif file.,mp-761112_processed.cif
mp-7614.cif,Add one Mt at [ 5.03324706  9.21976488 14.68647195] to the cif file.,mp-7614_processed.cif
mp-762304.cif,Add one Pr at [2.372945   0.32121729 2.55283322] to the cif file.,mp-762304_processed.cif
mp-7625.cif,Add one Sm at [2.05594874 1.38048046 3.58042743] to the cif file.,mp-7625_processed.cif
mp-762521.cif,Add one Ac at [ 1.45436733 -0.46620646  6.9312485 ] to the cif file.,mp-762521_processed.cif
mp-763259.cif,Add one Cu at [2.79080573 0.92252193 5.32857487] to the cif file.,mp-763259_processed.cif
mp-763484.cif,Add one Mn at [3.89884038 1.1855952  7.01631992] to the cif file.,mp-763484_processed.cif
mp-763920.cif,Add one Ga at [2.15267602 1.87413025 7.7438189 ] to the cif file.,mp-763920_processed.cif
mp-765709.cif,Add one Ba at [2.63705616 0.96620809 1.94671367] to the cif file.,mp-765709_processed.cif
mp-766040.cif,Add one Re at [0.59822218 6.91351775 2.53062554] to the cif file.,mp-766040_processed.cif
mp-766051.cif,Add one Ba at [6.46502467 4.43518971 1.05302525] to the cif file.,mp-766051_processed.cif
mp-766137.cif,Add one Cd at [4.44626575 2.46858762 3.20680104] to the cif file.,mp-766137_processed.cif
mp-766408.cif,Add one Ar at [-2.83057279  4.58783083  3.18212373] to the cif file.,mp-766408_processed.cif
mp-766447.cif,Add one Ce at [ 0.80859402  4.8646807  10.54802011] to the cif file.,mp-766447_processed.cif
mp-766539.cif,Add one W at [0.99590778 4.61936023 8.81173612] to the cif file.,mp-766539_processed.cif
mp-768276.cif,Add one N at [ 3.40078216 -3.16266039  2.95636995] to the cif file.,mp-768276_processed.cif
mp-768373.cif,Add one Cu at [9.79889778 5.00178901 5.14164421] to the cif file.,mp-768373_processed.cif
mp-768854.cif,Add one La at [2.10415851 6.32026911 9.44814236] to the cif file.,mp-768854_processed.cif
mp-768859.cif,Add one Sg at [4.43162313 3.83493682 5.41855872] to the cif file.,mp-768859_processed.cif
mp-769049.cif,Add one Li at [3.17407115 6.90407324 4.16006599] to the cif file.,mp-769049_processed.cif
mp-769346.cif,Add one As at [-0.03364677  1.63479433 10.82138587] to the cif file.,mp-769346_processed.cif
mp-769383.cif,Add one Am at [4.66303928 6.52189042 6.85266053] to the cif file.,mp-769383_processed.cif
mp-770406.cif,Add one Rf at [0.65023662 2.74640664 0.46440942] to the cif file.,mp-770406_processed.cif
mp-770508.cif,Add one Rh at [4.20781608 2.05128773 9.23411397] to the cif file.,mp-770508_processed.cif
mp-770714.cif,Add one Ho at [0.91191399 8.65262396 8.21644247] to the cif file.,mp-770714_processed.cif
mp-770847.cif,Add one Tb at [5.7451092  3.19403601 8.09130551] to the cif file.,mp-770847_processed.cif
mp-770865.cif,Add one Sr at [0.25434079 4.52470961 2.55430672] to the cif file.,mp-770865_processed.cif
mp-770898.cif,Add one Hg at [3.16993685 2.19123118 5.07140857] to the cif file.,mp-770898_processed.cif
mp-770995.cif,Add one Ho at [1.0974364  0.69611062 7.8900113 ] to the cif file.,mp-770995_processed.cif
mp-771674.cif,Add one Pb at [12.22851088  2.92381608  3.40906621] to the cif file.,mp-771674_processed.cif
mp-772172.cif,Add one Th at [4.03036375 0.7674294  1.95356514] to the cif file.,mp-772172_processed.cif
mp-772550.cif,Add one Rn at [4.6939145  4.42813351 2.01924709] to the cif file.,mp-772550_processed.cif
mp-772610.cif,Add one Au at [0.5817151  6.54254088 9.65088518] to the cif file.,mp-772610_processed.cif
mp-772749.cif,Add one Xe at [3.51285193 4.81973906 7.25303819] to the cif file.,mp-772749_processed.cif
mp-772763.cif,Add one Cs at [4.91431317 0.9640627  5.20255332] to the cif file.,mp-772763_processed.cif
mp-772999.cif,Add one Se at [0.6310113  0.39969991 3.28845104] to the cif file.,mp-772999_processed.cif
mp-773070.cif,Add one Si at [4.529409   2.80978791 8.7029146 ] to the cif file.,mp-773070_processed.cif
mp-774146.cif,Add one Au at [2.34087579 1.14977907 1.66448062] to the cif file.,mp-774146_processed.cif
mp-774370.cif,Add one Ag at [6.04530688 3.86492135 0.96695463] to the cif file.,mp-774370_processed.cif
mp-774459.cif,Add one Sn at [3.57877574 1.11473147 1.86185038] to the cif file.,mp-774459_processed.cif
mp-774822.cif,Add one Yb at [6.46171565 3.67058686 0.81023128] to the cif file.,mp-774822_processed.cif
mp-774929.cif,Add one Yb at [ 8.61711889 14.56607085  6.85075624] to the cif file.,mp-774929_processed.cif
mp-774940.cif,Add one Br at [11.9121746   3.85930632  6.81157163] to the cif file.,mp-774940_processed.cif
mp-775126.cif,Add one Cf at [3.7565736  0.86674219 5.82350142] to the cif file.,mp-775126_processed.cif
mp-775216.cif,Add one B at [1.01732425 7.28697867 2.12559916] to the cif file.,mp-775216_processed.cif
mp-775224.cif,Add one Cl at [8.82035329 2.33463613 5.48304065] to the cif file.,mp-775224_processed.cif
mp-775268.cif,Add one La at [-1.66619106  3.11311912 20.56215688] to the cif file.,mp-775268_processed.cif
mp-775340.cif,Add one Pb at [-2.45228519  2.34823629  5.21836182] to the cif file.,mp-775340_processed.cif
mp-775989.cif,Add one Au at [7.62159771 0.99773702 1.52491177] to the cif file.,mp-775989_processed.cif
mp-776097.cif,Add one Zr at [3.13995458 3.85809936 1.38197689] to the cif file.,mp-776097_processed.cif
mp-776529.cif,Add one Y at [0.66714928 4.91304661 1.65382133] to the cif file.,mp-776529_processed.cif
mp-7767.cif,Add one Bi at [0.34318677 3.67748351 2.28115713] to the cif file.,mp-7767_processed.cif
mp-776873.cif,Add one Hs at [7.14773288 1.26005878 2.81688239] to the cif file.,mp-776873_processed.cif
mp-777288.cif,Add one Rb at [ 4.2889679   4.81812727 12.2118056 ] to the cif file.,mp-777288_processed.cif
mp-777458.cif,Add one Gd at [0.81875789 0.67399661 7.46058716] to the cif file.,mp-777458_processed.cif
mp-777764.cif,Add one I at [2.82442765 2.38448424 4.4193968 ] to the cif file.,mp-777764_processed.cif
mp-778141.cif,Add one Am at [0.97461678 4.54196665 0.70008975] to the cif file.,mp-778141_processed.cif
mp-778158.cif,Add one H at [ 1.35398901  0.78088912 10.83743655] to the cif file.,mp-778158_processed.cif
mp-778252.cif,Add one Gd at [3.72572338 9.23343622 2.41069115] to the cif file.,mp-778252_processed.cif
mp-778260.cif,Add one Sn at [0.30259912 6.54227198 3.7137578 ] to the cif file.,mp-778260_processed.cif
mp-779095.cif,Add one Zn at [4.53498659 3.68182903 6.67324183] to the cif file.,mp-779095_processed.cif
mp-779789.cif,Add one Pt at [ 2.58995034  5.66601979 11.10147607] to the cif file.,mp-779789_processed.cif
mp-780121.cif,Add one Zn at [10.37228494  2.4607929   4.13282321] to the cif file.,mp-780121_processed.cif
mp-780175.cif,Add one Zn at [0.18532057 4.64963348 1.05372575] to the cif file.,mp-780175_processed.cif
mp-780392.cif,Add one Ar at [4.73227653 3.19373092 4.25676536] to the cif file.,mp-780392_processed.cif
mp-780797.cif,Add one Fe at [4.63920314 2.41765901 8.49568562] to the cif file.,mp-780797_processed.cif
mp-782009.cif,Add one Sn at [-2.56009451  5.43346306  7.31151146] to the cif file.,mp-782009_processed.cif
mp-7926.cif,Add one Lr at [2.47037551 0.54745281 7.04235461] to the cif file.,mp-7926_processed.cif
mp-803628.cif,Add one Nh at [1.51081971 1.7587096  7.02306782] to the cif file.,mp-803628_processed.cif
mp-8058.cif,Add one Np at [ 0.13880194 -1.52123314  4.15143863] to the cif file.,mp-8058_processed.cif
mp-807001.cif,Add one Tc at [2.91081282 1.33752002 1.47979095] to the cif file.,mp-807001_processed.cif
mp-818638.cif,Add one P at [6.43274764 6.48045004 3.64643378] to the cif file.,mp-818638_processed.cif
mp-850260.cif,Add one Sn at [ 4.45308567  6.27053845 14.4660324 ] to the cif file.,mp-850260_processed.cif
mp-850784.cif,Add one Cl at [ 3.64126474 -0.45601799  6.16431253] to the cif file.,mp-850784_processed.cif
mp-850942.cif,Add one I at [ 3.16699785  4.63048534 13.0983667 ] to the cif file.,mp-850942_processed.cif
mp-861324.cif,Add one Gd at [0.49290609 1.35496222 1.1220153 ] to the cif file.,mp-861324_processed.cif
mp-861689.cif,Add one Pm at [3.47427956 5.74050144 7.89008465] to the cif file.,mp-861689_processed.cif
mp-863022.cif,Add one Pr at [5.66558833 6.42446853 5.00551712] to the cif file.,mp-863022_processed.cif
mp-863365.cif,Add one He at [6.86528029 4.04834379 6.40420436] to the cif file.,mp-863365_processed.cif
mp-863428.cif,Add one Np at [10.54614557  0.90387116  1.89196214] to the cif file.,mp-863428_processed.cif
mp-863754.cif,Add one Kr at [2.76415737 3.98828798 7.28856765] to the cif file.,mp-863754_processed.cif
mp-865205.cif,Add one Kr at [ 1.81484939 -0.46967743 11.29901414] to the cif file.,mp-865205_processed.cif
mp-866298.cif,Add one Th at [5.08386335 2.01721267 4.82615273] to the cif file.,mp-866298_processed.cif
mp-866520.cif,Add one Er at [5.19938748 3.40455546 5.40332037] to the cif file.,mp-866520_processed.cif
mp-867606.cif,Add one Hs at [6.45289891 4.43274788 1.75622391] to the cif file.,mp-867606_processed.cif
mp-881189.cif,Add one Mo at [3.08716696 4.70242112 0.76655565] to the cif file.,mp-881189_processed.cif
mp-9275.cif,Add one Mn at [-2.10776077  5.06619906 16.41007772] to the cif file.,mp-9275_processed.cif
mp-9324.cif,Add one Rn at [1.36404893 6.81386654 2.72268205] to the cif file.,mp-9324_processed.cif
mp-935710.cif,Add one Th at [1.8156874  4.07409332 4.18853818] to the cif file.,mp-935710_processed.cif
mp-9403.cif,Add one B at [-0.91437529 14.52862432  6.12091338] to the cif file.,mp-9403_processed.cif
mp-9417.cif,Add one Cf at [ 1.16731028 -1.09576495  2.5497525 ] to the cif file.,mp-9417_processed.cif
mp-978989.cif,Add one No at [0.45444982 5.55061444 3.092902  ] to the cif file.,mp-978989_processed.cif
mp-979264.cif,Add one P at [4.8773389  4.91242027 1.47113097] to the cif file.,mp-979264_processed.cif
mp-982385.cif,Add one Ra at [ 5.63952099  1.02451534 11.79972177] to the cif file.,mp-982385_processed.cif
mp-985468.cif,Add one Sn at [3.97301255 3.02190825 7.60151609] to the cif file.,mp-985468_processed.cif
mp-991772.cif,Add one Hs at [1.94739082 5.64612186 1.26869455] to the cif file.,mp-991772_processed.cif
mp-997585.cif,Add one Se at [5.67927389 1.21055073 0.88234371] to the cif file.,mp-997585_processed.cif
mp-998746.cif,Add one Am at [3.15889648 3.66695779 5.83158204] to the cif file.,mp-998746_processed.cif
