input_cif,action_prompt,output_cif
mp-1013842.cif,Move atom at index 24 towards atom at index 11 by 2.7188375492363903 in the cif file.,mp-1013842_processed.cif
mp-1015026.cif,Move atom at index 6 towards atom at index 11 by 1.104326797967953 in the cif file.,mp-1015026_processed.cif
mp-1016569.cif,Move atom at index 2 towards atom at index 15 by 2.0308203838675163 in the cif file.,mp-1016569_processed.cif
mp-1016660.cif,Move atom at index 9 towards atom at index 1 by 2.7447362443202814 in the cif file.,mp-1016660_processed.cif
mp-1020181.cif,Move atom at index 25 towards atom at index 14 by 0.10894205836022558 in the cif file.,mp-1020181_processed.cif
mp-1020716.cif,Move atom at index 47 towards atom at index 8 by 1.9619656513025638 in the cif file.,mp-1020716_processed.cif
mp-1021278.cif,Move atom at index 12 towards atom at index 7 by 2.4822697402771743 in the cif file.,mp-1021278_processed.cif
mp-1021658.cif,Move atom at index 11 towards atom at index 14 by 2.4811056724106826 in the cif file.,mp-1021658_processed.cif
mp-1021682.cif,Move atom at index 12 towards atom at index 1 by 2.3836562219292574 in the cif file.,mp-1021682_processed.cif
mp-1022203.cif,Move atom at index 3 towards atom at index 1 by 0.33436283622485563 in the cif file.,mp-1022203_processed.cif
mp-1026634.cif,Move atom at index 14 towards atom at index 1 by 1.9897501923622218 in the cif file.,mp-1026634_processed.cif
mp-1026773.cif,Move atom at index 1 towards atom at index 11 by 2.1178281909923657 in the cif file.,mp-1026773_processed.cif
mp-1026775.cif,Move atom at index 9 towards atom at index 2 by 2.479116147884394 in the cif file.,mp-1026775_processed.cif
mp-1026818.cif,Move atom at index 7 towards atom at index 9 by 2.321002217481737 in the cif file.,mp-1026818_processed.cif
mp-1026852.cif,Move atom at index 0 towards atom at index 10 by 0.5945475337108411 in the cif file.,mp-1026852_processed.cif
mp-1026901.cif,Move atom at index 9 towards atom at index 8 by 1.8461040575412917 in the cif file.,mp-1026901_processed.cif
mp-1027134.cif,Move atom at index 6 towards atom at index 11 by 2.3264494075675937 in the cif file.,mp-1027134_processed.cif
mp-1027152.cif,Move atom at index 11 towards atom at index 2 by 1.943017086968579 in the cif file.,mp-1027152_processed.cif
mp-1027852.cif,Move atom at index 2 towards atom at index 13 by 0.8443860325517641 in the cif file.,mp-1027852_processed.cif
mp-1027965.cif,Move atom at index 14 towards atom at index 10 by 1.3606279884050008 in the cif file.,mp-1027965_processed.cif
mp-1027971.cif,Move atom at index 1 towards atom at index 10 by 0.305829802025832 in the cif file.,mp-1027971_processed.cif
mp-1028124.cif,Move atom at index 11 towards atom at index 12 by 1.489550601677831 in the cif file.,mp-1028124_processed.cif
mp-1028136.cif,Move atom at index 10 towards atom at index 8 by 2.0619892332598564 in the cif file.,mp-1028136_processed.cif
mp-1028229.cif,Move atom at index 11 towards atom at index 7 by 0.9656199200460711 in the cif file.,mp-1028229_processed.cif
mp-1028374.cif,Move atom at index 3 towards atom at index 0 by 2.06876850511575 in the cif file.,mp-1028374_processed.cif
mp-1028383.cif,Move atom at index 5 towards atom at index 13 by 2.291076155545762 in the cif file.,mp-1028383_processed.cif
mp-1028854.cif,Move atom at index 2 towards atom at index 8 by 0.36235267561899964 in the cif file.,mp-1028854_processed.cif
mp-1029113.cif,Move atom at index 9 towards atom at index 5 by 0.26881706515365195 in the cif file.,mp-1029113_processed.cif
mp-1029368.cif,Move atom at index 6 towards atom at index 8 by 0.6586127815392856 in the cif file.,mp-1029368_processed.cif
mp-1031131.cif,Move atom at index 2 towards atom at index 8 by 1.1720297255479253 in the cif file.,mp-1031131_processed.cif
mp-1032360.cif,Move atom at index 9 towards atom at index 8 by 2.485515585646517 in the cif file.,mp-1032360_processed.cif
mp-1033383.cif,Move atom at index 9 towards atom at index 13 by 2.9436858200427065 in the cif file.,mp-1033383_processed.cif
mp-1034355.cif,Move atom at index 2 towards atom at index 31 by 2.316213291659477 in the cif file.,mp-1034355_processed.cif
mp-1035597.cif,Move atom at index 7 towards atom at index 23 by 2.6672813511903124 in the cif file.,mp-1035597_processed.cif
mp-1035800.cif,Move atom at index 26 towards atom at index 1 by 1.8706888388376657 in the cif file.,mp-1035800_processed.cif
mp-1037450.cif,Move atom at index 60 towards atom at index 23 by 1.7118820793185872 in the cif file.,mp-1037450_processed.cif
mp-1038247.cif,Move atom at index 31 towards atom at index 57 by 0.13966790911401863 in the cif file.,mp-1038247_processed.cif
mp-1038590.cif,Move atom at index 61 towards atom at index 30 by 2.406117241214741 in the cif file.,mp-1038590_processed.cif
mp-1038638.cif,Move atom at index 58 towards atom at index 36 by 1.1153653062814595 in the cif file.,mp-1038638_processed.cif
mp-1039951.cif,Move atom at index 49 towards atom at index 57 by 2.0121784138019043 in the cif file.,mp-1039951_processed.cif
mp-1040370.cif,Move atom at index 38 towards atom at index 20 by 2.8544205725085003 in the cif file.,mp-1040370_processed.cif
mp-1041045.cif,Move atom at index 19 towards atom at index 49 by 2.4575188959768752 in the cif file.,mp-1041045_processed.cif
mp-1041056.cif,Move atom at index 44 towards atom at index 43 by 1.5948607210926218 in the cif file.,mp-1041056_processed.cif
mp-1041213.cif,Move atom at index 19 towards atom at index 13 by 1.6007282858877672 in the cif file.,mp-1041213_processed.cif
mp-1042028.cif,Move atom at index 0 towards atom at index 3 by 0.5897612936917263 in the cif file.,mp-1042028_processed.cif
mp-1042158.cif,Move atom at index 14 towards atom at index 10 by 1.3308617105028202 in the cif file.,mp-1042158_processed.cif
mp-1042205.cif,Move atom at index 1 towards atom at index 23 by 1.8493836795606189 in the cif file.,mp-1042205_processed.cif
mp-1042378.cif,Move atom at index 18 towards atom at index 35 by 2.0310168698647058 in the cif file.,mp-1042378_processed.cif
mp-1042415.cif,Move atom at index 46 towards atom at index 40 by 1.2648975815450783 in the cif file.,mp-1042415_processed.cif
mp-1042656.cif,Move atom at index 10 towards atom at index 11 by 2.3558440812456993 in the cif file.,mp-1042656_processed.cif
mp-1042677.cif,Move atom at index 34 towards atom at index 31 by 0.9286824018562474 in the cif file.,mp-1042677_processed.cif
mp-1042685.cif,Move atom at index 38 towards atom at index 58 by 0.42251795423233507 in the cif file.,mp-1042685_processed.cif
mp-1042896.cif,Move atom at index 8 towards atom at index 14 by 0.8400829860015377 in the cif file.,mp-1042896_processed.cif
mp-1043828.cif,Move atom at index 24 towards atom at index 8 by 0.6351900259535106 in the cif file.,mp-1043828_processed.cif
mp-1044049.cif,Move atom at index 5 towards atom at index 33 by 1.824994285455964 in the cif file.,mp-1044049_processed.cif
mp-1044636.cif,Move atom at index 43 towards atom at index 27 by 0.6345586377806636 in the cif file.,mp-1044636_processed.cif
mp-1045786.cif,Move atom at index 0 towards atom at index 3 by 1.152302688827714 in the cif file.,mp-1045786_processed.cif
mp-1045992.cif,Move atom at index 5 towards atom at index 3 by 2.0257920244860297 in the cif file.,mp-1045992_processed.cif
mp-1046286.cif,Move atom at index 17 towards atom at index 16 by 2.543299229854204 in the cif file.,mp-1046286_processed.cif
mp-1047007.cif,Move atom at index 2 towards atom at index 5 by 2.71625208153646 in the cif file.,mp-1047007_processed.cif
mp-1047085.cif,Move atom at index 22 towards atom at index 17 by 2.0918536754834682 in the cif file.,mp-1047085_processed.cif
mp-1047504.cif,Move atom at index 2 towards atom at index 7 by 2.8361202513426904 in the cif file.,mp-1047504_processed.cif
mp-1047641.cif,Move atom at index 12 towards atom at index 0 by 1.1886817772478324 in the cif file.,mp-1047641_processed.cif
mp-1047798.cif,Move atom at index 21 towards atom at index 22 by 2.224871033024475 in the cif file.,mp-1047798_processed.cif
mp-1048141.cif,Move atom at index 12 towards atom at index 5 by 2.3979697581229233 in the cif file.,mp-1048141_processed.cif
mp-1048241.cif,Move atom at index 12 towards atom at index 10 by 0.8989945018034848 in the cif file.,mp-1048241_processed.cif
mp-1048742.cif,Move atom at index 25 towards atom at index 23 by 0.6276096939467395 in the cif file.,mp-1048742_processed.cif
mp-1048819.cif,Move atom at index 2 towards atom at index 6 by 2.116358774791146 in the cif file.,mp-1048819_processed.cif
mp-10543.cif,Move atom at index 12 towards atom at index 3 by 1.5019996632693093 in the cif file.,mp-10543_processed.cif
mp-1073454.cif,Move atom at index 2 towards atom at index 22 by 0.28922888595961754 in the cif file.,mp-1073454_processed.cif
mp-1073857.cif,Move atom at index 2 towards atom at index 7 by 1.359182521476893 in the cif file.,mp-1073857_processed.cif
mp-1074382.cif,Move atom at index 12 towards atom at index 5 by 2.6883036671280496 in the cif file.,mp-1074382_processed.cif
mp-1075115.cif,Move atom at index 11 towards atom at index 10 by 1.7162106431401627 in the cif file.,mp-1075115_processed.cif
mp-1076171.cif,Move atom at index 26 towards atom at index 0 by 1.1215251862634041 in the cif file.,mp-1076171_processed.cif
mp-1076264.cif,Move atom at index 8 towards atom at index 23 by 1.5901394032684808 in the cif file.,mp-1076264_processed.cif
mp-1080179.cif,Move atom at index 7 towards atom at index 1 by 0.2909491797259674 in the cif file.,mp-1080179_processed.cif
mp-1080349.cif,Move atom at index 17 towards atom at index 2 by 1.186102543336434 in the cif file.,mp-1080349_processed.cif
mp-1080354.cif,Move atom at index 3 towards atom at index 11 by 1.092267152332092 in the cif file.,mp-1080354_processed.cif
mp-1080713.cif,Move atom at index 5 towards atom at index 8 by 2.902399719496808 in the cif file.,mp-1080713_processed.cif
mp-1094804.cif,Move atom at index 6 towards atom at index 10 by 0.6928481109811393 in the cif file.,mp-1094804_processed.cif
mp-1095083.cif,Move atom at index 6 towards atom at index 2 by 2.8008535395666505 in the cif file.,mp-1095083_processed.cif
mp-1095476.cif,Move atom at index 6 towards atom at index 10 by 1.5363155279378968 in the cif file.,mp-1095476_processed.cif
mp-1095575.cif,Move atom at index 6 towards atom at index 1 by 0.502487386523519 in the cif file.,mp-1095575_processed.cif
mp-1095585.cif,Move atom at index 0 towards atom at index 2 by 1.44936296864731 in the cif file.,mp-1095585_processed.cif
mp-1095643.cif,Move atom at index 3 towards atom at index 6 by 1.4116428818349211 in the cif file.,mp-1095643_processed.cif
mp-1095675.cif,Move atom at index 8 towards atom at index 6 by 2.9233237871867157 in the cif file.,mp-1095675_processed.cif
mp-1095677.cif,Move atom at index 9 towards atom at index 1 by 2.1557872691199504 in the cif file.,mp-1095677_processed.cif
mp-1096913.cif,Move atom at index 8 towards atom at index 0 by 2.1708569429518603 in the cif file.,mp-1096913_processed.cif
mp-1099100.cif,Move atom at index 11 towards atom at index 8 by 0.5658369180192603 in the cif file.,mp-1099100_processed.cif
mp-1100340.cif,Move atom at index 8 towards atom at index 16 by 1.875700879647405 in the cif file.,mp-1100340_processed.cif
mp-1100512.cif,Move atom at index 23 towards atom at index 17 by 0.10689609472801376 in the cif file.,mp-1100512_processed.cif
mp-1100602.cif,Move atom at index 27 towards atom at index 23 by 0.20263794049632256 in the cif file.,mp-1100602_processed.cif
mp-1100645.cif,Move atom at index 29 towards atom at index 26 by 0.8781207022512406 in the cif file.,mp-1100645_processed.cif
mp-1100655.cif,Move atom at index 13 towards atom at index 3 by 0.2890851570998132 in the cif file.,mp-1100655_processed.cif
mp-1100709.cif,Move atom at index 10 towards atom at index 5 by 0.8243930270975448 in the cif file.,mp-1100709_processed.cif
mp-1100895.cif,Move atom at index 12 towards atom at index 20 by 0.8888254377504049 in the cif file.,mp-1100895_processed.cif
mp-1101365.cif,Move atom at index 45 towards atom at index 19 by 0.6017353130336551 in the cif file.,mp-1101365_processed.cif
mp-1101490.cif,Move atom at index 21 towards atom at index 23 by 0.11017003951644883 in the cif file.,mp-1101490_processed.cif
mp-1101729.cif,Move atom at index 35 towards atom at index 29 by 2.2124073926903556 in the cif file.,mp-1101729_processed.cif
mp-1101899.cif,Move atom at index 6 towards atom at index 0 by 0.9085435724379199 in the cif file.,mp-1101899_processed.cif
mp-1102433.cif,Move atom at index 6 towards atom at index 3 by 2.9297745265431088 in the cif file.,mp-1102433_processed.cif
mp-1102534.cif,Move atom at index 11 towards atom at index 3 by 0.7276034566261824 in the cif file.,mp-1102534_processed.cif
mp-1102795.cif,Move atom at index 2 towards atom at index 9 by 1.9178268427671403 in the cif file.,mp-1102795_processed.cif
mp-1102865.cif,Move atom at index 5 towards atom at index 11 by 1.9553980489948264 in the cif file.,mp-1102865_processed.cif
mp-1102948.cif,Move atom at index 9 towards atom at index 1 by 1.3374859149870872 in the cif file.,mp-1102948_processed.cif
mp-1102963.cif,Move atom at index 11 towards atom at index 10 by 0.3034745825399195 in the cif file.,mp-1102963_processed.cif
mp-1103212.cif,Move atom at index 1 towards atom at index 8 by 0.6073006511364955 in the cif file.,mp-1103212_processed.cif
mp-1103303.cif,Move atom at index 3 towards atom at index 5 by 2.9823973238197814 in the cif file.,mp-1103303_processed.cif
mp-1103651.cif,Move atom at index 11 towards atom at index 9 by 2.636880367744003 in the cif file.,mp-1103651_processed.cif
mp-1104386.cif,Move atom at index 4 towards atom at index 10 by 1.798023530575331 in the cif file.,mp-1104386_processed.cif
mp-1104404.cif,Move atom at index 6 towards atom at index 10 by 0.12354644493091191 in the cif file.,mp-1104404_processed.cif
mp-1104448.cif,Move atom at index 14 towards atom at index 23 by 2.874975952768721 in the cif file.,mp-1104448_processed.cif
mp-1105372.cif,Move atom at index 10 towards atom at index 12 by 2.224103990224538 in the cif file.,mp-1105372_processed.cif
mp-1105581.cif,Move atom at index 11 towards atom at index 7 by 2.471717476025191 in the cif file.,mp-1105581_processed.cif
mp-1105587.cif,Move atom at index 6 towards atom at index 14 by 1.7490878732202835 in the cif file.,mp-1105587_processed.cif
mp-1105631.cif,Move atom at index 10 towards atom at index 13 by 2.124307823811598 in the cif file.,mp-1105631_processed.cif
mp-1105736.cif,Move atom at index 2 towards atom at index 9 by 1.2486979222271863 in the cif file.,mp-1105736_processed.cif
mp-1105952.cif,Move atom at index 25 towards atom at index 7 by 0.19292348161015532 in the cif file.,mp-1105952_processed.cif
mp-1105985.cif,Move atom at index 0 towards atom at index 2 by 2.091601436343831 in the cif file.,mp-1105985_processed.cif
mp-1106159.cif,Move atom at index 10 towards atom at index 3 by 0.6194307216399221 in the cif file.,mp-1106159_processed.cif
mp-1110626.cif,Move atom at index 3 towards atom at index 5 by 0.9216237111456619 in the cif file.,mp-1110626_processed.cif
mp-1110754.cif,Move atom at index 8 towards atom at index 7 by 0.3718193123074316 in the cif file.,mp-1110754_processed.cif
mp-1111211.cif,Move atom at index 0 towards atom at index 9 by 2.8799841363068213 in the cif file.,mp-1111211_processed.cif
mp-1111610.cif,Move atom at index 8 towards atom at index 5 by 1.9088240246373773 in the cif file.,mp-1111610_processed.cif
mp-1111940.cif,Move atom at index 6 towards atom at index 4 by 1.4807471639164924 in the cif file.,mp-1111940_processed.cif
mp-1112257.cif,Move atom at index 9 towards atom at index 7 by 2.765397423684216 in the cif file.,mp-1112257_processed.cif
mp-1112416.cif,Move atom at index 7 towards atom at index 1 by 0.5333258437706585 in the cif file.,mp-1112416_processed.cif
mp-11143.cif,Move atom at index 13 towards atom at index 17 by 2.112666654226744 in the cif file.,mp-11143_processed.cif
mp-11145.cif,Move atom at index 7 towards atom at index 14 by 0.4025409385498334 in the cif file.,mp-11145_processed.cif
mp-1120749.cif,Move atom at index 13 towards atom at index 9 by 0.19425524059843724 in the cif file.,mp-1120749_processed.cif
mp-11250.cif,Move atom at index 10 towards atom at index 1 by 1.1650933320163108 in the cif file.,mp-11250_processed.cif
mp-1157680.cif,Move atom at index 13 towards atom at index 2 by 1.8392000470561207 in the cif file.,mp-1157680_processed.cif
mp-1173361.cif,Move atom at index 6 towards atom at index 10 by 2.443777484163043 in the cif file.,mp-1173361_processed.cif
mp-1173548.cif,Move atom at index 10 towards atom at index 14 by 2.2202491225699923 in the cif file.,mp-1173548_processed.cif
mp-1173561.cif,Move atom at index 28 towards atom at index 39 by 2.6248821904398336 in the cif file.,mp-1173561_processed.cif
mp-1173706.cif,Move atom at index 14 towards atom at index 39 by 1.193402585242495 in the cif file.,mp-1173706_processed.cif
mp-1173883.cif,Move atom at index 11 towards atom at index 2 by 2.6974972172605063 in the cif file.,mp-1173883_processed.cif
mp-1174010.cif,Move atom at index 18 towards atom at index 19 by 1.5135562238250668 in the cif file.,mp-1174010_processed.cif
mp-1174079.cif,Move atom at index 8 towards atom at index 10 by 2.0516168229128176 in the cif file.,mp-1174079_processed.cif
mp-1174299.cif,Move atom at index 9 towards atom at index 22 by 0.6837940501651313 in the cif file.,mp-1174299_processed.cif
mp-1174536.cif,Move atom at index 19 towards atom at index 16 by 1.0951110832990936 in the cif file.,mp-1174536_processed.cif
mp-1174549.cif,Move atom at index 13 towards atom at index 24 by 2.4394538617282073 in the cif file.,mp-1174549_processed.cif
mp-1174561.cif,Move atom at index 18 towards atom at index 8 by 1.152833265293575 in the cif file.,mp-1174561_processed.cif
mp-1174631.cif,Move atom at index 11 towards atom at index 7 by 1.9694015149560247 in the cif file.,mp-1174631_processed.cif
mp-1174708.cif,Move atom at index 15 towards atom at index 12 by 2.1691041116679464 in the cif file.,mp-1174708_processed.cif
mp-1175060.cif,Move atom at index 7 towards atom at index 1 by 0.46417179293254074 in the cif file.,mp-1175060_processed.cif
mp-1175670.cif,Move atom at index 24 towards atom at index 16 by 2.528639137749851 in the cif file.,mp-1175670_processed.cif
mp-1175676.cif,Move atom at index 26 towards atom at index 30 by 2.4452448820492374 in the cif file.,mp-1175676_processed.cif
mp-1175716.cif,Move atom at index 19 towards atom at index 24 by 2.2350330337005335 in the cif file.,mp-1175716_processed.cif
mp-1176074.cif,Move atom at index 21 towards atom at index 5 by 0.16013111559603835 in the cif file.,mp-1176074_processed.cif
mp-1176243.cif,Move atom at index 11 towards atom at index 15 by 1.2430150159325108 in the cif file.,mp-1176243_processed.cif
mp-1176471.cif,Move atom at index 0 towards atom at index 3 by 1.1929455673023102 in the cif file.,mp-1176471_processed.cif
mp-1176486.cif,Move atom at index 21 towards atom at index 20 by 1.2023669433421467 in the cif file.,mp-1176486_processed.cif
mp-1176593.cif,Move atom at index 17 towards atom at index 29 by 1.724056319186382 in the cif file.,mp-1176593_processed.cif
mp-1176664.cif,Move atom at index 55 towards atom at index 75 by 0.721662273443161 in the cif file.,mp-1176664_processed.cif
mp-1176678.cif,Move atom at index 16 towards atom at index 0 by 1.7349272793484003 in the cif file.,mp-1176678_processed.cif
mp-1176692.cif,Move atom at index 4 towards atom at index 11 by 0.2286851760237888 in the cif file.,mp-1176692_processed.cif
mp-1176965.cif,Move atom at index 3 towards atom at index 55 by 0.7870652157517561 in the cif file.,mp-1176965_processed.cif
mp-1177279.cif,Move atom at index 0 towards atom at index 19 by 0.28611047971398135 in the cif file.,mp-1177279_processed.cif
mp-1177537.cif,Move atom at index 3 towards atom at index 11 by 2.700918950833983 in the cif file.,mp-1177537_processed.cif
mp-1177559.cif,Move atom at index 4 towards atom at index 79 by 0.2717307775799377 in the cif file.,mp-1177559_processed.cif
mp-1177564.cif,Move atom at index 66 towards atom at index 32 by 1.6764362922962233 in the cif file.,mp-1177564_processed.cif
mp-1177801.cif,Move atom at index 18 towards atom at index 3 by 2.113025908767261 in the cif file.,mp-1177801_processed.cif
mp-1178026.cif,Move atom at index 10 towards atom at index 4 by 1.3738065971126683 in the cif file.,mp-1178026_processed.cif
mp-1178085.cif,Move atom at index 1 towards atom at index 37 by 0.11195381458044654 in the cif file.,mp-1178085_processed.cif
mp-1178148.cif,Move atom at index 16 towards atom at index 15 by 0.5623674338116678 in the cif file.,mp-1178148_processed.cif
mp-1178259.cif,Move atom at index 44 towards atom at index 19 by 1.0580216028689444 in the cif file.,mp-1178259_processed.cif
mp-1178586.cif,Move atom at index 14 towards atom at index 87 by 1.3713391714696466 in the cif file.,mp-1178586_processed.cif
mp-1180130.cif,Move atom at index 24 towards atom at index 51 by 2.4805772996380853 in the cif file.,mp-1180130_processed.cif
mp-1180252.cif,Move atom at index 6 towards atom at index 2 by 1.1980701858648357 in the cif file.,mp-1180252_processed.cif
mp-1180744.cif,Move atom at index 3 towards atom at index 28 by 0.9955890013597938 in the cif file.,mp-1180744_processed.cif
mp-1180763.cif,Move atom at index 17 towards atom at index 4 by 2.6205782008688465 in the cif file.,mp-1180763_processed.cif
mp-1181255.cif,Move atom at index 95 towards atom at index 83 by 1.8879611251257613 in the cif file.,mp-1181255_processed.cif
mp-1181584.cif,Move atom at index 5 towards atom at index 0 by 0.7330705564439661 in the cif file.,mp-1181584_processed.cif
mp-1182011.cif,Move atom at index 16 towards atom at index 49 by 0.780514343395486 in the cif file.,mp-1182011_processed.cif
mp-1182045.cif,Move atom at index 17 towards atom at index 16 by 2.7720019117940464 in the cif file.,mp-1182045_processed.cif
mp-1182066.cif,Move atom at index 64 towards atom at index 6 by 2.6702908289423926 in the cif file.,mp-1182066_processed.cif
mp-1182302.cif,Move atom at index 19 towards atom at index 29 by 2.574801202106742 in the cif file.,mp-1182302_processed.cif
mp-1182516.cif,Move atom at index 7 towards atom at index 2 by 0.9338190640543584 in the cif file.,mp-1182516_processed.cif
mp-1182952.cif,Move atom at index 6 towards atom at index 7 by 0.7282869421684594 in the cif file.,mp-1182952_processed.cif
mp-1182993.cif,Move atom at index 5 towards atom at index 15 by 1.7473576896176644 in the cif file.,mp-1182993_processed.cif
mp-1185691.cif,Move atom at index 11 towards atom at index 5 by 0.42951074116912114 in the cif file.,mp-1185691_processed.cif
mp-1185729.cif,Move atom at index 12 towards atom at index 24 by 0.32144592888291723 in the cif file.,mp-1185729_processed.cif
mp-1185730.cif,Move atom at index 23 towards atom at index 19 by 0.45253116948771177 in the cif file.,mp-1185730_processed.cif
mp-1186069.cif,Move atom at index 1 towards atom at index 8 by 2.715534337963511 in the cif file.,mp-1186069_processed.cif
mp-1188168.cif,Move atom at index 7 towards atom at index 9 by 2.120199409401839 in the cif file.,mp-1188168_processed.cif
mp-1188839.cif,Move atom at index 10 towards atom at index 12 by 0.629826622760632 in the cif file.,mp-1188839_processed.cif
mp-1189137.cif,Move atom at index 3 towards atom at index 2 by 1.7361866236447112 in the cif file.,mp-1189137_processed.cif
mp-1189325.cif,Move atom at index 1 towards atom at index 10 by 0.7414156578309673 in the cif file.,mp-1189325_processed.cif
mp-1189617.cif,Move atom at index 11 towards atom at index 14 by 1.2567587792196684 in the cif file.,mp-1189617_processed.cif
mp-1190360.cif,Move atom at index 16 towards atom at index 8 by 0.2739828330543179 in the cif file.,mp-1190360_processed.cif
mp-1190450.cif,Move atom at index 4 towards atom at index 8 by 0.2520705465772572 in the cif file.,mp-1190450_processed.cif
mp-1190471.cif,Move atom at index 16 towards atom at index 10 by 0.5853221038962864 in the cif file.,mp-1190471_processed.cif
mp-1190593.cif,Move atom at index 23 towards atom at index 9 by 0.10686407957149242 in the cif file.,mp-1190593_processed.cif
mp-1190765.cif,Move atom at index 11 towards atom at index 2 by 1.7835837316757746 in the cif file.,mp-1190765_processed.cif
mp-1190906.cif,Move atom at index 1 towards atom at index 6 by 0.4314152609923749 in the cif file.,mp-1190906_processed.cif
mp-1191263.cif,Move atom at index 23 towards atom at index 20 by 0.788301612368718 in the cif file.,mp-1191263_processed.cif
mp-1191575.cif,Move atom at index 10 towards atom at index 5 by 2.6004032111375057 in the cif file.,mp-1191575_processed.cif
mp-1191633.cif,Move atom at index 9 towards atom at index 21 by 1.8116949822661075 in the cif file.,mp-1191633_processed.cif
mp-1191681.cif,Move atom at index 0 towards atom at index 8 by 1.5425347927660842 in the cif file.,mp-1191681_processed.cif
mp-1192077.cif,Move atom at index 12 towards atom at index 8 by 0.5191518553401723 in the cif file.,mp-1192077_processed.cif
mp-1192111.cif,Move atom at index 5 towards atom at index 1 by 1.7163823605592194 in the cif file.,mp-1192111_processed.cif
mp-1192527.cif,Move atom at index 10 towards atom at index 14 by 1.4509688370889704 in the cif file.,mp-1192527_processed.cif
mp-1192550.cif,Move atom at index 19 towards atom at index 0 by 1.03112084292647 in the cif file.,mp-1192550_processed.cif
mp-1192556.cif,Move atom at index 17 towards atom at index 24 by 0.8014197496232659 in the cif file.,mp-1192556_processed.cif
mp-1192588.cif,Move atom at index 6 towards atom at index 9 by 1.5311397289557795 in the cif file.,mp-1192588_processed.cif
mp-1192755.cif,Move atom at index 10 towards atom at index 21 by 1.3853643519926622 in the cif file.,mp-1192755_processed.cif
mp-1192984.cif,Move atom at index 6 towards atom at index 14 by 2.8969953305567806 in the cif file.,mp-1192984_processed.cif
mp-1193276.cif,Move atom at index 4 towards atom at index 8 by 0.41491820812655544 in the cif file.,mp-1193276_processed.cif
mp-1193461.cif,Move atom at index 15 towards atom at index 3 by 2.2852480619883124 in the cif file.,mp-1193461_processed.cif
mp-1193658.cif,Move atom at index 9 towards atom at index 19 by 1.9834216472739103 in the cif file.,mp-1193658_processed.cif
mp-1193669.cif,Move atom at index 13 towards atom at index 22 by 1.0202058946512305 in the cif file.,mp-1193669_processed.cif
mp-1193753.cif,Move atom at index 21 towards atom at index 20 by 2.468308877949398 in the cif file.,mp-1193753_processed.cif
mp-1194315.cif,Move atom at index 7 towards atom at index 23 by 1.6509641001757418 in the cif file.,mp-1194315_processed.cif
mp-1194467.cif,Move atom at index 7 towards atom at index 1 by 0.355195223334802 in the cif file.,mp-1194467_processed.cif
mp-1194648.cif,Move atom at index 21 towards atom at index 18 by 0.8429796817553039 in the cif file.,mp-1194648_processed.cif
mp-1194808.cif,Move atom at index 29 towards atom at index 4 by 0.9456296384109428 in the cif file.,mp-1194808_processed.cif
mp-1194897.cif,Move atom at index 19 towards atom at index 29 by 2.0386008079364597 in the cif file.,mp-1194897_processed.cif
mp-1194954.cif,Move atom at index 52 towards atom at index 51 by 2.7821568774208023 in the cif file.,mp-1194954_processed.cif
mp-1195087.cif,Move atom at index 21 towards atom at index 19 by 0.7603654446506244 in the cif file.,mp-1195087_processed.cif
mp-1195106.cif,Move atom at index 29 towards atom at index 49 by 2.475449203805738 in the cif file.,mp-1195106_processed.cif
mp-1195319.cif,Move atom at index 28 towards atom at index 21 by 2.7895604344891263 in the cif file.,mp-1195319_processed.cif
mp-1195337.cif,Move atom at index 9 towards atom at index 15 by 0.48465514343340377 in the cif file.,mp-1195337_processed.cif
mp-1195540.cif,Move atom at index 21 towards atom at index 18 by 0.8220799820331807 in the cif file.,mp-1195540_processed.cif
mp-1195827.cif,Move atom at index 18 towards atom at index 17 by 0.9498158903124242 in the cif file.,mp-1195827_processed.cif
mp-1195929.cif,Move atom at index 19 towards atom at index 24 by 0.3525837899309946 in the cif file.,mp-1195929_processed.cif
mp-1195965.cif,Move atom at index 9 towards atom at index 14 by 1.1688919214645848 in the cif file.,mp-1195965_processed.cif
mp-1195967.cif,Move atom at index 14 towards atom at index 10 by 1.810081201272887 in the cif file.,mp-1195967_processed.cif
mp-1196244.cif,Move atom at index 51 towards atom at index 16 by 2.964272407554997 in the cif file.,mp-1196244_processed.cif
mp-1196468.cif,Move atom at index 10 towards atom at index 31 by 2.533534103873674 in the cif file.,mp-1196468_processed.cif
mp-1196513.cif,Move atom at index 11 towards atom at index 18 by 0.6941511579592393 in the cif file.,mp-1196513_processed.cif
mp-1196514.cif,Move atom at index 18 towards atom at index 1 by 2.142311250389037 in the cif file.,mp-1196514_processed.cif
mp-1197108.cif,Move atom at index 5 towards atom at index 83 by 2.5718722803070406 in the cif file.,mp-1197108_processed.cif
mp-1197227.cif,Move atom at index 14 towards atom at index 23 by 2.2997586126978837 in the cif file.,mp-1197227_processed.cif
mp-1197238.cif,Move atom at index 27 towards atom at index 1 by 0.9159569910986921 in the cif file.,mp-1197238_processed.cif
mp-1197636.cif,Move atom at index 4 towards atom at index 15 by 1.7224671121857562 in the cif file.,mp-1197636_processed.cif
mp-1197877.cif,Move atom at index 12 towards atom at index 14 by 1.9284696722303971 in the cif file.,mp-1197877_processed.cif
mp-1198057.cif,Move atom at index 9 towards atom at index 26 by 2.9731594722022905 in the cif file.,mp-1198057_processed.cif
mp-1198140.cif,Move atom at index 49 towards atom at index 45 by 2.2735859199391326 in the cif file.,mp-1198140_processed.cif
mp-1198411.cif,Move atom at index 14 towards atom at index 11 by 0.2480310229175495 in the cif file.,mp-1198411_processed.cif
mp-1198574.cif,Move atom at index 77 towards atom at index 5 by 0.5980844307625088 in the cif file.,mp-1198574_processed.cif
mp-1198593.cif,Move atom at index 54 towards atom at index 51 by 1.9384068586221912 in the cif file.,mp-1198593_processed.cif
mp-1198603.cif,Move atom at index 7 towards atom at index 16 by 2.4472829950839294 in the cif file.,mp-1198603_processed.cif
mp-1198841.cif,Move atom at index 10 towards atom at index 17 by 2.398772152369413 in the cif file.,mp-1198841_processed.cif
mp-1199018.cif,Move atom at index 29 towards atom at index 26 by 1.5391780383435725 in the cif file.,mp-1199018_processed.cif
mp-1199088.cif,Move atom at index 8 towards atom at index 37 by 0.43716906026842495 in the cif file.,mp-1199088_processed.cif
mp-1199566.cif,Move atom at index 17 towards atom at index 3 by 0.44181585152132863 in the cif file.,mp-1199566_processed.cif
mp-1199672.cif,Move atom at index 9 towards atom at index 34 by 1.8878625986505408 in the cif file.,mp-1199672_processed.cif
mp-1200359.cif,Move atom at index 2 towards atom at index 9 by 2.9382083671314687 in the cif file.,mp-1200359_processed.cif
mp-1200542.cif,Move atom at index 4 towards atom at index 47 by 1.1761835910255056 in the cif file.,mp-1200542_processed.cif
mp-1200692.cif,Move atom at index 7 towards atom at index 19 by 2.841050426613468 in the cif file.,mp-1200692_processed.cif
mp-1200758.cif,Move atom at index 16 towards atom at index 28 by 1.8386065642864935 in the cif file.,mp-1200758_processed.cif
mp-1201497.cif,Move atom at index 9 towards atom at index 17 by 1.474804816458593 in the cif file.,mp-1201497_processed.cif
mp-1201607.cif,Move atom at index 33 towards atom at index 16 by 1.1135321298391914 in the cif file.,mp-1201607_processed.cif
mp-1201876.cif,Move atom at index 48 towards atom at index 6 by 0.14008912469449894 in the cif file.,mp-1201876_processed.cif
mp-1201895.cif,Move atom at index 14 towards atom at index 8 by 1.4620669145707048 in the cif file.,mp-1201895_processed.cif
mp-1202389.cif,Move atom at index 61 towards atom at index 34 by 1.2261441804407291 in the cif file.,mp-1202389_processed.cif
mp-1202709.cif,Move atom at index 2 towards atom at index 3 by 0.17715892555238755 in the cif file.,mp-1202709_processed.cif
mp-1202898.cif,Move atom at index 8 towards atom at index 15 by 1.2810605468679648 in the cif file.,mp-1202898_processed.cif
mp-1202901.cif,Move atom at index 27 towards atom at index 47 by 2.846895467429607 in the cif file.,mp-1202901_processed.cif
mp-1203035.cif,Move atom at index 16 towards atom at index 3 by 1.741652798195853 in the cif file.,mp-1203035_processed.cif
mp-1203146.cif,Move atom at index 1 towards atom at index 40 by 1.9480426846411 in the cif file.,mp-1203146_processed.cif
mp-1203196.cif,Move atom at index 6 towards atom at index 34 by 0.37732293009321527 in the cif file.,mp-1203196_processed.cif
mp-1203220.cif,Move atom at index 26 towards atom at index 2 by 1.72739814579468 in the cif file.,mp-1203220_processed.cif
mp-1203746.cif,Move atom at index 6 towards atom at index 52 by 0.4277934190463738 in the cif file.,mp-1203746_processed.cif
mp-1203808.cif,Move atom at index 58 towards atom at index 77 by 0.3467954615157883 in the cif file.,mp-1203808_processed.cif
mp-1203996.cif,Move atom at index 52 towards atom at index 69 by 1.3012355233219757 in the cif file.,mp-1203996_processed.cif
mp-1204064.cif,Move atom at index 36 towards atom at index 16 by 2.4531897887667538 in the cif file.,mp-1204064_processed.cif
mp-1204087.cif,Move atom at index 56 towards atom at index 19 by 1.0647196584393606 in the cif file.,mp-1204087_processed.cif
mp-1204178.cif,Move atom at index 10 towards atom at index 27 by 0.3963849918316734 in the cif file.,mp-1204178_processed.cif
mp-1204195.cif,Move atom at index 42 towards atom at index 21 by 1.6259150142646974 in the cif file.,mp-1204195_processed.cif
mp-1204482.cif,Move atom at index 28 towards atom at index 14 by 2.334360136932251 in the cif file.,mp-1204482_processed.cif
mp-1204573.cif,Move atom at index 11 towards atom at index 36 by 2.5123497598467837 in the cif file.,mp-1204573_processed.cif
mp-1204620.cif,Move atom at index 75 towards atom at index 76 by 1.2783761352631666 in the cif file.,mp-1204620_processed.cif
mp-1204800.cif,Move atom at index 30 towards atom at index 27 by 1.4639664699104962 in the cif file.,mp-1204800_processed.cif
mp-1205388.cif,Move atom at index 4 towards atom at index 10 by 1.4588881060496075 in the cif file.,mp-1205388_processed.cif
mp-1205391.cif,Move atom at index 16 towards atom at index 8 by 0.17631939886512366 in the cif file.,mp-1205391_processed.cif
mp-1205393.cif,Move atom at index 1 towards atom at index 6 by 2.718606506188712 in the cif file.,mp-1205393_processed.cif
mp-1205503.cif,Move atom at index 2 towards atom at index 4 by 2.235307255160213 in the cif file.,mp-1205503_processed.cif
mp-1205523.cif,Move atom at index 5 towards atom at index 0 by 0.858462899839819 in the cif file.,mp-1205523_processed.cif
mp-1205660.cif,Move atom at index 5 towards atom at index 0 by 2.0711492273274423 in the cif file.,mp-1205660_processed.cif
mp-1205745.cif,Move atom at index 3 towards atom at index 8 by 1.732091869965731 in the cif file.,mp-1205745_processed.cif
mp-1205771.cif,Move atom at index 3 towards atom at index 4 by 2.1791883221715422 in the cif file.,mp-1205771_processed.cif
mp-1206201.cif,Move atom at index 0 towards atom at index 6 by 0.7047473494617033 in the cif file.,mp-1206201_processed.cif
mp-1206250.cif,Move atom at index 7 towards atom at index 2 by 1.0976955249610916 in the cif file.,mp-1206250_processed.cif
mp-1206569.cif,Move atom at index 0 towards atom at index 7 by 2.73509621370295 in the cif file.,mp-1206569_processed.cif
mp-1206737.cif,Move atom at index 7 towards atom at index 9 by 2.300632485983805 in the cif file.,mp-1206737_processed.cif
mp-1207144.cif,Move atom at index 4 towards atom at index 2 by 0.5270645989745071 in the cif file.,mp-1207144_processed.cif
mp-1207398.cif,Move atom at index 21 towards atom at index 20 by 2.374596813112912 in the cif file.,mp-1207398_processed.cif
mp-1207522.cif,Move atom at index 1 towards atom at index 10 by 1.4567443616254934 in the cif file.,mp-1207522_processed.cif
mp-1207549.cif,Move atom at index 23 towards atom at index 18 by 0.9099759537452292 in the cif file.,mp-1207549_processed.cif
mp-1207596.cif,Move atom at index 4 towards atom at index 13 by 1.8572731476360862 in the cif file.,mp-1207596_processed.cif
mp-1207733.cif,Move atom at index 13 towards atom at index 24 by 2.611554249789242 in the cif file.,mp-1207733_processed.cif
mp-1207797.cif,Move atom at index 10 towards atom at index 2 by 0.44146743052542703 in the cif file.,mp-1207797_processed.cif
mp-1207993.cif,Move atom at index 2 towards atom at index 0 by 2.9728664210356412 in the cif file.,mp-1207993_processed.cif
mp-1208058.cif,Move atom at index 16 towards atom at index 24 by 1.0274110658685878 in the cif file.,mp-1208058_processed.cif
mp-1208219.cif,Move atom at index 7 towards atom at index 3 by 1.9449130165910709 in the cif file.,mp-1208219_processed.cif
mp-1208275.cif,Move atom at index 24 towards atom at index 18 by 1.7787190671065123 in the cif file.,mp-1208275_processed.cif
mp-1208331.cif,Move atom at index 8 towards atom at index 7 by 2.4734117255940737 in the cif file.,mp-1208331_processed.cif
mp-1208361.cif,Move atom at index 2 towards atom at index 1 by 1.3402187269050698 in the cif file.,mp-1208361_processed.cif
mp-1208425.cif,Move atom at index 10 towards atom at index 9 by 1.189034627315841 in the cif file.,mp-1208425_processed.cif
mp-1208879.cif,Move atom at index 4 towards atom at index 10 by 0.994491374057773 in the cif file.,mp-1208879_processed.cif
mp-1209036.cif,Move atom at index 9 towards atom at index 7 by 1.5812295042608193 in the cif file.,mp-1209036_processed.cif
mp-1209206.cif,Move atom at index 1 towards atom at index 31 by 0.8069652275504272 in the cif file.,mp-1209206_processed.cif
mp-1209348.cif,Move atom at index 15 towards atom at index 11 by 0.39965018495975957 in the cif file.,mp-1209348_processed.cif
mp-1209483.cif,Move atom at index 1 towards atom at index 4 by 2.56257635717801 in the cif file.,mp-1209483_processed.cif
mp-1209534.cif,Move atom at index 75 towards atom at index 68 by 1.4307369250418271 in the cif file.,mp-1209534_processed.cif
mp-1209695.cif,Move atom at index 16 towards atom at index 13 by 0.9685740225827985 in the cif file.,mp-1209695_processed.cif
mp-1210015.cif,Move atom at index 5 towards atom at index 6 by 1.4743680285950174 in the cif file.,mp-1210015_processed.cif
mp-1210035.cif,Move atom at index 9 towards atom at index 10 by 0.6930523141658247 in the cif file.,mp-1210035_processed.cif
mp-1210161.cif,Move atom at index 8 towards atom at index 23 by 2.1452799789210633 in the cif file.,mp-1210161_processed.cif
mp-1210237.cif,Move atom at index 0 towards atom at index 11 by 1.38050720684322 in the cif file.,mp-1210237_processed.cif
mp-1210462.cif,Move atom at index 5 towards atom at index 6 by 1.7320623457379247 in the cif file.,mp-1210462_processed.cif
mp-1210502.cif,Move atom at index 24 towards atom at index 10 by 0.2457752343385859 in the cif file.,mp-1210502_processed.cif
mp-1210518.cif,Move atom at index 19 towards atom at index 29 by 0.3175036700091043 in the cif file.,mp-1210518_processed.cif
mp-1210584.cif,Move atom at index 10 towards atom at index 13 by 1.162027432515597 in the cif file.,mp-1210584_processed.cif
mp-1211181.cif,Move atom at index 19 towards atom at index 32 by 0.9871812071237027 in the cif file.,mp-1211181_processed.cif
mp-1211192.cif,Move atom at index 6 towards atom at index 13 by 1.6245684202734885 in the cif file.,mp-1211192_processed.cif
mp-1211198.cif,Move atom at index 0 towards atom at index 2 by 0.6740879886966212 in the cif file.,mp-1211198_processed.cif
mp-1211303.cif,Move atom at index 6 towards atom at index 10 by 1.9784763185194496 in the cif file.,mp-1211303_processed.cif
mp-1211402.cif,Move atom at index 22 towards atom at index 5 by 0.446156005177032 in the cif file.,mp-1211402_processed.cif
mp-1211546.cif,Move atom at index 20 towards atom at index 31 by 2.4877346825036657 in the cif file.,mp-1211546_processed.cif
mp-1211686.cif,Move atom at index 6 towards atom at index 3 by 2.9811740880437108 in the cif file.,mp-1211686_processed.cif
mp-1211861.cif,Move atom at index 5 towards atom at index 9 by 0.5976927145420432 in the cif file.,mp-1211861_processed.cif
mp-1211971.cif,Move atom at index 31 towards atom at index 35 by 2.229694323341325 in the cif file.,mp-1211971_processed.cif
mp-1212118.cif,Move atom at index 7 towards atom at index 9 by 2.5685304580317845 in the cif file.,mp-1212118_processed.cif
mp-1212387.cif,Move atom at index 7 towards atom at index 1 by 1.371183500353942 in the cif file.,mp-1212387_processed.cif
mp-1212504.cif,Move atom at index 15 towards atom at index 0 by 0.8573526664355141 in the cif file.,mp-1212504_processed.cif
mp-1212600.cif,Move atom at index 0 towards atom at index 5 by 2.2357610156971712 in the cif file.,mp-1212600_processed.cif
mp-1212621.cif,Move atom at index 5 towards atom at index 29 by 0.5085512871769066 in the cif file.,mp-1212621_processed.cif
mp-1212645.cif,Move atom at index 23 towards atom at index 6 by 1.6105622610079613 in the cif file.,mp-1212645_processed.cif
mp-1212670.cif,Move atom at index 2 towards atom at index 12 by 0.6747954559200321 in the cif file.,mp-1212670_processed.cif
mp-1212757.cif,Move atom at index 12 towards atom at index 9 by 2.3004353135725033 in the cif file.,mp-1212757_processed.cif
mp-1213080.cif,Move atom at index 11 towards atom at index 10 by 1.8413128266892655 in the cif file.,mp-1213080_processed.cif
mp-1213206.cif,Move atom at index 29 towards atom at index 25 by 2.7647274173751395 in the cif file.,mp-1213206_processed.cif
mp-1213529.cif,Move atom at index 23 towards atom at index 19 by 1.0485261643754578 in the cif file.,mp-1213529_processed.cif
mp-1213562.cif,Move atom at index 22 towards atom at index 8 by 1.377648283029798 in the cif file.,mp-1213562_processed.cif
mp-1213790.cif,Move atom at index 10 towards atom at index 20 by 0.5798256435878933 in the cif file.,mp-1213790_processed.cif
mp-1214336.cif,Move atom at index 11 towards atom at index 15 by 0.4349414376813897 in the cif file.,mp-1214336_processed.cif
mp-1214464.cif,Move atom at index 8 towards atom at index 13 by 1.4673222308570222 in the cif file.,mp-1214464_processed.cif
mp-1214610.cif,Move atom at index 1 towards atom at index 8 by 2.1203885766432164 in the cif file.,mp-1214610_processed.cif
mp-1214788.cif,Move atom at index 49 towards atom at index 2 by 1.3049288329752227 in the cif file.,mp-1214788_processed.cif
mp-1214890.cif,Move atom at index 19 towards atom at index 8 by 0.9770501128627574 in the cif file.,mp-1214890_processed.cif
mp-1214936.cif,Move atom at index 1 towards atom at index 10 by 1.4324049270879486 in the cif file.,mp-1214936_processed.cif
mp-1215141.cif,Move atom at index 0 towards atom at index 7 by 0.5581391380980142 in the cif file.,mp-1215141_processed.cif
mp-1215289.cif,Move atom at index 3 towards atom at index 0 by 2.9911264261826256 in the cif file.,mp-1215289_processed.cif
mp-1215601.cif,Move atom at index 0 towards atom at index 2 by 2.1284026730561783 in the cif file.,mp-1215601_processed.cif
mp-1215607.cif,Move atom at index 11 towards atom at index 8 by 2.4837324715831484 in the cif file.,mp-1215607_processed.cif
mp-1215624.cif,Move atom at index 3 towards atom at index 5 by 1.6154036974942596 in the cif file.,mp-1215624_processed.cif
mp-1215653.cif,Move atom at index 23 towards atom at index 17 by 2.08266711256733 in the cif file.,mp-1215653_processed.cif
mp-1215929.cif,Move atom at index 8 towards atom at index 3 by 0.21234977187455975 in the cif file.,mp-1215929_processed.cif
mp-1216177.cif,Move atom at index 19 towards atom at index 10 by 1.3249031312816795 in the cif file.,mp-1216177_processed.cif
mp-1216179.cif,Move atom at index 10 towards atom at index 1 by 2.852909907430889 in the cif file.,mp-1216179_processed.cif
mp-1216787.cif,Move atom at index 10 towards atom at index 2 by 2.5244114920774687 in the cif file.,mp-1216787_processed.cif
mp-1216925.cif,Move atom at index 7 towards atom at index 8 by 2.0350171761682083 in the cif file.,mp-1216925_processed.cif
mp-1217133.cif,Move atom at index 9 towards atom at index 4 by 1.9955508403973394 in the cif file.,mp-1217133_processed.cif
mp-1217420.cif,Move atom at index 3 towards atom at index 0 by 1.2902401406333122 in the cif file.,mp-1217420_processed.cif
mp-1217464.cif,Move atom at index 1 towards atom at index 6 by 2.9916806589797105 in the cif file.,mp-1217464_processed.cif
mp-1217479.cif,Move atom at index 7 towards atom at index 36 by 2.451439667274644 in the cif file.,mp-1217479_processed.cif
mp-1217682.cif,Move atom at index 5 towards atom at index 0 by 1.2326931113036455 in the cif file.,mp-1217682_processed.cif
mp-1217834.cif,Move atom at index 8 towards atom at index 11 by 2.3348314901868625 in the cif file.,mp-1217834_processed.cif
mp-1218011.cif,Move atom at index 5 towards atom at index 11 by 2.8158674557338483 in the cif file.,mp-1218011_processed.cif
mp-1218423.cif,Move atom at index 0 towards atom at index 10 by 0.4522994433517703 in the cif file.,mp-1218423_processed.cif
mp-1218682.cif,Move atom at index 14 towards atom at index 38 by 2.5291822344044124 in the cif file.,mp-1218682_processed.cif
mp-1218922.cif,Move atom at index 7 towards atom at index 3 by 0.3426706244673664 in the cif file.,mp-1218922_processed.cif
mp-1219071.cif,Move atom at index 5 towards atom at index 10 by 0.5105210381791898 in the cif file.,mp-1219071_processed.cif
mp-1219127.cif,Move atom at index 5 towards atom at index 6 by 1.7593756449103795 in the cif file.,mp-1219127_processed.cif
mp-1219578.cif,Move atom at index 6 towards atom at index 8 by 0.8531637503405021 in the cif file.,mp-1219578_processed.cif
mp-1219615.cif,Move atom at index 7 towards atom at index 11 by 1.7306159541969326 in the cif file.,mp-1219615_processed.cif
mp-1219892.cif,Move atom at index 21 towards atom at index 11 by 1.7365430768453483 in the cif file.,mp-1219892_processed.cif
mp-1219893.cif,Move atom at index 15 towards atom at index 12 by 2.0275883794946927 in the cif file.,mp-1219893_processed.cif
mp-1220065.cif,Move atom at index 48 towards atom at index 0 by 1.7681104496378013 in the cif file.,mp-1220065_processed.cif
mp-1220070.cif,Move atom at index 6 towards atom at index 10 by 0.1947674564484892 in the cif file.,mp-1220070_processed.cif
mp-1220202.cif,Move atom at index 11 towards atom at index 8 by 0.3342085835384593 in the cif file.,mp-1220202_processed.cif
mp-1220419.cif,Move atom at index 10 towards atom at index 3 by 1.9323136415721955 in the cif file.,mp-1220419_processed.cif
mp-1220444.cif,Move atom at index 10 towards atom at index 6 by 1.9780757588034452 in the cif file.,mp-1220444_processed.cif
mp-1220553.cif,Move atom at index 0 towards atom at index 11 by 0.882155337099582 in the cif file.,mp-1220553_processed.cif
mp-1220692.cif,Move atom at index 6 towards atom at index 10 by 0.5313926370982287 in the cif file.,mp-1220692_processed.cif
mp-1220760.cif,Move atom at index 11 towards atom at index 14 by 2.1513034466011396 in the cif file.,mp-1220760_processed.cif
mp-1221207.cif,Move atom at index 2 towards atom at index 14 by 1.7781074966053472 in the cif file.,mp-1221207_processed.cif
mp-1221380.cif,Move atom at index 0 towards atom at index 4 by 1.513255199372876 in the cif file.,mp-1221380_processed.cif
mp-1221838.cif,Move atom at index 4 towards atom at index 7 by 1.7336829673664316 in the cif file.,mp-1221838_processed.cif
mp-1221843.cif,Move atom at index 7 towards atom at index 17 by 0.763587227808716 in the cif file.,mp-1221843_processed.cif
mp-1221998.cif,Move atom at index 6 towards atom at index 8 by 2.822332633547284 in the cif file.,mp-1221998_processed.cif
mp-1222146.cif,Move atom at index 10 towards atom at index 13 by 2.044658881177985 in the cif file.,mp-1222146_processed.cif
mp-1222327.cif,Move atom at index 0 towards atom at index 1 by 1.9220533620756304 in the cif file.,mp-1222327_processed.cif
mp-1222509.cif,Move atom at index 5 towards atom at index 9 by 0.40084675459441443 in the cif file.,mp-1222509_processed.cif
mp-1222563.cif,Move atom at index 29 towards atom at index 13 by 1.2053657615446587 in the cif file.,mp-1222563_processed.cif
mp-1222827.cif,Move atom at index 6 towards atom at index 3 by 2.304008482345791 in the cif file.,mp-1222827_processed.cif
mp-1223169.cif,Move atom at index 19 towards atom at index 0 by 0.5030942042182281 in the cif file.,mp-1223169_processed.cif
mp-1223295.cif,Move atom at index 3 towards atom at index 2 by 1.1967215464167307 in the cif file.,mp-1223295_processed.cif
mp-1223429.cif,Move atom at index 31 towards atom at index 38 by 0.9339461811296406 in the cif file.,mp-1223429_processed.cif
mp-1223578.cif,Move atom at index 77 towards atom at index 45 by 2.195038900676959 in the cif file.,mp-1223578_processed.cif
mp-1223597.cif,Move atom at index 25 towards atom at index 37 by 0.4546991730619392 in the cif file.,mp-1223597_processed.cif
mp-1223626.cif,Move atom at index 14 towards atom at index 7 by 1.7561099682006482 in the cif file.,mp-1223626_processed.cif
mp-1223895.cif,Move atom at index 13 towards atom at index 16 by 2.8968177931299994 in the cif file.,mp-1223895_processed.cif
mp-1224478.cif,Move atom at index 18 towards atom at index 35 by 2.105876906318695 in the cif file.,mp-1224478_processed.cif
mp-1224502.cif,Move atom at index 8 towards atom at index 10 by 1.3812015679425882 in the cif file.,mp-1224502_processed.cif
mp-1225147.cif,Move atom at index 9 towards atom at index 3 by 0.5297090614032015 in the cif file.,mp-1225147_processed.cif
mp-1225213.cif,Move atom at index 13 towards atom at index 9 by 1.9111989738108142 in the cif file.,mp-1225213_processed.cif
mp-1225229.cif,Move atom at index 3 towards atom at index 6 by 2.8250509538858224 in the cif file.,mp-1225229_processed.cif
mp-1225237.cif,Move atom at index 20 towards atom at index 16 by 0.30376836735088086 in the cif file.,mp-1225237_processed.cif
mp-1225440.cif,Move atom at index 2 towards atom at index 17 by 0.9210413701006607 in the cif file.,mp-1225440_processed.cif
mp-1225651.cif,Move atom at index 19 towards atom at index 9 by 1.9801141057766491 in the cif file.,mp-1225651_processed.cif
mp-1225781.cif,Move atom at index 10 towards atom at index 1 by 1.98012062812671 in the cif file.,mp-1225781_processed.cif
mp-1226113.cif,Move atom at index 33 towards atom at index 3 by 1.3229388056893783 in the cif file.,mp-1226113_processed.cif
mp-1226144.cif,Move atom at index 16 towards atom at index 7 by 2.5110831149583723 in the cif file.,mp-1226144_processed.cif
mp-1226291.cif,Move atom at index 12 towards atom at index 7 by 2.7708996292605472 in the cif file.,mp-1226291_processed.cif
mp-1226695.cif,Move atom at index 0 towards atom at index 27 by 1.1010797684487483 in the cif file.,mp-1226695_processed.cif
mp-1227099.cif,Move atom at index 0 towards atom at index 14 by 0.40789505064644127 in the cif file.,mp-1227099_processed.cif
mp-1227106.cif,Move atom at index 0 towards atom at index 2 by 0.45169128699865124 in the cif file.,mp-1227106_processed.cif
mp-1227447.cif,Move atom at index 40 towards atom at index 6 by 1.222626517266713 in the cif file.,mp-1227447_processed.cif
mp-1227574.cif,Move atom at index 11 towards atom at index 4 by 0.17036022988635025 in the cif file.,mp-1227574_processed.cif
mp-1227644.cif,Move atom at index 10 towards atom at index 28 by 1.2478508422746182 in the cif file.,mp-1227644_processed.cif
mp-1227756.cif,Move atom at index 4 towards atom at index 0 by 1.2779247906932785 in the cif file.,mp-1227756_processed.cif
mp-1227836.cif,Move atom at index 7 towards atom at index 1 by 1.4072856460555854 in the cif file.,mp-1227836_processed.cif
mp-1227849.cif,Move atom at index 17 towards atom at index 4 by 0.9140147435790592 in the cif file.,mp-1227849_processed.cif
mp-1227954.cif,Move atom at index 0 towards atom at index 57 by 0.49771317551446215 in the cif file.,mp-1227954_processed.cif
mp-1228056.cif,Move atom at index 6 towards atom at index 12 by 0.6880852220557354 in the cif file.,mp-1228056_processed.cif
mp-1228315.cif,Move atom at index 20 towards atom at index 12 by 1.8349416259598288 in the cif file.,mp-1228315_processed.cif
mp-1228494.cif,Move atom at index 1 towards atom at index 6 by 1.7291126681350768 in the cif file.,mp-1228494_processed.cif
mp-1228522.cif,Move atom at index 14 towards atom at index 12 by 0.1435336494190461 in the cif file.,mp-1228522_processed.cif
mp-1228836.cif,Move atom at index 27 towards atom at index 62 by 2.0537520242483662 in the cif file.,mp-1228836_processed.cif
mp-1229286.cif,Move atom at index 82 towards atom at index 21 by 0.4343080599043616 in the cif file.,mp-1229286_processed.cif
mp-1232260.cif,Move atom at index 6 towards atom at index 7 by 2.5779225688757306 in the cif file.,mp-1232260_processed.cif
mp-1232340.cif,Move atom at index 13 towards atom at index 7 by 2.672997411951784 in the cif file.,mp-1232340_processed.cif
mp-1233155.cif,Move atom at index 11 towards atom at index 18 by 0.9465588576623918 in the cif file.,mp-1233155_processed.cif
mp-1233280.cif,Move atom at index 8 towards atom at index 18 by 2.522578827694361 in the cif file.,mp-1233280_processed.cif
mp-1233390.cif,Move atom at index 18 towards atom at index 11 by 0.153775974200926 in the cif file.,mp-1233390_processed.cif
mp-1233443.cif,Move atom at index 34 towards atom at index 32 by 1.1954001935663798 in the cif file.,mp-1233443_processed.cif
mp-1233468.cif,Move atom at index 17 towards atom at index 14 by 0.8790185617402365 in the cif file.,mp-1233468_processed.cif
mp-1233776.cif,Move atom at index 18 towards atom at index 16 by 0.7826699141543525 in the cif file.,mp-1233776_processed.cif
mp-1233932.cif,Move atom at index 15 towards atom at index 3 by 1.4201546295885368 in the cif file.,mp-1233932_processed.cif
mp-1233998.cif,Move atom at index 37 towards atom at index 18 by 1.0231925448409858 in the cif file.,mp-1233998_processed.cif
mp-1234032.cif,Move atom at index 22 towards atom at index 12 by 0.42840119342837935 in the cif file.,mp-1234032_processed.cif
mp-1234239.cif,Move atom at index 7 towards atom at index 32 by 2.813422443241451 in the cif file.,mp-1234239_processed.cif
mp-12343.cif,Move atom at index 10 towards atom at index 9 by 2.523985660838895 in the cif file.,mp-12343_processed.cif
mp-1234325.cif,Move atom at index 15 towards atom at index 14 by 2.2293114376270986 in the cif file.,mp-1234325_processed.cif
mp-1234413.cif,Move atom at index 7 towards atom at index 24 by 1.3598391716455052 in the cif file.,mp-1234413_processed.cif
mp-1234620.cif,Move atom at index 10 towards atom at index 4 by 0.1849855542575224 in the cif file.,mp-1234620_processed.cif
mp-1234667.cif,Move atom at index 6 towards atom at index 35 by 2.383153224451339 in the cif file.,mp-1234667_processed.cif
mp-1234741.cif,Move atom at index 5 towards atom at index 9 by 0.7392948373298789 in the cif file.,mp-1234741_processed.cif
mp-1235023.cif,Move atom at index 9 towards atom at index 11 by 0.4944786293328459 in the cif file.,mp-1235023_processed.cif
mp-1235295.cif,Move atom at index 8 towards atom at index 9 by 1.707094360624828 in the cif file.,mp-1235295_processed.cif
mp-1235548.cif,Move atom at index 12 towards atom at index 16 by 1.3421860623251571 in the cif file.,mp-1235548_processed.cif
mp-1235562.cif,Move atom at index 0 towards atom at index 8 by 0.5293766462209069 in the cif file.,mp-1235562_processed.cif
mp-1235571.cif,Move atom at index 3 towards atom at index 13 by 2.8901937445298045 in the cif file.,mp-1235571_processed.cif
mp-1235672.cif,Move atom at index 1 towards atom at index 2 by 2.301398599330745 in the cif file.,mp-1235672_processed.cif
mp-1235780.cif,Move atom at index 5 towards atom at index 15 by 2.2597504920240596 in the cif file.,mp-1235780_processed.cif
mp-1236433.cif,Move atom at index 3 towards atom at index 8 by 1.0835420061734522 in the cif file.,mp-1236433_processed.cif
mp-1236543.cif,Move atom at index 8 towards atom at index 0 by 1.0590023656761474 in the cif file.,mp-1236543_processed.cif
mp-1237278.cif,Move atom at index 6 towards atom at index 11 by 1.423646426372192 in the cif file.,mp-1237278_processed.cif
mp-1237483.cif,Move atom at index 5 towards atom at index 6 by 1.504544295797409 in the cif file.,mp-1237483_processed.cif
mp-1238409.cif,Move atom at index 6 towards atom at index 14 by 0.26359639065041274 in the cif file.,mp-1238409_processed.cif
mp-1239078.cif,Move atom at index 15 towards atom at index 17 by 1.2237597141124044 in the cif file.,mp-1239078_processed.cif
mp-1239118.cif,Move atom at index 14 towards atom at index 5 by 2.783035954633842 in the cif file.,mp-1239118_processed.cif
mp-1239141.cif,Move atom at index 1 towards atom at index 13 by 0.47546185099605753 in the cif file.,mp-1239141_processed.cif
mp-1239223.cif,Move atom at index 10 towards atom at index 7 by 0.7636874001063616 in the cif file.,mp-1239223_processed.cif
mp-1245280.cif,Move atom at index 11 towards atom at index 13 by 1.4318627815895564 in the cif file.,mp-1245280_processed.cif
mp-1245339.cif,Move atom at index 28 towards atom at index 48 by 2.4568162107766787 in the cif file.,mp-1245339_processed.cif
mp-1245361.cif,Move atom at index 18 towards atom at index 24 by 0.3579120415830642 in the cif file.,mp-1245361_processed.cif
mp-1245365.cif,Move atom at index 7 towards atom at index 45 by 0.16244258315643867 in the cif file.,mp-1245365_processed.cif
mp-1245626.cif,Move atom at index 3 towards atom at index 9 by 1.9532262390441615 in the cif file.,mp-1245626_processed.cif
mp-1245657.cif,Move atom at index 51 towards atom at index 1 by 1.4459554155835392 in the cif file.,mp-1245657_processed.cif
mp-1245740.cif,Move atom at index 9 towards atom at index 12 by 0.13977494702967042 in the cif file.,mp-1245740_processed.cif
mp-1246144.cif,Move atom at index 14 towards atom at index 6 by 0.7498843054166723 in the cif file.,mp-1246144_processed.cif
mp-1246228.cif,Move atom at index 18 towards atom at index 25 by 0.3328164229248072 in the cif file.,mp-1246228_processed.cif
mp-1246371.cif,Move atom at index 21 towards atom at index 46 by 2.017980606807465 in the cif file.,mp-1246371_processed.cif
mp-1246720.cif,Move atom at index 12 towards atom at index 6 by 1.711971844012479 in the cif file.,mp-1246720_processed.cif
mp-1246726.cif,Move atom at index 0 towards atom at index 10 by 1.7060825752260027 in the cif file.,mp-1246726_processed.cif
mp-1246860.cif,Move atom at index 6 towards atom at index 11 by 0.701702278641792 in the cif file.,mp-1246860_processed.cif
mp-1247094.cif,Move atom at index 10 towards atom at index 13 by 1.5875022016197515 in the cif file.,mp-1247094_processed.cif
mp-1247286.cif,Move atom at index 13 towards atom at index 17 by 2.954590169052454 in the cif file.,mp-1247286_processed.cif
mp-1247309.cif,Move atom at index 7 towards atom at index 9 by 1.2769488008273069 in the cif file.,mp-1247309_processed.cif
mp-1247354.cif,Move atom at index 17 towards atom at index 8 by 2.308405706365937 in the cif file.,mp-1247354_processed.cif
mp-1247634.cif,Move atom at index 30 towards atom at index 62 by 2.5489352523445064 in the cif file.,mp-1247634_processed.cif
mp-1247690.cif,Move atom at index 8 towards atom at index 34 by 0.5982912184400742 in the cif file.,mp-1247690_processed.cif
mp-1250148.cif,Move atom at index 8 towards atom at index 10 by 1.015294484541808 in the cif file.,mp-1250148_processed.cif
mp-1250558.cif,Move atom at index 17 towards atom at index 0 by 2.0917155004173806 in the cif file.,mp-1250558_processed.cif
mp-1253019.cif,Move atom at index 41 towards atom at index 50 by 2.3431780321731326 in the cif file.,mp-1253019_processed.cif
mp-1262123.cif,Move atom at index 2 towards atom at index 0 by 2.194780758126445 in the cif file.,mp-1262123_processed.cif
mp-12645.cif,Move atom at index 0 towards atom at index 4 by 1.8982759709200563 in the cif file.,mp-12645_processed.cif
mp-1273464.cif,Move atom at index 4 towards atom at index 17 by 0.3376896578838581 in the cif file.,mp-1273464_processed.cif
mp-1274050.cif,Move atom at index 15 towards atom at index 3 by 1.623866114801571 in the cif file.,mp-1274050_processed.cif
mp-1275879.cif,Move atom at index 23 towards atom at index 22 by 2.674984707797068 in the cif file.,mp-1275879_processed.cif
mp-1278738.cif,Move atom at index 0 towards atom at index 3 by 2.89364923310075 in the cif file.,mp-1278738_processed.cif
mp-1290926.cif,Move atom at index 33 towards atom at index 14 by 1.6560446889063165 in the cif file.,mp-1290926_processed.cif
mp-1290947.cif,Move atom at index 11 towards atom at index 3 by 0.13254769715130332 in the cif file.,mp-1290947_processed.cif
mp-1293037.cif,Move atom at index 25 towards atom at index 12 by 2.920397026057264 in the cif file.,mp-1293037_processed.cif
mp-1294897.cif,Move atom at index 22 towards atom at index 13 by 2.189286875491365 in the cif file.,mp-1294897_processed.cif
mp-1297758.cif,Move atom at index 11 towards atom at index 15 by 2.943636058096899 in the cif file.,mp-1297758_processed.cif
mp-1299593.cif,Move atom at index 13 towards atom at index 22 by 1.320216896924635 in the cif file.,mp-1299593_processed.cif
mp-1301981.cif,Move atom at index 13 towards atom at index 25 by 1.3885709382142521 in the cif file.,mp-1301981_processed.cif
mp-1302395.cif,Move atom at index 17 towards atom at index 13 by 2.239078096131115 in the cif file.,mp-1302395_processed.cif
mp-1307565.cif,Move atom at index 7 towards atom at index 25 by 2.0762618022163077 in the cif file.,mp-1307565_processed.cif
mp-1310460.cif,Move atom at index 2 towards atom at index 24 by 0.6105968992507431 in the cif file.,mp-1310460_processed.cif
mp-1311133.cif,Move atom at index 17 towards atom at index 14 by 2.6184175019360314 in the cif file.,mp-1311133_processed.cif
mp-1323.cif,Move atom at index 32 towards atom at index 38 by 1.3084003601472338 in the cif file.,mp-1323_processed.cif
mp-1329989.cif,Move atom at index 52 towards atom at index 26 by 1.573488517978203 in the cif file.,mp-1329989_processed.cif
mp-1330925.cif,Move atom at index 62 towards atom at index 46 by 1.8748017558118102 in the cif file.,mp-1330925_processed.cif
mp-1337025.cif,Move atom at index 17 towards atom at index 9 by 2.5250406409978967 in the cif file.,mp-1337025_processed.cif
mp-1337931.cif,Move atom at index 75 towards atom at index 43 by 0.41622364623105745 in the cif file.,mp-1337931_processed.cif
mp-1344766.cif,Move atom at index 4 towards atom at index 9 by 1.6429430485841239 in the cif file.,mp-1344766_processed.cif
mp-1347018.cif,Move atom at index 16 towards atom at index 2 by 1.791019382961754 in the cif file.,mp-1347018_processed.cif
mp-1348043.cif,Move atom at index 13 towards atom at index 16 by 0.4206527830864273 in the cif file.,mp-1348043_processed.cif
mp-1350284.cif,Move atom at index 12 towards atom at index 47 by 1.9998569853559351 in the cif file.,mp-1350284_processed.cif
mp-1354141.cif,Move atom at index 23 towards atom at index 1 by 0.7670940418382113 in the cif file.,mp-1354141_processed.cif
mp-13560.cif,Move atom at index 1 towards atom at index 4 by 1.5960941206073451 in the cif file.,mp-13560_processed.cif
mp-1368020.cif,Move atom at index 11 towards atom at index 7 by 2.5755743998409937 in the cif file.,mp-1368020_processed.cif
mp-1370295.cif,Move atom at index 15 towards atom at index 18 by 0.9049028227988968 in the cif file.,mp-1370295_processed.cif
mp-1373337.cif,Move atom at index 27 towards atom at index 28 by 1.0456056159732456 in the cif file.,mp-1373337_processed.cif
mp-1376405.cif,Move atom at index 12 towards atom at index 6 by 1.6082269033269916 in the cif file.,mp-1376405_processed.cif
mp-1377393.cif,Move atom at index 12 towards atom at index 16 by 1.6496279364004665 in the cif file.,mp-1377393_processed.cif
mp-1377991.cif,Move atom at index 10 towards atom at index 2 by 2.644917581588968 in the cif file.,mp-1377991_processed.cif
mp-1385417.cif,Move atom at index 1 towards atom at index 9 by 2.7654880363141583 in the cif file.,mp-1385417_processed.cif
mp-1388114.cif,Move atom at index 6 towards atom at index 11 by 2.591344836408987 in the cif file.,mp-1388114_processed.cif
mp-1388425.cif,Move atom at index 10 towards atom at index 14 by 0.6438219616066202 in the cif file.,mp-1388425_processed.cif
mp-1391777.cif,Move atom at index 5 towards atom at index 3 by 0.9875715937455689 in the cif file.,mp-1391777_processed.cif
mp-14005.cif,Move atom at index 11 towards atom at index 6 by 1.2528715500457814 in the cif file.,mp-14005_processed.cif
mp-1401385.cif,Move atom at index 5 towards atom at index 15 by 0.8660143482178434 in the cif file.,mp-1401385_processed.cif
mp-1405211.cif,Move atom at index 10 towards atom at index 2 by 0.356835699503828 in the cif file.,mp-1405211_processed.cif
mp-1412002.cif,Move atom at index 10 towards atom at index 11 by 1.3309780775361957 in the cif file.,mp-1412002_processed.cif
mp-1419122.cif,Move atom at index 1 towards atom at index 7 by 0.24757503569199119 in the cif file.,mp-1419122_processed.cif
mp-1439.cif,Move atom at index 7 towards atom at index 5 by 0.3824108636849426 in the cif file.,mp-1439_processed.cif
mp-14555.cif,Move atom at index 36 towards atom at index 51 by 1.2960252854059882 in the cif file.,mp-14555_processed.cif
mp-14556.cif,Move atom at index 12 towards atom at index 30 by 2.7879549154635814 in the cif file.,mp-14556_processed.cif
mp-1516666.cif,Move atom at index 3 towards atom at index 6 by 1.4947109868449189 in the cif file.,mp-1516666_processed.cif
mp-1517169.cif,Move atom at index 7 towards atom at index 4 by 2.1798293032463203 in the cif file.,mp-1517169_processed.cif
mp-1517627.cif,Move atom at index 9 towards atom at index 5 by 1.6120253848965262 in the cif file.,mp-1517627_processed.cif
mp-1518007.cif,Move atom at index 6 towards atom at index 5 by 0.9957757717571138 in the cif file.,mp-1518007_processed.cif
mp-1518014.cif,Move atom at index 11 towards atom at index 13 by 0.9953071116639344 in the cif file.,mp-1518014_processed.cif
mp-1518246.cif,Move atom at index 4 towards atom at index 6 by 0.7155131716976467 in the cif file.,mp-1518246_processed.cif
mp-1518458.cif,Move atom at index 9 towards atom at index 0 by 1.2826839957592486 in the cif file.,mp-1518458_processed.cif
mp-1518757.cif,Move atom at index 5 towards atom at index 7 by 2.4045615780273564 in the cif file.,mp-1518757_processed.cif
mp-1519002.cif,Move atom at index 3 towards atom at index 1 by 2.899628705601515 in the cif file.,mp-1519002_processed.cif
mp-1519698.cif,Move atom at index 10 towards atom at index 28 by 1.9220518763972234 in the cif file.,mp-1519698_processed.cif
mp-1519736.cif,Move atom at index 0 towards atom at index 9 by 0.27047972137470233 in the cif file.,mp-1519736_processed.cif
mp-1519860.cif,Move atom at index 7 towards atom at index 9 by 2.9029057012687933 in the cif file.,mp-1519860_processed.cif
mp-1519983.cif,Move atom at index 0 towards atom at index 1 by 1.5032811233777106 in the cif file.,mp-1519983_processed.cif
mp-1519998.cif,Move atom at index 2 towards atom at index 4 by 1.2307128558873532 in the cif file.,mp-1519998_processed.cif
mp-1520500.cif,Move atom at index 28 towards atom at index 14 by 0.7658400400786955 in the cif file.,mp-1520500_processed.cif
mp-1521011.cif,Move atom at index 1 towards atom at index 0 by 2.3370598004783063 in the cif file.,mp-1521011_processed.cif
mp-1521056.cif,Move atom at index 7 towards atom at index 4 by 0.8461604417775913 in the cif file.,mp-1521056_processed.cif
mp-1521082.cif,Move atom at index 4 towards atom at index 8 by 2.938319266139341 in the cif file.,mp-1521082_processed.cif
mp-1521221.cif,Move atom at index 7 towards atom at index 8 by 2.8658633700256004 in the cif file.,mp-1521221_processed.cif
mp-1521309.cif,Move atom at index 7 towards atom at index 1 by 1.3888111820859605 in the cif file.,mp-1521309_processed.cif
mp-1521702.cif,Move atom at index 9 towards atom at index 4 by 1.632771846142583 in the cif file.,mp-1521702_processed.cif
mp-1522205.cif,Move atom at index 1 towards atom at index 0 by 0.5946386511068092 in the cif file.,mp-1522205_processed.cif
mp-1522629.cif,Move atom at index 9 towards atom at index 1 by 2.6967894473156475 in the cif file.,mp-1522629_processed.cif
mp-1522792.cif,Move atom at index 8 towards atom at index 3 by 0.2362032310477245 in the cif file.,mp-1522792_processed.cif
mp-1523004.cif,Move atom at index 5 towards atom at index 4 by 1.2636758437925852 in the cif file.,mp-1523004_processed.cif
mp-1523044.cif,Move atom at index 3 towards atom at index 8 by 2.7262928594436002 in the cif file.,mp-1523044_processed.cif
mp-1523067.cif,Move atom at index 5 towards atom at index 7 by 2.921612566072618 in the cif file.,mp-1523067_processed.cif
mp-1523239.cif,Move atom at index 7 towards atom at index 9 by 0.5417415484516126 in the cif file.,mp-1523239_processed.cif
mp-15896.cif,Move atom at index 2 towards atom at index 5 by 1.2702327205540032 in the cif file.,mp-15896_processed.cif
mp-1643677.cif,Move atom at index 28 towards atom at index 34 by 1.515191443776515 in the cif file.,mp-1643677_processed.cif
mp-1645697.cif,Move atom at index 20 towards atom at index 16 by 2.773655846111922 in the cif file.,mp-1645697_processed.cif
mp-1661789.cif,Move atom at index 8 towards atom at index 26 by 2.236853714568826 in the cif file.,mp-1661789_processed.cif
mp-1661936.cif,Move atom at index 9 towards atom at index 22 by 0.5678863648019649 in the cif file.,mp-1661936_processed.cif
mp-1662795.cif,Move atom at index 18 towards atom at index 42 by 0.1390510633335489 in the cif file.,mp-1662795_processed.cif
mp-1666930.cif,Move atom at index 20 towards atom at index 2 by 0.6187343089622902 in the cif file.,mp-1666930_processed.cif
mp-17024.cif,Move atom at index 6 towards atom at index 14 by 0.7587222341498707 in the cif file.,mp-17024_processed.cif
mp-17282.cif,Move atom at index 26 towards atom at index 19 by 1.5406975808551353 in the cif file.,mp-17282_processed.cif
mp-17344.cif,Move atom at index 11 towards atom at index 0 by 2.58049838208494 in the cif file.,mp-17344_processed.cif
mp-17676.cif,Move atom at index 21 towards atom at index 16 by 2.3168040005424846 in the cif file.,mp-17676_processed.cif
mp-17770.cif,Move atom at index 4 towards atom at index 1 by 1.5431924319551207 in the cif file.,mp-17770_processed.cif
mp-17838.cif,Move atom at index 2 towards atom at index 7 by 1.3233243533635668 in the cif file.,mp-17838_processed.cif
mp-17861.cif,Move atom at index 0 towards atom at index 4 by 2.3066077231390083 in the cif file.,mp-17861_processed.cif
mp-18469.cif,Move atom at index 37 towards atom at index 31 by 1.5217610749721266 in the cif file.,mp-18469_processed.cif
mp-18525.cif,Move atom at index 5 towards atom at index 19 by 1.796579561684701 in the cif file.,mp-18525_processed.cif
mp-18612.cif,Move atom at index 22 towards atom at index 0 by 0.3686083789825858 in the cif file.,mp-18612_processed.cif
mp-18701.cif,Move atom at index 2 towards atom at index 18 by 1.354511312499586 in the cif file.,mp-18701_processed.cif
mp-18713.cif,Move atom at index 11 towards atom at index 16 by 0.42132133630907365 in the cif file.,mp-18713_processed.cif
mp-18817.cif,Move atom at index 11 towards atom at index 1 by 2.062393822092534 in the cif file.,mp-18817_processed.cif
mp-18833.cif,Move atom at index 12 towards atom at index 3 by 0.8954763677765303 in the cif file.,mp-18833_processed.cif
mp-18848.cif,Move atom at index 6 towards atom at index 5 by 2.5627586805627636 in the cif file.,mp-18848_processed.cif
mp-18996.cif,Move atom at index 6 towards atom at index 4 by 2.246564735849741 in the cif file.,mp-18996_processed.cif
mp-19070.cif,Move atom at index 2 towards atom at index 7 by 1.1716908260157852 in the cif file.,mp-19070_processed.cif
mp-19087.cif,Move atom at index 0 towards atom at index 11 by 1.0102241765484792 in the cif file.,mp-19087_processed.cif
mp-19123.cif,Move atom at index 11 towards atom at index 3 by 0.4792206845632988 in the cif file.,mp-19123_processed.cif
mp-19162.cif,Move atom at index 4 towards atom at index 5 by 2.9650816107645497 in the cif file.,mp-19162_processed.cif
mp-19426.cif,Move atom at index 1 towards atom at index 10 by 1.830093328956263 in the cif file.,mp-19426_processed.cif
mp-19785.cif,Move atom at index 5 towards atom at index 12 by 2.9134391335598324 in the cif file.,mp-19785_processed.cif
mp-1987603.cif,Move atom at index 5 towards atom at index 10 by 2.035530762051219 in the cif file.,mp-1987603_processed.cif
mp-19903.cif,Move atom at index 10 towards atom at index 0 by 0.4096161857251278 in the cif file.,mp-19903_processed.cif
mp-19931.cif,Move atom at index 8 towards atom at index 3 by 0.759052449232632 in the cif file.,mp-19931_processed.cif
mp-20276.cif,Move atom at index 1 towards atom at index 21 by 2.1638353393738736 in the cif file.,mp-20276_processed.cif
mp-2030372.cif,Move atom at index 9 towards atom at index 0 by 2.240232173762655 in the cif file.,mp-2030372_processed.cif
mp-20460.cif,Move atom at index 2 towards atom at index 19 by 0.45061289413220385 in the cif file.,mp-20460_processed.cif
mp-20499.cif,Move atom at index 2 towards atom at index 12 by 1.4860598460069887 in the cif file.,mp-20499_processed.cif
mp-2053129.cif,Move atom at index 0 towards atom at index 7 by 1.7577213204017603 in the cif file.,mp-2053129_processed.cif
mp-20633.cif,Move atom at index 7 towards atom at index 5 by 2.1368622657134546 in the cif file.,mp-20633_processed.cif
mp-21208.cif,Move atom at index 3 towards atom at index 1 by 1.6863411176302492 in the cif file.,mp-21208_processed.cif
mp-21493.cif,Move atom at index 10 towards atom at index 8 by 1.5087500887484788 in the cif file.,mp-21493_processed.cif
mp-21658.cif,Move atom at index 4 towards atom at index 30 by 0.8631990382652961 in the cif file.,mp-21658_processed.cif
mp-21799.cif,Move atom at index 60 towards atom at index 56 by 0.25697917340922116 in the cif file.,mp-21799_processed.cif
mp-22042.cif,Move atom at index 16 towards atom at index 26 by 1.4156477630179745 in the cif file.,mp-22042_processed.cif
mp-2206289.cif,Move atom at index 53 towards atom at index 16 by 0.6336121789942334 in the cif file.,mp-2206289_processed.cif
mp-22076.cif,Move atom at index 18 towards atom at index 17 by 2.9312723540776755 in the cif file.,mp-22076_processed.cif
mp-2215910.cif,Move atom at index 4 towards atom at index 2 by 1.8281651118427678 in the cif file.,mp-2215910_processed.cif
mp-2217621.cif,Move atom at index 3 towards atom at index 2 by 2.8792488739944813 in the cif file.,mp-2217621_processed.cif
mp-2217707.cif,Move atom at index 10 towards atom at index 3 by 0.7293656331474097 in the cif file.,mp-2217707_processed.cif
mp-2217878.cif,Move atom at index 7 towards atom at index 5 by 0.1401467100721657 in the cif file.,mp-2217878_processed.cif
mp-2218067.cif,Move atom at index 3 towards atom at index 7 by 1.5396151552610895 in the cif file.,mp-2218067_processed.cif
mp-2218172.cif,Move atom at index 1 towards atom at index 7 by 2.3456659965319524 in the cif file.,mp-2218172_processed.cif
mp-2218202.cif,Move atom at index 5 towards atom at index 2 by 1.3974951582122264 in the cif file.,mp-2218202_processed.cif
mp-2218885.cif,Move atom at index 11 towards atom at index 2 by 2.1523242947668626 in the cif file.,mp-2218885_processed.cif
mp-2218969.cif,Move atom at index 9 towards atom at index 5 by 1.168021183319864 in the cif file.,mp-2218969_processed.cif
mp-2219052.cif,Move atom at index 11 towards atom at index 9 by 2.2261222120378705 in the cif file.,mp-2219052_processed.cif
mp-2219166.cif,Move atom at index 3 towards atom at index 0 by 2.8829433851714583 in the cif file.,mp-2219166_processed.cif
mp-2219262.cif,Move atom at index 12 towards atom at index 8 by 1.5641498908297196 in the cif file.,mp-2219262_processed.cif
mp-2219466.cif,Move atom at index 12 towards atom at index 4 by 2.889998265851188 in the cif file.,mp-2219466_processed.cif
mp-2222780.cif,Move atom at index 3 towards atom at index 1 by 1.6747713099377322 in the cif file.,mp-2222780_processed.cif
mp-2223884.cif,Move atom at index 8 towards atom at index 0 by 1.244917192385324 in the cif file.,mp-2223884_processed.cif
mp-2224443.cif,Move atom at index 8 towards atom at index 6 by 1.403861275362973 in the cif file.,mp-2224443_processed.cif
mp-2224447.cif,Move atom at index 2 towards atom at index 7 by 2.896023754430112 in the cif file.,mp-2224447_processed.cif
mp-22248.cif,Move atom at index 12 towards atom at index 17 by 2.792441067851705 in the cif file.,mp-22248_processed.cif
mp-2224811.cif,Move atom at index 5 towards atom at index 11 by 0.5263351618175258 in the cif file.,mp-2224811_processed.cif
mp-2224860.cif,Move atom at index 12 towards atom at index 10 by 1.3032847575195547 in the cif file.,mp-2224860_processed.cif
mp-2225000.cif,Move atom at index 4 towards atom at index 12 by 1.5947350625995393 in the cif file.,mp-2225000_processed.cif
mp-2228328.cif,Move atom at index 6 towards atom at index 9 by 0.63043877348012 in the cif file.,mp-2228328_processed.cif
mp-2228374.cif,Move atom at index 11 towards atom at index 15 by 2.7399221066255453 in the cif file.,mp-2228374_processed.cif
mp-2228437.cif,Move atom at index 15 towards atom at index 8 by 2.205651229109955 in the cif file.,mp-2228437_processed.cif
mp-2228500.cif,Move atom at index 3 towards atom at index 2 by 1.0345290457796015 in the cif file.,mp-2228500_processed.cif
mp-2228706.cif,Move atom at index 2 towards atom at index 14 by 2.6236716632049646 in the cif file.,mp-2228706_processed.cif
mp-2228915.cif,Move atom at index 17 towards atom at index 4 by 1.8620328932664652 in the cif file.,mp-2228915_processed.cif
mp-2228929.cif,Move atom at index 16 towards atom at index 2 by 0.6099869788922583 in the cif file.,mp-2228929_processed.cif
mp-2229660.cif,Move atom at index 11 towards atom at index 10 by 1.8891132665276817 in the cif file.,mp-2229660_processed.cif
mp-2230032.cif,Move atom at index 18 towards atom at index 12 by 0.48713238040388185 in the cif file.,mp-2230032_processed.cif
mp-2230094.cif,Move atom at index 18 towards atom at index 15 by 2.0986358238829057 in the cif file.,mp-2230094_processed.cif
mp-2230252.cif,Move atom at index 2 towards atom at index 6 by 2.893892546759862 in the cif file.,mp-2230252_processed.cif
mp-2230521.cif,Move atom at index 17 towards atom at index 11 by 0.5808223982753464 in the cif file.,mp-2230521_processed.cif
mp-2230812.cif,Move atom at index 10 towards atom at index 12 by 0.585655859507362 in the cif file.,mp-2230812_processed.cif
mp-2231004.cif,Move atom at index 14 towards atom at index 16 by 0.5440829101915986 in the cif file.,mp-2231004_processed.cif
mp-2231286.cif,Move atom at index 6 towards atom at index 9 by 1.7301912668710528 in the cif file.,mp-2231286_processed.cif
mp-2232282.cif,Move atom at index 11 towards atom at index 10 by 1.0091783363845197 in the cif file.,mp-2232282_processed.cif
mp-2239868.cif,Move atom at index 8 towards atom at index 4 by 2.389393290717022 in the cif file.,mp-2239868_processed.cif
mp-2240173.cif,Move atom at index 0 towards atom at index 9 by 1.2051392227053601 in the cif file.,mp-2240173_processed.cif
mp-2241358.cif,Move atom at index 8 towards atom at index 9 by 0.4123845456979758 in the cif file.,mp-2241358_processed.cif
mp-2254.cif,Move atom at index 12 towards atom at index 4 by 0.5799609557527481 in the cif file.,mp-2254_processed.cif
mp-23418.cif,Move atom at index 9 towards atom at index 10 by 1.1509331175621182 in the cif file.,mp-23418_processed.cif
mp-23498.cif,Move atom at index 2 towards atom at index 14 by 1.7203007860831248 in the cif file.,mp-23498_processed.cif
mp-23586.cif,Move atom at index 0 towards atom at index 5 by 2.26744453200424 in the cif file.,mp-23586_processed.cif
mp-23979.cif,Move atom at index 8 towards atom at index 10 by 1.520233714314774 in the cif file.,mp-23979_processed.cif
mp-24037.cif,Move atom at index 6 towards atom at index 3 by 1.9479403188780224 in the cif file.,mp-24037_processed.cif
mp-24044.cif,Move atom at index 18 towards atom at index 20 by 1.2779536570217704 in the cif file.,mp-24044_processed.cif
mp-24515.cif,Move atom at index 13 towards atom at index 25 by 1.5593253063778523 in the cif file.,mp-24515_processed.cif
mp-2480.cif,Move atom at index 5 towards atom at index 7 by 2.2850015506922654 in the cif file.,mp-2480_processed.cif
mp-25405.cif,Move atom at index 3 towards atom at index 1 by 0.34666934405085537 in the cif file.,mp-25405_processed.cif
mp-25457.cif,Move atom at index 39 towards atom at index 9 by 1.4818499799051337 in the cif file.,mp-25457_processed.cif
mp-26179.cif,Move atom at index 8 towards atom at index 17 by 1.6217549462400995 in the cif file.,mp-26179_processed.cif
mp-26270.cif,Move atom at index 1 towards atom at index 9 by 2.1710175270018026 in the cif file.,mp-26270_processed.cif
mp-2646946.cif,Move atom at index 10 towards atom at index 4 by 2.527014674796495 in the cif file.,mp-2646946_processed.cif
mp-26612.cif,Move atom at index 28 towards atom at index 18 by 0.42149460696593544 in the cif file.,mp-26612_processed.cif
mp-2715259.cif,Move atom at index 16 towards atom at index 23 by 2.9473394765487586 in the cif file.,mp-2715259_processed.cif
mp-2715379.cif,Move atom at index 42 towards atom at index 69 by 1.3042501633528605 in the cif file.,mp-2715379_processed.cif
mp-27286.cif,Move atom at index 8 towards atom at index 29 by 1.3105312670785842 in the cif file.,mp-27286_processed.cif
mp-27341.cif,Move atom at index 9 towards atom at index 58 by 0.6330380944473402 in the cif file.,mp-27341_processed.cif
mp-27383.cif,Move atom at index 5 towards atom at index 25 by 1.6461277067769162 in the cif file.,mp-27383_processed.cif
mp-2751271.cif,Move atom at index 11 towards atom at index 5 by 2.927372462786869 in the cif file.,mp-2751271_processed.cif
mp-28393.cif,Move atom at index 20 towards atom at index 11 by 1.444523350686907 in the cif file.,mp-28393_processed.cif
mp-28394.cif,Move atom at index 8 towards atom at index 19 by 2.482807120472108 in the cif file.,mp-28394_processed.cif
mp-28430.cif,Move atom at index 3 towards atom at index 20 by 2.983689213086747 in the cif file.,mp-28430_processed.cif
mp-28450.cif,Move atom at index 19 towards atom at index 11 by 2.178013495062895 in the cif file.,mp-28450_processed.cif
mp-28544.cif,Move atom at index 11 towards atom at index 7 by 1.3899458435960044 in the cif file.,mp-28544_processed.cif
mp-28580.cif,Move atom at index 8 towards atom at index 6 by 0.32758931162022586 in the cif file.,mp-28580_processed.cif
mp-28824.cif,Move atom at index 5 towards atom at index 10 by 0.6637034376331936 in the cif file.,mp-28824_processed.cif
mp-2901870.cif,Move atom at index 6 towards atom at index 10 by 0.8579957228668855 in the cif file.,mp-2901870_processed.cif
mp-2911.cif,Move atom at index 8 towards atom at index 19 by 2.849899239253631 in the cif file.,mp-2911_processed.cif
mp-29144.cif,Move atom at index 17 towards atom at index 10 by 0.599509374069057 in the cif file.,mp-29144_processed.cif
mp-29412.cif,Move atom at index 29 towards atom at index 38 by 2.0854658174814036 in the cif file.,mp-29412_processed.cif
mp-29415.cif,Move atom at index 4 towards atom at index 9 by 0.36603941664448103 in the cif file.,mp-29415_processed.cif
mp-29755.cif,Move atom at index 25 towards atom at index 10 by 1.8414359245148557 in the cif file.,mp-29755_processed.cif
mp-29770.cif,Move atom at index 8 towards atom at index 7 by 2.3113482521637527 in the cif file.,mp-29770_processed.cif
mp-30305.cif,Move atom at index 9 towards atom at index 3 by 1.5634894663423795 in the cif file.,mp-30305_processed.cif
mp-30320.cif,Move atom at index 18 towards atom at index 10 by 1.3024893973306597 in the cif file.,mp-30320_processed.cif
mp-30859.cif,Move atom at index 13 towards atom at index 2 by 2.235385641866396 in the cif file.,mp-30859_processed.cif
mp-30908.cif,Move atom at index 9 towards atom at index 10 by 1.9799954985722887 in the cif file.,mp-30908_processed.cif
mp-31251.cif,Move atom at index 25 towards atom at index 1 by 0.5521934778920634 in the cif file.,mp-31251_processed.cif
mp-31314.cif,Move atom at index 42 towards atom at index 8 by 2.517985865407756 in the cif file.,mp-31314_processed.cif
mp-3138.cif,Move atom at index 21 towards atom at index 13 by 1.3001991332695735 in the cif file.,mp-3138_processed.cif
mp-31394.cif,Move atom at index 21 towards atom at index 36 by 2.5020034760441607 in the cif file.,mp-31394_processed.cif
mp-3205.cif,Move atom at index 4 towards atom at index 6 by 0.5587555964444307 in the cif file.,mp-3205_processed.cif
mp-3216726.cif,Move atom at index 2 towards atom at index 5 by 0.593337885988464 in the cif file.,mp-3216726_processed.cif
mp-32528.cif,Move atom at index 11 towards atom at index 28 by 2.169486376010546 in the cif file.,mp-32528_processed.cif
mp-3316.cif,Move atom at index 4 towards atom at index 0 by 2.1951709942845845 in the cif file.,mp-3316_processed.cif
mp-33325.cif,Move atom at index 7 towards atom at index 8 by 0.6018545570036529 in the cif file.,mp-33325_processed.cif
mp-34185.cif,Move atom at index 1 towards atom at index 9 by 2.2009527900527237 in the cif file.,mp-34185_processed.cif
mp-3538.cif,Move atom at index 2 towards atom at index 73 by 2.958560395711827 in the cif file.,mp-3538_processed.cif
mp-36310.cif,Move atom at index 5 towards atom at index 2 by 1.8496510601795013 in the cif file.,mp-36310_processed.cif
mp-36484.cif,Move atom at index 6 towards atom at index 19 by 1.300260442124168 in the cif file.,mp-36484_processed.cif
mp-4419.cif,Move atom at index 8 towards atom at index 9 by 0.13489758464027662 in the cif file.,mp-4419_processed.cif
mp-4421.cif,Move atom at index 20 towards atom at index 21 by 2.3337230653525967 in the cif file.,mp-4421_processed.cif
mp-504149.cif,Move atom at index 9 towards atom at index 28 by 1.813333591616831 in the cif file.,mp-504149_processed.cif
mp-504509.cif,Move atom at index 33 towards atom at index 15 by 2.717781861105808 in the cif file.,mp-504509_processed.cif
mp-505074.cif,Move atom at index 33 towards atom at index 30 by 2.2708967758054253 in the cif file.,mp-505074_processed.cif
mp-505217.cif,Move atom at index 17 towards atom at index 5 by 0.9163632495417727 in the cif file.,mp-505217_processed.cif
mp-505540.cif,Move atom at index 2 towards atom at index 8 by 2.264678945442312 in the cif file.,mp-505540_processed.cif
mp-505573.cif,Move atom at index 2 towards atom at index 27 by 1.6359044109636351 in the cif file.,mp-505573_processed.cif
mp-505766.cif,Move atom at index 0 towards atom at index 1 by 1.0350319910258314 in the cif file.,mp-505766_processed.cif
mp-510544.cif,Move atom at index 25 towards atom at index 0 by 0.4827838519541042 in the cif file.,mp-510544_processed.cif
mp-510717.cif,Move atom at index 1 towards atom at index 9 by 0.9081379433771049 in the cif file.,mp-510717_processed.cif
mp-5151.cif,Move atom at index 9 towards atom at index 10 by 1.9373145331329484 in the cif file.,mp-5151_processed.cif
mp-530379.cif,Move atom at index 56 towards atom at index 26 by 2.2709613770466976 in the cif file.,mp-530379_processed.cif
mp-530850.cif,Move atom at index 6 towards atom at index 32 by 0.5652594044876318 in the cif file.,mp-530850_processed.cif
mp-540740.cif,Move atom at index 47 towards atom at index 17 by 2.026608282765808 in the cif file.,mp-540740_processed.cif
mp-540798.cif,Move atom at index 11 towards atom at index 27 by 2.688866554934016 in the cif file.,mp-540798_processed.cif
mp-540938.cif,Move atom at index 12 towards atom at index 1 by 1.121084635106592 in the cif file.,mp-540938_processed.cif
mp-540977.cif,Move atom at index 15 towards atom at index 20 by 1.4621503797266964 in the cif file.,mp-540977_processed.cif
mp-541595.cif,Move atom at index 22 towards atom at index 15 by 2.7186522457582436 in the cif file.,mp-541595_processed.cif
mp-541619.cif,Move atom at index 5 towards atom at index 7 by 1.6147754298308363 in the cif file.,mp-541619_processed.cif
mp-541894.cif,Move atom at index 3 towards atom at index 7 by 2.826448508240289 in the cif file.,mp-541894_processed.cif
mp-541991.cif,Move atom at index 14 towards atom at index 0 by 0.8473342765536095 in the cif file.,mp-541991_processed.cif
mp-542024.cif,Move atom at index 13 towards atom at index 6 by 1.6344102425218539 in the cif file.,mp-542024_processed.cif
mp-542151.cif,Move atom at index 2 towards atom at index 15 by 1.6342205398405183 in the cif file.,mp-542151_processed.cif
mp-542342.cif,Move atom at index 1 towards atom at index 6 by 2.207370132428492 in the cif file.,mp-542342_processed.cif
mp-542435.cif,Move atom at index 21 towards atom at index 38 by 0.8487455731883456 in the cif file.,mp-542435_processed.cif
mp-542448.cif,Move atom at index 19 towards atom at index 10 by 2.322167989808844 in the cif file.,mp-542448_processed.cif
mp-542812.cif,Move atom at index 10 towards atom at index 8 by 0.49296054038551396 in the cif file.,mp-542812_processed.cif
mp-543036.cif,Move atom at index 67 towards atom at index 45 by 0.5293191146792098 in the cif file.,mp-543036_processed.cif
mp-543042.cif,Move atom at index 24 towards atom at index 17 by 0.43805428326829965 in the cif file.,mp-543042_processed.cif
mp-554174.cif,Move atom at index 19 towards atom at index 54 by 1.4032135796312986 in the cif file.,mp-554174_processed.cif
mp-554264.cif,Move atom at index 9 towards atom at index 60 by 2.5904673079929745 in the cif file.,mp-554264_processed.cif
mp-554383.cif,Move atom at index 1 towards atom at index 12 by 2.105417658189808 in the cif file.,mp-554383_processed.cif
mp-554799.cif,Move atom at index 1 towards atom at index 3 by 2.658217705693659 in the cif file.,mp-554799_processed.cif
mp-554818.cif,Move atom at index 18 towards atom at index 7 by 2.1282169231708497 in the cif file.,mp-554818_processed.cif
mp-555198.cif,Move atom at index 34 towards atom at index 21 by 0.8752335236516757 in the cif file.,mp-555198_processed.cif
mp-555534.cif,Move atom at index 26 towards atom at index 6 by 2.305726372680857 in the cif file.,mp-555534_processed.cif
mp-555790.cif,Move atom at index 13 towards atom at index 14 by 0.18636906159416788 in the cif file.,mp-555790_processed.cif
mp-556185.cif,Move atom at index 8 towards atom at index 1 by 2.5585566018099826 in the cif file.,mp-556185_processed.cif
mp-556236.cif,Move atom at index 8 towards atom at index 37 by 1.3659852871121645 in the cif file.,mp-556236_processed.cif
mp-556319.cif,Move atom at index 0 towards atom at index 4 by 2.405808316173079 in the cif file.,mp-556319_processed.cif
mp-556404.cif,Move atom at index 30 towards atom at index 29 by 2.6097767450482823 in the cif file.,mp-556404_processed.cif
mp-557059.cif,Move atom at index 0 towards atom at index 67 by 1.6810573531199555 in the cif file.,mp-557059_processed.cif
mp-557180.cif,Move atom at index 29 towards atom at index 43 by 1.6463264984395736 in the cif file.,mp-557180_processed.cif
mp-557215.cif,Move atom at index 15 towards atom at index 2 by 0.28747697996424404 in the cif file.,mp-557215_processed.cif
mp-557266.cif,Move atom at index 10 towards atom at index 1 by 1.1001930872003296 in the cif file.,mp-557266_processed.cif
mp-557389.cif,Move atom at index 16 towards atom at index 11 by 1.1019749023935974 in the cif file.,mp-557389_processed.cif
mp-557574.cif,Move atom at index 9 towards atom at index 10 by 0.3867394118970524 in the cif file.,mp-557574_processed.cif
mp-557589.cif,Move atom at index 47 towards atom at index 24 by 2.372820485425266 in the cif file.,mp-557589_processed.cif
mp-557752.cif,Move atom at index 9 towards atom at index 13 by 0.4567360611798088 in the cif file.,mp-557752_processed.cif
mp-557824.cif,Move atom at index 23 towards atom at index 28 by 2.561468838444816 in the cif file.,mp-557824_processed.cif
mp-557864.cif,Move atom at index 48 towards atom at index 7 by 2.409791366464043 in the cif file.,mp-557864_processed.cif
mp-557961.cif,Move atom at index 16 towards atom at index 42 by 1.7005811703114282 in the cif file.,mp-557961_processed.cif
mp-558023.cif,Move atom at index 29 towards atom at index 3 by 1.2519984529382602 in the cif file.,mp-558023_processed.cif
mp-558368.cif,Move atom at index 11 towards atom at index 5 by 1.0479672727799094 in the cif file.,mp-558368_processed.cif
mp-558382.cif,Move atom at index 8 towards atom at index 10 by 2.335395692909666 in the cif file.,mp-558382_processed.cif
mp-559140.cif,Move atom at index 6 towards atom at index 10 by 2.461748726478037 in the cif file.,mp-559140_processed.cif
mp-559223.cif,Move atom at index 33 towards atom at index 32 by 1.2398847393718464 in the cif file.,mp-559223_processed.cif
mp-559929.cif,Move atom at index 21 towards atom at index 2 by 2.864572628959717 in the cif file.,mp-559929_processed.cif
mp-560091.cif,Move atom at index 27 towards atom at index 35 by 2.8740069018819296 in the cif file.,mp-560091_processed.cif
mp-560380.cif,Move atom at index 7 towards atom at index 4 by 2.5231220738054914 in the cif file.,mp-560380_processed.cif
mp-560535.cif,Move atom at index 8 towards atom at index 21 by 2.0052028296561923 in the cif file.,mp-560535_processed.cif
mp-560605.cif,Move atom at index 0 towards atom at index 4 by 2.9541102335868326 in the cif file.,mp-560605_processed.cif
mp-560751.cif,Move atom at index 54 towards atom at index 49 by 0.769873885770325 in the cif file.,mp-560751_processed.cif
mp-560754.cif,Move atom at index 27 towards atom at index 13 by 2.033624168243699 in the cif file.,mp-560754_processed.cif
mp-561641.cif,Move atom at index 7 towards atom at index 15 by 2.703636489652682 in the cif file.,mp-561641_processed.cif
mp-567492.cif,Move atom at index 16 towards atom at index 13 by 0.4960434291371808 in the cif file.,mp-567492_processed.cif
mp-567540.cif,Move atom at index 6 towards atom at index 8 by 1.861247887119901 in the cif file.,mp-567540_processed.cif
mp-568306.cif,Move atom at index 4 towards atom at index 8 by 0.631915162885472 in the cif file.,mp-568306_processed.cif
mp-568716.cif,Move atom at index 2 towards atom at index 11 by 1.518802167392855 in the cif file.,mp-568716_processed.cif
mp-568757.cif,Move atom at index 28 towards atom at index 53 by 1.9706672563535221 in the cif file.,mp-568757_processed.cif
mp-570044.cif,Move atom at index 10 towards atom at index 9 by 0.1394934837082185 in the cif file.,mp-570044_processed.cif
mp-571428.cif,Move atom at index 13 towards atom at index 10 by 1.617919601358794 in the cif file.,mp-571428_processed.cif
mp-571566.cif,Move atom at index 8 towards atom at index 4 by 2.3663624790130875 in the cif file.,mp-571566_processed.cif
mp-5730.cif,Move atom at index 6 towards atom at index 32 by 0.8360589227006165 in the cif file.,mp-5730_processed.cif
mp-574339.cif,Move atom at index 4 towards atom at index 6 by 2.413726682648367 in the cif file.,mp-574339_processed.cif
mp-581471.cif,Move atom at index 11 towards atom at index 6 by 0.700369333271897 in the cif file.,mp-581471_processed.cif
mp-582081.cif,Move atom at index 5 towards atom at index 14 by 0.24315441274538988 in the cif file.,mp-582081_processed.cif
mp-582587.cif,Move atom at index 72 towards atom at index 28 by 1.3073711661361913 in the cif file.,mp-582587_processed.cif
mp-603694.cif,Move atom at index 13 towards atom at index 14 by 2.0462580492733293 in the cif file.,mp-603694_processed.cif
mp-607525.cif,Move atom at index 1 towards atom at index 5 by 0.3753135326177698 in the cif file.,mp-607525_processed.cif
mp-608206.cif,Move atom at index 4 towards atom at index 12 by 1.067306200181608 in the cif file.,mp-608206_processed.cif
mp-6112.cif,Move atom at index 4 towards atom at index 2 by 2.9407738024492938 in the cif file.,mp-6112_processed.cif
mp-613327.cif,Move atom at index 9 towards atom at index 6 by 0.24968024793352173 in the cif file.,mp-613327_processed.cif
mp-616210.cif,Move atom at index 9 towards atom at index 17 by 2.906570173712992 in the cif file.,mp-616210_processed.cif
mp-616407.cif,Move atom at index 17 towards atom at index 4 by 1.5943272326962799 in the cif file.,mp-616407_processed.cif
mp-621964.cif,Move atom at index 1 towards atom at index 3 by 0.5752088427643037 in the cif file.,mp-621964_processed.cif
mp-6257.cif,Move atom at index 12 towards atom at index 16 by 1.7799050667928886 in the cif file.,mp-6257_processed.cif
mp-625744.cif,Move atom at index 17 towards atom at index 15 by 0.2761170937536135 in the cif file.,mp-625744_processed.cif
mp-626565.cif,Move atom at index 5 towards atom at index 2 by 2.3860198994521613 in the cif file.,mp-626565_processed.cif
mp-630976.cif,Move atom at index 8 towards atom at index 10 by 0.5248421964834274 in the cif file.,mp-630976_processed.cif
mp-637599.cif,Move atom at index 8 towards atom at index 16 by 0.3071457430567184 in the cif file.,mp-637599_processed.cif
mp-639826.cif,Move atom at index 30 towards atom at index 1 by 1.3267285463087295 in the cif file.,mp-639826_processed.cif
mp-642315.cif,Move atom at index 2 towards atom at index 8 by 0.9206102967100859 in the cif file.,mp-642315_processed.cif
mp-644221.cif,Move atom at index 19 towards atom at index 17 by 2.1284062337479726 in the cif file.,mp-644221_processed.cif
mp-644529.cif,Move atom at index 14 towards atom at index 13 by 0.20048693214843297 in the cif file.,mp-644529_processed.cif
mp-644741.cif,Move atom at index 8 towards atom at index 17 by 2.2926238369943386 in the cif file.,mp-644741_processed.cif
mp-654225.cif,Move atom at index 10 towards atom at index 34 by 1.5472046877112353 in the cif file.,mp-654225_processed.cif
mp-6653.cif,Move atom at index 4 towards atom at index 8 by 1.1006453573074866 in the cif file.,mp-6653_processed.cif
mp-667200.cif,Move atom at index 5 towards atom at index 47 by 1.5445074124208646 in the cif file.,mp-667200_processed.cif
mp-669359.cif,Move atom at index 2 towards atom at index 42 by 1.9852263324775308 in the cif file.,mp-669359_processed.cif
mp-669377.cif,Move atom at index 7 towards atom at index 31 by 0.334627557201295 in the cif file.,mp-669377_processed.cif
mp-672228.cif,Move atom at index 14 towards atom at index 13 by 0.14551347594202793 in the cif file.,mp-672228_processed.cif
mp-672972.cif,Move atom at index 11 towards atom at index 43 by 1.6657565292064456 in the cif file.,mp-672972_processed.cif
mp-6745.cif,Move atom at index 19 towards atom at index 4 by 2.8170820905937966 in the cif file.,mp-6745_processed.cif
mp-675118.cif,Move atom at index 27 towards atom at index 23 by 2.767338458636918 in the cif file.,mp-675118_processed.cif
mp-675519.cif,Move atom at index 13 towards atom at index 18 by 1.0988959762691524 in the cif file.,mp-675519_processed.cif
mp-675778.cif,Move atom at index 4 towards atom at index 5 by 0.7925621599355168 in the cif file.,mp-675778_processed.cif
mp-676.cif,Move atom at index 4 towards atom at index 12 by 1.5918437359232074 in the cif file.,mp-676_processed.cif
mp-676275.cif,Move atom at index 17 towards atom at index 4 by 1.1851438107989107 in the cif file.,mp-676275_processed.cif
mp-676816.cif,Move atom at index 5 towards atom at index 1 by 0.2517170445418918 in the cif file.,mp-676816_processed.cif
mp-676881.cif,Move atom at index 31 towards atom at index 21 by 2.4704107295508093 in the cif file.,mp-676881_processed.cif
mp-677725.cif,Move atom at index 11 towards atom at index 6 by 0.6809863463397412 in the cif file.,mp-677725_processed.cif
mp-6800.cif,Move atom at index 7 towards atom at index 8 by 1.9331145981766744 in the cif file.,mp-6800_processed.cif
mp-680260.cif,Move atom at index 39 towards atom at index 27 by 1.88747502326869 in the cif file.,mp-680260_processed.cif
mp-684589.cif,Move atom at index 16 towards atom at index 10 by 0.8667344127525204 in the cif file.,mp-684589_processed.cif
mp-684710.cif,Move atom at index 2 towards atom at index 7 by 1.8344602574615625 in the cif file.,mp-684710_processed.cif
mp-685224.cif,Move atom at index 12 towards atom at index 18 by 0.8823650919813711 in the cif file.,mp-685224_processed.cif
mp-685418.cif,Move atom at index 42 towards atom at index 37 by 2.729250383592749 in the cif file.,mp-685418_processed.cif
mp-690493.cif,Move atom at index 4 towards atom at index 0 by 2.146865021491119 in the cif file.,mp-690493_processed.cif
mp-690517.cif,Move atom at index 9 towards atom at index 3 by 0.8886219689159629 in the cif file.,mp-690517_processed.cif
mp-690674.cif,Move atom at index 2 towards atom at index 6 by 0.9677070198036776 in the cif file.,mp-690674_processed.cif
mp-694979.cif,Move atom at index 16 towards atom at index 26 by 2.853489391337545 in the cif file.,mp-694979_processed.cif
mp-695946.cif,Move atom at index 20 towards atom at index 16 by 2.7420531840270166 in the cif file.,mp-695946_processed.cif
mp-696298.cif,Move atom at index 17 towards atom at index 4 by 2.4020602647116074 in the cif file.,mp-696298_processed.cif
mp-696990.cif,Move atom at index 49 towards atom at index 37 by 2.9302135264813196 in the cif file.,mp-696990_processed.cif
mp-697075.cif,Move atom at index 3 towards atom at index 7 by 2.4604735808208145 in the cif file.,mp-697075_processed.cif
mp-697458.cif,Move atom at index 0 towards atom at index 19 by 2.8561051011128105 in the cif file.,mp-697458_processed.cif
mp-697721.cif,Move atom at index 15 towards atom at index 24 by 0.2993911286665919 in the cif file.,mp-697721_processed.cif
mp-698312.cif,Move atom at index 5 towards atom at index 10 by 1.4220202964493245 in the cif file.,mp-698312_processed.cif
mp-7022.cif,Move atom at index 2 towards atom at index 10 by 1.0814326078479557 in the cif file.,mp-7022_processed.cif
mp-703291.cif,Move atom at index 0 towards atom at index 8 by 1.0613432188381882 in the cif file.,mp-703291_processed.cif
mp-704116.cif,Move atom at index 89 towards atom at index 41 by 0.791661749508195 in the cif file.,mp-704116_processed.cif
mp-704848.cif,Move atom at index 27 towards atom at index 19 by 1.8368120248343291 in the cif file.,mp-704848_processed.cif
mp-705312.cif,Move atom at index 1 towards atom at index 27 by 2.2349328807156548 in the cif file.,mp-705312_processed.cif
mp-706518.cif,Move atom at index 0 towards atom at index 30 by 0.7431864338394157 in the cif file.,mp-706518_processed.cif
mp-706524.cif,Move atom at index 21 towards atom at index 5 by 2.6908210178955794 in the cif file.,mp-706524_processed.cif
mp-707406.cif,Move atom at index 47 towards atom at index 28 by 1.9433100738207005 in the cif file.,mp-707406_processed.cif
mp-707744.cif,Move atom at index 24 towards atom at index 9 by 1.5298923884559146 in the cif file.,mp-707744_processed.cif
mp-707840.cif,Move atom at index 28 towards atom at index 6 by 2.208399757594681 in the cif file.,mp-707840_processed.cif
mp-715457.cif,Move atom at index 19 towards atom at index 8 by 0.7889672347670935 in the cif file.,mp-715457_processed.cif
mp-715553.cif,Move atom at index 10 towards atom at index 11 by 0.21513464772334118 in the cif file.,mp-715553_processed.cif
mp-720104.cif,Move atom at index 3 towards atom at index 37 by 2.795449708013732 in the cif file.,mp-720104_processed.cif
mp-720572.cif,Move atom at index 91 towards atom at index 87 by 0.7834108577184955 in the cif file.,mp-720572_processed.cif
mp-722790.cif,Move atom at index 38 towards atom at index 21 by 2.9680403666257393 in the cif file.,mp-722790_processed.cif
mp-722980.cif,Move atom at index 6 towards atom at index 25 by 1.086791440593412 in the cif file.,mp-722980_processed.cif
mp-726672.cif,Move atom at index 14 towards atom at index 19 by 1.8259415044352398 in the cif file.,mp-726672_processed.cif
mp-7281.cif,Move atom at index 9 towards atom at index 2 by 1.2754657428383145 in the cif file.,mp-7281_processed.cif
mp-728374.cif,Move atom at index 23 towards atom at index 45 by 0.17782860270241221 in the cif file.,mp-728374_processed.cif
mp-731813.cif,Move atom at index 1 towards atom at index 7 by 1.684442955588229 in the cif file.,mp-731813_processed.cif
mp-732021.cif,Move atom at index 47 towards atom at index 5 by 2.2527865009417676 in the cif file.,mp-732021_processed.cif
mp-734013.cif,Move atom at index 9 towards atom at index 12 by 2.607164290709732 in the cif file.,mp-734013_processed.cif
mp-738609.cif,Move atom at index 46 towards atom at index 44 by 1.598906437210792 in the cif file.,mp-738609_processed.cif
mp-752590.cif,Move atom at index 0 towards atom at index 5 by 0.36515163086395563 in the cif file.,mp-752590_processed.cif
mp-752623.cif,Move atom at index 6 towards atom at index 25 by 2.2323360204975473 in the cif file.,mp-752623_processed.cif
mp-752859.cif,Move atom at index 1 towards atom at index 16 by 2.7597058047114023 in the cif file.,mp-752859_processed.cif
mp-752896.cif,Move atom at index 11 towards atom at index 14 by 1.5873263948479115 in the cif file.,mp-752896_processed.cif
mp-752915.cif,Move atom at index 11 towards atom at index 8 by 2.3566863067032213 in the cif file.,mp-752915_processed.cif
mp-752916.cif,Move atom at index 7 towards atom at index 12 by 2.7467887780496714 in the cif file.,mp-752916_processed.cif
mp-752972.cif,Move atom at index 13 towards atom at index 23 by 0.7323589747708642 in the cif file.,mp-752972_processed.cif
mp-753000.cif,Move atom at index 15 towards atom at index 6 by 1.2163990039253316 in the cif file.,mp-753000_processed.cif
mp-753018.cif,Move atom at index 0 towards atom at index 11 by 2.9316843249092437 in the cif file.,mp-753018_processed.cif
mp-753047.cif,Move atom at index 1 towards atom at index 0 by 0.8359690387385702 in the cif file.,mp-753047_processed.cif
mp-753220.cif,Move atom at index 22 towards atom at index 11 by 2.330523003378381 in the cif file.,mp-753220_processed.cif
mp-753282.cif,Move atom at index 5 towards atom at index 12 by 1.646184013959295 in the cif file.,mp-753282_processed.cif
mp-753309.cif,Move atom at index 6 towards atom at index 10 by 2.6947398007725836 in the cif file.,mp-753309_processed.cif
mp-753322.cif,Move atom at index 17 towards atom at index 22 by 1.3380818386588695 in the cif file.,mp-753322_processed.cif
mp-753612.cif,Move atom at index 12 towards atom at index 2 by 1.8614608014421266 in the cif file.,mp-753612_processed.cif
mp-753724.cif,Move atom at index 3 towards atom at index 17 by 2.5457059429477953 in the cif file.,mp-753724_processed.cif
mp-753992.cif,Move atom at index 9 towards atom at index 4 by 1.0458761341156493 in the cif file.,mp-753992_processed.cif
mp-754070.cif,Move atom at index 2 towards atom at index 7 by 0.7303269650448563 in the cif file.,mp-754070_processed.cif
mp-754274.cif,Move atom at index 10 towards atom at index 7 by 2.6006937174949147 in the cif file.,mp-754274_processed.cif
mp-754345.cif,Move atom at index 0 towards atom at index 8 by 2.8522537955785046 in the cif file.,mp-754345_processed.cif
mp-754644.cif,Move atom at index 19 towards atom at index 3 by 0.906566889091484 in the cif file.,mp-754644_processed.cif
mp-754745.cif,Move atom at index 9 towards atom at index 5 by 2.123794946972416 in the cif file.,mp-754745_processed.cif
mp-754794.cif,Move atom at index 5 towards atom at index 16 by 1.8839879347556616 in the cif file.,mp-754794_processed.cif
mp-754886.cif,Move atom at index 7 towards atom at index 3 by 1.7376884286556902 in the cif file.,mp-754886_processed.cif
mp-755114.cif,Move atom at index 14 towards atom at index 13 by 0.7141120921097217 in the cif file.,mp-755114_processed.cif
mp-755229.cif,Move atom at index 6 towards atom at index 9 by 2.508609557797218 in the cif file.,mp-755229_processed.cif
mp-755317.cif,Move atom at index 18 towards atom at index 26 by 1.7433061820500928 in the cif file.,mp-755317_processed.cif
mp-755498.cif,Move atom at index 9 towards atom at index 0 by 2.6818477744605347 in the cif file.,mp-755498_processed.cif
mp-755582.cif,Move atom at index 0 towards atom at index 7 by 0.9276009948506512 in the cif file.,mp-755582_processed.cif
mp-755926.cif,Move atom at index 0 towards atom at index 10 by 1.0248591469454837 in the cif file.,mp-755926_processed.cif
mp-755997.cif,Move atom at index 12 towards atom at index 17 by 1.1114632349514637 in the cif file.,mp-755997_processed.cif
mp-756062.cif,Move atom at index 9 towards atom at index 0 by 1.94776461686446 in the cif file.,mp-756062_processed.cif
mp-756382.cif,Move atom at index 16 towards atom at index 5 by 2.945837028655406 in the cif file.,mp-756382_processed.cif
mp-756670.cif,Move atom at index 21 towards atom at index 15 by 0.5079528294028794 in the cif file.,mp-756670_processed.cif
mp-756859.cif,Move atom at index 1 towards atom at index 0 by 0.962401886067237 in the cif file.,mp-756859_processed.cif
mp-756990.cif,Move atom at index 26 towards atom at index 30 by 1.909071568598795 in the cif file.,mp-756990_processed.cif
mp-757189.cif,Move atom at index 20 towards atom at index 15 by 1.376074723263159 in the cif file.,mp-757189_processed.cif
mp-757311.cif,Move atom at index 12 towards atom at index 15 by 0.40325110690249377 in the cif file.,mp-757311_processed.cif
mp-757314.cif,Move atom at index 26 towards atom at index 18 by 0.8767559760679543 in the cif file.,mp-757314_processed.cif
mp-757440.cif,Move atom at index 18 towards atom at index 23 by 2.631298105842107 in the cif file.,mp-757440_processed.cif
mp-757579.cif,Move atom at index 27 towards atom at index 39 by 1.1172932512029934 in the cif file.,mp-757579_processed.cif
mp-757665.cif,Move atom at index 15 towards atom at index 7 by 2.45616643203877 in the cif file.,mp-757665_processed.cif
mp-757787.cif,Move atom at index 10 towards atom at index 8 by 2.7546899578935644 in the cif file.,mp-757787_processed.cif
mp-758534.cif,Move atom at index 56 towards atom at index 42 by 2.1876204608050487 in the cif file.,mp-758534_processed.cif
mp-758565.cif,Move atom at index 27 towards atom at index 15 by 0.5976668523110548 in the cif file.,mp-758565_processed.cif
mp-758722.cif,Move atom at index 24 towards atom at index 3 by 0.37700655321779997 in the cif file.,mp-758722_processed.cif
mp-758858.cif,Move atom at index 19 towards atom at index 12 by 2.1485791145987427 in the cif file.,mp-758858_processed.cif
mp-759080.cif,Move atom at index 9 towards atom at index 7 by 2.9951189057889875 in the cif file.,mp-759080_processed.cif
mp-759482.cif,Move atom at index 0 towards atom at index 17 by 1.6809805096755244 in the cif file.,mp-759482_processed.cif
mp-759507.cif,Move atom at index 40 towards atom at index 43 by 1.9646818251552882 in the cif file.,mp-759507_processed.cif
mp-759524.cif,Move atom at index 19 towards atom at index 9 by 0.8529667620679514 in the cif file.,mp-759524_processed.cif
mp-759607.cif,Move atom at index 45 towards atom at index 32 by 0.9882893045234785 in the cif file.,mp-759607_processed.cif
mp-759656.cif,Move atom at index 28 towards atom at index 6 by 2.541208021612385 in the cif file.,mp-759656_processed.cif
mp-759790.cif,Move atom at index 5 towards atom at index 7 by 2.1844976765914774 in the cif file.,mp-759790_processed.cif
mp-759809.cif,Move atom at index 13 towards atom at index 28 by 1.4725746293188782 in the cif file.,mp-759809_processed.cif
mp-760193.cif,Move atom at index 17 towards atom at index 7 by 1.5597197447825997 in the cif file.,mp-760193_processed.cif
mp-760300.cif,Move atom at index 5 towards atom at index 4 by 0.20239720568972375 in the cif file.,mp-760300_processed.cif
mp-761082.cif,Move atom at index 48 towards atom at index 45 by 0.2542874919443765 in the cif file.,mp-761082_processed.cif
mp-761112.cif,Move atom at index 22 towards atom at index 32 by 0.6604916430370621 in the cif file.,mp-761112_processed.cif
mp-7614.cif,Move atom at index 36 towards atom at index 20 by 2.1205896239092534 in the cif file.,mp-7614_processed.cif
mp-762304.cif,Move atom at index 5 towards atom at index 6 by 2.795872357896151 in the cif file.,mp-762304_processed.cif
mp-7625.cif,Move atom at index 4 towards atom at index 3 by 2.7328088275432876 in the cif file.,mp-7625_processed.cif
mp-762521.cif,Move atom at index 27 towards atom at index 20 by 2.783307047128736 in the cif file.,mp-762521_processed.cif
mp-763259.cif,Move atom at index 16 towards atom at index 11 by 2.624378795358496 in the cif file.,mp-763259_processed.cif
mp-763484.cif,Move atom at index 5 towards atom at index 0 by 2.4714213425687213 in the cif file.,mp-763484_processed.cif
mp-763920.cif,Move atom at index 20 towards atom at index 14 by 1.1699954341480145 in the cif file.,mp-763920_processed.cif
mp-765709.cif,Move atom at index 11 towards atom at index 9 by 1.9726006031194647 in the cif file.,mp-765709_processed.cif
mp-766040.cif,Move atom at index 11 towards atom at index 0 by 1.3067328557305455 in the cif file.,mp-766040_processed.cif
mp-766051.cif,Move atom at index 19 towards atom at index 6 by 0.4397508586489476 in the cif file.,mp-766051_processed.cif
mp-766137.cif,Move atom at index 27 towards atom at index 12 by 2.1369423294036616 in the cif file.,mp-766137_processed.cif
mp-766408.cif,Move atom at index 29 towards atom at index 5 by 1.2881789269469313 in the cif file.,mp-766408_processed.cif
mp-766447.cif,Move atom at index 8 towards atom at index 7 by 0.7624752934286053 in the cif file.,mp-766447_processed.cif
mp-766539.cif,Move atom at index 23 towards atom at index 46 by 1.2611579991499382 in the cif file.,mp-766539_processed.cif
mp-768276.cif,Move atom at index 23 towards atom at index 5 by 1.8287018562476036 in the cif file.,mp-768276_processed.cif
mp-768373.cif,Move atom at index 6 towards atom at index 25 by 0.14617855135950095 in the cif file.,mp-768373_processed.cif
mp-768854.cif,Move atom at index 6 towards atom at index 5 by 2.245896635504235 in the cif file.,mp-768854_processed.cif
mp-768859.cif,Move atom at index 45 towards atom at index 29 by 0.6459404325301421 in the cif file.,mp-768859_processed.cif
mp-769049.cif,Move atom at index 20 towards atom at index 24 by 0.7442771023013839 in the cif file.,mp-769049_processed.cif
mp-769346.cif,Move atom at index 22 towards atom at index 29 by 2.052045686194806 in the cif file.,mp-769346_processed.cif
mp-769383.cif,Move atom at index 5 towards atom at index 27 by 1.4962504509979875 in the cif file.,mp-769383_processed.cif
mp-770406.cif,Move atom at index 28 towards atom at index 6 by 0.21622118335077126 in the cif file.,mp-770406_processed.cif
mp-770508.cif,Move atom at index 2 towards atom at index 0 by 2.7817529097521905 in the cif file.,mp-770508_processed.cif
mp-770714.cif,Move atom at index 3 towards atom at index 12 by 1.8865724598653846 in the cif file.,mp-770714_processed.cif
mp-770847.cif,Move atom at index 31 towards atom at index 13 by 1.1704210327157405 in the cif file.,mp-770847_processed.cif
mp-770865.cif,Move atom at index 3 towards atom at index 41 by 1.1461968600905916 in the cif file.,mp-770865_processed.cif
mp-770898.cif,Move atom at index 8 towards atom at index 6 by 1.4783319281436018 in the cif file.,mp-770898_processed.cif
mp-770995.cif,Move atom at index 11 towards atom at index 14 by 0.5866283990633882 in the cif file.,mp-770995_processed.cif
mp-771674.cif,Move atom at index 16 towards atom at index 31 by 0.41355297614595565 in the cif file.,mp-771674_processed.cif
mp-772172.cif,Move atom at index 26 towards atom at index 12 by 1.5087450621474112 in the cif file.,mp-772172_processed.cif
mp-772550.cif,Move atom at index 4 towards atom at index 0 by 1.4730186718408005 in the cif file.,mp-772550_processed.cif
mp-772610.cif,Move atom at index 30 towards atom at index 21 by 1.9326287720623947 in the cif file.,mp-772610_processed.cif
mp-772749.cif,Move atom at index 8 towards atom at index 40 by 1.63857494533602 in the cif file.,mp-772749_processed.cif
mp-772763.cif,Move atom at index 16 towards atom at index 13 by 2.199471626418634 in the cif file.,mp-772763_processed.cif
mp-772999.cif,Move atom at index 12 towards atom at index 13 by 0.25006323827664545 in the cif file.,mp-772999_processed.cif
mp-773070.cif,Move atom at index 13 towards atom at index 0 by 2.203264004495397 in the cif file.,mp-773070_processed.cif
mp-774146.cif,Move atom at index 1 towards atom at index 5 by 0.4894265603309994 in the cif file.,mp-774146_processed.cif
mp-774370.cif,Move atom at index 25 towards atom at index 22 by 2.8707531698923785 in the cif file.,mp-774370_processed.cif
mp-774459.cif,Move atom at index 34 towards atom at index 22 by 2.7318398417276253 in the cif file.,mp-774459_processed.cif
mp-774822.cif,Move atom at index 7 towards atom at index 11 by 1.1480763414583823 in the cif file.,mp-774822_processed.cif
mp-774929.cif,Move atom at index 5 towards atom at index 43 by 2.5295506255455056 in the cif file.,mp-774929_processed.cif
mp-774940.cif,Move atom at index 11 towards atom at index 17 by 1.6075594100829231 in the cif file.,mp-774940_processed.cif
mp-775126.cif,Move atom at index 2 towards atom at index 28 by 0.6669760355122342 in the cif file.,mp-775126_processed.cif
mp-775216.cif,Move atom at index 3 towards atom at index 27 by 1.073438784797276 in the cif file.,mp-775216_processed.cif
mp-775224.cif,Move atom at index 23 towards atom at index 22 by 1.8002199078724532 in the cif file.,mp-775224_processed.cif
mp-775268.cif,Move atom at index 29 towards atom at index 43 by 0.34214850417630116 in the cif file.,mp-775268_processed.cif
mp-775340.cif,Move atom at index 35 towards atom at index 21 by 1.992164466064448 in the cif file.,mp-775340_processed.cif
mp-775989.cif,Move atom at index 1 towards atom at index 8 by 0.24330391934322726 in the cif file.,mp-775989_processed.cif
mp-776097.cif,Move atom at index 28 towards atom at index 31 by 0.7989515890953693 in the cif file.,mp-776097_processed.cif
mp-776529.cif,Move atom at index 26 towards atom at index 4 by 1.7627060996311998 in the cif file.,mp-776529_processed.cif
mp-7767.cif,Move atom at index 6 towards atom at index 3 by 1.1629903768436063 in the cif file.,mp-7767_processed.cif
mp-776873.cif,Move atom at index 4 towards atom at index 29 by 1.4638324088927692 in the cif file.,mp-776873_processed.cif
mp-777288.cif,Move atom at index 12 towards atom at index 5 by 2.8071350603211003 in the cif file.,mp-777288_processed.cif
mp-777458.cif,Move atom at index 5 towards atom at index 4 by 1.5339809703753504 in the cif file.,mp-777458_processed.cif
mp-777764.cif,Move atom at index 20 towards atom at index 9 by 0.22993149034994054 in the cif file.,mp-777764_processed.cif
mp-778141.cif,Move atom at index 26 towards atom at index 0 by 1.8816702480592156 in the cif file.,mp-778141_processed.cif
mp-778158.cif,Move atom at index 13 towards atom at index 19 by 1.749763217686268 in the cif file.,mp-778158_processed.cif
mp-778252.cif,Move atom at index 52 towards atom at index 13 by 2.5136066497903142 in the cif file.,mp-778252_processed.cif
mp-778260.cif,Move atom at index 24 towards atom at index 29 by 1.8024654030361926 in the cif file.,mp-778260_processed.cif
mp-779095.cif,Move atom at index 8 towards atom at index 17 by 0.7547502230021889 in the cif file.,mp-779095_processed.cif
mp-779789.cif,Move atom at index 31 towards atom at index 37 by 2.718026403734076 in the cif file.,mp-779789_processed.cif
mp-780121.cif,Move atom at index 10 towards atom at index 0 by 2.6216096115380325 in the cif file.,mp-780121_processed.cif
mp-780175.cif,Move atom at index 48 towards atom at index 30 by 2.8704559615132896 in the cif file.,mp-780175_processed.cif
mp-780392.cif,Move atom at index 8 towards atom at index 16 by 1.1620745881246142 in the cif file.,mp-780392_processed.cif
mp-780797.cif,Move atom at index 7 towards atom at index 2 by 0.9184329837554305 in the cif file.,mp-780797_processed.cif
mp-782009.cif,Move atom at index 14 towards atom at index 28 by 0.4635612333795235 in the cif file.,mp-782009_processed.cif
mp-7926.cif,Move atom at index 7 towards atom at index 3 by 0.281130847338969 in the cif file.,mp-7926_processed.cif
mp-803628.cif,Move atom at index 3 towards atom at index 6 by 2.2074185861845645 in the cif file.,mp-803628_processed.cif
mp-8058.cif,Move atom at index 11 towards atom at index 3 by 1.3522424339186407 in the cif file.,mp-8058_processed.cif
mp-807001.cif,Move atom at index 22 towards atom at index 24 by 1.334153366877477 in the cif file.,mp-807001_processed.cif
mp-818638.cif,Move atom at index 17 towards atom at index 30 by 0.5000336337672034 in the cif file.,mp-818638_processed.cif
mp-850260.cif,Move atom at index 47 towards atom at index 41 by 1.712592000053281 in the cif file.,mp-850260_processed.cif
mp-850784.cif,Move atom at index 29 towards atom at index 0 by 1.9635307179982115 in the cif file.,mp-850784_processed.cif
mp-850942.cif,Move atom at index 32 towards atom at index 28 by 1.9200449597120046 in the cif file.,mp-850942_processed.cif
mp-861324.cif,Move atom at index 7 towards atom at index 5 by 0.6949018333669272 in the cif file.,mp-861324_processed.cif
mp-861689.cif,Move atom at index 28 towards atom at index 13 by 1.152852767089206 in the cif file.,mp-861689_processed.cif
mp-863022.cif,Move atom at index 8 towards atom at index 1 by 1.5772451888645036 in the cif file.,mp-863022_processed.cif
mp-863365.cif,Move atom at index 17 towards atom at index 2 by 1.613804717456419 in the cif file.,mp-863365_processed.cif
mp-863428.cif,Move atom at index 28 towards atom at index 16 by 1.4063410032533916 in the cif file.,mp-863428_processed.cif
mp-863754.cif,Move atom at index 8 towards atom at index 12 by 1.2081857412435388 in the cif file.,mp-863754_processed.cif
mp-865205.cif,Move atom at index 5 towards atom at index 15 by 1.0994474654723243 in the cif file.,mp-865205_processed.cif
mp-866298.cif,Move atom at index 15 towards atom at index 13 by 2.8206132731380116 in the cif file.,mp-866298_processed.cif
mp-866520.cif,Move atom at index 16 towards atom at index 8 by 2.590089431992765 in the cif file.,mp-866520_processed.cif
mp-867606.cif,Move atom at index 25 towards atom at index 26 by 0.26547074267760046 in the cif file.,mp-867606_processed.cif
mp-881189.cif,Move atom at index 21 towards atom at index 1 by 2.427105411530304 in the cif file.,mp-881189_processed.cif
mp-9275.cif,Move atom at index 39 towards atom at index 44 by 0.18820748366707957 in the cif file.,mp-9275_processed.cif
mp-9324.cif,Move atom at index 13 towards atom at index 0 by 1.0697742824085812 in the cif file.,mp-9324_processed.cif
mp-935710.cif,Move atom at index 20 towards atom at index 15 by 2.7677988070867037 in the cif file.,mp-935710_processed.cif
mp-9403.cif,Move atom at index 63 towards atom at index 16 by 0.6082562905194665 in the cif file.,mp-9403_processed.cif
mp-9417.cif,Move atom at index 1 towards atom at index 3 by 2.6023367073106614 in the cif file.,mp-9417_processed.cif
mp-978989.cif,Move atom at index 4 towards atom at index 1 by 0.3605579898695995 in the cif file.,mp-978989_processed.cif
mp-979264.cif,Move atom at index 10 towards atom at index 17 by 2.838788208051189 in the cif file.,mp-979264_processed.cif
mp-982385.cif,Move atom at index 3 towards atom at index 11 by 0.7506224374806219 in the cif file.,mp-982385_processed.cif
mp-985468.cif,Move atom at index 5 towards atom at index 6 by 1.111859421560445 in the cif file.,mp-985468_processed.cif
mp-991772.cif,Move atom at index 13 towards atom at index 3 by 2.6363543348566663 in the cif file.,mp-991772_processed.cif
mp-997585.cif,Move atom at index 21 towards atom at index 26 by 1.3188518884017961 in the cif file.,mp-997585_processed.cif
mp-998746.cif,Move atom at index 3 towards atom at index 14 by 1.0358613584725878 in the cif file.,mp-998746_processed.cif
