input_cif,action_prompt,output_cif
mp-1013842.cif,Rotate all surrounding atoms within 3.7151810275808854 of the center atom at index 71 by 256.00992559877136 degree around the axis [ 0. -1.  0.] in the cif file. The rotation should following the right-hand rule.,mp-1013842_processed.cif
mp-1015026.cif,Rotate all surrounding atoms within 3.7942905153479813 of the center atom at index 11 by 123.9435933908442 degree around the axis [ 0.  0. -1.] in the cif file. The rotation should following the right-hand rule.,mp-1015026_processed.cif
mp-1016569.cif,Rotate all surrounding atoms within 3.415224186569176 of the center atom at index 2 by 167.90059717301142 degree around the axis [1. 0. 0.] in the cif file. The rotation should following the right-hand rule.,mp-1016569_processed.cif
mp-1016660.cif,Rotate all surrounding atoms within 3.5515604680592334 of the center atom at index 11 by 159.16110436702823 degree around the axis [-1.  0.  0.] in the cif file. The rotation should following the right-hand rule.,mp-1016660_processed.cif
mp-1020181.cif,Rotate all surrounding atoms within 2.7752611452544507 of the center atom at index 7 by 201.71105711424528 degree around the axis [-1.  0.  0.] in the cif file. The rotation should following the right-hand rule.,mp-1020181_processed.cif
mp-1020716.cif,Rotate all surrounding atoms within 2.076822622650119 of the center atom at index 22 by 90.26401825566298 degree around the axis [0. 0. 1.] in the cif file. The rotation should following the right-hand rule.,mp-1020716_processed.cif
mp-1021278.cif,Rotate all surrounding atoms within 3.997717604883592 of the center atom at index 11 by 211.01966402415917 degree around the axis [0. 1. 0.] in the cif file. The rotation should following the right-hand rule.,mp-1021278_processed.cif
mp-1021658.cif,Rotate all surrounding atoms within 3.2855191019200847 of the center atom at index 8 by 99.33491299550533 degree around the axis [0. 1. 0.] in the cif file. The rotation should following the right-hand rule.,mp-1021658_processed.cif
mp-1021682.cif,Rotate all surrounding atoms within 3.172254933425538 of the center atom at index 12 by 73.98459329674247 degree around the axis [-1.  0.  0.] in the cif file. The rotation should following the right-hand rule.,mp-1021682_processed.cif
mp-1022203.cif,Rotate all surrounding atoms within 3.5406445678220275 of the center atom at index 11 by 98.76927463962893 degree around the axis [0. 1. 0.] in the cif file. The rotation should following the right-hand rule.,mp-1022203_processed.cif
mp-1026634.cif,Rotate all surrounding atoms within 3.3619217071049774 of the center atom at index 10 by 168.61809760538262 degree around the axis [1. 0. 0.] in the cif file. The rotation should following the right-hand rule.,mp-1026634_processed.cif
mp-1026773.cif,Rotate all surrounding atoms within 3.8390718203834715 of the center atom at index 15 by 45.56631461220165 degree around the axis [1. 0. 0.] in the cif file. The rotation should following the right-hand rule.,mp-1026773_processed.cif
mp-1026775.cif,Rotate all surrounding atoms within 3.4455869099296437 of the center atom at index 3 by 164.3626298099917 degree around the axis [ 0. -1.  0.] in the cif file. The rotation should following the right-hand rule.,mp-1026775_processed.cif
mp-1026818.cif,Rotate all surrounding atoms within 3.6223072554124025 of the center atom at index 12 by 95.6656661759228 degree around the axis [-1.  0.  0.] in the cif file. The rotation should following the right-hand rule.,mp-1026818_processed.cif
mp-1026852.cif,Rotate all surrounding atoms within 3.564413427986944 of the center atom at index 0 by 306.05978311519596 degree around the axis [0. 0. 1.] in the cif file. The rotation should following the right-hand rule.,mp-1026852_processed.cif
mp-1026901.cif,Rotate all surrounding atoms within 3.557064352923451 of the center atom at index 2 by 212.60239251076774 degree around the axis [1. 0. 0.] in the cif file. The rotation should following the right-hand rule.,mp-1026901_processed.cif
mp-1027134.cif,Rotate all surrounding atoms within 2.898100418324406 of the center atom at index 0 by 219.93353042519558 degree around the axis [ 0.  0. -1.] in the cif file. The rotation should following the right-hand rule.,mp-1027134_processed.cif
mp-1027152.cif,Rotate all surrounding atoms within 2.9536238293158568 of the center atom at index 10 by 275.39992437357097 degree around the axis [0. 0. 1.] in the cif file. The rotation should following the right-hand rule.,mp-1027152_processed.cif
mp-1027852.cif,Rotate all surrounding atoms within 3.6407877536227558 of the center atom at index 10 by 209.5394108319741 degree around the axis [-1.  0.  0.] in the cif file. The rotation should following the right-hand rule.,mp-1027852_processed.cif
mp-1027965.cif,Rotate all surrounding atoms within 3.9822242970039556 of the center atom at index 13 by 104.79068371674833 degree around the axis [0. 0. 1.] in the cif file. The rotation should following the right-hand rule.,mp-1027965_processed.cif
mp-1027971.cif,Rotate all surrounding atoms within 3.3263035045529277 of the center atom at index 5 by 211.9075298285075 degree around the axis [0. 1. 0.] in the cif file. The rotation should following the right-hand rule.,mp-1027971_processed.cif
mp-1028124.cif,Rotate all surrounding atoms within 3.2623207750998238 of the center atom at index 4 by 107.75910637963479 degree around the axis [0. 1. 0.] in the cif file. The rotation should following the right-hand rule.,mp-1028124_processed.cif
mp-1028136.cif,Rotate all surrounding atoms within 3.874363232438538 of the center atom at index 0 by 260.68683707690866 degree around the axis [ 0.  0. -1.] in the cif file. The rotation should following the right-hand rule.,mp-1028136_processed.cif
mp-1028229.cif,Rotate all surrounding atoms within 3.5963264672769255 of the center atom at index 3 by 153.6439377324137 degree around the axis [0. 0. 1.] in the cif file. The rotation should following the right-hand rule.,mp-1028229_processed.cif
mp-1028374.cif,Rotate all surrounding atoms within 3.859761858945248 of the center atom at index 7 by 93.83657828890048 degree around the axis [-1.  0.  0.] in the cif file. The rotation should following the right-hand rule.,mp-1028374_processed.cif
mp-1028383.cif,Rotate all surrounding atoms within 3.801455827679191 of the center atom at index 0 by 93.89617209865759 degree around the axis [1. 0. 0.] in the cif file. The rotation should following the right-hand rule.,mp-1028383_processed.cif
mp-1028854.cif,Rotate all surrounding atoms within 3.6071704754261598 of the center atom at index 4 by 144.65716642871 degree around the axis [ 0. -1.  0.] in the cif file. The rotation should following the right-hand rule.,mp-1028854_processed.cif
mp-1029113.cif,Rotate all surrounding atoms within 3.8534251730878886 of the center atom at index 4 by 231.35668982228836 degree around the axis [1. 0. 0.] in the cif file. The rotation should following the right-hand rule.,mp-1029113_processed.cif
mp-1029368.cif,Rotate all surrounding atoms within 1.9172669123295305 of the center atom at index 11 by 152.71023245851572 degree around the axis [ 0.  0. -1.] in the cif file. The rotation should following the right-hand rule.,mp-1029368_processed.cif
mp-1031131.cif,Rotate all surrounding atoms within 3.887102134853359 of the center atom at index 2 by 210.10835379627048 degree around the axis [1. 0. 0.] in the cif file. The rotation should following the right-hand rule.,mp-1031131_processed.cif
mp-1032360.cif,Rotate all surrounding atoms within 3.1301104209913775 of the center atom at index 8 by 127.41314610070948 degree around the axis [ 0. -1.  0.] in the cif file. The rotation should following the right-hand rule.,mp-1032360_processed.cif
mp-1033383.cif,Rotate all surrounding atoms within 3.452148085687349 of the center atom at index 10 by 248.37465337604038 degree around the axis [0. 0. 1.] in the cif file. The rotation should following the right-hand rule.,mp-1033383_processed.cif
mp-1034355.cif,Rotate all surrounding atoms within 3.5258185163915936 of the center atom at index 2 by 249.2790343293951 degree around the axis [-1.  0.  0.] in the cif file. The rotation should following the right-hand rule.,mp-1034355_processed.cif
mp-1035597.cif,Rotate all surrounding atoms within 3.3211651710190617 of the center atom at index 14 by 187.33536862627673 degree around the axis [0. 0. 1.] in the cif file. The rotation should following the right-hand rule.,mp-1035597_processed.cif
mp-1035800.cif,Rotate all surrounding atoms within 3.2914996375230334 of the center atom at index 13 by 63.991444640694326 degree around the axis [-1.  0.  0.] in the cif file. The rotation should following the right-hand rule.,mp-1035800_processed.cif
mp-1037450.cif,Rotate all surrounding atoms within 3.8883596376688825 of the center atom at index 29 by 151.96547938369653 degree around the axis [ 0. -1.  0.] in the cif file. The rotation should following the right-hand rule.,mp-1037450_processed.cif
mp-1038247.cif,Rotate all surrounding atoms within 3.893224118423701 of the center atom at index 20 by 139.97252929430067 degree around the axis [1. 0. 0.] in the cif file. The rotation should following the right-hand rule.,mp-1038247_processed.cif
mp-1038590.cif,Rotate all surrounding atoms within 3.5138955744507596 of the center atom at index 38 by 165.73172849629321 degree around the axis [ 0. -1.  0.] in the cif file. The rotation should following the right-hand rule.,mp-1038590_processed.cif
mp-1038638.cif,Rotate all surrounding atoms within 2.9507390223614016 of the center atom at index 28 by 144.28029052092302 degree around the axis [ 0.  0. -1.] in the cif file. The rotation should following the right-hand rule.,mp-1038638_processed.cif
mp-1039951.cif,Rotate all surrounding atoms within 3.65629687233242 of the center atom at index 51 by 61.87095106168819 degree around the axis [-1.  0.  0.] in the cif file. The rotation should following the right-hand rule.,mp-1039951_processed.cif
mp-1040370.cif,Rotate all surrounding atoms within 2.844995084624556 of the center atom at index 58 by 298.7770256100424 degree around the axis [ 0.  0. -1.] in the cif file. The rotation should following the right-hand rule.,mp-1040370_processed.cif
mp-1041045.cif,Rotate all surrounding atoms within 3.2112419879960816 of the center atom at index 50 by 77.06607107957026 degree around the axis [0. 1. 0.] in the cif file. The rotation should following the right-hand rule.,mp-1041045_processed.cif
mp-1041056.cif,Rotate all surrounding atoms within 3.5545240716279407 of the center atom at index 48 by 153.33421635901635 degree around the axis [1. 0. 0.] in the cif file. The rotation should following the right-hand rule.,mp-1041056_processed.cif
mp-1041213.cif,Rotate all surrounding atoms within 2.6980360878198626 of the center atom at index 40 by 179.0141666930452 degree around the axis [0. 1. 0.] in the cif file. The rotation should following the right-hand rule.,mp-1041213_processed.cif
mp-1042028.cif,Rotate all surrounding atoms within 2.194705020666388 of the center atom at index 8 by 301.9889644812696 degree around the axis [-1.  0.  0.] in the cif file. The rotation should following the right-hand rule.,mp-1042028_processed.cif
mp-1042158.cif,Rotate all surrounding atoms within 3.292536707794407 of the center atom at index 4 by 114.73031650982433 degree around the axis [ 0.  0. -1.] in the cif file. The rotation should following the right-hand rule.,mp-1042158_processed.cif
mp-1042205.cif,Rotate all surrounding atoms within 3.7252371781404165 of the center atom at index 20 by 78.44268437781456 degree around the axis [0. 1. 0.] in the cif file. The rotation should following the right-hand rule.,mp-1042205_processed.cif
mp-1042378.cif,Rotate all surrounding atoms within 3.971522889621202 of the center atom at index 39 by 308.0283779778946 degree around the axis [0. 1. 0.] in the cif file. The rotation should following the right-hand rule.,mp-1042378_processed.cif
mp-1042415.cif,Rotate all surrounding atoms within 3.365489634585173 of the center atom at index 54 by 198.1804166626692 degree around the axis [ 0.  0. -1.] in the cif file. The rotation should following the right-hand rule.,mp-1042415_processed.cif
mp-1042656.cif,Rotate all surrounding atoms within 3.3471133496053502 of the center atom at index 21 by 128.03226688430618 degree around the axis [1. 0. 0.] in the cif file. The rotation should following the right-hand rule.,mp-1042656_processed.cif
mp-1042677.cif,Rotate all surrounding atoms within 2.074781240798001 of the center atom at index 17 by 213.1730577357832 degree around the axis [ 0. -1.  0.] in the cif file. The rotation should following the right-hand rule.,mp-1042677_processed.cif
mp-1042685.cif,Rotate all surrounding atoms within 2.8135437615318333 of the center atom at index 39 by 146.00024606397076 degree around the axis [-1.  0.  0.] in the cif file. The rotation should following the right-hand rule.,mp-1042685_processed.cif
mp-1042896.cif,Rotate all surrounding atoms within 2.132607333000756 of the center atom at index 12 by 87.16386666869411 degree around the axis [-1.  0.  0.] in the cif file. The rotation should following the right-hand rule.,mp-1042896_processed.cif
mp-1043828.cif,Rotate all surrounding atoms within 2.9716001200812716 of the center atom at index 16 by 259.6939317305101 degree around the axis [ 0.  0. -1.] in the cif file. The rotation should following the right-hand rule.,mp-1043828_processed.cif
mp-1044049.cif,Rotate all surrounding atoms within 3.1972697185771484 of the center atom at index 24 by 287.9061679368551 degree around the axis [0. 0. 1.] in the cif file. The rotation should following the right-hand rule.,mp-1044049_processed.cif
mp-1044636.cif,Rotate all surrounding atoms within 3.550886827129214 of the center atom at index 41 by 46.6843758576436 degree around the axis [1. 0. 0.] in the cif file. The rotation should following the right-hand rule.,mp-1044636_processed.cif
mp-1045786.cif,Rotate all surrounding atoms within 2.233423970967652 of the center atom at index 17 by 253.3018347600148 degree around the axis [ 0. -1.  0.] in the cif file. The rotation should following the right-hand rule.,mp-1045786_processed.cif
mp-1045992.cif,Rotate all surrounding atoms within 2.2834415762473133 of the center atom at index 4 by 225.80804390853945 degree around the axis [1. 0. 0.] in the cif file. The rotation should following the right-hand rule.,mp-1045992_processed.cif
mp-1046286.cif,Rotate all surrounding atoms within 3.961224329985501 of the center atom at index 15 by 304.26798099657213 degree around the axis [0. 1. 0.] in the cif file. The rotation should following the right-hand rule.,mp-1046286_processed.cif
mp-1047007.cif,Rotate all surrounding atoms within 2.5223689218526926 of the center atom at index 5 by 63.587177854707704 degree around the axis [ 0.  0. -1.] in the cif file. The rotation should following the right-hand rule.,mp-1047007_processed.cif
mp-1047085.cif,Rotate all surrounding atoms within 1.9942016390891637 of the center atom at index 17 by 281.2119031049673 degree around the axis [0. 1. 0.] in the cif file. The rotation should following the right-hand rule.,mp-1047085_processed.cif
mp-1047504.cif,Rotate all surrounding atoms within 2.7688967192105034 of the center atom at index 9 by 93.76901729669083 degree around the axis [0. 0. 1.] in the cif file. The rotation should following the right-hand rule.,mp-1047504_processed.cif
mp-1047641.cif,Rotate all surrounding atoms within 3.859680009115513 of the center atom at index 5 by 304.913947682756 degree around the axis [1. 0. 0.] in the cif file. The rotation should following the right-hand rule.,mp-1047641_processed.cif
mp-1047798.cif,Rotate all surrounding atoms within 3.8847087975687193 of the center atom at index 0 by 83.69419277421716 degree around the axis [-1.  0.  0.] in the cif file. The rotation should following the right-hand rule.,mp-1047798_processed.cif
mp-1048141.cif,Rotate all surrounding atoms within 2.790626490380529 of the center atom at index 15 by 265.75367835066834 degree around the axis [ 0. -1.  0.] in the cif file. The rotation should following the right-hand rule.,mp-1048141_processed.cif
mp-1048241.cif,Rotate all surrounding atoms within 3.860316048949813 of the center atom at index 7 by 115.10496871274842 degree around the axis [1. 0. 0.] in the cif file. The rotation should following the right-hand rule.,mp-1048241_processed.cif
mp-1048742.cif,Rotate all surrounding atoms within 2.3002446575667572 of the center atom at index 12 by 239.92739512660913 degree around the axis [0. 1. 0.] in the cif file. The rotation should following the right-hand rule.,mp-1048742_processed.cif
mp-1048819.cif,Rotate all surrounding atoms within 2.1595935336524557 of the center atom at index 22 by 256.6961193376344 degree around the axis [-1.  0.  0.] in the cif file. The rotation should following the right-hand rule.,mp-1048819_processed.cif
mp-10543.cif,Rotate all surrounding atoms within 3.666847547423294 of the center atom at index 3 by 110.87601460256434 degree around the axis [1. 0. 0.] in the cif file. The rotation should following the right-hand rule.,mp-10543_processed.cif
mp-1073454.cif,Rotate all surrounding atoms within 3.940943009693793 of the center atom at index 14 by 176.89865313183859 degree around the axis [0. 0. 1.] in the cif file. The rotation should following the right-hand rule.,mp-1073454_processed.cif
mp-1073857.cif,Rotate all surrounding atoms within 3.616335248499562 of the center atom at index 3 by 301.7917399993094 degree around the axis [ 0.  0. -1.] in the cif file. The rotation should following the right-hand rule.,mp-1073857_processed.cif
mp-1074382.cif,Rotate all surrounding atoms within 3.566136936878327 of the center atom at index 8 by 222.62832515075254 degree around the axis [ 0. -1.  0.] in the cif file. The rotation should following the right-hand rule.,mp-1074382_processed.cif
mp-1075115.cif,Rotate all surrounding atoms within 3.7069477925453245 of the center atom at index 1 by 122.43316004052676 degree around the axis [-1.  0.  0.] in the cif file. The rotation should following the right-hand rule.,mp-1075115_processed.cif
mp-1076171.cif,Rotate all surrounding atoms within 1.9687650093937763 of the center atom at index 25 by 49.324808478713265 degree around the axis [0. 0. 1.] in the cif file. The rotation should following the right-hand rule.,mp-1076171_processed.cif
mp-1076264.cif,Rotate all surrounding atoms within 2.973039244042536 of the center atom at index 39 by 251.08320819782756 degree around the axis [ 0.  0. -1.] in the cif file. The rotation should following the right-hand rule.,mp-1076264_processed.cif
mp-1080179.cif,Rotate all surrounding atoms within 3.5280113582108754 of the center atom at index 0 by 106.39236012099587 degree around the axis [1. 0. 0.] in the cif file. The rotation should following the right-hand rule.,mp-1080179_processed.cif
mp-1080349.cif,Rotate all surrounding atoms within 3.022908121952233 of the center atom at index 6 by 108.82513649695792 degree around the axis [ 0. -1.  0.] in the cif file. The rotation should following the right-hand rule.,mp-1080349_processed.cif
mp-1080354.cif,Rotate all surrounding atoms within 3.4891797039669346 of the center atom at index 18 by 274.32482685650825 degree around the axis [-1.  0.  0.] in the cif file. The rotation should following the right-hand rule.,mp-1080354_processed.cif
mp-1080713.cif,Rotate all surrounding atoms within 3.6535010246411836 of the center atom at index 5 by 131.85363271571418 degree around the axis [1. 0. 0.] in the cif file. The rotation should following the right-hand rule.,mp-1080713_processed.cif
mp-1094804.cif,Rotate all surrounding atoms within 3.281635553281414 of the center atom at index 4 by 161.80006839559343 degree around the axis [1. 0. 0.] in the cif file. The rotation should following the right-hand rule.,mp-1094804_processed.cif
mp-1095083.cif,Rotate all surrounding atoms within 3.6236361576648206 of the center atom at index 5 by 211.26402139363208 degree around the axis [-1.  0.  0.] in the cif file. The rotation should following the right-hand rule.,mp-1095083_processed.cif
mp-1095476.cif,Rotate all surrounding atoms within 3.511839551720808 of the center atom at index 5 by 274.1587532281454 degree around the axis [-1.  0.  0.] in the cif file. The rotation should following the right-hand rule.,mp-1095476_processed.cif
mp-1095575.cif,Rotate all surrounding atoms within 3.6414556656218844 of the center atom at index 8 by 237.21110015495256 degree around the axis [0. 1. 0.] in the cif file. The rotation should following the right-hand rule.,mp-1095575_processed.cif
mp-1095585.cif,Rotate all surrounding atoms within 3.5700651305721327 of the center atom at index 0 by 160.07308797461957 degree around the axis [ 0. -1.  0.] in the cif file. The rotation should following the right-hand rule.,mp-1095585_processed.cif
mp-1095643.cif,Rotate all surrounding atoms within 3.7600798761974206 of the center atom at index 1 by 134.48330837475484 degree around the axis [0. 1. 0.] in the cif file. The rotation should following the right-hand rule.,mp-1095643_processed.cif
mp-1095675.cif,Rotate all surrounding atoms within 3.782022883321215 of the center atom at index 4 by 90.06736044275772 degree around the axis [ 0. -1.  0.] in the cif file. The rotation should following the right-hand rule.,mp-1095675_processed.cif
mp-1095677.cif,Rotate all surrounding atoms within 3.740664416216312 of the center atom at index 11 by 130.28340569270114 degree around the axis [ 0. -1.  0.] in the cif file. The rotation should following the right-hand rule.,mp-1095677_processed.cif
mp-1096913.cif,Rotate all surrounding atoms within 3.7848064600953126 of the center atom at index 5 by 224.16250048878635 degree around the axis [-1.  0.  0.] in the cif file. The rotation should following the right-hand rule.,mp-1096913_processed.cif
mp-1099100.cif,Rotate all surrounding atoms within 3.0572998813307075 of the center atom at index 13 by 273.37404652493586 degree around the axis [ 0. -1.  0.] in the cif file. The rotation should following the right-hand rule.,mp-1099100_processed.cif
mp-1100340.cif,Rotate all surrounding atoms within 2.9827645380408985 of the center atom at index 14 by 105.5135071544316 degree around the axis [0. 0. 1.] in the cif file. The rotation should following the right-hand rule.,mp-1100340_processed.cif
mp-1100512.cif,Rotate all surrounding atoms within 2.440534652878889 of the center atom at index 28 by 229.56624557277783 degree around the axis [ 0. -1.  0.] in the cif file. The rotation should following the right-hand rule.,mp-1100512_processed.cif
mp-1100602.cif,Rotate all surrounding atoms within 2.961208205191598 of the center atom at index 16 by 314.22385909197953 degree around the axis [-1.  0.  0.] in the cif file. The rotation should following the right-hand rule.,mp-1100602_processed.cif
mp-1100645.cif,Rotate all surrounding atoms within 2.4658861825118317 of the center atom at index 6 by 165.71394140128666 degree around the axis [ 0.  0. -1.] in the cif file. The rotation should following the right-hand rule.,mp-1100645_processed.cif
mp-1100655.cif,Rotate all surrounding atoms within 2.3499462637658812 of the center atom at index 22 by 88.01732626306864 degree around the axis [ 0.  0. -1.] in the cif file. The rotation should following the right-hand rule.,mp-1100655_processed.cif
mp-1100709.cif,Rotate all surrounding atoms within 3.344523621722762 of the center atom at index 3 by 160.5705427956802 degree around the axis [0. 0. 1.] in the cif file. The rotation should following the right-hand rule.,mp-1100709_processed.cif
mp-1100895.cif,Rotate all surrounding atoms within 3.6689698684292864 of the center atom at index 12 by 60.83673439571994 degree around the axis [ 0.  0. -1.] in the cif file. The rotation should following the right-hand rule.,mp-1100895_processed.cif
mp-1101365.cif,Rotate all surrounding atoms within 2.679156691423546 of the center atom at index 58 by 111.64640369673958 degree around the axis [-1.  0.  0.] in the cif file. The rotation should following the right-hand rule.,mp-1101365_processed.cif
mp-1101490.cif,Rotate all surrounding atoms within 3.578870915158018 of the center atom at index 14 by 147.51344432498158 degree around the axis [ 0. -1.  0.] in the cif file. The rotation should following the right-hand rule.,mp-1101490_processed.cif
mp-1101729.cif,Rotate all surrounding atoms within 2.6234468416062127 of the center atom at index 56 by 241.72813358215345 degree around the axis [1. 0. 0.] in the cif file. The rotation should following the right-hand rule.,mp-1101729_processed.cif
mp-1101899.cif,Rotate all surrounding atoms within 2.9806929103655038 of the center atom at index 5 by 310.305026006973 degree around the axis [0. 0. 1.] in the cif file. The rotation should following the right-hand rule.,mp-1101899_processed.cif
mp-1102433.cif,Rotate all surrounding atoms within 3.8787429328764516 of the center atom at index 5 by 311.31543140319036 degree around the axis [1. 0. 0.] in the cif file. The rotation should following the right-hand rule.,mp-1102433_processed.cif
mp-1102534.cif,Rotate all surrounding atoms within 2.369920606911306 of the center atom at index 2 by 226.7163639423227 degree around the axis [-1.  0.  0.] in the cif file. The rotation should following the right-hand rule.,mp-1102534_processed.cif
mp-1102795.cif,Rotate all surrounding atoms within 3.3919861544663026 of the center atom at index 10 by 135.80897399386623 degree around the axis [ 0.  0. -1.] in the cif file. The rotation should following the right-hand rule.,mp-1102795_processed.cif
mp-1102865.cif,Rotate all surrounding atoms within 2.312211518017517 of the center atom at index 0 by 144.74855417149948 degree around the axis [-1.  0.  0.] in the cif file. The rotation should following the right-hand rule.,mp-1102865_processed.cif
mp-1102948.cif,Rotate all surrounding atoms within 3.9847858860370042 of the center atom at index 1 by 134.40039022515595 degree around the axis [0. 1. 0.] in the cif file. The rotation should following the right-hand rule.,mp-1102948_processed.cif
mp-1102963.cif,Rotate all surrounding atoms within 2.565080046547364 of the center atom at index 9 by 296.86744161244366 degree around the axis [0. 1. 0.] in the cif file. The rotation should following the right-hand rule.,mp-1102963_processed.cif
mp-1103212.cif,Rotate all surrounding atoms within 3.7560599352570034 of the center atom at index 1 by 61.80813014163944 degree around the axis [0. 0. 1.] in the cif file. The rotation should following the right-hand rule.,mp-1103212_processed.cif
mp-1103303.cif,Rotate all surrounding atoms within 3.337383520261283 of the center atom at index 9 by 216.78580562465106 degree around the axis [0. 1. 0.] in the cif file. The rotation should following the right-hand rule.,mp-1103303_processed.cif
mp-1103651.cif,Rotate all surrounding atoms within 3.9322196752443945 of the center atom at index 9 by 88.53203314818373 degree around the axis [0. 0. 1.] in the cif file. The rotation should following the right-hand rule.,mp-1103651_processed.cif
mp-1104386.cif,Rotate all surrounding atoms within 2.1244949512217968 of the center atom at index 11 by 192.16616772093474 degree around the axis [ 0. -1.  0.] in the cif file. The rotation should following the right-hand rule.,mp-1104386_processed.cif
mp-1104404.cif,Rotate all surrounding atoms within 2.8821303609611775 of the center atom at index 0 by 253.30649402179893 degree around the axis [-1.  0.  0.] in the cif file. The rotation should following the right-hand rule.,mp-1104404_processed.cif
mp-1104448.cif,Rotate all surrounding atoms within 3.835719951271204 of the center atom at index 27 by 213.23544511751365 degree around the axis [0. 1. 0.] in the cif file. The rotation should following the right-hand rule.,mp-1104448_processed.cif
mp-1105372.cif,Rotate all surrounding atoms within 2.2116858949811533 of the center atom at index 0 by 88.09426413949228 degree around the axis [ 0.  0. -1.] in the cif file. The rotation should following the right-hand rule.,mp-1105372_processed.cif
mp-1105581.cif,Rotate all surrounding atoms within 3.5604303151328107 of the center atom at index 1 by 114.48484704341195 degree around the axis [0. 1. 0.] in the cif file. The rotation should following the right-hand rule.,mp-1105581_processed.cif
mp-1105587.cif,Rotate all surrounding atoms within 3.509555232219295 of the center atom at index 5 by 250.80188092109069 degree around the axis [0. 0. 1.] in the cif file. The rotation should following the right-hand rule.,mp-1105587_processed.cif
mp-1105631.cif,Rotate all surrounding atoms within 2.135499115997919 of the center atom at index 15 by 134.12731355481978 degree around the axis [ 0. -1.  0.] in the cif file. The rotation should following the right-hand rule.,mp-1105631_processed.cif
mp-1105736.cif,Rotate all surrounding atoms within 3.986991024858635 of the center atom at index 9 by 75.23618869893342 degree around the axis [ 0.  0. -1.] in the cif file. The rotation should following the right-hand rule.,mp-1105736_processed.cif
mp-1105952.cif,Rotate all surrounding atoms within 2.448308481310973 of the center atom at index 19 by 97.7847122224613 degree around the axis [ 0. -1.  0.] in the cif file. The rotation should following the right-hand rule.,mp-1105952_processed.cif
mp-1105985.cif,Rotate all surrounding atoms within 3.5319353399083795 of the center atom at index 15 by 208.4533160520814 degree around the axis [1. 0. 0.] in the cif file. The rotation should following the right-hand rule.,mp-1105985_processed.cif
mp-1106159.cif,Rotate all surrounding atoms within 3.764090378371801 of the center atom at index 12 by 131.6762027961545 degree around the axis [ 0. -1.  0.] in the cif file. The rotation should following the right-hand rule.,mp-1106159_processed.cif
mp-1110626.cif,Rotate all surrounding atoms within 2.865074213065059 of the center atom at index 8 by 170.1979840307208 degree around the axis [-1.  0.  0.] in the cif file. The rotation should following the right-hand rule.,mp-1110626_processed.cif
mp-1110754.cif,Rotate all surrounding atoms within 3.9266021602826964 of the center atom at index 2 by 128.05687669397847 degree around the axis [ 0.  0. -1.] in the cif file. The rotation should following the right-hand rule.,mp-1110754_processed.cif
mp-1111211.cif,Rotate all surrounding atoms within 4.09365838916174 of the center atom at index 0 by 182.3890685419076 degree around the axis [ 0. -1.  0.] in the cif file. The rotation should following the right-hand rule.,mp-1111211_processed.cif
mp-1111610.cif,Rotate all surrounding atoms within 4.038205701187202 of the center atom at index 0 by 172.81596752582846 degree around the axis [-1.  0.  0.] in the cif file. The rotation should following the right-hand rule.,mp-1111610_processed.cif
mp-1111940.cif,Rotate all surrounding atoms within 3.6583698185616473 of the center atom at index 0 by 216.46360265858246 degree around the axis [1. 0. 0.] in the cif file. The rotation should following the right-hand rule.,mp-1111940_processed.cif
mp-1112257.cif,Rotate all surrounding atoms within 3.3689217015113275 of the center atom at index 7 by 178.1940605333703 degree around the axis [0. 1. 0.] in the cif file. The rotation should following the right-hand rule.,mp-1112257_processed.cif
mp-1112416.cif,Rotate all surrounding atoms within 2.6054658889337805 of the center atom at index 4 by 258.98682572233133 degree around the axis [-1.  0.  0.] in the cif file. The rotation should following the right-hand rule.,mp-1112416_processed.cif
mp-11143.cif,Rotate all surrounding atoms within 3.5511896144005477 of the center atom at index 22 by 265.40972014640425 degree around the axis [0. 0. 1.] in the cif file. The rotation should following the right-hand rule.,mp-11143_processed.cif
mp-11145.cif,Rotate all surrounding atoms within 3.8497343045090715 of the center atom at index 18 by 67.2412045014441 degree around the axis [1. 0. 0.] in the cif file. The rotation should following the right-hand rule.,mp-11145_processed.cif
mp-1120749.cif,Rotate all surrounding atoms within 2.368744223808065 of the center atom at index 12 by 280.64869571581823 degree around the axis [ 0. -1.  0.] in the cif file. The rotation should following the right-hand rule.,mp-1120749_processed.cif
mp-11250.cif,Rotate all surrounding atoms within 3.7037431055774537 of the center atom at index 3 by 78.5181000838981 degree around the axis [ 0.  0. -1.] in the cif file. The rotation should following the right-hand rule.,mp-11250_processed.cif
mp-1157680.cif,Rotate all surrounding atoms within 2.075761199434362 of the center atom at index 11 by 197.6502749757689 degree around the axis [ 0.  0. -1.] in the cif file. The rotation should following the right-hand rule.,mp-1157680_processed.cif
mp-1173361.cif,Rotate all surrounding atoms within 3.3712343001712717 of the center atom at index 1 by 304.11807047599467 degree around the axis [ 0. -1.  0.] in the cif file. The rotation should following the right-hand rule.,mp-1173361_processed.cif
mp-1173548.cif,Rotate all surrounding atoms within 3.7893968445690938 of the center atom at index 17 by 118.70689525963637 degree around the axis [0. 0. 1.] in the cif file. The rotation should following the right-hand rule.,mp-1173548_processed.cif
mp-1173561.cif,Rotate all surrounding atoms within 2.7953956137320466 of the center atom at index 12 by 188.55269944660668 degree around the axis [ 0. -1.  0.] in the cif file. The rotation should following the right-hand rule.,mp-1173561_processed.cif
mp-1173706.cif,Rotate all surrounding atoms within 2.415631859792356 of the center atom at index 21 by 203.89990417338063 degree around the axis [0. 0. 1.] in the cif file. The rotation should following the right-hand rule.,mp-1173706_processed.cif
mp-1173883.cif,Rotate all surrounding atoms within 2.737054778322709 of the center atom at index 11 by 58.37230358145097 degree around the axis [-1.  0.  0.] in the cif file. The rotation should following the right-hand rule.,mp-1173883_processed.cif
mp-1174010.cif,Rotate all surrounding atoms within 2.5964940950347386 of the center atom at index 3 by 69.49353598462591 degree around the axis [ 0.  0. -1.] in the cif file. The rotation should following the right-hand rule.,mp-1174010_processed.cif
mp-1174079.cif,Rotate all surrounding atoms within 2.790356962222735 of the center atom at index 0 by 181.12523293730516 degree around the axis [ 0.  0. -1.] in the cif file. The rotation should following the right-hand rule.,mp-1174079_processed.cif
mp-1174299.cif,Rotate all surrounding atoms within 3.2948078924732096 of the center atom at index 17 by 256.4564461852285 degree around the axis [0. 1. 0.] in the cif file. The rotation should following the right-hand rule.,mp-1174299_processed.cif
mp-1174536.cif,Rotate all surrounding atoms within 2.4239681612136015 of the center atom at index 24 by 216.1991678551105 degree around the axis [0. 0. 1.] in the cif file. The rotation should following the right-hand rule.,mp-1174536_processed.cif
mp-1174549.cif,Rotate all surrounding atoms within 2.753715284387555 of the center atom at index 1 by 126.34707707901354 degree around the axis [ 0.  0. -1.] in the cif file. The rotation should following the right-hand rule.,mp-1174549_processed.cif
mp-1174561.cif,Rotate all surrounding atoms within 3.612781249915023 of the center atom at index 23 by 146.48244461591167 degree around the axis [0. 0. 1.] in the cif file. The rotation should following the right-hand rule.,mp-1174561_processed.cif
mp-1174631.cif,Rotate all surrounding atoms within 3.3377947301631266 of the center atom at index 9 by 244.42987084569626 degree around the axis [-1.  0.  0.] in the cif file. The rotation should following the right-hand rule.,mp-1174631_processed.cif
mp-1174708.cif,Rotate all surrounding atoms within 2.121173300345846 of the center atom at index 19 by 281.66318947118015 degree around the axis [1. 0. 0.] in the cif file. The rotation should following the right-hand rule.,mp-1174708_processed.cif
mp-1175060.cif,Rotate all surrounding atoms within 2.7562995979170193 of the center atom at index 16 by 247.76490776088824 degree around the axis [0. 0. 1.] in the cif file. The rotation should following the right-hand rule.,mp-1175060_processed.cif
mp-1175670.cif,Rotate all surrounding atoms within 3.2962062696518464 of the center atom at index 13 by 190.81716569239825 degree around the axis [1. 0. 0.] in the cif file. The rotation should following the right-hand rule.,mp-1175670_processed.cif
mp-1175676.cif,Rotate all surrounding atoms within 3.906322843114088 of the center atom at index 17 by 297.4742936264726 degree around the axis [0. 1. 0.] in the cif file. The rotation should following the right-hand rule.,mp-1175676_processed.cif
mp-1175716.cif,Rotate all surrounding atoms within 3.0032673041265108 of the center atom at index 24 by 92.12804609278034 degree around the axis [1. 0. 0.] in the cif file. The rotation should following the right-hand rule.,mp-1175716_processed.cif
mp-1176074.cif,Rotate all surrounding atoms within 2.751195382533203 of the center atom at index 15 by 308.311149230463 degree around the axis [0. 0. 1.] in the cif file. The rotation should following the right-hand rule.,mp-1176074_processed.cif
mp-1176243.cif,Rotate all surrounding atoms within 2.8187071176731497 of the center atom at index 29 by 219.59695858499092 degree around the axis [0. 0. 1.] in the cif file. The rotation should following the right-hand rule.,mp-1176243_processed.cif
mp-1176471.cif,Rotate all surrounding atoms within 2.352910532855297 of the center atom at index 1 by 172.35452064948367 degree around the axis [ 0. -1.  0.] in the cif file. The rotation should following the right-hand rule.,mp-1176471_processed.cif
mp-1176486.cif,Rotate all surrounding atoms within 1.9351757874786344 of the center atom at index 28 by 88.34127465524026 degree around the axis [-1.  0.  0.] in the cif file. The rotation should following the right-hand rule.,mp-1176486_processed.cif
mp-1176593.cif,Rotate all surrounding atoms within 3.1804277663069893 of the center atom at index 7 by 200.52808099901586 degree around the axis [0. 1. 0.] in the cif file. The rotation should following the right-hand rule.,mp-1176593_processed.cif
mp-1176664.cif,Rotate all surrounding atoms within 3.8301048988018693 of the center atom at index 2 by 86.68075068955463 degree around the axis [-1.  0.  0.] in the cif file. The rotation should following the right-hand rule.,mp-1176664_processed.cif
mp-1176678.cif,Rotate all surrounding atoms within 3.193087789171707 of the center atom at index 2 by 83.13200248387828 degree around the axis [-1.  0.  0.] in the cif file. The rotation should following the right-hand rule.,mp-1176678_processed.cif
mp-1176692.cif,Rotate all surrounding atoms within 1.644371417474772 of the center atom at index 13 by 49.74845313426752 degree around the axis [-1.  0.  0.] in the cif file. The rotation should following the right-hand rule.,mp-1176692_processed.cif
mp-1176965.cif,Rotate all surrounding atoms within 2.662509017732906 of the center atom at index 8 by 76.57956488249076 degree around the axis [ 0.  0. -1.] in the cif file. The rotation should following the right-hand rule.,mp-1176965_processed.cif
mp-1177279.cif,Rotate all surrounding atoms within 2.7469607192135417 of the center atom at index 13 by 129.1083794588188 degree around the axis [0. 1. 0.] in the cif file. The rotation should following the right-hand rule.,mp-1177279_processed.cif
mp-1177537.cif,Rotate all surrounding atoms within 2.109503246453336 of the center atom at index 21 by 298.8890100656054 degree around the axis [1. 0. 0.] in the cif file. The rotation should following the right-hand rule.,mp-1177537_processed.cif
mp-1177559.cif,Rotate all surrounding atoms within 2.8867337766269143 of the center atom at index 73 by 149.29526769693717 degree around the axis [0. 0. 1.] in the cif file. The rotation should following the right-hand rule.,mp-1177559_processed.cif
mp-1177564.cif,Rotate all surrounding atoms within 3.4984162653404196 of the center atom at index 76 by 94.8392239998139 degree around the axis [-1.  0.  0.] in the cif file. The rotation should following the right-hand rule.,mp-1177564_processed.cif
mp-1177801.cif,Rotate all surrounding atoms within 3.1045650896631427 of the center atom at index 23 by 150.7254948010792 degree around the axis [1. 0. 0.] in the cif file. The rotation should following the right-hand rule.,mp-1177801_processed.cif
mp-1178026.cif,Rotate all surrounding atoms within 2.434867392781098 of the center atom at index 12 by 46.001510238331505 degree around the axis [-1.  0.  0.] in the cif file. The rotation should following the right-hand rule.,mp-1178026_processed.cif
mp-1178085.cif,Rotate all surrounding atoms within 3.1469454097954843 of the center atom at index 10 by 238.91721438020699 degree around the axis [0. 0. 1.] in the cif file. The rotation should following the right-hand rule.,mp-1178085_processed.cif
mp-1178148.cif,Rotate all surrounding atoms within 3.17407635408208 of the center atom at index 11 by 275.55250172842057 degree around the axis [1. 0. 0.] in the cif file. The rotation should following the right-hand rule.,mp-1178148_processed.cif
mp-1178259.cif,Rotate all surrounding atoms within 2.0574468813541023 of the center atom at index 34 by 107.22873361273693 degree around the axis [ 0. -1.  0.] in the cif file. The rotation should following the right-hand rule.,mp-1178259_processed.cif
mp-1178586.cif,Rotate all surrounding atoms within 3.713718410276436 of the center atom at index 69 by 156.9553524296703 degree around the axis [0. 1. 0.] in the cif file. The rotation should following the right-hand rule.,mp-1178586_processed.cif
mp-1180130.cif,Rotate all surrounding atoms within 3.518261553270733 of the center atom at index 33 by 74.5063058577571 degree around the axis [ 0.  0. -1.] in the cif file. The rotation should following the right-hand rule.,mp-1180130_processed.cif
mp-1180252.cif,Rotate all surrounding atoms within 2.8841909971972175 of the center atom at index 7 by 241.21258844507813 degree around the axis [ 0.  0. -1.] in the cif file. The rotation should following the right-hand rule.,mp-1180252_processed.cif
mp-1180744.cif,Rotate all surrounding atoms within 3.2700664111673063 of the center atom at index 4 by 48.16116351006439 degree around the axis [-1.  0.  0.] in the cif file. The rotation should following the right-hand rule.,mp-1180744_processed.cif
mp-1180763.cif,Rotate all surrounding atoms within 2.2488765502823993 of the center atom at index 11 by 160.6109154475065 degree around the axis [-1.  0.  0.] in the cif file. The rotation should following the right-hand rule.,mp-1180763_processed.cif
mp-1181255.cif,Rotate all surrounding atoms within 2.8306208344625974 of the center atom at index 88 by 232.48007756535193 degree around the axis [ 0. -1.  0.] in the cif file. The rotation should following the right-hand rule.,mp-1181255_processed.cif
mp-1181584.cif,Rotate all surrounding atoms within 3.4226080546951323 of the center atom at index 24 by 45.58537507406014 degree around the axis [0. 0. 1.] in the cif file. The rotation should following the right-hand rule.,mp-1181584_processed.cif
mp-1182011.cif,Rotate all surrounding atoms within 1.6477181773490808 of the center atom at index 23 by 312.56740242122225 degree around the axis [ 0.  0. -1.] in the cif file. The rotation should following the right-hand rule.,mp-1182011_processed.cif
mp-1182045.cif,Rotate all surrounding atoms within 1.9086693247200328 of the center atom at index 22 by 93.64361654431423 degree around the axis [-1.  0.  0.] in the cif file. The rotation should following the right-hand rule.,mp-1182045_processed.cif
mp-1182066.cif,Rotate all surrounding atoms within 2.4955786040131542 of the center atom at index 36 by 242.7083483521611 degree around the axis [-1.  0.  0.] in the cif file. The rotation should following the right-hand rule.,mp-1182066_processed.cif
mp-1182302.cif,Rotate all surrounding atoms within 3.3189590760273315 of the center atom at index 34 by 278.87434431201723 degree around the axis [0. 1. 0.] in the cif file. The rotation should following the right-hand rule.,mp-1182302_processed.cif
mp-1182516.cif,Rotate all surrounding atoms within 3.8901603623362595 of the center atom at index 4 by 205.62522998891868 degree around the axis [0. 0. 1.] in the cif file. The rotation should following the right-hand rule.,mp-1182516_processed.cif
mp-1182952.cif,Rotate all surrounding atoms within 3.9158084530462594 of the center atom at index 4 by 82.62291249594382 degree around the axis [0. 0. 1.] in the cif file. The rotation should following the right-hand rule.,mp-1182952_processed.cif
mp-1182993.cif,Rotate all surrounding atoms within 1.543122619487332 of the center atom at index 4 by 184.91707331051904 degree around the axis [ 0. -1.  0.] in the cif file. The rotation should following the right-hand rule.,mp-1182993_processed.cif
mp-1185691.cif,Rotate all surrounding atoms within 3.9208248186322674 of the center atom at index 19 by 249.41522697606038 degree around the axis [ 0.  0. -1.] in the cif file. The rotation should following the right-hand rule.,mp-1185691_processed.cif
mp-1185729.cif,Rotate all surrounding atoms within 3.4537802291111483 of the center atom at index 19 by 205.58655312949503 degree around the axis [0. 1. 0.] in the cif file. The rotation should following the right-hand rule.,mp-1185729_processed.cif
mp-1185730.cif,Rotate all surrounding atoms within 3.98676139703588 of the center atom at index 23 by 57.95769592688053 degree around the axis [1. 0. 0.] in the cif file. The rotation should following the right-hand rule.,mp-1185730_processed.cif
mp-1186069.cif,Rotate all surrounding atoms within 2.8875900363402494 of the center atom at index 10 by 304.23928845560533 degree around the axis [0. 0. 1.] in the cif file. The rotation should following the right-hand rule.,mp-1186069_processed.cif
mp-1188168.cif,Rotate all surrounding atoms within 3.7401350969958265 of the center atom at index 17 by 131.13569787917436 degree around the axis [1. 0. 0.] in the cif file. The rotation should following the right-hand rule.,mp-1188168_processed.cif
mp-1188839.cif,Rotate all surrounding atoms within 3.9628387992488276 of the center atom at index 10 by 130.57838539472922 degree around the axis [0. 0. 1.] in the cif file. The rotation should following the right-hand rule.,mp-1188839_processed.cif
mp-1189137.cif,Rotate all surrounding atoms within 2.6063520673446847 of the center atom at index 9 by 115.80304479009948 degree around the axis [0. 0. 1.] in the cif file. The rotation should following the right-hand rule.,mp-1189137_processed.cif
mp-1189325.cif,Rotate all surrounding atoms within 2.011996833519198 of the center atom at index 13 by 303.8290966207614 degree around the axis [ 0.  0. -1.] in the cif file. The rotation should following the right-hand rule.,mp-1189325_processed.cif
mp-1189617.cif,Rotate all surrounding atoms within 3.686796735488846 of the center atom at index 7 by 314.28732142756695 degree around the axis [-1.  0.  0.] in the cif file. The rotation should following the right-hand rule.,mp-1189617_processed.cif
mp-1190360.cif,Rotate all surrounding atoms within 2.7852139937005664 of the center atom at index 19 by 151.42157194380104 degree around the axis [1. 0. 0.] in the cif file. The rotation should following the right-hand rule.,mp-1190360_processed.cif
mp-1190450.cif,Rotate all surrounding atoms within 3.9220063401295686 of the center atom at index 21 by 291.7941396755218 degree around the axis [-1.  0.  0.] in the cif file. The rotation should following the right-hand rule.,mp-1190450_processed.cif
mp-1190471.cif,Rotate all surrounding atoms within 2.955038621652783 of the center atom at index 14 by 309.31102205535694 degree around the axis [0. 0. 1.] in the cif file. The rotation should following the right-hand rule.,mp-1190471_processed.cif
mp-1190593.cif,Rotate all surrounding atoms within 2.9192419105930676 of the center atom at index 2 by 128.23036224849398 degree around the axis [0. 0. 1.] in the cif file. The rotation should following the right-hand rule.,mp-1190593_processed.cif
mp-1190765.cif,Rotate all surrounding atoms within 3.4241347458489764 of the center atom at index 15 by 277.105880291086 degree around the axis [-1.  0.  0.] in the cif file. The rotation should following the right-hand rule.,mp-1190765_processed.cif
mp-1190906.cif,Rotate all surrounding atoms within 2.5289042819076624 of the center atom at index 7 by 278.73229566321845 degree around the axis [ 0.  0. -1.] in the cif file. The rotation should following the right-hand rule.,mp-1190906_processed.cif
mp-1191263.cif,Rotate all surrounding atoms within 3.2898259813760813 of the center atom at index 1 by 147.59365242249513 degree around the axis [ 0. -1.  0.] in the cif file. The rotation should following the right-hand rule.,mp-1191263_processed.cif
mp-1191575.cif,Rotate all surrounding atoms within 2.8182250714952497 of the center atom at index 21 by 296.04627815583217 degree around the axis [ 0. -1.  0.] in the cif file. The rotation should following the right-hand rule.,mp-1191575_processed.cif
mp-1191633.cif,Rotate all surrounding atoms within 3.2550475823750906 of the center atom at index 23 by 313.4494818858187 degree around the axis [ 0.  0. -1.] in the cif file. The rotation should following the right-hand rule.,mp-1191633_processed.cif
mp-1191681.cif,Rotate all surrounding atoms within 3.6270009548258315 of the center atom at index 12 by 290.82864750555063 degree around the axis [0. 1. 0.] in the cif file. The rotation should following the right-hand rule.,mp-1191681_processed.cif
mp-1192077.cif,Rotate all surrounding atoms within 3.6275891555621156 of the center atom at index 7 by 102.305125697458 degree around the axis [ 0. -1.  0.] in the cif file. The rotation should following the right-hand rule.,mp-1192077_processed.cif
mp-1192111.cif,Rotate all surrounding atoms within 1.9382561648535417 of the center atom at index 12 by 63.521793275824024 degree around the axis [1. 0. 0.] in the cif file. The rotation should following the right-hand rule.,mp-1192111_processed.cif
mp-1192527.cif,Rotate all surrounding atoms within 3.0931195989381997 of the center atom at index 24 by 136.8489990695869 degree around the axis [1. 0. 0.] in the cif file. The rotation should following the right-hand rule.,mp-1192527_processed.cif
mp-1192550.cif,Rotate all surrounding atoms within 2.582327439096842 of the center atom at index 16 by 169.43599511013286 degree around the axis [1. 0. 0.] in the cif file. The rotation should following the right-hand rule.,mp-1192550_processed.cif
mp-1192556.cif,Rotate all surrounding atoms within 2.0654119364140984 of the center atom at index 16 by 51.613822253369 degree around the axis [ 0. -1.  0.] in the cif file. The rotation should following the right-hand rule.,mp-1192556_processed.cif
mp-1192588.cif,Rotate all surrounding atoms within 2.091844545255913 of the center atom at index 2 by 106.12225884098554 degree around the axis [-1.  0.  0.] in the cif file. The rotation should following the right-hand rule.,mp-1192588_processed.cif
mp-1192755.cif,Rotate all surrounding atoms within 3.9616977351812714 of the center atom at index 11 by 114.10366291674308 degree around the axis [ 0. -1.  0.] in the cif file. The rotation should following the right-hand rule.,mp-1192755_processed.cif
mp-1192984.cif,Rotate all surrounding atoms within 3.580745288725431 of the center atom at index 6 by 170.79607612483738 degree around the axis [0. 1. 0.] in the cif file. The rotation should following the right-hand rule.,mp-1192984_processed.cif
mp-1193276.cif,Rotate all surrounding atoms within 2.096409674010081 of the center atom at index 6 by 190.30249845509846 degree around the axis [ 0.  0. -1.] in the cif file. The rotation should following the right-hand rule.,mp-1193276_processed.cif
mp-1193461.cif,Rotate all surrounding atoms within 2.4141924175814307 of the center atom at index 20 by 180.37956009259554 degree around the axis [ 0.  0. -1.] in the cif file. The rotation should following the right-hand rule.,mp-1193461_processed.cif
mp-1193658.cif,Rotate all surrounding atoms within 3.88119303007423 of the center atom at index 15 by 206.7561481285624 degree around the axis [ 0. -1.  0.] in the cif file. The rotation should following the right-hand rule.,mp-1193658_processed.cif
mp-1193669.cif,Rotate all surrounding atoms within 3.745520921890659 of the center atom at index 6 by 256.71220415291816 degree around the axis [ 0.  0. -1.] in the cif file. The rotation should following the right-hand rule.,mp-1193669_processed.cif
mp-1193753.cif,Rotate all surrounding atoms within 3.7865519118636675 of the center atom at index 21 by 162.3375770847753 degree around the axis [0. 1. 0.] in the cif file. The rotation should following the right-hand rule.,mp-1193753_processed.cif
mp-1194315.cif,Rotate all surrounding atoms within 2.4753239537283385 of the center atom at index 19 by 205.1541954376797 degree around the axis [1. 0. 0.] in the cif file. The rotation should following the right-hand rule.,mp-1194315_processed.cif
mp-1194467.cif,Rotate all surrounding atoms within 3.988131425749527 of the center atom at index 19 by 311.50891253389574 degree around the axis [ 0. -1.  0.] in the cif file. The rotation should following the right-hand rule.,mp-1194467_processed.cif
mp-1194648.cif,Rotate all surrounding atoms within 2.7268032104418762 of the center atom at index 25 by 80.29749995916418 degree around the axis [-1.  0.  0.] in the cif file. The rotation should following the right-hand rule.,mp-1194648_processed.cif
mp-1194808.cif,Rotate all surrounding atoms within 1.7267543953205482 of the center atom at index 10 by 193.90964657490676 degree around the axis [0. 1. 0.] in the cif file. The rotation should following the right-hand rule.,mp-1194808_processed.cif
mp-1194897.cif,Rotate all surrounding atoms within 1.433724020363586 of the center atom at index 14 by 59.61039525385357 degree around the axis [0. 0. 1.] in the cif file. The rotation should following the right-hand rule.,mp-1194897_processed.cif
mp-1194954.cif,Rotate all surrounding atoms within 2.9095132971355655 of the center atom at index 2 by 210.04063392995425 degree around the axis [1. 0. 0.] in the cif file. The rotation should following the right-hand rule.,mp-1194954_processed.cif
mp-1195087.cif,Rotate all surrounding atoms within 3.4154909005641287 of the center atom at index 0 by 47.45286441299703 degree around the axis [ 0. -1.  0.] in the cif file. The rotation should following the right-hand rule.,mp-1195087_processed.cif
mp-1195106.cif,Rotate all surrounding atoms within 2.9519556455866067 of the center atom at index 39 by 313.6055722740052 degree around the axis [0. 0. 1.] in the cif file. The rotation should following the right-hand rule.,mp-1195106_processed.cif
mp-1195319.cif,Rotate all surrounding atoms within 3.110728439089176 of the center atom at index 35 by 102.78374205256927 degree around the axis [0. 0. 1.] in the cif file. The rotation should following the right-hand rule.,mp-1195319_processed.cif
mp-1195337.cif,Rotate all surrounding atoms within 3.8911351200551954 of the center atom at index 37 by 215.8736782226487 degree around the axis [0. 1. 0.] in the cif file. The rotation should following the right-hand rule.,mp-1195337_processed.cif
mp-1195540.cif,Rotate all surrounding atoms within 3.2834629512065985 of the center atom at index 0 by 140.47169222408303 degree around the axis [ 0.  0. -1.] in the cif file. The rotation should following the right-hand rule.,mp-1195540_processed.cif
mp-1195827.cif,Rotate all surrounding atoms within 1.976955821166276 of the center atom at index 12 by 111.38780577210434 degree around the axis [-1.  0.  0.] in the cif file. The rotation should following the right-hand rule.,mp-1195827_processed.cif
mp-1195929.cif,Rotate all surrounding atoms within 3.593034765364076 of the center atom at index 9 by 204.24658616778925 degree around the axis [0. 0. 1.] in the cif file. The rotation should following the right-hand rule.,mp-1195929_processed.cif
mp-1195965.cif,Rotate all surrounding atoms within 3.111342965153165 of the center atom at index 21 by 277.9361445398059 degree around the axis [0. 0. 1.] in the cif file. The rotation should following the right-hand rule.,mp-1195965_processed.cif
mp-1195967.cif,Rotate all surrounding atoms within 3.9539391067319665 of the center atom at index 11 by 180.87518087172663 degree around the axis [-1.  0.  0.] in the cif file. The rotation should following the right-hand rule.,mp-1195967_processed.cif
mp-1196244.cif,Rotate all surrounding atoms within 3.538341823075765 of the center atom at index 30 by 314.14768423656113 degree around the axis [0. 0. 1.] in the cif file. The rotation should following the right-hand rule.,mp-1196244_processed.cif
mp-1196468.cif,Rotate all surrounding atoms within 3.072418840944324 of the center atom at index 40 by 161.70882327309027 degree around the axis [1. 0. 0.] in the cif file. The rotation should following the right-hand rule.,mp-1196468_processed.cif
mp-1196513.cif,Rotate all surrounding atoms within 3.8288782038636606 of the center atom at index 14 by 239.0400839128119 degree around the axis [ 0. -1.  0.] in the cif file. The rotation should following the right-hand rule.,mp-1196513_processed.cif
mp-1196514.cif,Rotate all surrounding atoms within 2.9931503205891703 of the center atom at index 26 by 226.2200025776619 degree around the axis [0. 0. 1.] in the cif file. The rotation should following the right-hand rule.,mp-1196514_processed.cif
mp-1197108.cif,Rotate all surrounding atoms within 3.2903777875504137 of the center atom at index 82 by 47.22394763191234 degree around the axis [ 0. -1.  0.] in the cif file. The rotation should following the right-hand rule.,mp-1197108_processed.cif
mp-1197227.cif,Rotate all surrounding atoms within 2.3958101689752853 of the center atom at index 12 by 223.4765002056565 degree around the axis [0. 0. 1.] in the cif file. The rotation should following the right-hand rule.,mp-1197227_processed.cif
mp-1197238.cif,Rotate all surrounding atoms within 1.4706548341347365 of the center atom at index 27 by 116.32721193084558 degree around the axis [1. 0. 0.] in the cif file. The rotation should following the right-hand rule.,mp-1197238_processed.cif
mp-1197636.cif,Rotate all surrounding atoms within 3.103912444406797 of the center atom at index 8 by 312.27596251952815 degree around the axis [ 0. -1.  0.] in the cif file. The rotation should following the right-hand rule.,mp-1197636_processed.cif
mp-1197877.cif,Rotate all surrounding atoms within 3.980292427719016 of the center atom at index 30 by 57.60528208437481 degree around the axis [-1.  0.  0.] in the cif file. The rotation should following the right-hand rule.,mp-1197877_processed.cif
mp-1198057.cif,Rotate all surrounding atoms within 3.7212246262892243 of the center atom at index 4 by 179.22683839952677 degree around the axis [-1.  0.  0.] in the cif file. The rotation should following the right-hand rule.,mp-1198057_processed.cif
mp-1198140.cif,Rotate all surrounding atoms within 3.2752406954681854 of the center atom at index 19 by 99.06221548798483 degree around the axis [ 0.  0. -1.] in the cif file. The rotation should following the right-hand rule.,mp-1198140_processed.cif
mp-1198411.cif,Rotate all surrounding atoms within 3.363991153388867 of the center atom at index 77 by 76.32241601978805 degree around the axis [ 0.  0. -1.] in the cif file. The rotation should following the right-hand rule.,mp-1198411_processed.cif
mp-1198574.cif,Rotate all surrounding atoms within 3.3419996410307387 of the center atom at index 70 by 101.8401317871593 degree around the axis [ 0.  0. -1.] in the cif file. The rotation should following the right-hand rule.,mp-1198574_processed.cif
mp-1198593.cif,Rotate all surrounding atoms within 2.5753792999354914 of the center atom at index 46 by 115.82516680386269 degree around the axis [ 0. -1.  0.] in the cif file. The rotation should following the right-hand rule.,mp-1198593_processed.cif
mp-1198603.cif,Rotate all surrounding atoms within 2.2390145415662346 of the center atom at index 26 by 104.68970989679215 degree around the axis [0. 0. 1.] in the cif file. The rotation should following the right-hand rule.,mp-1198603_processed.cif
mp-1198841.cif,Rotate all surrounding atoms within 3.6018022036709327 of the center atom at index 41 by 84.59094514476296 degree around the axis [-1.  0.  0.] in the cif file. The rotation should following the right-hand rule.,mp-1198841_processed.cif
mp-1199018.cif,Rotate all surrounding atoms within 3.5639141510841563 of the center atom at index 65 by 80.85839089153666 degree around the axis [1. 0. 0.] in the cif file. The rotation should following the right-hand rule.,mp-1199018_processed.cif
mp-1199088.cif,Rotate all surrounding atoms within 3.55851380950681 of the center atom at index 6 by 157.0300652506324 degree around the axis [0. 1. 0.] in the cif file. The rotation should following the right-hand rule.,mp-1199088_processed.cif
mp-1199566.cif,Rotate all surrounding atoms within 3.4291794581217134 of the center atom at index 46 by 270.8258051994385 degree around the axis [-1.  0.  0.] in the cif file. The rotation should following the right-hand rule.,mp-1199566_processed.cif
mp-1199672.cif,Rotate all surrounding atoms within 1.6342150706489518 of the center atom at index 4 by 238.23407832231337 degree around the axis [1. 0. 0.] in the cif file. The rotation should following the right-hand rule.,mp-1199672_processed.cif
mp-1200359.cif,Rotate all surrounding atoms within 3.7048572053482602 of the center atom at index 11 by 118.73358046944264 degree around the axis [ 0. -1.  0.] in the cif file. The rotation should following the right-hand rule.,mp-1200359_processed.cif
mp-1200542.cif,Rotate all surrounding atoms within 2.376853583998096 of the center atom at index 0 by 90.81961183990256 degree around the axis [-1.  0.  0.] in the cif file. The rotation should following the right-hand rule.,mp-1200542_processed.cif
mp-1200692.cif,Rotate all surrounding atoms within 1.9636103431596719 of the center atom at index 29 by 311.86366698617036 degree around the axis [-1.  0.  0.] in the cif file. The rotation should following the right-hand rule.,mp-1200692_processed.cif
mp-1200758.cif,Rotate all surrounding atoms within 3.84435059513081 of the center atom at index 48 by 137.5793473642679 degree around the axis [0. 1. 0.] in the cif file. The rotation should following the right-hand rule.,mp-1200758_processed.cif
mp-1201497.cif,Rotate all surrounding atoms within 3.0827510082369622 of the center atom at index 23 by 151.03959348814163 degree around the axis [0. 1. 0.] in the cif file. The rotation should following the right-hand rule.,mp-1201497_processed.cif
mp-1201607.cif,Rotate all surrounding atoms within 2.374141321455354 of the center atom at index 33 by 87.14745098902 degree around the axis [-1.  0.  0.] in the cif file. The rotation should following the right-hand rule.,mp-1201607_processed.cif
mp-1201876.cif,Rotate all surrounding atoms within 3.846618859876324 of the center atom at index 6 by 220.5863131272435 degree around the axis [-1.  0.  0.] in the cif file. The rotation should following the right-hand rule.,mp-1201876_processed.cif
mp-1201895.cif,Rotate all surrounding atoms within 2.5720518716144047 of the center atom at index 3 by 236.18850422889187 degree around the axis [0. 0. 1.] in the cif file. The rotation should following the right-hand rule.,mp-1201895_processed.cif
mp-1202389.cif,Rotate all surrounding atoms within 3.557839238720791 of the center atom at index 3 by 197.11153260355613 degree around the axis [0. 0. 1.] in the cif file. The rotation should following the right-hand rule.,mp-1202389_processed.cif
mp-1202709.cif,Rotate all surrounding atoms within 3.4164058764172154 of the center atom at index 26 by 289.74008287360545 degree around the axis [1. 0. 0.] in the cif file. The rotation should following the right-hand rule.,mp-1202709_processed.cif
mp-1202898.cif,Rotate all surrounding atoms within 3.9740238878979377 of the center atom at index 17 by 311.18196355667567 degree around the axis [-1.  0.  0.] in the cif file. The rotation should following the right-hand rule.,mp-1202898_processed.cif
mp-1202901.cif,Rotate all surrounding atoms within 2.9286467911140495 of the center atom at index 2 by 125.4967445142759 degree around the axis [ 0.  0. -1.] in the cif file. The rotation should following the right-hand rule.,mp-1202901_processed.cif
mp-1203035.cif,Rotate all surrounding atoms within 3.291819763862997 of the center atom at index 23 by 179.5601798136153 degree around the axis [ 0.  0. -1.] in the cif file. The rotation should following the right-hand rule.,mp-1203035_processed.cif
mp-1203146.cif,Rotate all surrounding atoms within 1.6376291551373379 of the center atom at index 26 by 156.2944659253692 degree around the axis [0. 0. 1.] in the cif file. The rotation should following the right-hand rule.,mp-1203146_processed.cif
mp-1203196.cif,Rotate all surrounding atoms within 3.644900983651702 of the center atom at index 39 by 287.3183376673435 degree around the axis [0. 0. 1.] in the cif file. The rotation should following the right-hand rule.,mp-1203196_processed.cif
mp-1203220.cif,Rotate all surrounding atoms within 2.4163774939143896 of the center atom at index 6 by 263.2473567982532 degree around the axis [0. 0. 1.] in the cif file. The rotation should following the right-hand rule.,mp-1203220_processed.cif
mp-1203746.cif,Rotate all surrounding atoms within 3.7046209316528382 of the center atom at index 18 by 286.8000413537966 degree around the axis [ 0. -1.  0.] in the cif file. The rotation should following the right-hand rule.,mp-1203746_processed.cif
mp-1203808.cif,Rotate all surrounding atoms within 3.6999898608668005 of the center atom at index 92 by 66.06222265229195 degree around the axis [ 0. -1.  0.] in the cif file. The rotation should following the right-hand rule.,mp-1203808_processed.cif
mp-1203996.cif,Rotate all surrounding atoms within 1.852911108417683 of the center atom at index 53 by 117.03579641716908 degree around the axis [0. 1. 0.] in the cif file. The rotation should following the right-hand rule.,mp-1203996_processed.cif
mp-1204064.cif,Rotate all surrounding atoms within 3.742195529570302 of the center atom at index 22 by 211.6984817090923 degree around the axis [1. 0. 0.] in the cif file. The rotation should following the right-hand rule.,mp-1204064_processed.cif
mp-1204087.cif,Rotate all surrounding atoms within 3.2994909316134273 of the center atom at index 30 by 308.7435271280024 degree around the axis [0. 0. 1.] in the cif file. The rotation should following the right-hand rule.,mp-1204087_processed.cif
mp-1204178.cif,Rotate all surrounding atoms within 3.4233667273070068 of the center atom at index 2 by 57.250951183104455 degree around the axis [1. 0. 0.] in the cif file. The rotation should following the right-hand rule.,mp-1204178_processed.cif
mp-1204195.cif,Rotate all surrounding atoms within 2.3307144235021795 of the center atom at index 49 by 176.18216262046604 degree around the axis [0. 0. 1.] in the cif file. The rotation should following the right-hand rule.,mp-1204195_processed.cif
mp-1204482.cif,Rotate all surrounding atoms within 3.6911536175441904 of the center atom at index 32 by 172.76721520885815 degree around the axis [0. 0. 1.] in the cif file. The rotation should following the right-hand rule.,mp-1204482_processed.cif
mp-1204573.cif,Rotate all surrounding atoms within 3.2687281338139624 of the center atom at index 27 by 286.9360827810568 degree around the axis [ 0. -1.  0.] in the cif file. The rotation should following the right-hand rule.,mp-1204573_processed.cif
mp-1204620.cif,Rotate all surrounding atoms within 2.0143863630077288 of the center atom at index 67 by 240.79179458239616 degree around the axis [-1.  0.  0.] in the cif file. The rotation should following the right-hand rule.,mp-1204620_processed.cif
mp-1204800.cif,Rotate all surrounding atoms within 3.680132162547372 of the center atom at index 0 by 259.1963920908124 degree around the axis [ 0.  0. -1.] in the cif file. The rotation should following the right-hand rule.,mp-1204800_processed.cif
mp-1205388.cif,Rotate all surrounding atoms within 2.610383122034671 of the center atom at index 9 by 243.18461280046319 degree around the axis [1. 0. 0.] in the cif file. The rotation should following the right-hand rule.,mp-1205388_processed.cif
mp-1205391.cif,Rotate all surrounding atoms within 3.306700588652333 of the center atom at index 19 by 172.91905068572393 degree around the axis [0. 0. 1.] in the cif file. The rotation should following the right-hand rule.,mp-1205391_processed.cif
mp-1205393.cif,Rotate all surrounding atoms within 2.770989293087461 of the center atom at index 15 by 242.35311450695957 degree around the axis [1. 0. 0.] in the cif file. The rotation should following the right-hand rule.,mp-1205393_processed.cif
mp-1205503.cif,Rotate all surrounding atoms within 3.938694957192671 of the center atom at index 2 by 135.06411235859423 degree around the axis [0. 1. 0.] in the cif file. The rotation should following the right-hand rule.,mp-1205503_processed.cif
mp-1205523.cif,Rotate all surrounding atoms within 3.336535365847893 of the center atom at index 9 by 253.67444947533983 degree around the axis [1. 0. 0.] in the cif file. The rotation should following the right-hand rule.,mp-1205523_processed.cif
mp-1205660.cif,Rotate all surrounding atoms within 3.916260575208861 of the center atom at index 0 by 233.8249895627755 degree around the axis [-1.  0.  0.] in the cif file. The rotation should following the right-hand rule.,mp-1205660_processed.cif
mp-1205745.cif,Rotate all surrounding atoms within 3.999682376688554 of the center atom at index 6 by 189.86758383945119 degree around the axis [ 0. -1.  0.] in the cif file. The rotation should following the right-hand rule.,mp-1205745_processed.cif
mp-1205771.cif,Rotate all surrounding atoms within 2.36994166184813 of the center atom at index 5 by 183.61394711988177 degree around the axis [0. 0. 1.] in the cif file. The rotation should following the right-hand rule.,mp-1205771_processed.cif
mp-1206201.cif,Rotate all surrounding atoms within 2.9497888912189056 of the center atom at index 0 by 50.14110405778935 degree around the axis [0. 1. 0.] in the cif file. The rotation should following the right-hand rule.,mp-1206201_processed.cif
mp-1206250.cif,Rotate all surrounding atoms within 3.262992064175681 of the center atom at index 3 by 280.92106707211826 degree around the axis [-1.  0.  0.] in the cif file. The rotation should following the right-hand rule.,mp-1206250_processed.cif
mp-1206569.cif,Rotate all surrounding atoms within 3.9936110646432814 of the center atom at index 6 by 212.98904101829987 degree around the axis [ 0. -1.  0.] in the cif file. The rotation should following the right-hand rule.,mp-1206569_processed.cif
mp-1206737.cif,Rotate all surrounding atoms within 3.7262209897105723 of the center atom at index 3 by 136.68199894171389 degree around the axis [1. 0. 0.] in the cif file. The rotation should following the right-hand rule.,mp-1206737_processed.cif
mp-1207144.cif,Rotate all surrounding atoms within 3.527381277543393 of the center atom at index 2 by 223.06281998065083 degree around the axis [0. 1. 0.] in the cif file. The rotation should following the right-hand rule.,mp-1207144_processed.cif
mp-1207398.cif,Rotate all surrounding atoms within 2.940581701246965 of the center atom at index 2 by 215.17451319083563 degree around the axis [-1.  0.  0.] in the cif file. The rotation should following the right-hand rule.,mp-1207398_processed.cif
mp-1207522.cif,Rotate all surrounding atoms within 3.522552778332372 of the center atom at index 2 by 220.6905919114862 degree around the axis [ 0.  0. -1.] in the cif file. The rotation should following the right-hand rule.,mp-1207522_processed.cif
mp-1207549.cif,Rotate all surrounding atoms within 3.2656321796619894 of the center atom at index 17 by 124.19987987294594 degree around the axis [1. 0. 0.] in the cif file. The rotation should following the right-hand rule.,mp-1207549_processed.cif
mp-1207596.cif,Rotate all surrounding atoms within 3.81153678525283 of the center atom at index 13 by 50.82058348307493 degree around the axis [0. 1. 0.] in the cif file. The rotation should following the right-hand rule.,mp-1207596_processed.cif
mp-1207733.cif,Rotate all surrounding atoms within 3.462153945706466 of the center atom at index 1 by 244.16403527318437 degree around the axis [ 0. -1.  0.] in the cif file. The rotation should following the right-hand rule.,mp-1207733_processed.cif
mp-1207797.cif,Rotate all surrounding atoms within 3.06841238741014 of the center atom at index 1 by 178.56135965763505 degree around the axis [ 0.  0. -1.] in the cif file. The rotation should following the right-hand rule.,mp-1207797_processed.cif
mp-1207993.cif,Rotate all surrounding atoms within 3.2555175024616396 of the center atom at index 1 by 300.4400795044046 degree around the axis [ 0.  0. -1.] in the cif file. The rotation should following the right-hand rule.,mp-1207993_processed.cif
mp-1208058.cif,Rotate all surrounding atoms within 3.647017773206273 of the center atom at index 16 by 45.65449986610835 degree around the axis [1. 0. 0.] in the cif file. The rotation should following the right-hand rule.,mp-1208058_processed.cif
mp-1208219.cif,Rotate all surrounding atoms within 3.460402754915709 of the center atom at index 35 by 284.2627099965947 degree around the axis [0. 0. 1.] in the cif file. The rotation should following the right-hand rule.,mp-1208219_processed.cif
mp-1208275.cif,Rotate all surrounding atoms within 2.346304136852235 of the center atom at index 12 by 57.33929791452728 degree around the axis [-1.  0.  0.] in the cif file. The rotation should following the right-hand rule.,mp-1208275_processed.cif
mp-1208331.cif,Rotate all surrounding atoms within 3.0741773914397377 of the center atom at index 5 by 228.65936237169524 degree around the axis [0. 0. 1.] in the cif file. The rotation should following the right-hand rule.,mp-1208331_processed.cif
mp-1208361.cif,Rotate all surrounding atoms within 3.4381570459486746 of the center atom at index 8 by 209.00194111004612 degree around the axis [1. 0. 0.] in the cif file. The rotation should following the right-hand rule.,mp-1208361_processed.cif
mp-1208425.cif,Rotate all surrounding atoms within 2.9351742575434616 of the center atom at index 4 by 161.9109443547133 degree around the axis [0. 0. 1.] in the cif file. The rotation should following the right-hand rule.,mp-1208425_processed.cif
mp-1208879.cif,Rotate all surrounding atoms within 2.9871234636669612 of the center atom at index 8 by 83.70573608130269 degree around the axis [0. 1. 0.] in the cif file. The rotation should following the right-hand rule.,mp-1208879_processed.cif
mp-1209036.cif,Rotate all surrounding atoms within 3.8968429898222885 of the center atom at index 7 by 65.15384908741746 degree around the axis [ 0. -1.  0.] in the cif file. The rotation should following the right-hand rule.,mp-1209036_processed.cif
mp-1209206.cif,Rotate all surrounding atoms within 2.5876196426466267 of the center atom at index 34 by 219.73820115273108 degree around the axis [0. 0. 1.] in the cif file. The rotation should following the right-hand rule.,mp-1209206_processed.cif
mp-1209348.cif,Rotate all surrounding atoms within 3.348101885567566 of the center atom at index 18 by 93.11692507530938 degree around the axis [ 0.  0. -1.] in the cif file. The rotation should following the right-hand rule.,mp-1209348_processed.cif
mp-1209483.cif,Rotate all surrounding atoms within 3.479700049625658 of the center atom at index 0 by 193.37098191320445 degree around the axis [-1.  0.  0.] in the cif file. The rotation should following the right-hand rule.,mp-1209483_processed.cif
mp-1209534.cif,Rotate all surrounding atoms within 3.9967046158496844 of the center atom at index 23 by 99.91181151857865 degree around the axis [1. 0. 0.] in the cif file. The rotation should following the right-hand rule.,mp-1209534_processed.cif
mp-1209695.cif,Rotate all surrounding atoms within 3.143542870597635 of the center atom at index 42 by 251.86183351572808 degree around the axis [-1.  0.  0.] in the cif file. The rotation should following the right-hand rule.,mp-1209695_processed.cif
mp-1210015.cif,Rotate all surrounding atoms within 3.2668154681735944 of the center atom at index 2 by 272.74291883853635 degree around the axis [0. 0. 1.] in the cif file. The rotation should following the right-hand rule.,mp-1210015_processed.cif
mp-1210035.cif,Rotate all surrounding atoms within 2.737029496750331 of the center atom at index 11 by 108.23955293617573 degree around the axis [0. 1. 0.] in the cif file. The rotation should following the right-hand rule.,mp-1210035_processed.cif
mp-1210161.cif,Rotate all surrounding atoms within 1.7899180549691307 of the center atom at index 6 by 66.39717037002916 degree around the axis [0. 1. 0.] in the cif file. The rotation should following the right-hand rule.,mp-1210161_processed.cif
mp-1210237.cif,Rotate all surrounding atoms within 2.5690575496269044 of the center atom at index 8 by 165.956615947652 degree around the axis [-1.  0.  0.] in the cif file. The rotation should following the right-hand rule.,mp-1210237_processed.cif
mp-1210462.cif,Rotate all surrounding atoms within 1.7582191490847956 of the center atom at index 15 by 60.26410706596866 degree around the axis [ 0. -1.  0.] in the cif file. The rotation should following the right-hand rule.,mp-1210462_processed.cif
mp-1210502.cif,Rotate all surrounding atoms within 1.6464750931174066 of the center atom at index 39 by 298.0088723885982 degree around the axis [-1.  0.  0.] in the cif file. The rotation should following the right-hand rule.,mp-1210502_processed.cif
mp-1210518.cif,Rotate all surrounding atoms within 2.8921401363207213 of the center atom at index 31 by 75.98913090856345 degree around the axis [-1.  0.  0.] in the cif file. The rotation should following the right-hand rule.,mp-1210518_processed.cif
mp-1210584.cif,Rotate all surrounding atoms within 3.871043766350284 of the center atom at index 0 by 110.48699689934813 degree around the axis [ 0.  0. -1.] in the cif file. The rotation should following the right-hand rule.,mp-1210584_processed.cif
mp-1211181.cif,Rotate all surrounding atoms within 3.5448144013278142 of the center atom at index 25 by 195.10634693869923 degree around the axis [0. 1. 0.] in the cif file. The rotation should following the right-hand rule.,mp-1211181_processed.cif
mp-1211192.cif,Rotate all surrounding atoms within 2.66952149376002 of the center atom at index 10 by 297.1382497375823 degree around the axis [1. 0. 0.] in the cif file. The rotation should following the right-hand rule.,mp-1211192_processed.cif
mp-1211198.cif,Rotate all surrounding atoms within 2.516636644966866 of the center atom at index 0 by 153.31686018832613 degree around the axis [1. 0. 0.] in the cif file. The rotation should following the right-hand rule.,mp-1211198_processed.cif
mp-1211303.cif,Rotate all surrounding atoms within 3.6058730298823622 of the center atom at index 9 by 219.2234336139905 degree around the axis [ 0.  0. -1.] in the cif file. The rotation should following the right-hand rule.,mp-1211303_processed.cif
mp-1211402.cif,Rotate all surrounding atoms within 3.808244544429254 of the center atom at index 4 by 249.9770381341397 degree around the axis [0. 1. 0.] in the cif file. The rotation should following the right-hand rule.,mp-1211402_processed.cif
mp-1211546.cif,Rotate all surrounding atoms within 3.7153632826462024 of the center atom at index 1 by 276.33836538542835 degree around the axis [ 0. -1.  0.] in the cif file. The rotation should following the right-hand rule.,mp-1211546_processed.cif
mp-1211686.cif,Rotate all surrounding atoms within 3.588526105594359 of the center atom at index 7 by 306.75313831488904 degree around the axis [ 0.  0. -1.] in the cif file. The rotation should following the right-hand rule.,mp-1211686_processed.cif
mp-1211861.cif,Rotate all surrounding atoms within 3.1472954829817894 of the center atom at index 9 by 272.8248221795799 degree around the axis [ 0.  0. -1.] in the cif file. The rotation should following the right-hand rule.,mp-1211861_processed.cif
mp-1211971.cif,Rotate all surrounding atoms within 1.7977118934840828 of the center atom at index 32 by 277.2263949310625 degree around the axis [0. 0. 1.] in the cif file. The rotation should following the right-hand rule.,mp-1211971_processed.cif
mp-1212118.cif,Rotate all surrounding atoms within 3.364954673520796 of the center atom at index 10 by 111.05162778112836 degree around the axis [-1.  0.  0.] in the cif file. The rotation should following the right-hand rule.,mp-1212118_processed.cif
mp-1212387.cif,Rotate all surrounding atoms within 2.9253220913470326 of the center atom at index 14 by 271.5642642679045 degree around the axis [0. 1. 0.] in the cif file. The rotation should following the right-hand rule.,mp-1212387_processed.cif
mp-1212504.cif,Rotate all surrounding atoms within 3.421711354865459 of the center atom at index 13 by 116.94935686565667 degree around the axis [ 0.  0. -1.] in the cif file. The rotation should following the right-hand rule.,mp-1212504_processed.cif
mp-1212600.cif,Rotate all surrounding atoms within 2.982503777326589 of the center atom at index 8 by 202.8716388829948 degree around the axis [ 0.  0. -1.] in the cif file. The rotation should following the right-hand rule.,mp-1212600_processed.cif
mp-1212621.cif,Rotate all surrounding atoms within 2.217124620238256 of the center atom at index 31 by 205.97282898837722 degree around the axis [ 0.  0. -1.] in the cif file. The rotation should following the right-hand rule.,mp-1212621_processed.cif
mp-1212645.cif,Rotate all surrounding atoms within 3.4412105831318316 of the center atom at index 16 by 107.20700117874532 degree around the axis [-1.  0.  0.] in the cif file. The rotation should following the right-hand rule.,mp-1212645_processed.cif
mp-1212670.cif,Rotate all surrounding atoms within 2.558545211671666 of the center atom at index 12 by 208.97673301330218 degree around the axis [0. 0. 1.] in the cif file. The rotation should following the right-hand rule.,mp-1212670_processed.cif
mp-1212757.cif,Rotate all surrounding atoms within 2.1656434798983457 of the center atom at index 8 by 236.57987131780192 degree around the axis [1. 0. 0.] in the cif file. The rotation should following the right-hand rule.,mp-1212757_processed.cif
mp-1213080.cif,Rotate all surrounding atoms within 3.7079089416140754 of the center atom at index 2 by 289.33689970274577 degree around the axis [ 0.  0. -1.] in the cif file. The rotation should following the right-hand rule.,mp-1213080_processed.cif
mp-1213206.cif,Rotate all surrounding atoms within 3.710005536073765 of the center atom at index 2 by 124.60291805211918 degree around the axis [1. 0. 0.] in the cif file. The rotation should following the right-hand rule.,mp-1213206_processed.cif
mp-1213529.cif,Rotate all surrounding atoms within 3.007934423539317 of the center atom at index 14 by 272.9123185835353 degree around the axis [ 0.  0. -1.] in the cif file. The rotation should following the right-hand rule.,mp-1213529_processed.cif
mp-1213562.cif,Rotate all surrounding atoms within 3.3993644219628254 of the center atom at index 30 by 77.0229495507534 degree around the axis [ 0.  0. -1.] in the cif file. The rotation should following the right-hand rule.,mp-1213562_processed.cif
mp-1213790.cif,Rotate all surrounding atoms within 2.7019501149382097 of the center atom at index 3 by 154.6781511403472 degree around the axis [0. 1. 0.] in the cif file. The rotation should following the right-hand rule.,mp-1213790_processed.cif
mp-1214336.cif,Rotate all surrounding atoms within 3.3546648694156636 of the center atom at index 16 by 179.7029809391544 degree around the axis [0. 1. 0.] in the cif file. The rotation should following the right-hand rule.,mp-1214336_processed.cif
mp-1214464.cif,Rotate all surrounding atoms within 2.394245753207147 of the center atom at index 16 by 171.47360063681194 degree around the axis [ 0.  0. -1.] in the cif file. The rotation should following the right-hand rule.,mp-1214464_processed.cif
mp-1214610.cif,Rotate all surrounding atoms within 2.06872944408104 of the center atom at index 10 by 192.02799794987814 degree around the axis [ 0.  0. -1.] in the cif file. The rotation should following the right-hand rule.,mp-1214610_processed.cif
mp-1214788.cif,Rotate all surrounding atoms within 2.5133439415228356 of the center atom at index 29 by 312.6977592779328 degree around the axis [-1.  0.  0.] in the cif file. The rotation should following the right-hand rule.,mp-1214788_processed.cif
mp-1214890.cif,Rotate all surrounding atoms within 2.906089873288315 of the center atom at index 7 by 243.47385325504635 degree around the axis [-1.  0.  0.] in the cif file. The rotation should following the right-hand rule.,mp-1214890_processed.cif
mp-1214936.cif,Rotate all surrounding atoms within 3.7056980165809414 of the center atom at index 24 by 61.340453725834905 degree around the axis [-1.  0.  0.] in the cif file. The rotation should following the right-hand rule.,mp-1214936_processed.cif
mp-1215141.cif,Rotate all surrounding atoms within 2.565615330084144 of the center atom at index 36 by 104.35185296225922 degree around the axis [ 0.  0. -1.] in the cif file. The rotation should following the right-hand rule.,mp-1215141_processed.cif
mp-1215289.cif,Rotate all surrounding atoms within 3.7682553942749273 of the center atom at index 13 by 293.3550368213837 degree around the axis [1. 0. 0.] in the cif file. The rotation should following the right-hand rule.,mp-1215289_processed.cif
mp-1215601.cif,Rotate all surrounding atoms within 3.230615425529571 of the center atom at index 3 by 280.7591837891856 degree around the axis [0. 1. 0.] in the cif file. The rotation should following the right-hand rule.,mp-1215601_processed.cif
mp-1215607.cif,Rotate all surrounding atoms within 3.0134912890283685 of the center atom at index 8 by 279.50980275765784 degree around the axis [ 0. -1.  0.] in the cif file. The rotation should following the right-hand rule.,mp-1215607_processed.cif
mp-1215624.cif,Rotate all surrounding atoms within 3.2634485252996326 of the center atom at index 0 by 160.6203741325984 degree around the axis [ 0. -1.  0.] in the cif file. The rotation should following the right-hand rule.,mp-1215624_processed.cif
mp-1215653.cif,Rotate all surrounding atoms within 3.370260698911709 of the center atom at index 21 by 154.7049472966425 degree around the axis [0. 1. 0.] in the cif file. The rotation should following the right-hand rule.,mp-1215653_processed.cif
mp-1215929.cif,Rotate all surrounding atoms within 3.280869468794083 of the center atom at index 6 by 230.6432799327972 degree around the axis [0. 1. 0.] in the cif file. The rotation should following the right-hand rule.,mp-1215929_processed.cif
mp-1216177.cif,Rotate all surrounding atoms within 3.6694789832918975 of the center atom at index 10 by 159.66420312931032 degree around the axis [0. 0. 1.] in the cif file. The rotation should following the right-hand rule.,mp-1216177_processed.cif
mp-1216179.cif,Rotate all surrounding atoms within 3.346755274160441 of the center atom at index 4 by 76.1403304265363 degree around the axis [0. 1. 0.] in the cif file. The rotation should following the right-hand rule.,mp-1216179_processed.cif
mp-1216787.cif,Rotate all surrounding atoms within 2.7602017902943703 of the center atom at index 9 by 79.65404292284316 degree around the axis [1. 0. 0.] in the cif file. The rotation should following the right-hand rule.,mp-1216787_processed.cif
mp-1216925.cif,Rotate all surrounding atoms within 2.647752486695543 of the center atom at index 12 by 51.96408945268174 degree around the axis [-1.  0.  0.] in the cif file. The rotation should following the right-hand rule.,mp-1216925_processed.cif
mp-1217133.cif,Rotate all surrounding atoms within 2.3597148672728325 of the center atom at index 0 by 245.90400299215798 degree around the axis [-1.  0.  0.] in the cif file. The rotation should following the right-hand rule.,mp-1217133_processed.cif
mp-1217420.cif,Rotate all surrounding atoms within 3.947422778761078 of the center atom at index 11 by 184.92506446012433 degree around the axis [1. 0. 0.] in the cif file. The rotation should following the right-hand rule.,mp-1217420_processed.cif
mp-1217464.cif,Rotate all surrounding atoms within 3.993048680074236 of the center atom at index 8 by 212.79468231782658 degree around the axis [-1.  0.  0.] in the cif file. The rotation should following the right-hand rule.,mp-1217464_processed.cif
mp-1217479.cif,Rotate all surrounding atoms within 3.9004197440544437 of the center atom at index 26 by 74.03099100243051 degree around the axis [ 0.  0. -1.] in the cif file. The rotation should following the right-hand rule.,mp-1217479_processed.cif
mp-1217682.cif,Rotate all surrounding atoms within 3.5119812423219074 of the center atom at index 7 by 301.9438138185803 degree around the axis [ 0. -1.  0.] in the cif file. The rotation should following the right-hand rule.,mp-1217682_processed.cif
mp-1217834.cif,Rotate all surrounding atoms within 2.748560099191056 of the center atom at index 6 by 290.82893755944974 degree around the axis [-1.  0.  0.] in the cif file. The rotation should following the right-hand rule.,mp-1217834_processed.cif
mp-1218011.cif,Rotate all surrounding atoms within 3.4456397704185298 of the center atom at index 9 by 193.77479652887237 degree around the axis [1. 0. 0.] in the cif file. The rotation should following the right-hand rule.,mp-1218011_processed.cif
mp-1218423.cif,Rotate all surrounding atoms within 3.62707768536605 of the center atom at index 0 by 184.65135854027645 degree around the axis [-1.  0.  0.] in the cif file. The rotation should following the right-hand rule.,mp-1218423_processed.cif
mp-1218682.cif,Rotate all surrounding atoms within 2.649505500141861 of the center atom at index 33 by 183.77267485705764 degree around the axis [0. 1. 0.] in the cif file. The rotation should following the right-hand rule.,mp-1218682_processed.cif
mp-1218922.cif,Rotate all surrounding atoms within 3.715182958392795 of the center atom at index 1 by 119.25231642317763 degree around the axis [-1.  0.  0.] in the cif file. The rotation should following the right-hand rule.,mp-1218922_processed.cif
mp-1219071.cif,Rotate all surrounding atoms within 1.800930833178072 of the center atom at index 4 by 129.13131497690142 degree around the axis [ 0. -1.  0.] in the cif file. The rotation should following the right-hand rule.,mp-1219071_processed.cif
mp-1219127.cif,Rotate all surrounding atoms within 2.8122749586181497 of the center atom at index 4 by 50.28198363492518 degree around the axis [-1.  0.  0.] in the cif file. The rotation should following the right-hand rule.,mp-1219127_processed.cif
mp-1219578.cif,Rotate all surrounding atoms within 2.942100467966125 of the center atom at index 6 by 89.14273352363567 degree around the axis [ 0. -1.  0.] in the cif file. The rotation should following the right-hand rule.,mp-1219578_processed.cif
mp-1219615.cif,Rotate all surrounding atoms within 2.863336959408037 of the center atom at index 14 by 133.5698145488816 degree around the axis [0. 0. 1.] in the cif file. The rotation should following the right-hand rule.,mp-1219615_processed.cif
mp-1219892.cif,Rotate all surrounding atoms within 3.304688468406216 of the center atom at index 20 by 284.35960696909467 degree around the axis [-1.  0.  0.] in the cif file. The rotation should following the right-hand rule.,mp-1219892_processed.cif
mp-1219893.cif,Rotate all surrounding atoms within 3.580500791865685 of the center atom at index 12 by 279.1324108315858 degree around the axis [0. 0. 1.] in the cif file. The rotation should following the right-hand rule.,mp-1219893_processed.cif
mp-1220065.cif,Rotate all surrounding atoms within 3.6959010013065745 of the center atom at index 45 by 299.2005486161298 degree around the axis [ 0. -1.  0.] in the cif file. The rotation should following the right-hand rule.,mp-1220065_processed.cif
mp-1220070.cif,Rotate all surrounding atoms within 3.3482563712633655 of the center atom at index 10 by 55.35202376319637 degree around the axis [0. 1. 0.] in the cif file. The rotation should following the right-hand rule.,mp-1220070_processed.cif
mp-1220202.cif,Rotate all surrounding atoms within 3.963556066709449 of the center atom at index 7 by 249.0991159242574 degree around the axis [1. 0. 0.] in the cif file. The rotation should following the right-hand rule.,mp-1220202_processed.cif
mp-1220419.cif,Rotate all surrounding atoms within 3.64205182418916 of the center atom at index 0 by 61.25375454422296 degree around the axis [0. 0. 1.] in the cif file. The rotation should following the right-hand rule.,mp-1220419_processed.cif
mp-1220444.cif,Rotate all surrounding atoms within 2.525265274682326 of the center atom at index 2 by 76.34076316285599 degree around the axis [ 0.  0. -1.] in the cif file. The rotation should following the right-hand rule.,mp-1220444_processed.cif
mp-1220553.cif,Rotate all surrounding atoms within 3.2387408315786543 of the center atom at index 0 by 147.08817081574728 degree around the axis [ 0.  0. -1.] in the cif file. The rotation should following the right-hand rule.,mp-1220553_processed.cif
mp-1220692.cif,Rotate all surrounding atoms within 2.936336947451004 of the center atom at index 2 by 255.1794215148799 degree around the axis [0. 0. 1.] in the cif file. The rotation should following the right-hand rule.,mp-1220692_processed.cif
mp-1220760.cif,Rotate all surrounding atoms within 3.984049081576719 of the center atom at index 0 by 181.91603562112337 degree around the axis [ 0.  0. -1.] in the cif file. The rotation should following the right-hand rule.,mp-1220760_processed.cif
mp-1221207.cif,Rotate all surrounding atoms within 3.968059530951541 of the center atom at index 1 by 271.85162016270726 degree around the axis [1. 0. 0.] in the cif file. The rotation should following the right-hand rule.,mp-1221207_processed.cif
mp-1221380.cif,Rotate all surrounding atoms within 3.8439242904568944 of the center atom at index 2 by 210.05972851374517 degree around the axis [ 0. -1.  0.] in the cif file. The rotation should following the right-hand rule.,mp-1221380_processed.cif
mp-1221838.cif,Rotate all surrounding atoms within 2.9831564936133415 of the center atom at index 0 by 108.02610852084075 degree around the axis [0. 1. 0.] in the cif file. The rotation should following the right-hand rule.,mp-1221838_processed.cif
mp-1221843.cif,Rotate all surrounding atoms within 2.593120724959647 of the center atom at index 7 by 95.4552263683747 degree around the axis [0. 0. 1.] in the cif file. The rotation should following the right-hand rule.,mp-1221843_processed.cif
mp-1221998.cif,Rotate all surrounding atoms within 2.2500748764012073 of the center atom at index 3 by 59.25947087964871 degree around the axis [ 0. -1.  0.] in the cif file. The rotation should following the right-hand rule.,mp-1221998_processed.cif
mp-1222146.cif,Rotate all surrounding atoms within 3.2652066527623678 of the center atom at index 6 by 171.74610867427128 degree around the axis [ 0. -1.  0.] in the cif file. The rotation should following the right-hand rule.,mp-1222146_processed.cif
mp-1222327.cif,Rotate all surrounding atoms within 2.654550720502514 of the center atom at index 2 by 119.36483342452055 degree around the axis [-1.  0.  0.] in the cif file. The rotation should following the right-hand rule.,mp-1222327_processed.cif
mp-1222509.cif,Rotate all surrounding atoms within 2.301045581835149 of the center atom at index 6 by 308.5166649452332 degree around the axis [0. 0. 1.] in the cif file. The rotation should following the right-hand rule.,mp-1222509_processed.cif
mp-1222563.cif,Rotate all surrounding atoms within 1.8290770914593397 of the center atom at index 13 by 131.79804063559249 degree around the axis [ 0. -1.  0.] in the cif file. The rotation should following the right-hand rule.,mp-1222563_processed.cif
mp-1222827.cif,Rotate all surrounding atoms within 3.7474935035335015 of the center atom at index 3 by 46.38391466281966 degree around the axis [0. 0. 1.] in the cif file. The rotation should following the right-hand rule.,mp-1222827_processed.cif
mp-1223169.cif,Rotate all surrounding atoms within 3.128514813313108 of the center atom at index 18 by 191.02287086247165 degree around the axis [ 0. -1.  0.] in the cif file. The rotation should following the right-hand rule.,mp-1223169_processed.cif
mp-1223295.cif,Rotate all surrounding atoms within 3.4771433515876087 of the center atom at index 6 by 199.28218653330453 degree around the axis [-1.  0.  0.] in the cif file. The rotation should following the right-hand rule.,mp-1223295_processed.cif
mp-1223429.cif,Rotate all surrounding atoms within 3.3622800068975245 of the center atom at index 15 by 51.257744808578245 degree around the axis [ 0.  0. -1.] in the cif file. The rotation should following the right-hand rule.,mp-1223429_processed.cif
mp-1223578.cif,Rotate all surrounding atoms within 2.25906529330957 of the center atom at index 20 by 175.8175073942375 degree around the axis [ 0.  0. -1.] in the cif file. The rotation should following the right-hand rule.,mp-1223578_processed.cif
mp-1223597.cif,Rotate all surrounding atoms within 2.986852251815911 of the center atom at index 32 by 308.078394039553 degree around the axis [1. 0. 0.] in the cif file. The rotation should following the right-hand rule.,mp-1223597_processed.cif
mp-1223626.cif,Rotate all surrounding atoms within 2.775853455180351 of the center atom at index 9 by 68.17866323382626 degree around the axis [0. 0. 1.] in the cif file. The rotation should following the right-hand rule.,mp-1223626_processed.cif
mp-1223895.cif,Rotate all surrounding atoms within 3.631022189105965 of the center atom at index 0 by 281.959119547952 degree around the axis [-1.  0.  0.] in the cif file. The rotation should following the right-hand rule.,mp-1223895_processed.cif
mp-1224478.cif,Rotate all surrounding atoms within 3.249635918372529 of the center atom at index 25 by 104.0461339764131 degree around the axis [1. 0. 0.] in the cif file. The rotation should following the right-hand rule.,mp-1224478_processed.cif
mp-1224502.cif,Rotate all surrounding atoms within 3.736468501172408 of the center atom at index 2 by 107.58591677978718 degree around the axis [1. 0. 0.] in the cif file. The rotation should following the right-hand rule.,mp-1224502_processed.cif
mp-1225147.cif,Rotate all surrounding atoms within 2.2243555703054665 of the center atom at index 11 by 138.64999629896622 degree around the axis [ 0. -1.  0.] in the cif file. The rotation should following the right-hand rule.,mp-1225147_processed.cif
mp-1225213.cif,Rotate all surrounding atoms within 3.3254872064394116 of the center atom at index 0 by 79.44635914266998 degree around the axis [-1.  0.  0.] in the cif file. The rotation should following the right-hand rule.,mp-1225213_processed.cif
mp-1225229.cif,Rotate all surrounding atoms within 3.010600148984837 of the center atom at index 0 by 94.72173457537232 degree around the axis [ 0. -1.  0.] in the cif file. The rotation should following the right-hand rule.,mp-1225229_processed.cif
mp-1225237.cif,Rotate all surrounding atoms within 2.927941292007899 of the center atom at index 15 by 257.2249999307469 degree around the axis [1. 0. 0.] in the cif file. The rotation should following the right-hand rule.,mp-1225237_processed.cif
mp-1225440.cif,Rotate all surrounding atoms within 3.5454640984299557 of the center atom at index 13 by 194.6886305640334 degree around the axis [1. 0. 0.] in the cif file. The rotation should following the right-hand rule.,mp-1225440_processed.cif
mp-1225651.cif,Rotate all surrounding atoms within 3.1316035057922025 of the center atom at index 6 by 177.9182127064356 degree around the axis [ 0. -1.  0.] in the cif file. The rotation should following the right-hand rule.,mp-1225651_processed.cif
mp-1225781.cif,Rotate all surrounding atoms within 3.674240635689281 of the center atom at index 2 by 125.11173675056854 degree around the axis [1. 0. 0.] in the cif file. The rotation should following the right-hand rule.,mp-1225781_processed.cif
mp-1226113.cif,Rotate all surrounding atoms within 2.900767228318719 of the center atom at index 7 by 69.9755412146004 degree around the axis [1. 0. 0.] in the cif file. The rotation should following the right-hand rule.,mp-1226113_processed.cif
mp-1226144.cif,Rotate all surrounding atoms within 3.156450906580404 of the center atom at index 9 by 277.2874196643488 degree around the axis [1. 0. 0.] in the cif file. The rotation should following the right-hand rule.,mp-1226144_processed.cif
mp-1226291.cif,Rotate all surrounding atoms within 3.6659572273392502 of the center atom at index 6 by 66.80037634709419 degree around the axis [0. 0. 1.] in the cif file. The rotation should following the right-hand rule.,mp-1226291_processed.cif
mp-1226695.cif,Rotate all surrounding atoms within 3.547431848948163 of the center atom at index 7 by 89.83854444885066 degree around the axis [ 0.  0. -1.] in the cif file. The rotation should following the right-hand rule.,mp-1226695_processed.cif
mp-1227099.cif,Rotate all surrounding atoms within 2.429013162536181 of the center atom at index 15 by 274.0235081536817 degree around the axis [-1.  0.  0.] in the cif file. The rotation should following the right-hand rule.,mp-1227099_processed.cif
mp-1227106.cif,Rotate all surrounding atoms within 2.1462417357371764 of the center atom at index 14 by 184.31100330052874 degree around the axis [ 0. -1.  0.] in the cif file. The rotation should following the right-hand rule.,mp-1227106_processed.cif
mp-1227447.cif,Rotate all surrounding atoms within 3.639485910410444 of the center atom at index 32 by 282.9814559790501 degree around the axis [ 0. -1.  0.] in the cif file. The rotation should following the right-hand rule.,mp-1227447_processed.cif
mp-1227574.cif,Rotate all surrounding atoms within 3.533083853510127 of the center atom at index 10 by 301.12427256014035 degree around the axis [ 0. -1.  0.] in the cif file. The rotation should following the right-hand rule.,mp-1227574_processed.cif
mp-1227644.cif,Rotate all surrounding atoms within 3.7846693478100506 of the center atom at index 14 by 204.98801736571576 degree around the axis [-1.  0.  0.] in the cif file. The rotation should following the right-hand rule.,mp-1227644_processed.cif
mp-1227756.cif,Rotate all surrounding atoms within 3.9362675817252426 of the center atom at index 21 by 114.66640930944725 degree around the axis [1. 0. 0.] in the cif file. The rotation should following the right-hand rule.,mp-1227756_processed.cif
mp-1227836.cif,Rotate all surrounding atoms within 3.368053129960473 of the center atom at index 1 by 301.782021805568 degree around the axis [ 0.  0. -1.] in the cif file. The rotation should following the right-hand rule.,mp-1227836_processed.cif
mp-1227849.cif,Rotate all surrounding atoms within 2.001347316379726 of the center atom at index 15 by 144.63946167145076 degree around the axis [-1.  0.  0.] in the cif file. The rotation should following the right-hand rule.,mp-1227849_processed.cif
mp-1227954.cif,Rotate all surrounding atoms within 2.2260097026723433 of the center atom at index 36 by 285.99615991667645 degree around the axis [0. 0. 1.] in the cif file. The rotation should following the right-hand rule.,mp-1227954_processed.cif
mp-1228056.cif,Rotate all surrounding atoms within 2.223916532050301 of the center atom at index 14 by 194.24419257205975 degree around the axis [1. 0. 0.] in the cif file. The rotation should following the right-hand rule.,mp-1228056_processed.cif
mp-1228315.cif,Rotate all surrounding atoms within 2.8753691069241563 of the center atom at index 23 by 190.21813019293523 degree around the axis [ 0. -1.  0.] in the cif file. The rotation should following the right-hand rule.,mp-1228315_processed.cif
mp-1228494.cif,Rotate all surrounding atoms within 3.633262457127217 of the center atom at index 1 by 113.26008970327649 degree around the axis [0. 1. 0.] in the cif file. The rotation should following the right-hand rule.,mp-1228494_processed.cif
mp-1228522.cif,Rotate all surrounding atoms within 3.6571243529856376 of the center atom at index 7 by 195.11072400272417 degree around the axis [1. 0. 0.] in the cif file. The rotation should following the right-hand rule.,mp-1228522_processed.cif
mp-1228836.cif,Rotate all surrounding atoms within 3.3754254097905316 of the center atom at index 36 by 73.56731164027252 degree around the axis [0. 0. 1.] in the cif file. The rotation should following the right-hand rule.,mp-1228836_processed.cif
mp-1229286.cif,Rotate all surrounding atoms within 3.6339012333538108 of the center atom at index 12 by 122.38127934984561 degree around the axis [ 0.  0. -1.] in the cif file. The rotation should following the right-hand rule.,mp-1229286_processed.cif
mp-1232260.cif,Rotate all surrounding atoms within 3.467328029425372 of the center atom at index 25 by 196.02564718188972 degree around the axis [ 0. -1.  0.] in the cif file. The rotation should following the right-hand rule.,mp-1232260_processed.cif
mp-1232340.cif,Rotate all surrounding atoms within 3.4340398776767236 of the center atom at index 3 by 309.89799584256957 degree around the axis [1. 0. 0.] in the cif file. The rotation should following the right-hand rule.,mp-1232340_processed.cif
mp-1233155.cif,Rotate all surrounding atoms within 3.4622608381233424 of the center atom at index 2 by 266.24545291760205 degree around the axis [ 0. -1.  0.] in the cif file. The rotation should following the right-hand rule.,mp-1233155_processed.cif
mp-1233280.cif,Rotate all surrounding atoms within 2.494495864300636 of the center atom at index 5 by 92.83694806201808 degree around the axis [1. 0. 0.] in the cif file. The rotation should following the right-hand rule.,mp-1233280_processed.cif
mp-1233390.cif,Rotate all surrounding atoms within 2.3252052687430984 of the center atom at index 16 by 305.6959862198718 degree around the axis [0. 1. 0.] in the cif file. The rotation should following the right-hand rule.,mp-1233390_processed.cif
mp-1233443.cif,Rotate all surrounding atoms within 2.684265460998751 of the center atom at index 38 by 120.97785688740791 degree around the axis [-1.  0.  0.] in the cif file. The rotation should following the right-hand rule.,mp-1233443_processed.cif
mp-1233468.cif,Rotate all surrounding atoms within 2.5122364372307557 of the center atom at index 26 by 145.17359771022467 degree around the axis [-1.  0.  0.] in the cif file. The rotation should following the right-hand rule.,mp-1233468_processed.cif
mp-1233776.cif,Rotate all surrounding atoms within 2.833196737709322 of the center atom at index 9 by 310.61879022817095 degree around the axis [0. 1. 0.] in the cif file. The rotation should following the right-hand rule.,mp-1233776_processed.cif
mp-1233932.cif,Rotate all surrounding atoms within 2.093349674599665 of the center atom at index 11 by 166.61692737969148 degree around the axis [1. 0. 0.] in the cif file. The rotation should following the right-hand rule.,mp-1233932_processed.cif
mp-1233998.cif,Rotate all surrounding atoms within 3.794377021022322 of the center atom at index 23 by 297.7119304525026 degree around the axis [-1.  0.  0.] in the cif file. The rotation should following the right-hand rule.,mp-1233998_processed.cif
mp-1234032.cif,Rotate all surrounding atoms within 3.5316152340587483 of the center atom at index 1 by 311.64164549848795 degree around the axis [ 0.  0. -1.] in the cif file. The rotation should following the right-hand rule.,mp-1234032_processed.cif
mp-1234239.cif,Rotate all surrounding atoms within 2.46273147084875 of the center atom at index 15 by 273.1325755762159 degree around the axis [1. 0. 0.] in the cif file. The rotation should following the right-hand rule.,mp-1234239_processed.cif
mp-12343.cif,Rotate all surrounding atoms within 3.5521851863912426 of the center atom at index 8 by 68.03388144339402 degree around the axis [ 0. -1.  0.] in the cif file. The rotation should following the right-hand rule.,mp-12343_processed.cif
mp-1234325.cif,Rotate all surrounding atoms within 3.095299986224877 of the center atom at index 11 by 193.28118613573125 degree around the axis [ 0.  0. -1.] in the cif file. The rotation should following the right-hand rule.,mp-1234325_processed.cif
mp-1234413.cif,Rotate all surrounding atoms within 2.616798622399923 of the center atom at index 21 by 120.7155446606113 degree around the axis [-1.  0.  0.] in the cif file. The rotation should following the right-hand rule.,mp-1234413_processed.cif
mp-1234620.cif,Rotate all surrounding atoms within 3.7619322543878466 of the center atom at index 25 by 156.3298119765953 degree around the axis [0. 0. 1.] in the cif file. The rotation should following the right-hand rule.,mp-1234620_processed.cif
mp-1234667.cif,Rotate all surrounding atoms within 3.733728828044508 of the center atom at index 36 by 144.54501315687187 degree around the axis [1. 0. 0.] in the cif file. The rotation should following the right-hand rule.,mp-1234667_processed.cif
mp-1234741.cif,Rotate all surrounding atoms within 3.9600415840992937 of the center atom at index 1 by 93.57336075652498 degree around the axis [-1.  0.  0.] in the cif file. The rotation should following the right-hand rule.,mp-1234741_processed.cif
mp-1235023.cif,Rotate all surrounding atoms within 2.0696415454561095 of the center atom at index 13 by 111.87373186318393 degree around the axis [ 0.  0. -1.] in the cif file. The rotation should following the right-hand rule.,mp-1235023_processed.cif
mp-1235295.cif,Rotate all surrounding atoms within 2.2006123855407016 of the center atom at index 3 by 209.23602746383187 degree around the axis [ 0.  0. -1.] in the cif file. The rotation should following the right-hand rule.,mp-1235295_processed.cif
mp-1235548.cif,Rotate all surrounding atoms within 3.680669872597513 of the center atom at index 1 by 226.7747066018747 degree around the axis [-1.  0.  0.] in the cif file. The rotation should following the right-hand rule.,mp-1235548_processed.cif
mp-1235562.cif,Rotate all surrounding atoms within 2.2346230024715847 of the center atom at index 3 by 236.27111732058322 degree around the axis [0. 1. 0.] in the cif file. The rotation should following the right-hand rule.,mp-1235562_processed.cif
mp-1235571.cif,Rotate all surrounding atoms within 1.800341296244825 of the center atom at index 12 by 99.75025663371784 degree around the axis [1. 0. 0.] in the cif file. The rotation should following the right-hand rule.,mp-1235571_processed.cif
mp-1235672.cif,Rotate all surrounding atoms within 2.923707373274368 of the center atom at index 0 by 291.5457300580225 degree around the axis [1. 0. 0.] in the cif file. The rotation should following the right-hand rule.,mp-1235672_processed.cif
mp-1235780.cif,Rotate all surrounding atoms within 2.649730780140484 of the center atom at index 8 by 314.4786534663726 degree around the axis [0. 0. 1.] in the cif file. The rotation should following the right-hand rule.,mp-1235780_processed.cif
mp-1236433.cif,Rotate all surrounding atoms within 3.5173629217899514 of the center atom at index 0 by 56.17425543829362 degree around the axis [ 0.  0. -1.] in the cif file. The rotation should following the right-hand rule.,mp-1236433_processed.cif
mp-1236543.cif,Rotate all surrounding atoms within 2.5331409259422633 of the center atom at index 9 by 161.17367639607608 degree around the axis [-1.  0.  0.] in the cif file. The rotation should following the right-hand rule.,mp-1236543_processed.cif
mp-1237278.cif,Rotate all surrounding atoms within 3.2453646276532933 of the center atom at index 0 by 242.62369965215984 degree around the axis [ 0.  0. -1.] in the cif file. The rotation should following the right-hand rule.,mp-1237278_processed.cif
mp-1237483.cif,Rotate all surrounding atoms within 2.7859105478969894 of the center atom at index 13 by 264.57014415995235 degree around the axis [-1.  0.  0.] in the cif file. The rotation should following the right-hand rule.,mp-1237483_processed.cif
mp-1238409.cif,Rotate all surrounding atoms within 2.4230430455582956 of the center atom at index 25 by 139.61620798074097 degree around the axis [ 0.  0. -1.] in the cif file. The rotation should following the right-hand rule.,mp-1238409_processed.cif
mp-1239078.cif,Rotate all surrounding atoms within 2.3735144113182827 of the center atom at index 29 by 262.63557131369 degree around the axis [-1.  0.  0.] in the cif file. The rotation should following the right-hand rule.,mp-1239078_processed.cif
mp-1239118.cif,Rotate all surrounding atoms within 3.3055181280979182 of the center atom at index 1 by 258.8617244662362 degree around the axis [0. 1. 0.] in the cif file. The rotation should following the right-hand rule.,mp-1239118_processed.cif
mp-1239141.cif,Rotate all surrounding atoms within 3.123661163325206 of the center atom at index 25 by 117.46315665375482 degree around the axis [0. 0. 1.] in the cif file. The rotation should following the right-hand rule.,mp-1239141_processed.cif
mp-1239223.cif,Rotate all surrounding atoms within 2.6604745191758736 of the center atom at index 11 by 209.95970946342797 degree around the axis [0. 0. 1.] in the cif file. The rotation should following the right-hand rule.,mp-1239223_processed.cif
mp-1245280.cif,Rotate all surrounding atoms within 2.905620031275132 of the center atom at index 52 by 203.18059306038361 degree around the axis [1. 0. 0.] in the cif file. The rotation should following the right-hand rule.,mp-1245280_processed.cif
mp-1245339.cif,Rotate all surrounding atoms within 3.1797839284994653 of the center atom at index 39 by 124.30158195613095 degree around the axis [ 0. -1.  0.] in the cif file. The rotation should following the right-hand rule.,mp-1245339_processed.cif
mp-1245361.cif,Rotate all surrounding atoms within 2.941955347369101 of the center atom at index 32 by 199.14160787341885 degree around the axis [ 0. -1.  0.] in the cif file. The rotation should following the right-hand rule.,mp-1245361_processed.cif
mp-1245365.cif,Rotate all surrounding atoms within 3.1740429768319873 of the center atom at index 10 by 54.304823261450714 degree around the axis [1. 0. 0.] in the cif file. The rotation should following the right-hand rule.,mp-1245365_processed.cif
mp-1245626.cif,Rotate all surrounding atoms within 3.4935048074516 of the center atom at index 1 by 288.0536374563993 degree around the axis [0. 1. 0.] in the cif file. The rotation should following the right-hand rule.,mp-1245626_processed.cif
mp-1245657.cif,Rotate all surrounding atoms within 3.9506664053909146 of the center atom at index 25 by 192.09808672007176 degree around the axis [ 0.  0. -1.] in the cif file. The rotation should following the right-hand rule.,mp-1245657_processed.cif
mp-1245740.cif,Rotate all surrounding atoms within 3.0370705743024926 of the center atom at index 21 by 254.3275450759492 degree around the axis [ 0.  0. -1.] in the cif file. The rotation should following the right-hand rule.,mp-1245740_processed.cif
mp-1246144.cif,Rotate all surrounding atoms within 2.2141696278740137 of the center atom at index 9 by 255.06953118190197 degree around the axis [-1.  0.  0.] in the cif file. The rotation should following the right-hand rule.,mp-1246144_processed.cif
mp-1246228.cif,Rotate all surrounding atoms within 3.510886189186457 of the center atom at index 17 by 179.0872759460387 degree around the axis [-1.  0.  0.] in the cif file. The rotation should following the right-hand rule.,mp-1246228_processed.cif
mp-1246371.cif,Rotate all surrounding atoms within 3.5859411683101423 of the center atom at index 23 by 244.27957278828995 degree around the axis [0. 1. 0.] in the cif file. The rotation should following the right-hand rule.,mp-1246371_processed.cif
mp-1246720.cif,Rotate all surrounding atoms within 3.3066551507629818 of the center atom at index 10 by 300.1968382588129 degree around the axis [0. 0. 1.] in the cif file. The rotation should following the right-hand rule.,mp-1246720_processed.cif
mp-1246726.cif,Rotate all surrounding atoms within 2.982114156509538 of the center atom at index 13 by 208.93840921445607 degree around the axis [0. 0. 1.] in the cif file. The rotation should following the right-hand rule.,mp-1246726_processed.cif
mp-1246860.cif,Rotate all surrounding atoms within 3.7261880545233956 of the center atom at index 16 by 97.68633473883605 degree around the axis [ 0. -1.  0.] in the cif file. The rotation should following the right-hand rule.,mp-1246860_processed.cif
mp-1247094.cif,Rotate all surrounding atoms within 3.3860330496486926 of the center atom at index 7 by 97.29400278275233 degree around the axis [0. 0. 1.] in the cif file. The rotation should following the right-hand rule.,mp-1247094_processed.cif
mp-1247286.cif,Rotate all surrounding atoms within 2.198762034425358 of the center atom at index 52 by 307.46963287888013 degree around the axis [0. 0. 1.] in the cif file. The rotation should following the right-hand rule.,mp-1247286_processed.cif
mp-1247309.cif,Rotate all surrounding atoms within 3.5711191148064145 of the center atom at index 1 by 178.01408947396303 degree around the axis [1. 0. 0.] in the cif file. The rotation should following the right-hand rule.,mp-1247309_processed.cif
mp-1247354.cif,Rotate all surrounding atoms within 3.1840980856789307 of the center atom at index 21 by 157.54258483260458 degree around the axis [ 0.  0. -1.] in the cif file. The rotation should following the right-hand rule.,mp-1247354_processed.cif
mp-1247634.cif,Rotate all surrounding atoms within 3.7839742935634817 of the center atom at index 36 by 79.60577258094975 degree around the axis [0. 0. 1.] in the cif file. The rotation should following the right-hand rule.,mp-1247634_processed.cif
mp-1247690.cif,Rotate all surrounding atoms within 2.6671858248882128 of the center atom at index 10 by 86.23443889148523 degree around the axis [1. 0. 0.] in the cif file. The rotation should following the right-hand rule.,mp-1247690_processed.cif
mp-1250148.cif,Rotate all surrounding atoms within 2.9192897219152067 of the center atom at index 7 by 219.43463956565327 degree around the axis [0. 1. 0.] in the cif file. The rotation should following the right-hand rule.,mp-1250148_processed.cif
mp-1250558.cif,Rotate all surrounding atoms within 2.5119086133730564 of the center atom at index 11 by 285.5729799930489 degree around the axis [ 0.  0. -1.] in the cif file. The rotation should following the right-hand rule.,mp-1250558_processed.cif
mp-1253019.cif,Rotate all surrounding atoms within 2.8884625336276257 of the center atom at index 15 by 267.57507224553535 degree around the axis [ 0. -1.  0.] in the cif file. The rotation should following the right-hand rule.,mp-1253019_processed.cif
mp-1262123.cif,Rotate all surrounding atoms within 2.5482621955676708 of the center atom at index 0 by 219.29324039639937 degree around the axis [0. 0. 1.] in the cif file. The rotation should following the right-hand rule.,mp-1262123_processed.cif
mp-12645.cif,Rotate all surrounding atoms within 2.6767057769809233 of the center atom at index 9 by 190.68827027226098 degree around the axis [0. 1. 0.] in the cif file. The rotation should following the right-hand rule.,mp-12645_processed.cif
mp-1273464.cif,Rotate all surrounding atoms within 2.2876479267249596 of the center atom at index 3 by 149.6174859457173 degree around the axis [0. 0. 1.] in the cif file. The rotation should following the right-hand rule.,mp-1273464_processed.cif
mp-1274050.cif,Rotate all surrounding atoms within 3.887198676500084 of the center atom at index 13 by 241.80024236495035 degree around the axis [1. 0. 0.] in the cif file. The rotation should following the right-hand rule.,mp-1274050_processed.cif
mp-1275879.cif,Rotate all surrounding atoms within 3.6142021169307323 of the center atom at index 5 by 163.31937054583636 degree around the axis [ 0.  0. -1.] in the cif file. The rotation should following the right-hand rule.,mp-1275879_processed.cif
mp-1278738.cif,Rotate all surrounding atoms within 3.588647799498095 of the center atom at index 7 by 213.1387423987832 degree around the axis [-1.  0.  0.] in the cif file. The rotation should following the right-hand rule.,mp-1278738_processed.cif
mp-1290926.cif,Rotate all surrounding atoms within 3.7167960302573624 of the center atom at index 4 by 157.90654137917065 degree around the axis [0. 0. 1.] in the cif file. The rotation should following the right-hand rule.,mp-1290926_processed.cif
mp-1290947.cif,Rotate all surrounding atoms within 2.371231177157918 of the center atom at index 15 by 91.45566910808923 degree around the axis [ 0. -1.  0.] in the cif file. The rotation should following the right-hand rule.,mp-1290947_processed.cif
mp-1293037.cif,Rotate all surrounding atoms within 3.2742781696857186 of the center atom at index 19 by 311.83583552202873 degree around the axis [ 0.  0. -1.] in the cif file. The rotation should following the right-hand rule.,mp-1293037_processed.cif
mp-1294897.cif,Rotate all surrounding atoms within 3.640767100600908 of the center atom at index 30 by 54.902462290441576 degree around the axis [0. 1. 0.] in the cif file. The rotation should following the right-hand rule.,mp-1294897_processed.cif
mp-1297758.cif,Rotate all surrounding atoms within 2.3673514670192652 of the center atom at index 29 by 207.58172261965035 degree around the axis [0. 0. 1.] in the cif file. The rotation should following the right-hand rule.,mp-1297758_processed.cif
mp-1299593.cif,Rotate all surrounding atoms within 2.7240999232973726 of the center atom at index 23 by 238.93840537206094 degree around the axis [0. 0. 1.] in the cif file. The rotation should following the right-hand rule.,mp-1299593_processed.cif
mp-1301981.cif,Rotate all surrounding atoms within 2.784640061188216 of the center atom at index 13 by 151.882657487146 degree around the axis [0. 1. 0.] in the cif file. The rotation should following the right-hand rule.,mp-1301981_processed.cif
mp-1302395.cif,Rotate all surrounding atoms within 3.2264952688241846 of the center atom at index 21 by 55.92249680978448 degree around the axis [0. 0. 1.] in the cif file. The rotation should following the right-hand rule.,mp-1302395_processed.cif
mp-1307565.cif,Rotate all surrounding atoms within 2.6838292967993516 of the center atom at index 23 by 48.749353004794955 degree around the axis [0. 0. 1.] in the cif file. The rotation should following the right-hand rule.,mp-1307565_processed.cif
mp-1310460.cif,Rotate all surrounding atoms within 3.161978295334158 of the center atom at index 0 by 235.74087221014275 degree around the axis [ 0.  0. -1.] in the cif file. The rotation should following the right-hand rule.,mp-1310460_processed.cif
mp-1311133.cif,Rotate all surrounding atoms within 3.2833331649007866 of the center atom at index 9 by 286.4053141271022 degree around the axis [0. 1. 0.] in the cif file. The rotation should following the right-hand rule.,mp-1311133_processed.cif
mp-1323.cif,Rotate all surrounding atoms within 3.122754538153024 of the center atom at index 58 by 246.6717813528102 degree around the axis [-1.  0.  0.] in the cif file. The rotation should following the right-hand rule.,mp-1323_processed.cif
mp-1329989.cif,Rotate all surrounding atoms within 3.7916303281019816 of the center atom at index 31 by 298.98927678718564 degree around the axis [ 0. -1.  0.] in the cif file. The rotation should following the right-hand rule.,mp-1329989_processed.cif
mp-1330925.cif,Rotate all surrounding atoms within 2.3836951778555324 of the center atom at index 12 by 191.50357962444684 degree around the axis [ 0.  0. -1.] in the cif file. The rotation should following the right-hand rule.,mp-1330925_processed.cif
mp-1337025.cif,Rotate all surrounding atoms within 2.770064421613874 of the center atom at index 12 by 58.19620293005597 degree around the axis [-1.  0.  0.] in the cif file. The rotation should following the right-hand rule.,mp-1337025_processed.cif
mp-1337931.cif,Rotate all surrounding atoms within 2.9313482713267733 of the center atom at index 19 by 309.9412588704028 degree around the axis [ 0. -1.  0.] in the cif file. The rotation should following the right-hand rule.,mp-1337931_processed.cif
mp-1344766.cif,Rotate all surrounding atoms within 2.7360745095142507 of the center atom at index 2 by 179.35415976243246 degree around the axis [0. 0. 1.] in the cif file. The rotation should following the right-hand rule.,mp-1344766_processed.cif
mp-1347018.cif,Rotate all surrounding atoms within 2.3807818318337204 of the center atom at index 13 by 60.94620834141844 degree around the axis [-1.  0.  0.] in the cif file. The rotation should following the right-hand rule.,mp-1347018_processed.cif
mp-1348043.cif,Rotate all surrounding atoms within 3.6686567391806575 of the center atom at index 12 by 300.7628830452361 degree around the axis [ 0. -1.  0.] in the cif file. The rotation should following the right-hand rule.,mp-1348043_processed.cif
mp-1350284.cif,Rotate all surrounding atoms within 3.7879448065221144 of the center atom at index 40 by 215.61938110772073 degree around the axis [0. 1. 0.] in the cif file. The rotation should following the right-hand rule.,mp-1350284_processed.cif
mp-1354141.cif,Rotate all surrounding atoms within 1.9896259924729969 of the center atom at index 17 by 217.6176029029694 degree around the axis [0. 1. 0.] in the cif file. The rotation should following the right-hand rule.,mp-1354141_processed.cif
mp-13560.cif,Rotate all surrounding atoms within 3.3540151348360285 of the center atom at index 0 by 150.46110219894086 degree around the axis [ 0. -1.  0.] in the cif file. The rotation should following the right-hand rule.,mp-13560_processed.cif
mp-1368020.cif,Rotate all surrounding atoms within 3.4669803001792747 of the center atom at index 6 by 197.97339739313443 degree around the axis [ 0. -1.  0.] in the cif file. The rotation should following the right-hand rule.,mp-1368020_processed.cif
mp-1370295.cif,Rotate all surrounding atoms within 2.9813108416352874 of the center atom at index 7 by 139.44623774204274 degree around the axis [0. 0. 1.] in the cif file. The rotation should following the right-hand rule.,mp-1370295_processed.cif
mp-1373337.cif,Rotate all surrounding atoms within 3.623340160935372 of the center atom at index 14 by 250.71786004487413 degree around the axis [-1.  0.  0.] in the cif file. The rotation should following the right-hand rule.,mp-1373337_processed.cif
mp-1376405.cif,Rotate all surrounding atoms within 3.910864504106687 of the center atom at index 0 by 182.10559066868302 degree around the axis [ 0. -1.  0.] in the cif file. The rotation should following the right-hand rule.,mp-1376405_processed.cif
mp-1377393.cif,Rotate all surrounding atoms within 3.963618508984318 of the center atom at index 14 by 300.8172846565098 degree around the axis [ 0.  0. -1.] in the cif file. The rotation should following the right-hand rule.,mp-1377393_processed.cif
mp-1377991.cif,Rotate all surrounding atoms within 2.44903927696559 of the center atom at index 7 by 300.1535509923465 degree around the axis [ 0.  0. -1.] in the cif file. The rotation should following the right-hand rule.,mp-1377991_processed.cif
mp-1385417.cif,Rotate all surrounding atoms within 3.230640835276015 of the center atom at index 1 by 248.31694272612316 degree around the axis [ 0. -1.  0.] in the cif file. The rotation should following the right-hand rule.,mp-1385417_processed.cif
mp-1388114.cif,Rotate all surrounding atoms within 3.5225892180194416 of the center atom at index 0 by 143.6370498339777 degree around the axis [0. 1. 0.] in the cif file. The rotation should following the right-hand rule.,mp-1388114_processed.cif
mp-1388425.cif,Rotate all surrounding atoms within 3.7501862122167386 of the center atom at index 2 by 259.4484793248786 degree around the axis [-1.  0.  0.] in the cif file. The rotation should following the right-hand rule.,mp-1388425_processed.cif
mp-1391777.cif,Rotate all surrounding atoms within 2.9417345083907502 of the center atom at index 6 by 91.36500358491239 degree around the axis [ 0.  0. -1.] in the cif file. The rotation should following the right-hand rule.,mp-1391777_processed.cif
mp-14005.cif,Rotate all surrounding atoms within 2.952322513310752 of the center atom at index 9 by 127.88028190891686 degree around the axis [0. 0. 1.] in the cif file. The rotation should following the right-hand rule.,mp-14005_processed.cif
mp-1401385.cif,Rotate all surrounding atoms within 2.5253162755961145 of the center atom at index 1 by 213.83796552098445 degree around the axis [0. 1. 0.] in the cif file. The rotation should following the right-hand rule.,mp-1401385_processed.cif
mp-1405211.cif,Rotate all surrounding atoms within 2.9450791758308563 of the center atom at index 8 by 138.87783853825132 degree around the axis [1. 0. 0.] in the cif file. The rotation should following the right-hand rule.,mp-1405211_processed.cif
mp-1412002.cif,Rotate all surrounding atoms within 1.9988377904394472 of the center atom at index 3 by 241.3669658338374 degree around the axis [1. 0. 0.] in the cif file. The rotation should following the right-hand rule.,mp-1412002_processed.cif
mp-1419122.cif,Rotate all surrounding atoms within 3.2435354792673454 of the center atom at index 11 by 70.33812033826413 degree around the axis [ 0. -1.  0.] in the cif file. The rotation should following the right-hand rule.,mp-1419122_processed.cif
mp-1439.cif,Rotate all surrounding atoms within 3.531410718085713 of the center atom at index 9 by 286.32842293083434 degree around the axis [1. 0. 0.] in the cif file. The rotation should following the right-hand rule.,mp-1439_processed.cif
mp-14555.cif,Rotate all surrounding atoms within 2.8637966890705258 of the center atom at index 17 by 251.6289755800983 degree around the axis [ 0. -1.  0.] in the cif file. The rotation should following the right-hand rule.,mp-14555_processed.cif
mp-14556.cif,Rotate all surrounding atoms within 2.58913126418126 of the center atom at index 42 by 56.59227116831771 degree around the axis [-1.  0.  0.] in the cif file. The rotation should following the right-hand rule.,mp-14556_processed.cif
mp-1516666.cif,Rotate all surrounding atoms within 3.280818854023151 of the center atom at index 2 by 158.95441064496362 degree around the axis [ 0. -1.  0.] in the cif file. The rotation should following the right-hand rule.,mp-1516666_processed.cif
mp-1517169.cif,Rotate all surrounding atoms within 2.6244512089066596 of the center atom at index 9 by 294.5661020787679 degree around the axis [0. 1. 0.] in the cif file. The rotation should following the right-hand rule.,mp-1517169_processed.cif
mp-1517627.cif,Rotate all surrounding atoms within 2.750266931839778 of the center atom at index 6 by 293.5348066612319 degree around the axis [ 0.  0. -1.] in the cif file. The rotation should following the right-hand rule.,mp-1517627_processed.cif
mp-1518007.cif,Rotate all surrounding atoms within 3.4979193410811424 of the center atom at index 11 by 206.19277917811303 degree around the axis [1. 0. 0.] in the cif file. The rotation should following the right-hand rule.,mp-1518007_processed.cif
mp-1518014.cif,Rotate all surrounding atoms within 2.9850270141870867 of the center atom at index 3 by 148.8900892395805 degree around the axis [ 0.  0. -1.] in the cif file. The rotation should following the right-hand rule.,mp-1518014_processed.cif
mp-1518246.cif,Rotate all surrounding atoms within 2.1998205967960307 of the center atom at index 8 by 98.54590310428205 degree around the axis [ 0.  0. -1.] in the cif file. The rotation should following the right-hand rule.,mp-1518246_processed.cif
mp-1518458.cif,Rotate all surrounding atoms within 2.413609564279998 of the center atom at index 7 by 132.6027132186387 degree around the axis [0. 1. 0.] in the cif file. The rotation should following the right-hand rule.,mp-1518458_processed.cif
mp-1518757.cif,Rotate all surrounding atoms within 2.737261796717695 of the center atom at index 9 by 254.70124705711632 degree around the axis [0. 1. 0.] in the cif file. The rotation should following the right-hand rule.,mp-1518757_processed.cif
mp-1519002.cif,Rotate all surrounding atoms within 3.8412755065900908 of the center atom at index 3 by 100.54063160194843 degree around the axis [0. 1. 0.] in the cif file. The rotation should following the right-hand rule.,mp-1519002_processed.cif
mp-1519698.cif,Rotate all surrounding atoms within 2.554174102328627 of the center atom at index 24 by 252.01870758379218 degree around the axis [ 0. -1.  0.] in the cif file. The rotation should following the right-hand rule.,mp-1519698_processed.cif
mp-1519736.cif,Rotate all surrounding atoms within 3.6553315898300474 of the center atom at index 5 by 243.09151332124222 degree around the axis [ 0. -1.  0.] in the cif file. The rotation should following the right-hand rule.,mp-1519736_processed.cif
mp-1519860.cif,Rotate all surrounding atoms within 3.477494858478395 of the center atom at index 11 by 100.90077803701138 degree around the axis [-1.  0.  0.] in the cif file. The rotation should following the right-hand rule.,mp-1519860_processed.cif
mp-1519983.cif,Rotate all surrounding atoms within 2.916217703151653 of the center atom at index 4 by 127.10606863656045 degree around the axis [ 0. -1.  0.] in the cif file. The rotation should following the right-hand rule.,mp-1519983_processed.cif
mp-1519998.cif,Rotate all surrounding atoms within 3.858259688332631 of the center atom at index 9 by 230.97817883583176 degree around the axis [0. 1. 0.] in the cif file. The rotation should following the right-hand rule.,mp-1519998_processed.cif
mp-1520500.cif,Rotate all surrounding atoms within 3.7806076845831527 of the center atom at index 1 by 174.58222153275685 degree around the axis [-1.  0.  0.] in the cif file. The rotation should following the right-hand rule.,mp-1520500_processed.cif
mp-1521011.cif,Rotate all surrounding atoms within 3.813673197956895 of the center atom at index 3 by 173.06541526916553 degree around the axis [ 0.  0. -1.] in the cif file. The rotation should following the right-hand rule.,mp-1521011_processed.cif
mp-1521056.cif,Rotate all surrounding atoms within 2.982632770278836 of the center atom at index 9 by 211.38063877280956 degree around the axis [-1.  0.  0.] in the cif file. The rotation should following the right-hand rule.,mp-1521056_processed.cif
mp-1521082.cif,Rotate all surrounding atoms within 3.1383646631841904 of the center atom at index 5 by 89.25124654515088 degree around the axis [-1.  0.  0.] in the cif file. The rotation should following the right-hand rule.,mp-1521082_processed.cif
mp-1521221.cif,Rotate all surrounding atoms within 3.671795761385157 of the center atom at index 1 by 135.35902198877108 degree around the axis [-1.  0.  0.] in the cif file. The rotation should following the right-hand rule.,mp-1521221_processed.cif
mp-1521309.cif,Rotate all surrounding atoms within 3.4050560720325214 of the center atom at index 7 by 264.44958419347176 degree around the axis [ 0. -1.  0.] in the cif file. The rotation should following the right-hand rule.,mp-1521309_processed.cif
mp-1521702.cif,Rotate all surrounding atoms within 3.494155252374927 of the center atom at index 0 by 195.12351245125404 degree around the axis [0. 0. 1.] in the cif file. The rotation should following the right-hand rule.,mp-1521702_processed.cif
mp-1522205.cif,Rotate all surrounding atoms within 2.1158394227501156 of the center atom at index 5 by 119.14514801544733 degree around the axis [0. 0. 1.] in the cif file. The rotation should following the right-hand rule.,mp-1522205_processed.cif
mp-1522629.cif,Rotate all surrounding atoms within 2.694513768553723 of the center atom at index 3 by 235.05440301529157 degree around the axis [1. 0. 0.] in the cif file. The rotation should following the right-hand rule.,mp-1522629_processed.cif
mp-1522792.cif,Rotate all surrounding atoms within 2.2464234574318387 of the center atom at index 9 by 259.8434597039816 degree around the axis [-1.  0.  0.] in the cif file. The rotation should following the right-hand rule.,mp-1522792_processed.cif
mp-1523004.cif,Rotate all surrounding atoms within 2.001150556205374 of the center atom at index 4 by 308.5086376320638 degree around the axis [1. 0. 0.] in the cif file. The rotation should following the right-hand rule.,mp-1523004_processed.cif
mp-1523044.cif,Rotate all surrounding atoms within 2.4352648566689554 of the center atom at index 4 by 269.1495866806636 degree around the axis [ 0.  0. -1.] in the cif file. The rotation should following the right-hand rule.,mp-1523044_processed.cif
mp-1523067.cif,Rotate all surrounding atoms within 2.550923496127654 of the center atom at index 6 by 55.29936472157028 degree around the axis [ 0.  0. -1.] in the cif file. The rotation should following the right-hand rule.,mp-1523067_processed.cif
mp-1523239.cif,Rotate all surrounding atoms within 3.8498337827321825 of the center atom at index 4 by 254.43941484195767 degree around the axis [0. 0. 1.] in the cif file. The rotation should following the right-hand rule.,mp-1523239_processed.cif
mp-15896.cif,Rotate all surrounding atoms within 3.6533396566818004 of the center atom at index 7 by 118.81827063630524 degree around the axis [-1.  0.  0.] in the cif file. The rotation should following the right-hand rule.,mp-15896_processed.cif
mp-1643677.cif,Rotate all surrounding atoms within 3.6776137813454737 of the center atom at index 0 by 238.3687318463228 degree around the axis [-1.  0.  0.] in the cif file. The rotation should following the right-hand rule.,mp-1643677_processed.cif
mp-1645697.cif,Rotate all surrounding atoms within 2.967165289448176 of the center atom at index 25 by 296.4741857076048 degree around the axis [0. 0. 1.] in the cif file. The rotation should following the right-hand rule.,mp-1645697_processed.cif
mp-1661789.cif,Rotate all surrounding atoms within 2.127042974181125 of the center atom at index 16 by 83.63627764416975 degree around the axis [1. 0. 0.] in the cif file. The rotation should following the right-hand rule.,mp-1661789_processed.cif
mp-1661936.cif,Rotate all surrounding atoms within 2.060907219021628 of the center atom at index 20 by 289.14608316897454 degree around the axis [1. 0. 0.] in the cif file. The rotation should following the right-hand rule.,mp-1661936_processed.cif
mp-1662795.cif,Rotate all surrounding atoms within 3.9741818788763235 of the center atom at index 24 by 198.8843326791382 degree around the axis [ 0. -1.  0.] in the cif file. The rotation should following the right-hand rule.,mp-1662795_processed.cif
mp-1666930.cif,Rotate all surrounding atoms within 3.055346126399913 of the center atom at index 32 by 250.6731509325314 degree around the axis [0. 1. 0.] in the cif file. The rotation should following the right-hand rule.,mp-1666930_processed.cif
mp-17024.cif,Rotate all surrounding atoms within 3.7690861331475354 of the center atom at index 23 by 65.45594266295535 degree around the axis [ 0. -1.  0.] in the cif file. The rotation should following the right-hand rule.,mp-17024_processed.cif
mp-17282.cif,Rotate all surrounding atoms within 3.389463641522927 of the center atom at index 31 by 134.45440494357564 degree around the axis [ 0. -1.  0.] in the cif file. The rotation should following the right-hand rule.,mp-17282_processed.cif
mp-17344.cif,Rotate all surrounding atoms within 3.244394762084028 of the center atom at index 21 by 234.92812782293777 degree around the axis [1. 0. 0.] in the cif file. The rotation should following the right-hand rule.,mp-17344_processed.cif
mp-17676.cif,Rotate all surrounding atoms within 3.9969562078393484 of the center atom at index 23 by 207.3813314764949 degree around the axis [ 0.  0. -1.] in the cif file. The rotation should following the right-hand rule.,mp-17676_processed.cif
mp-17770.cif,Rotate all surrounding atoms within 2.5891085128631266 of the center atom at index 30 by 291.06726131683496 degree around the axis [ 0.  0. -1.] in the cif file. The rotation should following the right-hand rule.,mp-17770_processed.cif
mp-17838.cif,Rotate all surrounding atoms within 3.719024029599833 of the center atom at index 1 by 161.52893594246456 degree around the axis [0. 1. 0.] in the cif file. The rotation should following the right-hand rule.,mp-17838_processed.cif
mp-17861.cif,Rotate all surrounding atoms within 3.733731767410265 of the center atom at index 11 by 62.320561594058105 degree around the axis [1. 0. 0.] in the cif file. The rotation should following the right-hand rule.,mp-17861_processed.cif
mp-18469.cif,Rotate all surrounding atoms within 3.5718761151417047 of the center atom at index 27 by 181.80046479792142 degree around the axis [1. 0. 0.] in the cif file. The rotation should following the right-hand rule.,mp-18469_processed.cif
mp-18525.cif,Rotate all surrounding atoms within 3.164213582680884 of the center atom at index 6 by 97.50580618363747 degree around the axis [ 0.  0. -1.] in the cif file. The rotation should following the right-hand rule.,mp-18525_processed.cif
mp-18612.cif,Rotate all surrounding atoms within 3.0177256201107148 of the center atom at index 17 by 56.103797260710856 degree around the axis [0. 0. 1.] in the cif file. The rotation should following the right-hand rule.,mp-18612_processed.cif
mp-18701.cif,Rotate all surrounding atoms within 2.7313141992400176 of the center atom at index 19 by 50.62995031475546 degree around the axis [ 0.  0. -1.] in the cif file. The rotation should following the right-hand rule.,mp-18701_processed.cif
mp-18713.cif,Rotate all surrounding atoms within 3.6694635196206216 of the center atom at index 22 by 52.38712854099746 degree around the axis [0. 1. 0.] in the cif file. The rotation should following the right-hand rule.,mp-18713_processed.cif
mp-18817.cif,Rotate all surrounding atoms within 3.598345307492541 of the center atom at index 10 by 149.3072175025858 degree around the axis [1. 0. 0.] in the cif file. The rotation should following the right-hand rule.,mp-18817_processed.cif
mp-18833.cif,Rotate all surrounding atoms within 1.7585889307262967 of the center atom at index 10 by 112.95893261215765 degree around the axis [0. 1. 0.] in the cif file. The rotation should following the right-hand rule.,mp-18833_processed.cif
mp-18848.cif,Rotate all surrounding atoms within 3.654496106574103 of the center atom at index 6 by 162.00894025907792 degree around the axis [0. 0. 1.] in the cif file. The rotation should following the right-hand rule.,mp-18848_processed.cif
mp-18996.cif,Rotate all surrounding atoms within 3.4956785515959377 of the center atom at index 8 by 167.2710755362251 degree around the axis [-1.  0.  0.] in the cif file. The rotation should following the right-hand rule.,mp-18996_processed.cif
mp-19070.cif,Rotate all surrounding atoms within 2.8340463681043024 of the center atom at index 5 by 272.51824509351366 degree around the axis [-1.  0.  0.] in the cif file. The rotation should following the right-hand rule.,mp-19070_processed.cif
mp-19087.cif,Rotate all surrounding atoms within 2.5320421598538054 of the center atom at index 7 by 126.68239901975426 degree around the axis [ 0. -1.  0.] in the cif file. The rotation should following the right-hand rule.,mp-19087_processed.cif
mp-19123.cif,Rotate all surrounding atoms within 3.8110257580914824 of the center atom at index 0 by 176.8137112901552 degree around the axis [0. 1. 0.] in the cif file. The rotation should following the right-hand rule.,mp-19123_processed.cif
mp-19162.cif,Rotate all surrounding atoms within 3.0548959749253903 of the center atom at index 6 by 181.91423526057258 degree around the axis [ 0.  0. -1.] in the cif file. The rotation should following the right-hand rule.,mp-19162_processed.cif
mp-19426.cif,Rotate all surrounding atoms within 2.8881640760480076 of the center atom at index 1 by 94.21195766931167 degree around the axis [1. 0. 0.] in the cif file. The rotation should following the right-hand rule.,mp-19426_processed.cif
mp-19785.cif,Rotate all surrounding atoms within 3.472815940243467 of the center atom at index 19 by 184.89470417311108 degree around the axis [ 0. -1.  0.] in the cif file. The rotation should following the right-hand rule.,mp-19785_processed.cif
mp-1987603.cif,Rotate all surrounding atoms within 3.4523777701446994 of the center atom at index 8 by 87.62295585542081 degree around the axis [1. 0. 0.] in the cif file. The rotation should following the right-hand rule.,mp-1987603_processed.cif
mp-19903.cif,Rotate all surrounding atoms within 3.8921897395352607 of the center atom at index 4 by 64.0719339248643 degree around the axis [0. 1. 0.] in the cif file. The rotation should following the right-hand rule.,mp-19903_processed.cif
mp-19931.cif,Rotate all surrounding atoms within 3.163018225139817 of the center atom at index 15 by 300.74096230465153 degree around the axis [ 0.  0. -1.] in the cif file. The rotation should following the right-hand rule.,mp-19931_processed.cif
mp-20276.cif,Rotate all surrounding atoms within 2.2696092819282305 of the center atom at index 2 by 99.9821272741442 degree around the axis [ 0.  0. -1.] in the cif file. The rotation should following the right-hand rule.,mp-20276_processed.cif
mp-2030372.cif,Rotate all surrounding atoms within 1.4184889995585226 of the center atom at index 13 by 62.0180412084729 degree around the axis [1. 0. 0.] in the cif file. The rotation should following the right-hand rule.,mp-2030372_processed.cif
mp-20460.cif,Rotate all surrounding atoms within 2.2625110417222745 of the center atom at index 4 by 56.96019792359383 degree around the axis [0. 0. 1.] in the cif file. The rotation should following the right-hand rule.,mp-20460_processed.cif
mp-20499.cif,Rotate all surrounding atoms within 3.028490976663313 of the center atom at index 5 by 145.21942676976303 degree around the axis [0. 1. 0.] in the cif file. The rotation should following the right-hand rule.,mp-20499_processed.cif
mp-2053129.cif,Rotate all surrounding atoms within 3.6136569324479755 of the center atom at index 4 by 166.69488900551895 degree around the axis [ 0.  0. -1.] in the cif file. The rotation should following the right-hand rule.,mp-2053129_processed.cif
mp-20633.cif,Rotate all surrounding atoms within 2.507196188492731 of the center atom at index 7 by 100.06919448138255 degree around the axis [0. 0. 1.] in the cif file. The rotation should following the right-hand rule.,mp-20633_processed.cif
mp-21208.cif,Rotate all surrounding atoms within 2.8485568436366187 of the center atom at index 2 by 292.8841140505922 degree around the axis [0. 0. 1.] in the cif file. The rotation should following the right-hand rule.,mp-21208_processed.cif
mp-21493.cif,Rotate all surrounding atoms within 3.973155416413106 of the center atom at index 7 by 250.8776773993257 degree around the axis [1. 0. 0.] in the cif file. The rotation should following the right-hand rule.,mp-21493_processed.cif
mp-21658.cif,Rotate all surrounding atoms within 3.427213888706241 of the center atom at index 23 by 177.93229035264457 degree around the axis [ 0.  0. -1.] in the cif file. The rotation should following the right-hand rule.,mp-21658_processed.cif
mp-21799.cif,Rotate all surrounding atoms within 3.8505794722899314 of the center atom at index 24 by 118.99523811307704 degree around the axis [0. 1. 0.] in the cif file. The rotation should following the right-hand rule.,mp-21799_processed.cif
mp-22042.cif,Rotate all surrounding atoms within 1.645102022512273 of the center atom at index 11 by 307.3806311681933 degree around the axis [ 0.  0. -1.] in the cif file. The rotation should following the right-hand rule.,mp-22042_processed.cif
mp-2206289.cif,Rotate all surrounding atoms within 2.8656334354460156 of the center atom at index 35 by 82.78812605144284 degree around the axis [-1.  0.  0.] in the cif file. The rotation should following the right-hand rule.,mp-2206289_processed.cif
mp-22076.cif,Rotate all surrounding atoms within 3.645757665353819 of the center atom at index 2 by 305.62345486184654 degree around the axis [ 0.  0. -1.] in the cif file. The rotation should following the right-hand rule.,mp-22076_processed.cif
mp-2215910.cif,Rotate all surrounding atoms within 3.4126551119145585 of the center atom at index 8 by 247.4807043783709 degree around the axis [ 0. -1.  0.] in the cif file. The rotation should following the right-hand rule.,mp-2215910_processed.cif
mp-2217621.cif,Rotate all surrounding atoms within 3.7775459670758864 of the center atom at index 1 by 274.4625138609314 degree around the axis [1. 0. 0.] in the cif file. The rotation should following the right-hand rule.,mp-2217621_processed.cif
mp-2217707.cif,Rotate all surrounding atoms within 2.655167036359508 of the center atom at index 0 by 108.58769807490629 degree around the axis [0. 1. 0.] in the cif file. The rotation should following the right-hand rule.,mp-2217707_processed.cif
mp-2217878.cif,Rotate all surrounding atoms within 2.8471289026587194 of the center atom at index 1 by 202.02535480066064 degree around the axis [0. 1. 0.] in the cif file. The rotation should following the right-hand rule.,mp-2217878_processed.cif
mp-2218067.cif,Rotate all surrounding atoms within 2.2196888995326693 of the center atom at index 8 by 218.307832954387 degree around the axis [0. 0. 1.] in the cif file. The rotation should following the right-hand rule.,mp-2218067_processed.cif
mp-2218172.cif,Rotate all surrounding atoms within 2.1245469115549005 of the center atom at index 6 by 234.7335066112132 degree around the axis [ 0. -1.  0.] in the cif file. The rotation should following the right-hand rule.,mp-2218172_processed.cif
mp-2218202.cif,Rotate all surrounding atoms within 2.9095327926279237 of the center atom at index 0 by 233.883103397043 degree around the axis [0. 1. 0.] in the cif file. The rotation should following the right-hand rule.,mp-2218202_processed.cif
mp-2218885.cif,Rotate all surrounding atoms within 2.7675353987343043 of the center atom at index 9 by 99.65713935534416 degree around the axis [ 0. -1.  0.] in the cif file. The rotation should following the right-hand rule.,mp-2218885_processed.cif
mp-2218969.cif,Rotate all surrounding atoms within 2.9560301626091237 of the center atom at index 12 by 173.4476693887581 degree around the axis [ 0. -1.  0.] in the cif file. The rotation should following the right-hand rule.,mp-2218969_processed.cif
mp-2219052.cif,Rotate all surrounding atoms within 2.7280252266558627 of the center atom at index 11 by 121.160239144877 degree around the axis [0. 0. 1.] in the cif file. The rotation should following the right-hand rule.,mp-2219052_processed.cif
mp-2219166.cif,Rotate all surrounding atoms within 2.13546633003554 of the center atom at index 2 by 223.9799040610478 degree around the axis [-1.  0.  0.] in the cif file. The rotation should following the right-hand rule.,mp-2219166_processed.cif
mp-2219262.cif,Rotate all surrounding atoms within 3.994518954639608 of the center atom at index 11 by 176.5376993848691 degree around the axis [0. 0. 1.] in the cif file. The rotation should following the right-hand rule.,mp-2219262_processed.cif
mp-2219466.cif,Rotate all surrounding atoms within 1.5208746068404975 of the center atom at index 9 by 239.88730351702705 degree around the axis [0. 1. 0.] in the cif file. The rotation should following the right-hand rule.,mp-2219466_processed.cif
mp-2222780.cif,Rotate all surrounding atoms within 2.685872797818474 of the center atom at index 6 by 147.73742697372506 degree around the axis [ 0. -1.  0.] in the cif file. The rotation should following the right-hand rule.,mp-2222780_processed.cif
mp-2223884.cif,Rotate all surrounding atoms within 3.68056009210809 of the center atom at index 3 by 94.9549282565273 degree around the axis [-1.  0.  0.] in the cif file. The rotation should following the right-hand rule.,mp-2223884_processed.cif
mp-2224443.cif,Rotate all surrounding atoms within 2.3077522940693127 of the center atom at index 5 by 194.90563093147682 degree around the axis [1. 0. 0.] in the cif file. The rotation should following the right-hand rule.,mp-2224443_processed.cif
mp-2224447.cif,Rotate all surrounding atoms within 2.7693684719249676 of the center atom at index 0 by 86.13708073744797 degree around the axis [ 0. -1.  0.] in the cif file. The rotation should following the right-hand rule.,mp-2224447_processed.cif
mp-22248.cif,Rotate all surrounding atoms within 1.8067488727505414 of the center atom at index 16 by 191.42077184251758 degree around the axis [ 0.  0. -1.] in the cif file. The rotation should following the right-hand rule.,mp-22248_processed.cif
mp-2224811.cif,Rotate all surrounding atoms within 2.5948965320140123 of the center atom at index 7 by 239.89845760237793 degree around the axis [ 0.  0. -1.] in the cif file. The rotation should following the right-hand rule.,mp-2224811_processed.cif
mp-2224860.cif,Rotate all surrounding atoms within 2.6648349023677973 of the center atom at index 11 by 195.18906293412402 degree around the axis [1. 0. 0.] in the cif file. The rotation should following the right-hand rule.,mp-2224860_processed.cif
mp-2225000.cif,Rotate all surrounding atoms within 2.226200651810784 of the center atom at index 4 by 148.8529269618125 degree around the axis [0. 1. 0.] in the cif file. The rotation should following the right-hand rule.,mp-2225000_processed.cif
mp-2228328.cif,Rotate all surrounding atoms within 2.18818056915148 of the center atom at index 11 by 122.8587428577396 degree around the axis [ 0. -1.  0.] in the cif file. The rotation should following the right-hand rule.,mp-2228328_processed.cif
mp-2228374.cif,Rotate all surrounding atoms within 2.907141170522981 of the center atom at index 6 by 270.10440800078044 degree around the axis [1. 0. 0.] in the cif file. The rotation should following the right-hand rule.,mp-2228374_processed.cif
mp-2228437.cif,Rotate all surrounding atoms within 2.6355896112475996 of the center atom at index 3 by 162.66769449029388 degree around the axis [0. 0. 1.] in the cif file. The rotation should following the right-hand rule.,mp-2228437_processed.cif
mp-2228500.cif,Rotate all surrounding atoms within 3.51695261184919 of the center atom at index 0 by 131.06142335735072 degree around the axis [1. 0. 0.] in the cif file. The rotation should following the right-hand rule.,mp-2228500_processed.cif
mp-2228706.cif,Rotate all surrounding atoms within 3.9145785131862674 of the center atom at index 5 by 266.5343058702323 degree around the axis [1. 0. 0.] in the cif file. The rotation should following the right-hand rule.,mp-2228706_processed.cif
mp-2228915.cif,Rotate all surrounding atoms within 2.702744863036836 of the center atom at index 6 by 230.66049998445467 degree around the axis [ 0.  0. -1.] in the cif file. The rotation should following the right-hand rule.,mp-2228915_processed.cif
mp-2228929.cif,Rotate all surrounding atoms within 2.6269683186943533 of the center atom at index 2 by 156.8492587301235 degree around the axis [-1.  0.  0.] in the cif file. The rotation should following the right-hand rule.,mp-2228929_processed.cif
mp-2229660.cif,Rotate all surrounding atoms within 2.86713424619848 of the center atom at index 5 by 148.68857504178064 degree around the axis [ 0. -1.  0.] in the cif file. The rotation should following the right-hand rule.,mp-2229660_processed.cif
mp-2230032.cif,Rotate all surrounding atoms within 2.496065106184049 of the center atom at index 12 by 304.97989988654035 degree around the axis [1. 0. 0.] in the cif file. The rotation should following the right-hand rule.,mp-2230032_processed.cif
mp-2230094.cif,Rotate all surrounding atoms within 3.2280462483112435 of the center atom at index 3 by 217.26487759050605 degree around the axis [0. 0. 1.] in the cif file. The rotation should following the right-hand rule.,mp-2230094_processed.cif
mp-2230252.cif,Rotate all surrounding atoms within 3.8166374512958696 of the center atom at index 0 by 236.84920531498173 degree around the axis [0. 0. 1.] in the cif file. The rotation should following the right-hand rule.,mp-2230252_processed.cif
mp-2230521.cif,Rotate all surrounding atoms within 3.7847914193062877 of the center atom at index 15 by 162.84767463376213 degree around the axis [1. 0. 0.] in the cif file. The rotation should following the right-hand rule.,mp-2230521_processed.cif
mp-2230812.cif,Rotate all surrounding atoms within 2.4865575230073587 of the center atom at index 18 by 288.08195378932805 degree around the axis [ 0. -1.  0.] in the cif file. The rotation should following the right-hand rule.,mp-2230812_processed.cif
mp-2231004.cif,Rotate all surrounding atoms within 3.2511847825854696 of the center atom at index 5 by 174.32658915858246 degree around the axis [1. 0. 0.] in the cif file. The rotation should following the right-hand rule.,mp-2231004_processed.cif
mp-2231286.cif,Rotate all surrounding atoms within 3.2597611083193327 of the center atom at index 12 by 110.0326047616859 degree around the axis [-1.  0.  0.] in the cif file. The rotation should following the right-hand rule.,mp-2231286_processed.cif
mp-2232282.cif,Rotate all surrounding atoms within 2.2871289279616875 of the center atom at index 4 by 268.7320834094452 degree around the axis [-1.  0.  0.] in the cif file. The rotation should following the right-hand rule.,mp-2232282_processed.cif
mp-2239868.cif,Rotate all surrounding atoms within 3.001443826027276 of the center atom at index 6 by 309.3296694339899 degree around the axis [0. 0. 1.] in the cif file. The rotation should following the right-hand rule.,mp-2239868_processed.cif
mp-2240173.cif,Rotate all surrounding atoms within 2.7635921957371385 of the center atom at index 7 by 191.7197355303229 degree around the axis [1. 0. 0.] in the cif file. The rotation should following the right-hand rule.,mp-2240173_processed.cif
mp-2241358.cif,Rotate all surrounding atoms within 3.317094771904915 of the center atom at index 8 by 256.8423673182633 degree around the axis [ 0.  0. -1.] in the cif file. The rotation should following the right-hand rule.,mp-2241358_processed.cif
mp-2254.cif,Rotate all surrounding atoms within 2.5398600262645314 of the center atom at index 0 by 123.26768018020859 degree around the axis [ 0.  0. -1.] in the cif file. The rotation should following the right-hand rule.,mp-2254_processed.cif
mp-23418.cif,Rotate all surrounding atoms within 3.553230419241943 of the center atom at index 8 by 302.25736149958277 degree around the axis [0. 0. 1.] in the cif file. The rotation should following the right-hand rule.,mp-23418_processed.cif
mp-23498.cif,Rotate all surrounding atoms within 3.9761259870616996 of the center atom at index 3 by 186.31043869425073 degree around the axis [0. 0. 1.] in the cif file. The rotation should following the right-hand rule.,mp-23498_processed.cif
mp-23586.cif,Rotate all surrounding atoms within 3.2332323133129868 of the center atom at index 4 by 89.39918347902541 degree around the axis [0. 1. 0.] in the cif file. The rotation should following the right-hand rule.,mp-23586_processed.cif
mp-23979.cif,Rotate all surrounding atoms within 2.7500042044642585 of the center atom at index 27 by 174.8333829691781 degree around the axis [1. 0. 0.] in the cif file. The rotation should following the right-hand rule.,mp-23979_processed.cif
mp-24037.cif,Rotate all surrounding atoms within 2.4008310126268526 of the center atom at index 6 by 168.36660301795476 degree around the axis [ 0. -1.  0.] in the cif file. The rotation should following the right-hand rule.,mp-24037_processed.cif
mp-24044.cif,Rotate all surrounding atoms within 2.6124019611688345 of the center atom at index 5 by 86.62810901738544 degree around the axis [1. 0. 0.] in the cif file. The rotation should following the right-hand rule.,mp-24044_processed.cif
mp-24515.cif,Rotate all surrounding atoms within 1.8672396862619234 of the center atom at index 25 by 65.65365827879157 degree around the axis [-1.  0.  0.] in the cif file. The rotation should following the right-hand rule.,mp-24515_processed.cif
mp-2480.cif,Rotate all surrounding atoms within 2.886077391273675 of the center atom at index 5 by 250.83608027437754 degree around the axis [0. 0. 1.] in the cif file. The rotation should following the right-hand rule.,mp-2480_processed.cif
mp-25405.cif,Rotate all surrounding atoms within 3.46694016762691 of the center atom at index 6 by 226.2028382390869 degree around the axis [ 0.  0. -1.] in the cif file. The rotation should following the right-hand rule.,mp-25405_processed.cif
mp-25457.cif,Rotate all surrounding atoms within 1.5684749593953162 of the center atom at index 21 by 201.68154633108324 degree around the axis [-1.  0.  0.] in the cif file. The rotation should following the right-hand rule.,mp-25457_processed.cif
mp-26179.cif,Rotate all surrounding atoms within 2.3195713225032413 of the center atom at index 16 by 127.17297861220443 degree around the axis [ 0. -1.  0.] in the cif file. The rotation should following the right-hand rule.,mp-26179_processed.cif
mp-26270.cif,Rotate all surrounding atoms within 3.1722055111189977 of the center atom at index 11 by 261.77224757907163 degree around the axis [1. 0. 0.] in the cif file. The rotation should following the right-hand rule.,mp-26270_processed.cif
mp-2646946.cif,Rotate all surrounding atoms within 2.8587241487681143 of the center atom at index 17 by 291.61274310742033 degree around the axis [1. 0. 0.] in the cif file. The rotation should following the right-hand rule.,mp-2646946_processed.cif
mp-26612.cif,Rotate all surrounding atoms within 3.4871213939684593 of the center atom at index 34 by 281.8889867515064 degree around the axis [0. 1. 0.] in the cif file. The rotation should following the right-hand rule.,mp-26612_processed.cif
mp-2715259.cif,Rotate all surrounding atoms within 3.172175648840752 of the center atom at index 66 by 67.9388743964437 degree around the axis [ 0. -1.  0.] in the cif file. The rotation should following the right-hand rule.,mp-2715259_processed.cif
mp-2715379.cif,Rotate all surrounding atoms within 3.3876578348204784 of the center atom at index 76 by 234.4406322325214 degree around the axis [1. 0. 0.] in the cif file. The rotation should following the right-hand rule.,mp-2715379_processed.cif
mp-27286.cif,Rotate all surrounding atoms within 3.8224913825459126 of the center atom at index 16 by 249.03071352175797 degree around the axis [0. 0. 1.] in the cif file. The rotation should following the right-hand rule.,mp-27286_processed.cif
mp-27341.cif,Rotate all surrounding atoms within 1.2394431314615117 of the center atom at index 52 by 67.72270498506722 degree around the axis [1. 0. 0.] in the cif file. The rotation should following the right-hand rule.,mp-27341_processed.cif
mp-27383.cif,Rotate all surrounding atoms within 1.9651083033484475 of the center atom at index 6 by 98.79457732999623 degree around the axis [1. 0. 0.] in the cif file. The rotation should following the right-hand rule.,mp-27383_processed.cif
mp-2751271.cif,Rotate all surrounding atoms within 3.7199003737799656 of the center atom at index 12 by 275.2053806380941 degree around the axis [0. 1. 0.] in the cif file. The rotation should following the right-hand rule.,mp-2751271_processed.cif
mp-28393.cif,Rotate all surrounding atoms within 3.9600804889785763 of the center atom at index 2 by 96.80942090746323 degree around the axis [ 0. -1.  0.] in the cif file. The rotation should following the right-hand rule.,mp-28393_processed.cif
mp-28394.cif,Rotate all surrounding atoms within 3.441316579201871 of the center atom at index 45 by 207.61611917708194 degree around the axis [0. 1. 0.] in the cif file. The rotation should following the right-hand rule.,mp-28394_processed.cif
mp-28430.cif,Rotate all surrounding atoms within 3.3701402892776677 of the center atom at index 12 by 131.46451873424837 degree around the axis [0. 0. 1.] in the cif file. The rotation should following the right-hand rule.,mp-28430_processed.cif
mp-28450.cif,Rotate all surrounding atoms within 3.131968720077052 of the center atom at index 12 by 312.26221007802957 degree around the axis [ 0. -1.  0.] in the cif file. The rotation should following the right-hand rule.,mp-28450_processed.cif
mp-28544.cif,Rotate all surrounding atoms within 3.1488750288709038 of the center atom at index 8 by 46.67838140808775 degree around the axis [ 0.  0. -1.] in the cif file. The rotation should following the right-hand rule.,mp-28544_processed.cif
mp-28580.cif,Rotate all surrounding atoms within 3.3720644937862554 of the center atom at index 9 by 193.22156688329173 degree around the axis [-1.  0.  0.] in the cif file. The rotation should following the right-hand rule.,mp-28580_processed.cif
mp-28824.cif,Rotate all surrounding atoms within 2.669769828805695 of the center atom at index 6 by 128.6685093454169 degree around the axis [-1.  0.  0.] in the cif file. The rotation should following the right-hand rule.,mp-28824_processed.cif
mp-2901870.cif,Rotate all surrounding atoms within 3.3103838010788165 of the center atom at index 7 by 153.59962427562246 degree around the axis [-1.  0.  0.] in the cif file. The rotation should following the right-hand rule.,mp-2901870_processed.cif
mp-2911.cif,Rotate all surrounding atoms within 3.286859794746202 of the center atom at index 8 by 95.54928777419022 degree around the axis [0. 0. 1.] in the cif file. The rotation should following the right-hand rule.,mp-2911_processed.cif
mp-29144.cif,Rotate all surrounding atoms within 2.383787890860928 of the center atom at index 2 by 108.94946646876008 degree around the axis [ 0.  0. -1.] in the cif file. The rotation should following the right-hand rule.,mp-29144_processed.cif
mp-29412.cif,Rotate all surrounding atoms within 2.8951076743001907 of the center atom at index 31 by 64.15850010488325 degree around the axis [0. 0. 1.] in the cif file. The rotation should following the right-hand rule.,mp-29412_processed.cif
mp-29415.cif,Rotate all surrounding atoms within 3.955843593985403 of the center atom at index 9 by 306.24878768950936 degree around the axis [-1.  0.  0.] in the cif file. The rotation should following the right-hand rule.,mp-29415_processed.cif
mp-29755.cif,Rotate all surrounding atoms within 1.9850122709693436 of the center atom at index 15 by 249.25996650407808 degree around the axis [1. 0. 0.] in the cif file. The rotation should following the right-hand rule.,mp-29755_processed.cif
mp-29770.cif,Rotate all surrounding atoms within 3.4364706419877407 of the center atom at index 7 by 304.97090551768514 degree around the axis [ 0. -1.  0.] in the cif file. The rotation should following the right-hand rule.,mp-29770_processed.cif
mp-30305.cif,Rotate all surrounding atoms within 3.530884161180052 of the center atom at index 9 by 311.1714288472138 degree around the axis [1. 0. 0.] in the cif file. The rotation should following the right-hand rule.,mp-30305_processed.cif
mp-30320.cif,Rotate all surrounding atoms within 2.1540975229321275 of the center atom at index 20 by 240.12500648060737 degree around the axis [-1.  0.  0.] in the cif file. The rotation should following the right-hand rule.,mp-30320_processed.cif
mp-30859.cif,Rotate all surrounding atoms within 2.833709764407015 of the center atom at index 13 by 186.28123446767304 degree around the axis [0. 0. 1.] in the cif file. The rotation should following the right-hand rule.,mp-30859_processed.cif
mp-30908.cif,Rotate all surrounding atoms within 3.1420845499614516 of the center atom at index 15 by 118.53245048767394 degree around the axis [1. 0. 0.] in the cif file. The rotation should following the right-hand rule.,mp-30908_processed.cif
mp-31251.cif,Rotate all surrounding atoms within 2.3041333014183767 of the center atom at index 46 by 174.33403314707508 degree around the axis [1. 0. 0.] in the cif file. The rotation should following the right-hand rule.,mp-31251_processed.cif
mp-31314.cif,Rotate all surrounding atoms within 2.485835368375857 of the center atom at index 25 by 143.55800693321987 degree around the axis [0. 0. 1.] in the cif file. The rotation should following the right-hand rule.,mp-31314_processed.cif
mp-3138.cif,Rotate all surrounding atoms within 3.327518453622436 of the center atom at index 25 by 305.2085089978172 degree around the axis [0. 1. 0.] in the cif file. The rotation should following the right-hand rule.,mp-3138_processed.cif
mp-31394.cif,Rotate all surrounding atoms within 3.8581728313190427 of the center atom at index 15 by 184.2652962562129 degree around the axis [ 0.  0. -1.] in the cif file. The rotation should following the right-hand rule.,mp-31394_processed.cif
mp-3205.cif,Rotate all surrounding atoms within 3.7649247625003452 of the center atom at index 2 by 314.74190767035515 degree around the axis [0. 0. 1.] in the cif file. The rotation should following the right-hand rule.,mp-3205_processed.cif
mp-3216726.cif,Rotate all surrounding atoms within 3.3744508165359703 of the center atom at index 1 by 249.70264345673456 degree around the axis [1. 0. 0.] in the cif file. The rotation should following the right-hand rule.,mp-3216726_processed.cif
mp-32528.cif,Rotate all surrounding atoms within 3.2314787154943634 of the center atom at index 42 by 261.80400696462686 degree around the axis [0. 1. 0.] in the cif file. The rotation should following the right-hand rule.,mp-32528_processed.cif
mp-3316.cif,Rotate all surrounding atoms within 3.5211610660239394 of the center atom at index 1 by 55.39532809660478 degree around the axis [-1.  0.  0.] in the cif file. The rotation should following the right-hand rule.,mp-3316_processed.cif
mp-33325.cif,Rotate all surrounding atoms within 2.7172701360135294 of the center atom at index 6 by 134.9020032465039 degree around the axis [ 0. -1.  0.] in the cif file. The rotation should following the right-hand rule.,mp-33325_processed.cif
mp-34185.cif,Rotate all surrounding atoms within 3.1086042013248267 of the center atom at index 3 by 80.860569398188 degree around the axis [0. 0. 1.] in the cif file. The rotation should following the right-hand rule.,mp-34185_processed.cif
mp-3538.cif,Rotate all surrounding atoms within 3.8376752779116172 of the center atom at index 33 by 171.90175051909347 degree around the axis [0. 0. 1.] in the cif file. The rotation should following the right-hand rule.,mp-3538_processed.cif
mp-36310.cif,Rotate all surrounding atoms within 2.7788231069443636 of the center atom at index 5 by 191.39982233821354 degree around the axis [ 0. -1.  0.] in the cif file. The rotation should following the right-hand rule.,mp-36310_processed.cif
mp-36484.cif,Rotate all surrounding atoms within 3.3951519098344454 of the center atom at index 1 by 295.9534631076495 degree around the axis [ 0. -1.  0.] in the cif file. The rotation should following the right-hand rule.,mp-36484_processed.cif
mp-4419.cif,Rotate all surrounding atoms within 2.9342225218869262 of the center atom at index 4 by 273.2908563518034 degree around the axis [1. 0. 0.] in the cif file. The rotation should following the right-hand rule.,mp-4419_processed.cif
mp-4421.cif,Rotate all surrounding atoms within 3.057035643685434 of the center atom at index 16 by 110.79038943336853 degree around the axis [ 0. -1.  0.] in the cif file. The rotation should following the right-hand rule.,mp-4421_processed.cif
mp-504149.cif,Rotate all surrounding atoms within 3.352219514987743 of the center atom at index 38 by 255.21693175755533 degree around the axis [1. 0. 0.] in the cif file. The rotation should following the right-hand rule.,mp-504149_processed.cif
mp-504509.cif,Rotate all surrounding atoms within 1.9390365493010235 of the center atom at index 17 by 257.4692213120172 degree around the axis [0. 1. 0.] in the cif file. The rotation should following the right-hand rule.,mp-504509_processed.cif
mp-505074.cif,Rotate all surrounding atoms within 1.4388487329067523 of the center atom at index 41 by 84.93449121702915 degree around the axis [0. 0. 1.] in the cif file. The rotation should following the right-hand rule.,mp-505074_processed.cif
mp-505217.cif,Rotate all surrounding atoms within 2.1681040187121012 of the center atom at index 23 by 124.01718014007588 degree around the axis [ 0.  0. -1.] in the cif file. The rotation should following the right-hand rule.,mp-505217_processed.cif
mp-505540.cif,Rotate all surrounding atoms within 3.291017976544933 of the center atom at index 7 by 68.53340839943196 degree around the axis [0. 1. 0.] in the cif file. The rotation should following the right-hand rule.,mp-505540_processed.cif
mp-505573.cif,Rotate all surrounding atoms within 3.284405938778737 of the center atom at index 8 by 253.4939436692042 degree around the axis [0. 0. 1.] in the cif file. The rotation should following the right-hand rule.,mp-505573_processed.cif
mp-505766.cif,Rotate all surrounding atoms within 2.2699449925002844 of the center atom at index 7 by 226.81448067030058 degree around the axis [ 0.  0. -1.] in the cif file. The rotation should following the right-hand rule.,mp-505766_processed.cif
mp-510544.cif,Rotate all surrounding atoms within 2.867486484059052 of the center atom at index 0 by 119.5227321601294 degree around the axis [0. 1. 0.] in the cif file. The rotation should following the right-hand rule.,mp-510544_processed.cif
mp-510717.cif,Rotate all surrounding atoms within 2.947024102786558 of the center atom at index 24 by 156.46037151411576 degree around the axis [1. 0. 0.] in the cif file. The rotation should following the right-hand rule.,mp-510717_processed.cif
mp-5151.cif,Rotate all surrounding atoms within 3.9774150810767086 of the center atom at index 6 by 303.1180277851034 degree around the axis [ 0.  0. -1.] in the cif file. The rotation should following the right-hand rule.,mp-5151_processed.cif
mp-530379.cif,Rotate all surrounding atoms within 3.1003000630490645 of the center atom at index 9 by 189.63308299379472 degree around the axis [0. 1. 0.] in the cif file. The rotation should following the right-hand rule.,mp-530379_processed.cif
mp-530850.cif,Rotate all surrounding atoms within 3.1989834572338793 of the center atom at index 69 by 274.69072612299544 degree around the axis [0. 1. 0.] in the cif file. The rotation should following the right-hand rule.,mp-530850_processed.cif
mp-540740.cif,Rotate all surrounding atoms within 2.831015800300711 of the center atom at index 17 by 174.62473076846027 degree around the axis [ 0. -1.  0.] in the cif file. The rotation should following the right-hand rule.,mp-540740_processed.cif
mp-540798.cif,Rotate all surrounding atoms within 1.7161961454637504 of the center atom at index 37 by 294.555214041477 degree around the axis [-1.  0.  0.] in the cif file. The rotation should following the right-hand rule.,mp-540798_processed.cif
mp-540938.cif,Rotate all surrounding atoms within 3.6115849027904128 of the center atom at index 3 by 305.90888975749425 degree around the axis [-1.  0.  0.] in the cif file. The rotation should following the right-hand rule.,mp-540938_processed.cif
mp-540977.cif,Rotate all surrounding atoms within 3.889677496738658 of the center atom at index 11 by 303.2187532922668 degree around the axis [0. 1. 0.] in the cif file. The rotation should following the right-hand rule.,mp-540977_processed.cif
mp-541595.cif,Rotate all surrounding atoms within 3.1076442364959855 of the center atom at index 24 by 63.284882371856426 degree around the axis [0. 0. 1.] in the cif file. The rotation should following the right-hand rule.,mp-541595_processed.cif
mp-541619.cif,Rotate all surrounding atoms within 3.3349575996278693 of the center atom at index 12 by 261.26462366433987 degree around the axis [1. 0. 0.] in the cif file. The rotation should following the right-hand rule.,mp-541619_processed.cif
mp-541894.cif,Rotate all surrounding atoms within 2.507762416232672 of the center atom at index 10 by 208.8179925767353 degree around the axis [1. 0. 0.] in the cif file. The rotation should following the right-hand rule.,mp-541894_processed.cif
mp-541991.cif,Rotate all surrounding atoms within 2.8011238159831238 of the center atom at index 26 by 57.277373676917584 degree around the axis [0. 0. 1.] in the cif file. The rotation should following the right-hand rule.,mp-541991_processed.cif
mp-542024.cif,Rotate all surrounding atoms within 3.1528053106421767 of the center atom at index 2 by 278.90500425724986 degree around the axis [1. 0. 0.] in the cif file. The rotation should following the right-hand rule.,mp-542024_processed.cif
mp-542151.cif,Rotate all surrounding atoms within 2.6097009614219573 of the center atom at index 13 by 135.91795647654192 degree around the axis [ 0.  0. -1.] in the cif file. The rotation should following the right-hand rule.,mp-542151_processed.cif
mp-542342.cif,Rotate all surrounding atoms within 3.4581084875852395 of the center atom at index 9 by 262.767983945624 degree around the axis [ 0. -1.  0.] in the cif file. The rotation should following the right-hand rule.,mp-542342_processed.cif
mp-542435.cif,Rotate all surrounding atoms within 3.203087771920346 of the center atom at index 5 by 211.20947858447394 degree around the axis [0. 1. 0.] in the cif file. The rotation should following the right-hand rule.,mp-542435_processed.cif
mp-542448.cif,Rotate all surrounding atoms within 3.9101526169404215 of the center atom at index 24 by 248.23842743630107 degree around the axis [ 0.  0. -1.] in the cif file. The rotation should following the right-hand rule.,mp-542448_processed.cif
mp-542812.cif,Rotate all surrounding atoms within 3.206986406151806 of the center atom at index 9 by 168.94087052170502 degree around the axis [ 0. -1.  0.] in the cif file. The rotation should following the right-hand rule.,mp-542812_processed.cif
mp-543036.cif,Rotate all surrounding atoms within 1.8118376118407014 of the center atom at index 32 by 214.35585473643138 degree around the axis [0. 1. 0.] in the cif file. The rotation should following the right-hand rule.,mp-543036_processed.cif
mp-543042.cif,Rotate all surrounding atoms within 3.1069067413879314 of the center atom at index 44 by 55.54288036454637 degree around the axis [-1.  0.  0.] in the cif file. The rotation should following the right-hand rule.,mp-543042_processed.cif
mp-554174.cif,Rotate all surrounding atoms within 2.694157907867627 of the center atom at index 84 by 312.1633865793482 degree around the axis [0. 1. 0.] in the cif file. The rotation should following the right-hand rule.,mp-554174_processed.cif
mp-554264.cif,Rotate all surrounding atoms within 3.9235802992162854 of the center atom at index 78 by 157.30888027295828 degree around the axis [1. 0. 0.] in the cif file. The rotation should following the right-hand rule.,mp-554264_processed.cif
mp-554383.cif,Rotate all surrounding atoms within 3.0296858649847884 of the center atom at index 13 by 199.70116776272525 degree around the axis [1. 0. 0.] in the cif file. The rotation should following the right-hand rule.,mp-554383_processed.cif
mp-554799.cif,Rotate all surrounding atoms within 2.887883949841415 of the center atom at index 7 by 139.4541380847731 degree around the axis [0. 0. 1.] in the cif file. The rotation should following the right-hand rule.,mp-554799_processed.cif
mp-554818.cif,Rotate all surrounding atoms within 2.9277398739387954 of the center atom at index 1 by 117.96641633992823 degree around the axis [1. 0. 0.] in the cif file. The rotation should following the right-hand rule.,mp-554818_processed.cif
mp-555198.cif,Rotate all surrounding atoms within 2.830188270866173 of the center atom at index 17 by 101.23893659412362 degree around the axis [1. 0. 0.] in the cif file. The rotation should following the right-hand rule.,mp-555198_processed.cif
mp-555534.cif,Rotate all surrounding atoms within 2.1884301810752804 of the center atom at index 24 by 194.4310168933414 degree around the axis [0. 1. 0.] in the cif file. The rotation should following the right-hand rule.,mp-555534_processed.cif
mp-555790.cif,Rotate all surrounding atoms within 3.726802947677548 of the center atom at index 13 by 199.22413199475756 degree around the axis [ 0. -1.  0.] in the cif file. The rotation should following the right-hand rule.,mp-555790_processed.cif
mp-556185.cif,Rotate all surrounding atoms within 3.4109269387042893 of the center atom at index 9 by 251.06173371500458 degree around the axis [0. 1. 0.] in the cif file. The rotation should following the right-hand rule.,mp-556185_processed.cif
mp-556236.cif,Rotate all surrounding atoms within 3.3376233193454183 of the center atom at index 9 by 77.39371639456726 degree around the axis [ 0.  0. -1.] in the cif file. The rotation should following the right-hand rule.,mp-556236_processed.cif
mp-556319.cif,Rotate all surrounding atoms within 2.725316866826012 of the center atom at index 10 by 121.55379956098578 degree around the axis [0. 1. 0.] in the cif file. The rotation should following the right-hand rule.,mp-556319_processed.cif
mp-556404.cif,Rotate all surrounding atoms within 3.8400948906699557 of the center atom at index 58 by 178.27011375649414 degree around the axis [0. 1. 0.] in the cif file. The rotation should following the right-hand rule.,mp-556404_processed.cif
mp-557059.cif,Rotate all surrounding atoms within 3.8385358848392497 of the center atom at index 27 by 201.47007886908233 degree around the axis [-1.  0.  0.] in the cif file. The rotation should following the right-hand rule.,mp-557059_processed.cif
mp-557180.cif,Rotate all surrounding atoms within 2.9651650295909597 of the center atom at index 27 by 76.63104941171605 degree around the axis [ 0.  0. -1.] in the cif file. The rotation should following the right-hand rule.,mp-557180_processed.cif
mp-557215.cif,Rotate all surrounding atoms within 3.5072232988694862 of the center atom at index 5 by 119.94034673507389 degree around the axis [0. 1. 0.] in the cif file. The rotation should following the right-hand rule.,mp-557215_processed.cif
mp-557266.cif,Rotate all surrounding atoms within 3.6167873559830155 of the center atom at index 11 by 249.14748203617364 degree around the axis [ 0.  0. -1.] in the cif file. The rotation should following the right-hand rule.,mp-557266_processed.cif
mp-557389.cif,Rotate all surrounding atoms within 2.1042024420296785 of the center atom at index 39 by 196.02348375780855 degree around the axis [1. 0. 0.] in the cif file. The rotation should following the right-hand rule.,mp-557389_processed.cif
mp-557574.cif,Rotate all surrounding atoms within 2.645247629952392 of the center atom at index 14 by 168.9328991824652 degree around the axis [1. 0. 0.] in the cif file. The rotation should following the right-hand rule.,mp-557574_processed.cif
mp-557589.cif,Rotate all surrounding atoms within 1.8721526275841303 of the center atom at index 31 by 258.78407914314494 degree around the axis [-1.  0.  0.] in the cif file. The rotation should following the right-hand rule.,mp-557589_processed.cif
mp-557752.cif,Rotate all surrounding atoms within 3.6114394651124173 of the center atom at index 7 by 186.40356245560614 degree around the axis [1. 0. 0.] in the cif file. The rotation should following the right-hand rule.,mp-557752_processed.cif
mp-557824.cif,Rotate all surrounding atoms within 3.106143875326481 of the center atom at index 9 by 141.8489902180266 degree around the axis [ 0.  0. -1.] in the cif file. The rotation should following the right-hand rule.,mp-557824_processed.cif
mp-557864.cif,Rotate all surrounding atoms within 1.8799883894260505 of the center atom at index 49 by 143.18491518960482 degree around the axis [ 0.  0. -1.] in the cif file. The rotation should following the right-hand rule.,mp-557864_processed.cif
mp-557961.cif,Rotate all surrounding atoms within 3.0873055554935496 of the center atom at index 17 by 252.49420922155264 degree around the axis [0. 0. 1.] in the cif file. The rotation should following the right-hand rule.,mp-557961_processed.cif
mp-558023.cif,Rotate all surrounding atoms within 3.337441033120769 of the center atom at index 0 by 78.55298193702656 degree around the axis [0. 0. 1.] in the cif file. The rotation should following the right-hand rule.,mp-558023_processed.cif
mp-558368.cif,Rotate all surrounding atoms within 3.9225692178117293 of the center atom at index 8 by 184.15790214875358 degree around the axis [1. 0. 0.] in the cif file. The rotation should following the right-hand rule.,mp-558368_processed.cif
mp-558382.cif,Rotate all surrounding atoms within 3.076614634727297 of the center atom at index 0 by 77.72858531841425 degree around the axis [1. 0. 0.] in the cif file. The rotation should following the right-hand rule.,mp-558382_processed.cif
mp-559140.cif,Rotate all surrounding atoms within 2.4470188231670886 of the center atom at index 7 by 137.5418057557642 degree around the axis [ 0. -1.  0.] in the cif file. The rotation should following the right-hand rule.,mp-559140_processed.cif
mp-559223.cif,Rotate all surrounding atoms within 3.0881616589936804 of the center atom at index 11 by 63.66979504067474 degree around the axis [-1.  0.  0.] in the cif file. The rotation should following the right-hand rule.,mp-559223_processed.cif
mp-559929.cif,Rotate all surrounding atoms within 2.957274102213275 of the center atom at index 16 by 196.7318411950235 degree around the axis [ 0.  0. -1.] in the cif file. The rotation should following the right-hand rule.,mp-559929_processed.cif
mp-560091.cif,Rotate all surrounding atoms within 3.2075391753565654 of the center atom at index 15 by 129.72407233042054 degree around the axis [0. 0. 1.] in the cif file. The rotation should following the right-hand rule.,mp-560091_processed.cif
mp-560380.cif,Rotate all surrounding atoms within 3.3134634034183574 of the center atom at index 3 by 273.46663345718736 degree around the axis [ 0. -1.  0.] in the cif file. The rotation should following the right-hand rule.,mp-560380_processed.cif
mp-560535.cif,Rotate all surrounding atoms within 3.93916097208929 of the center atom at index 4 by 48.71976852065432 degree around the axis [-1.  0.  0.] in the cif file. The rotation should following the right-hand rule.,mp-560535_processed.cif
mp-560605.cif,Rotate all surrounding atoms within 3.1335649372566015 of the center atom at index 12 by 297.69089597936033 degree around the axis [ 0. -1.  0.] in the cif file. The rotation should following the right-hand rule.,mp-560605_processed.cif
mp-560751.cif,Rotate all surrounding atoms within 2.1281160786157174 of the center atom at index 11 by 188.2926551424315 degree around the axis [0. 1. 0.] in the cif file. The rotation should following the right-hand rule.,mp-560751_processed.cif
mp-560754.cif,Rotate all surrounding atoms within 1.8586814368722067 of the center atom at index 18 by 264.66711246340634 degree around the axis [0. 1. 0.] in the cif file. The rotation should following the right-hand rule.,mp-560754_processed.cif
mp-561641.cif,Rotate all surrounding atoms within 3.8495124379126624 of the center atom at index 0 by 96.58043913172517 degree around the axis [ 0. -1.  0.] in the cif file. The rotation should following the right-hand rule.,mp-561641_processed.cif
mp-567492.cif,Rotate all surrounding atoms within 2.739769485867165 of the center atom at index 3 by 158.67806341494614 degree around the axis [0. 0. 1.] in the cif file. The rotation should following the right-hand rule.,mp-567492_processed.cif
mp-567540.cif,Rotate all surrounding atoms within 3.405905777903185 of the center atom at index 1 by 93.57260268143156 degree around the axis [-1.  0.  0.] in the cif file. The rotation should following the right-hand rule.,mp-567540_processed.cif
mp-568306.cif,Rotate all surrounding atoms within 3.4887518190515308 of the center atom at index 9 by 230.05442331400945 degree around the axis [ 0. -1.  0.] in the cif file. The rotation should following the right-hand rule.,mp-568306_processed.cif
mp-568716.cif,Rotate all surrounding atoms within 3.4780786219081183 of the center atom at index 17 by 143.7996658326084 degree around the axis [ 0.  0. -1.] in the cif file. The rotation should following the right-hand rule.,mp-568716_processed.cif
mp-568757.cif,Rotate all surrounding atoms within 3.275884426404228 of the center atom at index 27 by 138.5364227532671 degree around the axis [1. 0. 0.] in the cif file. The rotation should following the right-hand rule.,mp-568757_processed.cif
mp-570044.cif,Rotate all surrounding atoms within 3.605684607032705 of the center atom at index 18 by 156.63991802758167 degree around the axis [-1.  0.  0.] in the cif file. The rotation should following the right-hand rule.,mp-570044_processed.cif
mp-571428.cif,Rotate all surrounding atoms within 3.9091722309907593 of the center atom at index 2 by 269.46576581508293 degree around the axis [1. 0. 0.] in the cif file. The rotation should following the right-hand rule.,mp-571428_processed.cif
mp-571566.cif,Rotate all surrounding atoms within 3.777058737936156 of the center atom at index 11 by 279.1378629963549 degree around the axis [0. 0. 1.] in the cif file. The rotation should following the right-hand rule.,mp-571566_processed.cif
mp-5730.cif,Rotate all surrounding atoms within 3.9495851090430607 of the center atom at index 21 by 287.45077085894303 degree around the axis [-1.  0.  0.] in the cif file. The rotation should following the right-hand rule.,mp-5730_processed.cif
mp-574339.cif,Rotate all surrounding atoms within 2.799804246311305 of the center atom at index 10 by 258.7069134538182 degree around the axis [ 0. -1.  0.] in the cif file. The rotation should following the right-hand rule.,mp-574339_processed.cif
mp-581471.cif,Rotate all surrounding atoms within 3.8383378091486806 of the center atom at index 12 by 165.8949869866453 degree around the axis [-1.  0.  0.] in the cif file. The rotation should following the right-hand rule.,mp-581471_processed.cif
mp-582081.cif,Rotate all surrounding atoms within 3.94646078704715 of the center atom at index 2 by 287.8862704115238 degree around the axis [1. 0. 0.] in the cif file. The rotation should following the right-hand rule.,mp-582081_processed.cif
mp-582587.cif,Rotate all surrounding atoms within 3.968279915483558 of the center atom at index 0 by 219.5437830479279 degree around the axis [1. 0. 0.] in the cif file. The rotation should following the right-hand rule.,mp-582587_processed.cif
mp-603694.cif,Rotate all surrounding atoms within 2.0152874727583896 of the center atom at index 25 by 152.31301564922225 degree around the axis [0. 1. 0.] in the cif file. The rotation should following the right-hand rule.,mp-603694_processed.cif
mp-607525.cif,Rotate all surrounding atoms within 3.855439731302551 of the center atom at index 32 by 307.8039248891121 degree around the axis [ 0.  0. -1.] in the cif file. The rotation should following the right-hand rule.,mp-607525_processed.cif
mp-608206.cif,Rotate all surrounding atoms within 2.5722232348432508 of the center atom at index 4 by 110.93975186449596 degree around the axis [ 0. -1.  0.] in the cif file. The rotation should following the right-hand rule.,mp-608206_processed.cif
mp-6112.cif,Rotate all surrounding atoms within 3.5897648055010913 of the center atom at index 2 by 194.75408778178908 degree around the axis [-1.  0.  0.] in the cif file. The rotation should following the right-hand rule.,mp-6112_processed.cif
mp-613327.cif,Rotate all surrounding atoms within 2.6629901917824172 of the center atom at index 7 by 198.5419056996129 degree around the axis [ 0.  0. -1.] in the cif file. The rotation should following the right-hand rule.,mp-613327_processed.cif
mp-616210.cif,Rotate all surrounding atoms within 2.8777551370323677 of the center atom at index 16 by 189.40300254481483 degree around the axis [0. 1. 0.] in the cif file. The rotation should following the right-hand rule.,mp-616210_processed.cif
mp-616407.cif,Rotate all surrounding atoms within 2.198357960047094 of the center atom at index 15 by 87.21479351356334 degree around the axis [-1.  0.  0.] in the cif file. The rotation should following the right-hand rule.,mp-616407_processed.cif
mp-621964.cif,Rotate all surrounding atoms within 3.7937860966216674 of the center atom at index 14 by 287.1151237697127 degree around the axis [0. 1. 0.] in the cif file. The rotation should following the right-hand rule.,mp-621964_processed.cif
mp-6257.cif,Rotate all surrounding atoms within 1.6467575493107938 of the center atom at index 4 by 125.18148453736696 degree around the axis [0. 0. 1.] in the cif file. The rotation should following the right-hand rule.,mp-6257_processed.cif
mp-625744.cif,Rotate all surrounding atoms within 2.070246276849544 of the center atom at index 9 by 169.2551716313193 degree around the axis [-1.  0.  0.] in the cif file. The rotation should following the right-hand rule.,mp-625744_processed.cif
mp-626565.cif,Rotate all surrounding atoms within 1.5293672140534726 of the center atom at index 6 by 49.355524962120136 degree around the axis [ 0. -1.  0.] in the cif file. The rotation should following the right-hand rule.,mp-626565_processed.cif
mp-630976.cif,Rotate all surrounding atoms within 3.8424154144457567 of the center atom at index 14 by 307.1661244364737 degree around the axis [1. 0. 0.] in the cif file. The rotation should following the right-hand rule.,mp-630976_processed.cif
mp-637599.cif,Rotate all surrounding atoms within 3.421697012481352 of the center atom at index 2 by 148.10712112481264 degree around the axis [1. 0. 0.] in the cif file. The rotation should following the right-hand rule.,mp-637599_processed.cif
mp-639826.cif,Rotate all surrounding atoms within 2.0075305222381323 of the center atom at index 13 by 136.10434771587802 degree around the axis [0. 1. 0.] in the cif file. The rotation should following the right-hand rule.,mp-639826_processed.cif
mp-642315.cif,Rotate all surrounding atoms within 3.4959522718645175 of the center atom at index 22 by 264.93905273497256 degree around the axis [0. 1. 0.] in the cif file. The rotation should following the right-hand rule.,mp-642315_processed.cif
mp-644221.cif,Rotate all surrounding atoms within 3.9400889313899863 of the center atom at index 24 by 166.7744027570613 degree around the axis [0. 0. 1.] in the cif file. The rotation should following the right-hand rule.,mp-644221_processed.cif
mp-644529.cif,Rotate all surrounding atoms within 3.0367162116128075 of the center atom at index 7 by 103.76207421820975 degree around the axis [-1.  0.  0.] in the cif file. The rotation should following the right-hand rule.,mp-644529_processed.cif
mp-644741.cif,Rotate all surrounding atoms within 3.834309902949726 of the center atom at index 2 by 304.53223602992415 degree around the axis [-1.  0.  0.] in the cif file. The rotation should following the right-hand rule.,mp-644741_processed.cif
mp-654225.cif,Rotate all surrounding atoms within 3.6444040798512423 of the center atom at index 13 by 238.299140850693 degree around the axis [ 0. -1.  0.] in the cif file. The rotation should following the right-hand rule.,mp-654225_processed.cif
mp-6653.cif,Rotate all surrounding atoms within 2.304364388549157 of the center atom at index 8 by 65.82539783004087 degree around the axis [-1.  0.  0.] in the cif file. The rotation should following the right-hand rule.,mp-6653_processed.cif
mp-667200.cif,Rotate all surrounding atoms within 3.4332886987659954 of the center atom at index 52 by 122.47482448366905 degree around the axis [0. 0. 1.] in the cif file. The rotation should following the right-hand rule.,mp-667200_processed.cif
mp-669359.cif,Rotate all surrounding atoms within 3.5153612752003274 of the center atom at index 10 by 46.43946905833589 degree around the axis [0. 1. 0.] in the cif file. The rotation should following the right-hand rule.,mp-669359_processed.cif
mp-669377.cif,Rotate all surrounding atoms within 3.6825686121823695 of the center atom at index 17 by 106.0261100537676 degree around the axis [0. 0. 1.] in the cif file. The rotation should following the right-hand rule.,mp-669377_processed.cif
mp-672228.cif,Rotate all surrounding atoms within 3.24053671582743 of the center atom at index 1 by 107.1996148459567 degree around the axis [1. 0. 0.] in the cif file. The rotation should following the right-hand rule.,mp-672228_processed.cif
mp-672972.cif,Rotate all surrounding atoms within 2.282086636034721 of the center atom at index 25 by 245.55521727629093 degree around the axis [ 0. -1.  0.] in the cif file. The rotation should following the right-hand rule.,mp-672972_processed.cif
mp-6745.cif,Rotate all surrounding atoms within 1.687874323065377 of the center atom at index 6 by 139.4166917916018 degree around the axis [0. 1. 0.] in the cif file. The rotation should following the right-hand rule.,mp-6745_processed.cif
mp-675118.cif,Rotate all surrounding atoms within 3.37361297827654 of the center atom at index 22 by 223.41385525437806 degree around the axis [0. 1. 0.] in the cif file. The rotation should following the right-hand rule.,mp-675118_processed.cif
mp-675519.cif,Rotate all surrounding atoms within 2.904578349312835 of the center atom at index 22 by 146.79503952144785 degree around the axis [ 0.  0. -1.] in the cif file. The rotation should following the right-hand rule.,mp-675519_processed.cif
mp-675778.cif,Rotate all surrounding atoms within 3.388899321890105 of the center atom at index 2 by 306.8146042973504 degree around the axis [1. 0. 0.] in the cif file. The rotation should following the right-hand rule.,mp-675778_processed.cif
mp-676.cif,Rotate all surrounding atoms within 1.9869240883161035 of the center atom at index 5 by 109.9145249346114 degree around the axis [1. 0. 0.] in the cif file. The rotation should following the right-hand rule.,mp-676_processed.cif
mp-676275.cif,Rotate all surrounding atoms within 3.6825755245002347 of the center atom at index 9 by 208.25767227806423 degree around the axis [-1.  0.  0.] in the cif file. The rotation should following the right-hand rule.,mp-676275_processed.cif
mp-676816.cif,Rotate all surrounding atoms within 3.1217532942626707 of the center atom at index 6 by 48.399076404813364 degree around the axis [0. 1. 0.] in the cif file. The rotation should following the right-hand rule.,mp-676816_processed.cif
mp-676881.cif,Rotate all surrounding atoms within 2.9944848732334504 of the center atom at index 36 by 198.99110460303945 degree around the axis [ 0.  0. -1.] in the cif file. The rotation should following the right-hand rule.,mp-676881_processed.cif
mp-677725.cif,Rotate all surrounding atoms within 2.909270308834216 of the center atom at index 8 by 233.82876028173817 degree around the axis [ 0. -1.  0.] in the cif file. The rotation should following the right-hand rule.,mp-677725_processed.cif
mp-6800.cif,Rotate all surrounding atoms within 2.2839379060443714 of the center atom at index 6 by 288.0370753917638 degree around the axis [ 0. -1.  0.] in the cif file. The rotation should following the right-hand rule.,mp-6800_processed.cif
mp-680260.cif,Rotate all surrounding atoms within 2.8359573427958775 of the center atom at index 47 by 248.46684803052736 degree around the axis [0. 0. 1.] in the cif file. The rotation should following the right-hand rule.,mp-680260_processed.cif
mp-684589.cif,Rotate all surrounding atoms within 3.830428390016259 of the center atom at index 12 by 105.52988887683324 degree around the axis [1. 0. 0.] in the cif file. The rotation should following the right-hand rule.,mp-684589_processed.cif
mp-684710.cif,Rotate all surrounding atoms within 3.1180031134661057 of the center atom at index 19 by 113.14132794546737 degree around the axis [ 0. -1.  0.] in the cif file. The rotation should following the right-hand rule.,mp-684710_processed.cif
mp-685224.cif,Rotate all surrounding atoms within 2.4742425636744048 of the center atom at index 62 by 312.2543503672864 degree around the axis [0. 1. 0.] in the cif file. The rotation should following the right-hand rule.,mp-685224_processed.cif
mp-685418.cif,Rotate all surrounding atoms within 3.8312831401341616 of the center atom at index 27 by 223.4994948328707 degree around the axis [1. 0. 0.] in the cif file. The rotation should following the right-hand rule.,mp-685418_processed.cif
mp-690493.cif,Rotate all surrounding atoms within 3.29648452590419 of the center atom at index 8 by 242.0611450228666 degree around the axis [1. 0. 0.] in the cif file. The rotation should following the right-hand rule.,mp-690493_processed.cif
mp-690517.cif,Rotate all surrounding atoms within 3.249739806541774 of the center atom at index 3 by 307.4387349065266 degree around the axis [-1.  0.  0.] in the cif file. The rotation should following the right-hand rule.,mp-690517_processed.cif
mp-690674.cif,Rotate all surrounding atoms within 3.7802270465110186 of the center atom at index 11 by 106.50076092600486 degree around the axis [ 0. -1.  0.] in the cif file. The rotation should following the right-hand rule.,mp-690674_processed.cif
mp-694979.cif,Rotate all surrounding atoms within 3.944026647527977 of the center atom at index 2 by 92.27581876963615 degree around the axis [ 0.  0. -1.] in the cif file. The rotation should following the right-hand rule.,mp-694979_processed.cif
mp-695946.cif,Rotate all surrounding atoms within 1.602930933669912 of the center atom at index 26 by 67.4131242225284 degree around the axis [ 0.  0. -1.] in the cif file. The rotation should following the right-hand rule.,mp-695946_processed.cif
mp-696298.cif,Rotate all surrounding atoms within 3.615417339747622 of the center atom at index 14 by 213.0694721027054 degree around the axis [0. 1. 0.] in the cif file. The rotation should following the right-hand rule.,mp-696298_processed.cif
mp-696990.cif,Rotate all surrounding atoms within 3.1065023124141824 of the center atom at index 29 by 308.33074866247654 degree around the axis [1. 0. 0.] in the cif file. The rotation should following the right-hand rule.,mp-696990_processed.cif
mp-697075.cif,Rotate all surrounding atoms within 2.531943357654008 of the center atom at index 20 by 85.06653972818415 degree around the axis [0. 0. 1.] in the cif file. The rotation should following the right-hand rule.,mp-697075_processed.cif
mp-697458.cif,Rotate all surrounding atoms within 2.874883413377476 of the center atom at index 6 by 312.0876694727274 degree around the axis [ 0. -1.  0.] in the cif file. The rotation should following the right-hand rule.,mp-697458_processed.cif
mp-697721.cif,Rotate all surrounding atoms within 2.2202900122246305 of the center atom at index 47 by 179.46976024950092 degree around the axis [0. 1. 0.] in the cif file. The rotation should following the right-hand rule.,mp-697721_processed.cif
mp-698312.cif,Rotate all surrounding atoms within 2.2877542823079873 of the center atom at index 25 by 104.60962474034017 degree around the axis [ 0. -1.  0.] in the cif file. The rotation should following the right-hand rule.,mp-698312_processed.cif
mp-7022.cif,Rotate all surrounding atoms within 3.843881806984144 of the center atom at index 7 by 281.05098691080957 degree around the axis [0. 0. 1.] in the cif file. The rotation should following the right-hand rule.,mp-7022_processed.cif
mp-703291.cif,Rotate all surrounding atoms within 3.6067556690729816 of the center atom at index 7 by 231.86108867691115 degree around the axis [ 0.  0. -1.] in the cif file. The rotation should following the right-hand rule.,mp-703291_processed.cif
mp-704116.cif,Rotate all surrounding atoms within 3.431153677532725 of the center atom at index 81 by 116.40999224172548 degree around the axis [-1.  0.  0.] in the cif file. The rotation should following the right-hand rule.,mp-704116_processed.cif
mp-704848.cif,Rotate all surrounding atoms within 3.0132430265340933 of the center atom at index 18 by 223.58749275700663 degree around the axis [ 0.  0. -1.] in the cif file. The rotation should following the right-hand rule.,mp-704848_processed.cif
mp-705312.cif,Rotate all surrounding atoms within 3.9665090313021363 of the center atom at index 34 by 64.88158689820027 degree around the axis [1. 0. 0.] in the cif file. The rotation should following the right-hand rule.,mp-705312_processed.cif
mp-706518.cif,Rotate all surrounding atoms within 3.7005318175420974 of the center atom at index 25 by 306.60869805592597 degree around the axis [0. 1. 0.] in the cif file. The rotation should following the right-hand rule.,mp-706518_processed.cif
mp-706524.cif,Rotate all surrounding atoms within 3.4922275606936948 of the center atom at index 28 by 216.90345270871663 degree around the axis [0. 1. 0.] in the cif file. The rotation should following the right-hand rule.,mp-706524_processed.cif
mp-707406.cif,Rotate all surrounding atoms within 2.230579059025886 of the center atom at index 57 by 167.51731794260402 degree around the axis [-1.  0.  0.] in the cif file. The rotation should following the right-hand rule.,mp-707406_processed.cif
mp-707744.cif,Rotate all surrounding atoms within 2.1790565975890397 of the center atom at index 32 by 77.42413075651001 degree around the axis [1. 0. 0.] in the cif file. The rotation should following the right-hand rule.,mp-707744_processed.cif
mp-707840.cif,Rotate all surrounding atoms within 3.6748410033480727 of the center atom at index 30 by 91.96365604197675 degree around the axis [ 0.  0. -1.] in the cif file. The rotation should following the right-hand rule.,mp-707840_processed.cif
mp-715457.cif,Rotate all surrounding atoms within 3.20455222066391 of the center atom at index 6 by 186.78837392733715 degree around the axis [0. 1. 0.] in the cif file. The rotation should following the right-hand rule.,mp-715457_processed.cif
mp-715553.cif,Rotate all surrounding atoms within 1.9608304662284193 of the center atom at index 3 by 152.9327317665788 degree around the axis [1. 0. 0.] in the cif file. The rotation should following the right-hand rule.,mp-715553_processed.cif
mp-720104.cif,Rotate all surrounding atoms within 1.8479347567522624 of the center atom at index 41 by 108.23183876991644 degree around the axis [ 0. -1.  0.] in the cif file. The rotation should following the right-hand rule.,mp-720104_processed.cif
mp-720572.cif,Rotate all surrounding atoms within 1.71382534861537 of the center atom at index 56 by 79.61136594084557 degree around the axis [1. 0. 0.] in the cif file. The rotation should following the right-hand rule.,mp-720572_processed.cif
mp-722790.cif,Rotate all surrounding atoms within 3.3815906811401137 of the center atom at index 7 by 49.05277905585174 degree around the axis [1. 0. 0.] in the cif file. The rotation should following the right-hand rule.,mp-722790_processed.cif
mp-722980.cif,Rotate all surrounding atoms within 3.2815372480310607 of the center atom at index 3 by 51.97648806097775 degree around the axis [0. 1. 0.] in the cif file. The rotation should following the right-hand rule.,mp-722980_processed.cif
mp-726672.cif,Rotate all surrounding atoms within 3.5904921705570185 of the center atom at index 26 by 200.88268854710688 degree around the axis [0. 1. 0.] in the cif file. The rotation should following the right-hand rule.,mp-726672_processed.cif
mp-7281.cif,Rotate all surrounding atoms within 3.104158798655585 of the center atom at index 4 by 265.8010504240234 degree around the axis [1. 0. 0.] in the cif file. The rotation should following the right-hand rule.,mp-7281_processed.cif
mp-728374.cif,Rotate all surrounding atoms within 2.6198858530249374 of the center atom at index 10 by 65.53031878709706 degree around the axis [ 0.  0. -1.] in the cif file. The rotation should following the right-hand rule.,mp-728374_processed.cif
mp-731813.cif,Rotate all surrounding atoms within 3.156540000267977 of the center atom at index 3 by 55.709866206934 degree around the axis [0. 0. 1.] in the cif file. The rotation should following the right-hand rule.,mp-731813_processed.cif
mp-732021.cif,Rotate all surrounding atoms within 3.232194248729715 of the center atom at index 25 by 197.88199746659078 degree around the axis [0. 0. 1.] in the cif file. The rotation should following the right-hand rule.,mp-732021_processed.cif
mp-734013.cif,Rotate all surrounding atoms within 2.5363223315537575 of the center atom at index 11 by 219.38951746945742 degree around the axis [-1.  0.  0.] in the cif file. The rotation should following the right-hand rule.,mp-734013_processed.cif
mp-738609.cif,Rotate all surrounding atoms within 2.301457755308439 of the center atom at index 33 by 182.89142441532238 degree around the axis [0. 0. 1.] in the cif file. The rotation should following the right-hand rule.,mp-738609_processed.cif
mp-752590.cif,Rotate all surrounding atoms within 2.804087041397815 of the center atom at index 14 by 121.86601736454607 degree around the axis [0. 1. 0.] in the cif file. The rotation should following the right-hand rule.,mp-752590_processed.cif
mp-752623.cif,Rotate all surrounding atoms within 2.8173752309793176 of the center atom at index 19 by 53.16881815762876 degree around the axis [0. 1. 0.] in the cif file. The rotation should following the right-hand rule.,mp-752623_processed.cif
mp-752859.cif,Rotate all surrounding atoms within 3.4498058891016883 of the center atom at index 3 by 74.28188459450872 degree around the axis [0. 1. 0.] in the cif file. The rotation should following the right-hand rule.,mp-752859_processed.cif
mp-752896.cif,Rotate all surrounding atoms within 3.8651926915118633 of the center atom at index 13 by 48.37930957929646 degree around the axis [0. 1. 0.] in the cif file. The rotation should following the right-hand rule.,mp-752896_processed.cif
mp-752915.cif,Rotate all surrounding atoms within 3.0793352569811265 of the center atom at index 1 by 284.3882814481058 degree around the axis [ 0.  0. -1.] in the cif file. The rotation should following the right-hand rule.,mp-752915_processed.cif
mp-752916.cif,Rotate all surrounding atoms within 3.406331702695674 of the center atom at index 12 by 138.92207989001568 degree around the axis [0. 0. 1.] in the cif file. The rotation should following the right-hand rule.,mp-752916_processed.cif
mp-752972.cif,Rotate all surrounding atoms within 2.533137126834767 of the center atom at index 8 by 285.59643302066763 degree around the axis [-1.  0.  0.] in the cif file. The rotation should following the right-hand rule.,mp-752972_processed.cif
mp-753000.cif,Rotate all surrounding atoms within 2.8729131560337557 of the center atom at index 4 by 286.64267109521586 degree around the axis [ 0. -1.  0.] in the cif file. The rotation should following the right-hand rule.,mp-753000_processed.cif
mp-753018.cif,Rotate all surrounding atoms within 2.388682239740888 of the center atom at index 9 by 96.08673415004952 degree around the axis [0. 0. 1.] in the cif file. The rotation should following the right-hand rule.,mp-753018_processed.cif
mp-753047.cif,Rotate all surrounding atoms within 2.2161819957149427 of the center atom at index 9 by 170.65555652843068 degree around the axis [ 0. -1.  0.] in the cif file. The rotation should following the right-hand rule.,mp-753047_processed.cif
mp-753220.cif,Rotate all surrounding atoms within 2.3827119359668165 of the center atom at index 12 by 268.19985820088004 degree around the axis [-1.  0.  0.] in the cif file. The rotation should following the right-hand rule.,mp-753220_processed.cif
mp-753282.cif,Rotate all surrounding atoms within 3.6503212131150704 of the center atom at index 1 by 238.3217976976612 degree around the axis [1. 0. 0.] in the cif file. The rotation should following the right-hand rule.,mp-753282_processed.cif
mp-753309.cif,Rotate all surrounding atoms within 2.452523669694396 of the center atom at index 5 by 102.57870046227767 degree around the axis [ 0. -1.  0.] in the cif file. The rotation should following the right-hand rule.,mp-753309_processed.cif
mp-753322.cif,Rotate all surrounding atoms within 2.8787352552469048 of the center atom at index 27 by 218.61069195265068 degree around the axis [ 0. -1.  0.] in the cif file. The rotation should following the right-hand rule.,mp-753322_processed.cif
mp-753612.cif,Rotate all surrounding atoms within 3.658342245538578 of the center atom at index 7 by 82.73654474066555 degree around the axis [-1.  0.  0.] in the cif file. The rotation should following the right-hand rule.,mp-753612_processed.cif
mp-753724.cif,Rotate all surrounding atoms within 3.674856149551564 of the center atom at index 13 by 126.67455168614458 degree around the axis [0. 1. 0.] in the cif file. The rotation should following the right-hand rule.,mp-753724_processed.cif
mp-753992.cif,Rotate all surrounding atoms within 2.2754465352115156 of the center atom at index 5 by 119.91898554723116 degree around the axis [-1.  0.  0.] in the cif file. The rotation should following the right-hand rule.,mp-753992_processed.cif
mp-754070.cif,Rotate all surrounding atoms within 3.9634784704983237 of the center atom at index 7 by 109.98337696622043 degree around the axis [1. 0. 0.] in the cif file. The rotation should following the right-hand rule.,mp-754070_processed.cif
mp-754274.cif,Rotate all surrounding atoms within 1.9744476601899232 of the center atom at index 12 by 308.5083449932353 degree around the axis [1. 0. 0.] in the cif file. The rotation should following the right-hand rule.,mp-754274_processed.cif
mp-754345.cif,Rotate all surrounding atoms within 3.3416354710407723 of the center atom at index 4 by 65.54761319784826 degree around the axis [0. 0. 1.] in the cif file. The rotation should following the right-hand rule.,mp-754345_processed.cif
mp-754644.cif,Rotate all surrounding atoms within 2.952139276237612 of the center atom at index 18 by 262.3741382623192 degree around the axis [ 0. -1.  0.] in the cif file. The rotation should following the right-hand rule.,mp-754644_processed.cif
mp-754745.cif,Rotate all surrounding atoms within 2.164908947787325 of the center atom at index 9 by 236.4052819345136 degree around the axis [0. 1. 0.] in the cif file. The rotation should following the right-hand rule.,mp-754745_processed.cif
mp-754794.cif,Rotate all surrounding atoms within 3.138362564060479 of the center atom at index 9 by 314.64620710084563 degree around the axis [0. 1. 0.] in the cif file. The rotation should following the right-hand rule.,mp-754794_processed.cif
mp-754886.cif,Rotate all surrounding atoms within 2.083769439799358 of the center atom at index 20 by 168.04324773376334 degree around the axis [0. 1. 0.] in the cif file. The rotation should following the right-hand rule.,mp-754886_processed.cif
mp-755114.cif,Rotate all surrounding atoms within 3.918601844430727 of the center atom at index 4 by 175.63509596133844 degree around the axis [ 0. -1.  0.] in the cif file. The rotation should following the right-hand rule.,mp-755114_processed.cif
mp-755229.cif,Rotate all surrounding atoms within 2.7615532857258267 of the center atom at index 15 by 111.53004418035249 degree around the axis [1. 0. 0.] in the cif file. The rotation should following the right-hand rule.,mp-755229_processed.cif
mp-755317.cif,Rotate all surrounding atoms within 3.470162521228086 of the center atom at index 21 by 243.05332281026068 degree around the axis [ 0.  0. -1.] in the cif file. The rotation should following the right-hand rule.,mp-755317_processed.cif
mp-755498.cif,Rotate all surrounding atoms within 2.989634428244255 of the center atom at index 6 by 145.21592500150922 degree around the axis [ 0. -1.  0.] in the cif file. The rotation should following the right-hand rule.,mp-755498_processed.cif
mp-755582.cif,Rotate all surrounding atoms within 2.210050478746774 of the center atom at index 7 by 171.1663609884173 degree around the axis [ 0. -1.  0.] in the cif file. The rotation should following the right-hand rule.,mp-755582_processed.cif
mp-755926.cif,Rotate all surrounding atoms within 2.639240167174571 of the center atom at index 8 by 80.0360863375927 degree around the axis [0. 0. 1.] in the cif file. The rotation should following the right-hand rule.,mp-755926_processed.cif
mp-755997.cif,Rotate all surrounding atoms within 2.9170321548405607 of the center atom at index 8 by 295.3713021369158 degree around the axis [0. 1. 0.] in the cif file. The rotation should following the right-hand rule.,mp-755997_processed.cif
mp-756062.cif,Rotate all surrounding atoms within 2.2713058411341853 of the center atom at index 11 by 142.6731451654389 degree around the axis [1. 0. 0.] in the cif file. The rotation should following the right-hand rule.,mp-756062_processed.cif
mp-756382.cif,Rotate all surrounding atoms within 3.260972299016893 of the center atom at index 10 by 210.6636573504775 degree around the axis [-1.  0.  0.] in the cif file. The rotation should following the right-hand rule.,mp-756382_processed.cif
mp-756670.cif,Rotate all surrounding atoms within 2.706529524274244 of the center atom at index 21 by 182.35912432577354 degree around the axis [ 0.  0. -1.] in the cif file. The rotation should following the right-hand rule.,mp-756670_processed.cif
mp-756859.cif,Rotate all surrounding atoms within 2.098449000817106 of the center atom at index 7 by 52.08051962948443 degree around the axis [-1.  0.  0.] in the cif file. The rotation should following the right-hand rule.,mp-756859_processed.cif
mp-756990.cif,Rotate all surrounding atoms within 3.261081759448521 of the center atom at index 28 by 83.1757026336046 degree around the axis [ 0.  0. -1.] in the cif file. The rotation should following the right-hand rule.,mp-756990_processed.cif
mp-757189.cif,Rotate all surrounding atoms within 2.1308306503802985 of the center atom at index 20 by 299.92554433548696 degree around the axis [0. 0. 1.] in the cif file. The rotation should following the right-hand rule.,mp-757189_processed.cif
mp-757311.cif,Rotate all surrounding atoms within 3.7124062864442893 of the center atom at index 11 by 147.9607152795379 degree around the axis [-1.  0.  0.] in the cif file. The rotation should following the right-hand rule.,mp-757311_processed.cif
mp-757314.cif,Rotate all surrounding atoms within 2.1809378831812407 of the center atom at index 27 by 238.89305373146598 degree around the axis [1. 0. 0.] in the cif file. The rotation should following the right-hand rule.,mp-757314_processed.cif
mp-757440.cif,Rotate all surrounding atoms within 3.328767202011159 of the center atom at index 29 by 179.71003933072868 degree around the axis [0. 0. 1.] in the cif file. The rotation should following the right-hand rule.,mp-757440_processed.cif
mp-757579.cif,Rotate all surrounding atoms within 2.781860579407903 of the center atom at index 52 by 275.45304098717907 degree around the axis [0. 0. 1.] in the cif file. The rotation should following the right-hand rule.,mp-757579_processed.cif
mp-757665.cif,Rotate all surrounding atoms within 2.436129340288868 of the center atom at index 7 by 47.22419438108962 degree around the axis [1. 0. 0.] in the cif file. The rotation should following the right-hand rule.,mp-757665_processed.cif
mp-757787.cif,Rotate all surrounding atoms within 2.517648025431364 of the center atom at index 7 by 207.9074858863244 degree around the axis [-1.  0.  0.] in the cif file. The rotation should following the right-hand rule.,mp-757787_processed.cif
mp-758534.cif,Rotate all surrounding atoms within 2.469774579476754 of the center atom at index 66 by 53.21915152624618 degree around the axis [-1.  0.  0.] in the cif file. The rotation should following the right-hand rule.,mp-758534_processed.cif
mp-758565.cif,Rotate all surrounding atoms within 2.162123370440445 of the center atom at index 18 by 279.2380653612173 degree around the axis [ 0. -1.  0.] in the cif file. The rotation should following the right-hand rule.,mp-758565_processed.cif
mp-758722.cif,Rotate all surrounding atoms within 2.737807764363676 of the center atom at index 2 by 285.3731311524539 degree around the axis [0. 1. 0.] in the cif file. The rotation should following the right-hand rule.,mp-758722_processed.cif
mp-758858.cif,Rotate all surrounding atoms within 2.8618384490286677 of the center atom at index 19 by 52.657468791685446 degree around the axis [0. 1. 0.] in the cif file. The rotation should following the right-hand rule.,mp-758858_processed.cif
mp-759080.cif,Rotate all surrounding atoms within 2.2163131947613546 of the center atom at index 35 by 211.0865769902742 degree around the axis [1. 0. 0.] in the cif file. The rotation should following the right-hand rule.,mp-759080_processed.cif
mp-759482.cif,Rotate all surrounding atoms within 3.959072360232287 of the center atom at index 0 by 174.58619183997615 degree around the axis [ 0.  0. -1.] in the cif file. The rotation should following the right-hand rule.,mp-759482_processed.cif
mp-759507.cif,Rotate all surrounding atoms within 3.8308586962480424 of the center atom at index 10 by 67.04308507015438 degree around the axis [ 0.  0. -1.] in the cif file. The rotation should following the right-hand rule.,mp-759507_processed.cif
mp-759524.cif,Rotate all surrounding atoms within 3.9158090588053276 of the center atom at index 20 by 116.66213004209213 degree around the axis [0. 1. 0.] in the cif file. The rotation should following the right-hand rule.,mp-759524_processed.cif
mp-759607.cif,Rotate all surrounding atoms within 2.56515898676753 of the center atom at index 15 by 196.05644900289332 degree around the axis [1. 0. 0.] in the cif file. The rotation should following the right-hand rule.,mp-759607_processed.cif
mp-759656.cif,Rotate all surrounding atoms within 3.851285510876357 of the center atom at index 8 by 296.61653214730177 degree around the axis [1. 0. 0.] in the cif file. The rotation should following the right-hand rule.,mp-759656_processed.cif
mp-759790.cif,Rotate all surrounding atoms within 3.164880572267214 of the center atom at index 1 by 106.99180254135933 degree around the axis [ 0.  0. -1.] in the cif file. The rotation should following the right-hand rule.,mp-759790_processed.cif
mp-759809.cif,Rotate all surrounding atoms within 3.4725801735992405 of the center atom at index 22 by 284.24605940577163 degree around the axis [ 0. -1.  0.] in the cif file. The rotation should following the right-hand rule.,mp-759809_processed.cif
mp-760193.cif,Rotate all surrounding atoms within 2.4525287657402766 of the center atom at index 4 by 142.0776163865891 degree around the axis [ 0.  0. -1.] in the cif file. The rotation should following the right-hand rule.,mp-760193_processed.cif
mp-760300.cif,Rotate all surrounding atoms within 3.0478550695864675 of the center atom at index 3 by 223.1884356764793 degree around the axis [0. 1. 0.] in the cif file. The rotation should following the right-hand rule.,mp-760300_processed.cif
mp-761082.cif,Rotate all surrounding atoms within 3.3810813823422157 of the center atom at index 1 by 199.94231671811824 degree around the axis [0. 1. 0.] in the cif file. The rotation should following the right-hand rule.,mp-761082_processed.cif
mp-761112.cif,Rotate all surrounding atoms within 3.942738373573108 of the center atom at index 4 by 160.51450488414403 degree around the axis [ 0. -1.  0.] in the cif file. The rotation should following the right-hand rule.,mp-761112_processed.cif
mp-7614.cif,Rotate all surrounding atoms within 2.978672322372971 of the center atom at index 36 by 199.91982835102365 degree around the axis [ 0. -1.  0.] in the cif file. The rotation should following the right-hand rule.,mp-7614_processed.cif
mp-762304.cif,Rotate all surrounding atoms within 2.4506666831642185 of the center atom at index 6 by 119.94480609367889 degree around the axis [0. 1. 0.] in the cif file. The rotation should following the right-hand rule.,mp-762304_processed.cif
mp-7625.cif,Rotate all surrounding atoms within 2.203513138922555 of the center atom at index 9 by 198.3734370917734 degree around the axis [0. 0. 1.] in the cif file. The rotation should following the right-hand rule.,mp-7625_processed.cif
mp-762521.cif,Rotate all surrounding atoms within 2.74232712778828 of the center atom at index 1 by 143.787551174146 degree around the axis [ 0. -1.  0.] in the cif file. The rotation should following the right-hand rule.,mp-762521_processed.cif
mp-763259.cif,Rotate all surrounding atoms within 3.6076926555401836 of the center atom at index 23 by 55.93763405011293 degree around the axis [ 0.  0. -1.] in the cif file. The rotation should following the right-hand rule.,mp-763259_processed.cif
mp-763484.cif,Rotate all surrounding atoms within 3.3268127073821967 of the center atom at index 15 by 246.55272414909052 degree around the axis [-1.  0.  0.] in the cif file. The rotation should following the right-hand rule.,mp-763484_processed.cif
mp-763920.cif,Rotate all surrounding atoms within 2.9169174719906037 of the center atom at index 11 by 160.426097885604 degree around the axis [0. 0. 1.] in the cif file. The rotation should following the right-hand rule.,mp-763920_processed.cif
mp-765709.cif,Rotate all surrounding atoms within 2.3537636105319413 of the center atom at index 11 by 220.33579776374896 degree around the axis [0. 0. 1.] in the cif file. The rotation should following the right-hand rule.,mp-765709_processed.cif
mp-766040.cif,Rotate all surrounding atoms within 3.9808568946600236 of the center atom at index 14 by 313.2259448226427 degree around the axis [0. 0. 1.] in the cif file. The rotation should following the right-hand rule.,mp-766040_processed.cif
mp-766051.cif,Rotate all surrounding atoms within 3.494335310142582 of the center atom at index 6 by 73.51242910854472 degree around the axis [-1.  0.  0.] in the cif file. The rotation should following the right-hand rule.,mp-766051_processed.cif
mp-766137.cif,Rotate all surrounding atoms within 3.803355784924368 of the center atom at index 25 by 152.35421020913083 degree around the axis [1. 0. 0.] in the cif file. The rotation should following the right-hand rule.,mp-766137_processed.cif
mp-766408.cif,Rotate all surrounding atoms within 2.809778709380354 of the center atom at index 9 by 231.77601230302588 degree around the axis [-1.  0.  0.] in the cif file. The rotation should following the right-hand rule.,mp-766408_processed.cif
mp-766447.cif,Rotate all surrounding atoms within 2.400436741722672 of the center atom at index 22 by 54.353675766382956 degree around the axis [-1.  0.  0.] in the cif file. The rotation should following the right-hand rule.,mp-766447_processed.cif
mp-766539.cif,Rotate all surrounding atoms within 3.5997715922499416 of the center atom at index 25 by 126.09755160840531 degree around the axis [1. 0. 0.] in the cif file. The rotation should following the right-hand rule.,mp-766539_processed.cif
mp-768276.cif,Rotate all surrounding atoms within 2.87359635923781 of the center atom at index 28 by 224.52210583070323 degree around the axis [-1.  0.  0.] in the cif file. The rotation should following the right-hand rule.,mp-768276_processed.cif
mp-768373.cif,Rotate all surrounding atoms within 3.754522567993341 of the center atom at index 1 by 299.64755356126733 degree around the axis [-1.  0.  0.] in the cif file. The rotation should following the right-hand rule.,mp-768373_processed.cif
mp-768854.cif,Rotate all surrounding atoms within 2.2708294226756003 of the center atom at index 5 by 217.77268979583837 degree around the axis [ 0. -1.  0.] in the cif file. The rotation should following the right-hand rule.,mp-768854_processed.cif
mp-768859.cif,Rotate all surrounding atoms within 1.9857172113039592 of the center atom at index 35 by 227.78056533450385 degree around the axis [-1.  0.  0.] in the cif file. The rotation should following the right-hand rule.,mp-768859_processed.cif
mp-769049.cif,Rotate all surrounding atoms within 3.7850705809389615 of the center atom at index 13 by 110.77458684363677 degree around the axis [-1.  0.  0.] in the cif file. The rotation should following the right-hand rule.,mp-769049_processed.cif
mp-769346.cif,Rotate all surrounding atoms within 2.918807318487387 of the center atom at index 28 by 77.79998106281475 degree around the axis [1. 0. 0.] in the cif file. The rotation should following the right-hand rule.,mp-769346_processed.cif
mp-769383.cif,Rotate all surrounding atoms within 1.374256256277317 of the center atom at index 21 by 184.82548397709226 degree around the axis [0. 0. 1.] in the cif file. The rotation should following the right-hand rule.,mp-769383_processed.cif
mp-770406.cif,Rotate all surrounding atoms within 3.1603901858251127 of the center atom at index 33 by 300.8855506005799 degree around the axis [ 0.  0. -1.] in the cif file. The rotation should following the right-hand rule.,mp-770406_processed.cif
mp-770508.cif,Rotate all surrounding atoms within 3.003529917641467 of the center atom at index 0 by 153.58407070676262 degree around the axis [0. 1. 0.] in the cif file. The rotation should following the right-hand rule.,mp-770508_processed.cif
mp-770714.cif,Rotate all surrounding atoms within 3.683473367857922 of the center atom at index 14 by 233.07907172912192 degree around the axis [1. 0. 0.] in the cif file. The rotation should following the right-hand rule.,mp-770714_processed.cif
mp-770847.cif,Rotate all surrounding atoms within 2.3747597855806 of the center atom at index 9 by 188.16443047384803 degree around the axis [0. 1. 0.] in the cif file. The rotation should following the right-hand rule.,mp-770847_processed.cif
mp-770865.cif,Rotate all surrounding atoms within 1.9911698218410698 of the center atom at index 38 by 271.1281980920327 degree around the axis [0. 1. 0.] in the cif file. The rotation should following the right-hand rule.,mp-770865_processed.cif
mp-770898.cif,Rotate all surrounding atoms within 3.326849939417002 of the center atom at index 5 by 276.8658878698405 degree around the axis [0. 1. 0.] in the cif file. The rotation should following the right-hand rule.,mp-770898_processed.cif
mp-770995.cif,Rotate all surrounding atoms within 3.2159205845857963 of the center atom at index 23 by 60.08318411495539 degree around the axis [0. 1. 0.] in the cif file. The rotation should following the right-hand rule.,mp-770995_processed.cif
mp-771674.cif,Rotate all surrounding atoms within 1.7023729852706713 of the center atom at index 26 by 111.6921606234344 degree around the axis [0. 0. 1.] in the cif file. The rotation should following the right-hand rule.,mp-771674_processed.cif
mp-772172.cif,Rotate all surrounding atoms within 3.005035196390377 of the center atom at index 4 by 255.9494707336242 degree around the axis [ 0.  0. -1.] in the cif file. The rotation should following the right-hand rule.,mp-772172_processed.cif
mp-772550.cif,Rotate all surrounding atoms within 2.3167106523866208 of the center atom at index 0 by 117.1472242616089 degree around the axis [0. 1. 0.] in the cif file. The rotation should following the right-hand rule.,mp-772550_processed.cif
mp-772610.cif,Rotate all surrounding atoms within 2.522998035608908 of the center atom at index 32 by 84.67339566800209 degree around the axis [1. 0. 0.] in the cif file. The rotation should following the right-hand rule.,mp-772610_processed.cif
mp-772749.cif,Rotate all surrounding atoms within 1.976400515751623 of the center atom at index 0 by 287.1923065356017 degree around the axis [1. 0. 0.] in the cif file. The rotation should following the right-hand rule.,mp-772749_processed.cif
mp-772763.cif,Rotate all surrounding atoms within 3.4578175944325986 of the center atom at index 1 by 259.708711460004 degree around the axis [-1.  0.  0.] in the cif file. The rotation should following the right-hand rule.,mp-772763_processed.cif
mp-772999.cif,Rotate all surrounding atoms within 3.223659649958247 of the center atom at index 13 by 309.583535471041 degree around the axis [1. 0. 0.] in the cif file. The rotation should following the right-hand rule.,mp-772999_processed.cif
mp-773070.cif,Rotate all surrounding atoms within 2.295745467670852 of the center atom at index 30 by 300.53755686294755 degree around the axis [-1.  0.  0.] in the cif file. The rotation should following the right-hand rule.,mp-773070_processed.cif
mp-774146.cif,Rotate all surrounding atoms within 3.780014289063465 of the center atom at index 7 by 69.011815362835 degree around the axis [ 0. -1.  0.] in the cif file. The rotation should following the right-hand rule.,mp-774146_processed.cif
mp-774370.cif,Rotate all surrounding atoms within 2.5657486940218694 of the center atom at index 22 by 237.94990327426711 degree around the axis [0. 0. 1.] in the cif file. The rotation should following the right-hand rule.,mp-774370_processed.cif
mp-774459.cif,Rotate all surrounding atoms within 3.70772007872964 of the center atom at index 20 by 257.02252865332923 degree around the axis [1. 0. 0.] in the cif file. The rotation should following the right-hand rule.,mp-774459_processed.cif
mp-774822.cif,Rotate all surrounding atoms within 2.526176042845216 of the center atom at index 8 by 264.2400141741714 degree around the axis [0. 0. 1.] in the cif file. The rotation should following the right-hand rule.,mp-774822_processed.cif
mp-774929.cif,Rotate all surrounding atoms within 3.7857707372108167 of the center atom at index 43 by 287.88077275660237 degree around the axis [ 0.  0. -1.] in the cif file. The rotation should following the right-hand rule.,mp-774929_processed.cif
mp-774940.cif,Rotate all surrounding atoms within 2.294096027949468 of the center atom at index 33 by 156.60599631679506 degree around the axis [0. 0. 1.] in the cif file. The rotation should following the right-hand rule.,mp-774940_processed.cif
mp-775126.cif,Rotate all surrounding atoms within 2.3685778313655894 of the center atom at index 32 by 122.35488243311259 degree around the axis [1. 0. 0.] in the cif file. The rotation should following the right-hand rule.,mp-775126_processed.cif
mp-775216.cif,Rotate all surrounding atoms within 1.951283563429113 of the center atom at index 4 by 267.70117975237406 degree around the axis [-1.  0.  0.] in the cif file. The rotation should following the right-hand rule.,mp-775216_processed.cif
mp-775224.cif,Rotate all surrounding atoms within 2.3117279088315543 of the center atom at index 24 by 278.687113466428 degree around the axis [-1.  0.  0.] in the cif file. The rotation should following the right-hand rule.,mp-775224_processed.cif
mp-775268.cif,Rotate all surrounding atoms within 2.2525150652708317 of the center atom at index 45 by 88.16478754808705 degree around the axis [0. 1. 0.] in the cif file. The rotation should following the right-hand rule.,mp-775268_processed.cif
mp-775340.cif,Rotate all surrounding atoms within 1.8391876147639215 of the center atom at index 27 by 86.13661949018837 degree around the axis [0. 0. 1.] in the cif file. The rotation should following the right-hand rule.,mp-775340_processed.cif
mp-775989.cif,Rotate all surrounding atoms within 1.9258547954730507 of the center atom at index 15 by 157.14959209642763 degree around the axis [ 0.  0. -1.] in the cif file. The rotation should following the right-hand rule.,mp-775989_processed.cif
mp-776097.cif,Rotate all surrounding atoms within 3.1187483997811727 of the center atom at index 7 by 208.53194790574258 degree around the axis [ 0. -1.  0.] in the cif file. The rotation should following the right-hand rule.,mp-776097_processed.cif
mp-776529.cif,Rotate all surrounding atoms within 2.6709346359613733 of the center atom at index 0 by 216.9444890121859 degree around the axis [ 0.  0. -1.] in the cif file. The rotation should following the right-hand rule.,mp-776529_processed.cif
mp-7767.cif,Rotate all surrounding atoms within 2.603811722670233 of the center atom at index 5 by 135.35287126617277 degree around the axis [-1.  0.  0.] in the cif file. The rotation should following the right-hand rule.,mp-7767_processed.cif
mp-776873.cif,Rotate all surrounding atoms within 3.107932377576046 of the center atom at index 35 by 276.18400197968975 degree around the axis [-1.  0.  0.] in the cif file. The rotation should following the right-hand rule.,mp-776873_processed.cif
mp-777288.cif,Rotate all surrounding atoms within 3.877344167241429 of the center atom at index 30 by 159.4204164434487 degree around the axis [ 0.  0. -1.] in the cif file. The rotation should following the right-hand rule.,mp-777288_processed.cif
mp-777458.cif,Rotate all surrounding atoms within 2.9643053876121996 of the center atom at index 31 by 207.65370041101406 degree around the axis [0. 0. 1.] in the cif file. The rotation should following the right-hand rule.,mp-777458_processed.cif
mp-777764.cif,Rotate all surrounding atoms within 1.8691676202595762 of the center atom at index 7 by 179.27665334832136 degree around the axis [-1.  0.  0.] in the cif file. The rotation should following the right-hand rule.,mp-777764_processed.cif
mp-778141.cif,Rotate all surrounding atoms within 2.44975499128848 of the center atom at index 14 by 125.00340893739033 degree around the axis [ 0. -1.  0.] in the cif file. The rotation should following the right-hand rule.,mp-778141_processed.cif
mp-778158.cif,Rotate all surrounding atoms within 2.1880687735662856 of the center atom at index 4 by 118.16289526331609 degree around the axis [ 0. -1.  0.] in the cif file. The rotation should following the right-hand rule.,mp-778158_processed.cif
mp-778252.cif,Rotate all surrounding atoms within 1.7246475611471768 of the center atom at index 12 by 57.19568221136485 degree around the axis [-1.  0.  0.] in the cif file. The rotation should following the right-hand rule.,mp-778252_processed.cif
mp-778260.cif,Rotate all surrounding atoms within 2.930738023716064 of the center atom at index 23 by 306.05210133418205 degree around the axis [0. 1. 0.] in the cif file. The rotation should following the right-hand rule.,mp-778260_processed.cif
mp-779095.cif,Rotate all surrounding atoms within 2.601920988078556 of the center atom at index 8 by 214.12288886894115 degree around the axis [0. 1. 0.] in the cif file. The rotation should following the right-hand rule.,mp-779095_processed.cif
mp-779789.cif,Rotate all surrounding atoms within 2.393441379369998 of the center atom at index 3 by 217.57339621183633 degree around the axis [0. 0. 1.] in the cif file. The rotation should following the right-hand rule.,mp-779789_processed.cif
mp-780121.cif,Rotate all surrounding atoms within 3.7652667120069525 of the center atom at index 13 by 248.22725661047087 degree around the axis [-1.  0.  0.] in the cif file. The rotation should following the right-hand rule.,mp-780121_processed.cif
mp-780175.cif,Rotate all surrounding atoms within 3.658768973414352 of the center atom at index 13 by 177.06447239272134 degree around the axis [0. 0. 1.] in the cif file. The rotation should following the right-hand rule.,mp-780175_processed.cif
mp-780392.cif,Rotate all surrounding atoms within 1.9269071161351015 of the center atom at index 29 by 187.74357431194332 degree around the axis [1. 0. 0.] in the cif file. The rotation should following the right-hand rule.,mp-780392_processed.cif
mp-780797.cif,Rotate all surrounding atoms within 2.2832753524098095 of the center atom at index 4 by 45.80424961552427 degree around the axis [ 0.  0. -1.] in the cif file. The rotation should following the right-hand rule.,mp-780797_processed.cif
mp-782009.cif,Rotate all surrounding atoms within 3.418485855491169 of the center atom at index 93 by 48.20490108457663 degree around the axis [ 0. -1.  0.] in the cif file. The rotation should following the right-hand rule.,mp-782009_processed.cif
mp-7926.cif,Rotate all surrounding atoms within 3.8312113108469776 of the center atom at index 9 by 196.54316900173296 degree around the axis [ 0.  0. -1.] in the cif file. The rotation should following the right-hand rule.,mp-7926_processed.cif
mp-803628.cif,Rotate all surrounding atoms within 3.1960329708922237 of the center atom at index 10 by 268.27052381435914 degree around the axis [ 0. -1.  0.] in the cif file. The rotation should following the right-hand rule.,mp-803628_processed.cif
mp-8058.cif,Rotate all surrounding atoms within 2.6073526603454815 of the center atom at index 1 by 280.22174571873353 degree around the axis [ 0. -1.  0.] in the cif file. The rotation should following the right-hand rule.,mp-8058_processed.cif
mp-807001.cif,Rotate all surrounding atoms within 3.0462064706959957 of the center atom at index 2 by 93.33218540470949 degree around the axis [ 0.  0. -1.] in the cif file. The rotation should following the right-hand rule.,mp-807001_processed.cif
mp-818638.cif,Rotate all surrounding atoms within 3.3165562877293757 of the center atom at index 32 by 45.89475260409999 degree around the axis [0. 1. 0.] in the cif file. The rotation should following the right-hand rule.,mp-818638_processed.cif
mp-850260.cif,Rotate all surrounding atoms within 3.3337577245843963 of the center atom at index 35 by 217.56349081111998 degree around the axis [-1.  0.  0.] in the cif file. The rotation should following the right-hand rule.,mp-850260_processed.cif
mp-850784.cif,Rotate all surrounding atoms within 2.768768758270559 of the center atom at index 8 by 218.44522271724176 degree around the axis [0. 0. 1.] in the cif file. The rotation should following the right-hand rule.,mp-850784_processed.cif
mp-850942.cif,Rotate all surrounding atoms within 2.252188520455608 of the center atom at index 31 by 229.87533496592016 degree around the axis [ 0.  0. -1.] in the cif file. The rotation should following the right-hand rule.,mp-850942_processed.cif
mp-861324.cif,Rotate all surrounding atoms within 2.8092380651756006 of the center atom at index 39 by 288.7557869362745 degree around the axis [1. 0. 0.] in the cif file. The rotation should following the right-hand rule.,mp-861324_processed.cif
mp-861689.cif,Rotate all surrounding atoms within 3.3474907952415807 of the center atom at index 27 by 252.76802987334918 degree around the axis [1. 0. 0.] in the cif file. The rotation should following the right-hand rule.,mp-861689_processed.cif
mp-863022.cif,Rotate all surrounding atoms within 3.4644405408810357 of the center atom at index 13 by 108.25698910880934 degree around the axis [0. 1. 0.] in the cif file. The rotation should following the right-hand rule.,mp-863022_processed.cif
mp-863365.cif,Rotate all surrounding atoms within 1.9226437197672328 of the center atom at index 17 by 97.1634415243808 degree around the axis [0. 0. 1.] in the cif file. The rotation should following the right-hand rule.,mp-863365_processed.cif
mp-863428.cif,Rotate all surrounding atoms within 2.2595541949755305 of the center atom at index 53 by 48.16915669562437 degree around the axis [0. 1. 0.] in the cif file. The rotation should following the right-hand rule.,mp-863428_processed.cif
mp-863754.cif,Rotate all surrounding atoms within 3.463925223034475 of the center atom at index 6 by 90.33184936091419 degree around the axis [ 0.  0. -1.] in the cif file. The rotation should following the right-hand rule.,mp-863754_processed.cif
mp-865205.cif,Rotate all surrounding atoms within 3.2464143571806234 of the center atom at index 13 by 207.4931130639 degree around the axis [ 0. -1.  0.] in the cif file. The rotation should following the right-hand rule.,mp-865205_processed.cif
mp-866298.cif,Rotate all surrounding atoms within 2.3843816167947436 of the center atom at index 14 by 67.94148336756258 degree around the axis [1. 0. 0.] in the cif file. The rotation should following the right-hand rule.,mp-866298_processed.cif
mp-866520.cif,Rotate all surrounding atoms within 3.2857007629838404 of the center atom at index 12 by 117.22721500866197 degree around the axis [0. 1. 0.] in the cif file. The rotation should following the right-hand rule.,mp-866520_processed.cif
mp-867606.cif,Rotate all surrounding atoms within 2.476373128747671 of the center atom at index 18 by 286.9936417811214 degree around the axis [1. 0. 0.] in the cif file. The rotation should following the right-hand rule.,mp-867606_processed.cif
mp-881189.cif,Rotate all surrounding atoms within 3.961030754650702 of the center atom at index 9 by 246.4442677198001 degree around the axis [1. 0. 0.] in the cif file. The rotation should following the right-hand rule.,mp-881189_processed.cif
mp-9275.cif,Rotate all surrounding atoms within 3.6093444793093594 of the center atom at index 48 by 185.7207925801002 degree around the axis [-1.  0.  0.] in the cif file. The rotation should following the right-hand rule.,mp-9275_processed.cif
mp-9324.cif,Rotate all surrounding atoms within 2.179188049795848 of the center atom at index 8 by 122.26423581537085 degree around the axis [-1.  0.  0.] in the cif file. The rotation should following the right-hand rule.,mp-9324_processed.cif
mp-935710.cif,Rotate all surrounding atoms within 3.052964748196918 of the center atom at index 18 by 290.4367540018287 degree around the axis [ 0.  0. -1.] in the cif file. The rotation should following the right-hand rule.,mp-935710_processed.cif
mp-9403.cif,Rotate all surrounding atoms within 1.7707527094731932 of the center atom at index 21 by 132.22198373934447 degree around the axis [-1.  0.  0.] in the cif file. The rotation should following the right-hand rule.,mp-9403_processed.cif
mp-9417.cif,Rotate all surrounding atoms within 2.4720472674111114 of the center atom at index 11 by 146.96285698715252 degree around the axis [-1.  0.  0.] in the cif file. The rotation should following the right-hand rule.,mp-9417_processed.cif
mp-978989.cif,Rotate all surrounding atoms within 3.824499795456606 of the center atom at index 3 by 235.7026118922212 degree around the axis [-1.  0.  0.] in the cif file. The rotation should following the right-hand rule.,mp-978989_processed.cif
mp-979264.cif,Rotate all surrounding atoms within 3.1143122269157524 of the center atom at index 8 by 67.38749440890247 degree around the axis [ 0.  0. -1.] in the cif file. The rotation should following the right-hand rule.,mp-979264_processed.cif
mp-982385.cif,Rotate all surrounding atoms within 3.3215243190745656 of the center atom at index 29 by 191.81870284184532 degree around the axis [1. 0. 0.] in the cif file. The rotation should following the right-hand rule.,mp-982385_processed.cif
mp-985468.cif,Rotate all surrounding atoms within 3.486735496122074 of the center atom at index 6 by 264.364439543501 degree around the axis [0. 0. 1.] in the cif file. The rotation should following the right-hand rule.,mp-985468_processed.cif
mp-991772.cif,Rotate all surrounding atoms within 3.335955185387777 of the center atom at index 5 by 65.11423585566715 degree around the axis [-1.  0.  0.] in the cif file. The rotation should following the right-hand rule.,mp-991772_processed.cif
mp-997585.cif,Rotate all surrounding atoms within 2.3311416115461463 of the center atom at index 18 by 82.58191288760915 degree around the axis [-1.  0.  0.] in the cif file. The rotation should following the right-hand rule.,mp-997585_processed.cif
mp-998746.cif,Rotate all surrounding atoms within 2.7911495777916 of the center atom at index 4 by 182.9393492768107 degree around the axis [0. 0. 1.] in the cif file. The rotation should following the right-hand rule.,mp-998746_processed.cif
