input_cif,action_prompt,output_cif
input_cifs\mp-1013842.cif,Rotate  all surrounding atoms within 3.9966968395961073 of the center atom at index 5 by 5.843512567336223 radians around the axis [0. 0. 1.] in the cif file.,mp-1013842_processed.cif
input_cifs\mp-1015026.cif,Rotate  all surrounding atoms within 3.0615524075236875 of the center atom at index 2 by 3.3471718980551297 radians around the axis [0. 1. 0.] in the cif file.,mp-1015026_processed.cif
input_cifs\mp-1016569.cif,Rotate  all surrounding atoms within 2.337339775261401 of the center atom at index 1 by 2.2683248240438942 radians around the axis [1. 0. 0.] in the cif file.,mp-1016569_processed.cif
input_cifs\mp-1016660.cif,Rotate  all surrounding atoms within 2.2097055146492344 of the center atom at index 2 by 4.261743105729452 radians around the axis [0. 1. 0.] in the cif file.,mp-1016660_processed.cif
input_cifs\mp-1020181.cif,Rotate  all surrounding atoms within 3.2074258982613433 of the center atom at index 30 by 2.628538809148285 radians around the axis [1. 0. 0.] in the cif file.,mp-1020181_processed.cif
input_cifs\mp-1020716.cif,Rotate  all surrounding atoms within 1.8492304027379303 of the center atom at index 54 by 2.9333971372589955 radians around the axis [0. 1. 0.] in the cif file.,mp-1020716_processed.cif
input_cifs\mp-1021278.cif,Rotate  all surrounding atoms within 2.204821206621007 of the center atom at index 8 by 0.7405900573528988 radians around the axis [1. 0. 0.] in the cif file.,mp-1021278_processed.cif
input_cifs\mp-1021658.cif,Rotate  all surrounding atoms within 3.959289210186831 of the center atom at index 11 by 4.948426303187636 radians around the axis [1. 0. 0.] in the cif file.,mp-1021658_processed.cif
input_cifs\mp-1021682.cif,Rotate  all surrounding atoms within 3.4000841782916447 of the center atom at index 7 by 2.9164265830581084 radians around the axis [1. 0. 0.] in the cif file.,mp-1021682_processed.cif
input_cifs\mp-1022203.cif,Rotate  all surrounding atoms within 2.2372401022598414 of the center atom at index 10 by 5.014336675676013 radians around the axis [1. 0. 0.] in the cif file.,mp-1022203_processed.cif
input_cifs\mp-1026634.cif,Rotate  all surrounding atoms within 3.409956981353472 of the center atom at index 14 by 2.525148623265664 radians around the axis [0. 0. 1.] in the cif file.,mp-1026634_processed.cif
input_cifs\mp-1026773.cif,Rotate  all surrounding atoms within 2.181304173831374 of the center atom at index 10 by 1.287914976594693 radians around the axis [0. 1. 0.] in the cif file.,mp-1026773_processed.cif
input_cifs\mp-1026775.cif,Rotate  all surrounding atoms within 3.1365203892337448 of the center atom at index 3 by 4.978071514985114 radians around the axis [0. 1. 0.] in the cif file.,mp-1026775_processed.cif
input_cifs\mp-1026818.cif,Rotate  all surrounding atoms within 1.8323817810387075 of the center atom at index 6 by 3.9533768208639364 radians around the axis [0. 0. 1.] in the cif file.,mp-1026818_processed.cif
input_cifs\mp-1026852.cif,Rotate  all surrounding atoms within 3.6803231588763814 of the center atom at index 1 by 2.4407697452957153 radians around the axis [1. 0. 0.] in the cif file.,mp-1026852_processed.cif
input_cifs\mp-1026901.cif,Rotate  all surrounding atoms within 2.089522917895338 of the center atom at index 7 by 4.841429377602086 radians around the axis [1. 0. 0.] in the cif file.,mp-1026901_processed.cif
input_cifs\mp-1027134.cif,Rotate  all surrounding atoms within 3.574009472211828 of the center atom at index 4 by 4.365260698490399 radians around the axis [0. 0. 1.] in the cif file.,mp-1027134_processed.cif
input_cifs\mp-1027152.cif,Rotate  all surrounding atoms within 2.466190499205031 of the center atom at index 5 by 2.4482591689912203 radians around the axis [0. 1. 0.] in the cif file.,mp-1027152_processed.cif
input_cifs\mp-1027852.cif,Rotate  all surrounding atoms within 3.578832487978661 of the center atom at index 1 by 2.008755619338338 radians around the axis [1. 0. 0.] in the cif file.,mp-1027852_processed.cif
input_cifs\mp-1027965.cif,Rotate  all surrounding atoms within 1.7161677432055564 of the center atom at index 0 by 5.82590830175317 radians around the axis [0. 1. 0.] in the cif file.,mp-1027965_processed.cif
input_cifs\mp-1027971.cif,Rotate  all surrounding atoms within 3.615260126669493 of the center atom at index 0 by 5.164522945058414 radians around the axis [1. 0. 0.] in the cif file.,mp-1027971_processed.cif
input_cifs\mp-1028124.cif,Rotate  all surrounding atoms within 1.7228348679202508 of the center atom at index 1 by 0.9783661871845482 radians around the axis [0. 1. 0.] in the cif file.,mp-1028124_processed.cif
input_cifs\mp-1028136.cif,Rotate  all surrounding atoms within 3.7468434133129502 of the center atom at index 6 by 4.038453717013933 radians around the axis [0. 1. 0.] in the cif file.,mp-1028136_processed.cif
input_cifs\mp-1028229.cif,Rotate  all surrounding atoms within 2.000053344066589 of the center atom at index 7 by 3.7342687586436667 radians around the axis [0. 0. 1.] in the cif file.,mp-1028229_processed.cif
input_cifs\mp-1028374.cif,Rotate  all surrounding atoms within 3.5443811824943174 of the center atom at index 14 by 3.2229951920690185 radians around the axis [0. 1. 0.] in the cif file.,mp-1028374_processed.cif
input_cifs\mp-1028383.cif,Rotate  all surrounding atoms within 2.12384300068693 of the center atom at index 5 by 1.5521545146282874 radians around the axis [1. 0. 0.] in the cif file.,mp-1028383_processed.cif
input_cifs\mp-1028854.cif,Rotate  all surrounding atoms within 1.7172852197840314 of the center atom at index 10 by 2.5571411574386866 radians around the axis [0. 0. 1.] in the cif file.,mp-1028854_processed.cif
input_cifs\mp-1029113.cif,Rotate  all surrounding atoms within 3.874472269735305 of the center atom at index 4 by 1.034377230115164 radians around the axis [0. 0. 1.] in the cif file.,mp-1029113_processed.cif
input_cifs\mp-1029368.cif,Rotate  all surrounding atoms within 1.5365336341347953 of the center atom at index 1 by 0.502639708716782 radians around the axis [1. 0. 0.] in the cif file.,mp-1029368_processed.cif
input_cifs\mp-1031131.cif,Rotate  all surrounding atoms within 3.262395990362247 of the center atom at index 10 by 3.467983747140767 radians around the axis [0. 0. 1.] in the cif file.,mp-1031131_processed.cif
input_cifs\mp-1032360.cif,Rotate  all surrounding atoms within 1.7134023167165988 of the center atom at index 4 by 2.037756570706121 radians around the axis [1. 0. 0.] in the cif file.,mp-1032360_processed.cif
input_cifs\mp-1033383.cif,Rotate  all surrounding atoms within 3.485022168703389 of the center atom at index 0 by 3.0875584014643174 radians around the axis [1. 0. 0.] in the cif file.,mp-1033383_processed.cif
input_cifs\mp-1034355.cif,Rotate  all surrounding atoms within 1.6487272062738485 of the center atom at index 26 by 1.570697572949384 radians around the axis [0. 1. 0.] in the cif file.,mp-1034355_processed.cif
input_cifs\mp-1035597.cif,Rotate  all surrounding atoms within 1.6357762755166916 of the center atom at index 26 by 1.8459281160142318 radians around the axis [0. 1. 0.] in the cif file.,mp-1035597_processed.cif
input_cifs\mp-1035800.cif,Rotate  all surrounding atoms within 2.253260366717214 of the center atom at index 11 by 5.709757560337485 radians around the axis [1. 0. 0.] in the cif file.,mp-1035800_processed.cif
input_cifs\mp-1037450.cif,Rotate  all surrounding atoms within 2.934797255039343 of the center atom at index 47 by 2.68473386035627 radians around the axis [0. 1. 0.] in the cif file.,mp-1037450_processed.cif
input_cifs\mp-1038247.cif,Rotate  all surrounding atoms within 2.205733293045436 of the center atom at index 37 by 4.525593764783805 radians around the axis [0. 0. 1.] in the cif file.,mp-1038247_processed.cif
input_cifs\mp-1038590.cif,Rotate  all surrounding atoms within 3.6207429621142024 of the center atom at index 26 by 1.426120550932799 radians around the axis [1. 0. 0.] in the cif file.,mp-1038590_processed.cif
input_cifs\mp-1038638.cif,Rotate  all surrounding atoms within 2.168331954168831 of the center atom at index 60 by 3.046198184473028 radians around the axis [0. 1. 0.] in the cif file.,mp-1038638_processed.cif
input_cifs\mp-1039951.cif,Rotate  all surrounding atoms within 3.312052250390791 of the center atom at index 26 by 3.1905750095751446 radians around the axis [1. 0. 0.] in the cif file.,mp-1039951_processed.cif
input_cifs\mp-1040370.cif,Rotate  all surrounding atoms within 3.1642644128569843 of the center atom at index 9 by 0.6405438522847087 radians around the axis [0. 1. 0.] in the cif file.,mp-1040370_processed.cif
input_cifs\mp-1041045.cif,Rotate  all surrounding atoms within 3.2699168764228825 of the center atom at index 18 by 4.428054409742854 radians around the axis [1. 0. 0.] in the cif file.,mp-1041045_processed.cif
input_cifs\mp-1041056.cif,Rotate  all surrounding atoms within 1.8216165833375075 of the center atom at index 4 by 1.3250720248788628 radians around the axis [0. 0. 1.] in the cif file.,mp-1041056_processed.cif
input_cifs\mp-1041213.cif,Rotate  all surrounding atoms within 1.6351421812653688 of the center atom at index 33 by 6.051764038664373 radians around the axis [0. 0. 1.] in the cif file.,mp-1041213_processed.cif
input_cifs\mp-1042028.cif,Rotate  all surrounding atoms within 3.9275271109549528 of the center atom at index 8 by 3.0048341214198917 radians around the axis [0. 0. 1.] in the cif file.,mp-1042028_processed.cif
input_cifs\mp-1042158.cif,Rotate  all surrounding atoms within 2.8820792318593487 of the center atom at index 3 by 2.0364434901438093 radians around the axis [0. 1. 0.] in the cif file.,mp-1042158_processed.cif
input_cifs\mp-1042205.cif,Rotate  all surrounding atoms within 3.384569476687352 of the center atom at index 4 by 4.185351306353272 radians around the axis [1. 0. 0.] in the cif file.,mp-1042205_processed.cif
input_cifs\mp-1042378.cif,Rotate  all surrounding atoms within 2.785337400590208 of the center atom at index 6 by 4.211414804137701 radians around the axis [0. 1. 0.] in the cif file.,mp-1042378_processed.cif
input_cifs\mp-1042415.cif,Rotate  all surrounding atoms within 2.5156736081900553 of the center atom at index 35 by 4.100679665954946 radians around the axis [0. 1. 0.] in the cif file.,mp-1042415_processed.cif
input_cifs\mp-1042656.cif,Rotate  all surrounding atoms within 1.7639516322807975 of the center atom at index 18 by 2.3737955047385855 radians around the axis [0. 1. 0.] in the cif file.,mp-1042656_processed.cif
input_cifs\mp-1042677.cif,Rotate  all surrounding atoms within 3.9525032918292875 of the center atom at index 28 by 3.461895282392763 radians around the axis [1. 0. 0.] in the cif file.,mp-1042677_processed.cif
input_cifs\mp-1042685.cif,Rotate  all surrounding atoms within 3.615343056467758 of the center atom at index 51 by 6.127759261571798 radians around the axis [0. 0. 1.] in the cif file.,mp-1042685_processed.cif
input_cifs\mp-1042896.cif,Rotate  all surrounding atoms within 2.053305064475083 of the center atom at index 4 by 0.9262769114782101 radians around the axis [0. 1. 0.] in the cif file.,mp-1042896_processed.cif
input_cifs\mp-1043828.cif,Rotate  all surrounding atoms within 3.4938089151716256 of the center atom at index 27 by 5.272426078526584 radians around the axis [0. 1. 0.] in the cif file.,mp-1043828_processed.cif
input_cifs\mp-1044049.cif,Rotate  all surrounding atoms within 1.6237930391004125 of the center atom at index 9 by 4.413278403175688 radians around the axis [0. 0. 1.] in the cif file.,mp-1044049_processed.cif
input_cifs\mp-1044636.cif,Rotate  all surrounding atoms within 2.757349080467305 of the center atom at index 45 by 3.6590296969250353 radians around the axis [1. 0. 0.] in the cif file.,mp-1044636_processed.cif
input_cifs\mp-1045786.cif,Rotate  all surrounding atoms within 2.7045403888944417 of the center atom at index 30 by 4.204912989391831 radians around the axis [1. 0. 0.] in the cif file.,mp-1045786_processed.cif
input_cifs\mp-1045992.cif,Rotate  all surrounding atoms within 3.3380590730947763 of the center atom at index 3 by 4.097366743878424 radians around the axis [0. 1. 0.] in the cif file.,mp-1045992_processed.cif
input_cifs\mp-1046286.cif,Rotate  all surrounding atoms within 1.9920475074102595 of the center atom at index 10 by 0.5135023152078029 radians around the axis [0. 1. 0.] in the cif file.,mp-1046286_processed.cif
input_cifs\mp-1047007.cif,Rotate  all surrounding atoms within 3.95888199831768 of the center atom at index 1 by 3.8202859340844575 radians around the axis [0. 0. 1.] in the cif file.,mp-1047007_processed.cif
input_cifs\mp-1047085.cif,Rotate  all surrounding atoms within 2.8426816328020186 of the center atom at index 7 by 5.116619722893294 radians around the axis [0. 1. 0.] in the cif file.,mp-1047085_processed.cif
input_cifs\mp-1047504.cif,Rotate  all surrounding atoms within 2.6159320113115343 of the center atom at index 5 by 2.034679410511594 radians around the axis [0. 1. 0.] in the cif file.,mp-1047504_processed.cif
input_cifs\mp-1047641.cif,Rotate  all surrounding atoms within 2.244437109771322 of the center atom at index 9 by 1.237975558067911 radians around the axis [0. 1. 0.] in the cif file.,mp-1047641_processed.cif
input_cifs\mp-1047798.cif,Rotate  all surrounding atoms within 1.6389096910608532 of the center atom at index 43 by 4.809716056360383 radians around the axis [0. 0. 1.] in the cif file.,mp-1047798_processed.cif
input_cifs\mp-1048141.cif,Rotate  all surrounding atoms within 1.653778229567601 of the center atom at index 14 by 4.301157562329911 radians around the axis [0. 0. 1.] in the cif file.,mp-1048141_processed.cif
input_cifs\mp-1048241.cif,Rotate  all surrounding atoms within 2.5715480339490835 of the center atom at index 4 by 3.9256281635465733 radians around the axis [0. 0. 1.] in the cif file.,mp-1048241_processed.cif
input_cifs\mp-1048742.cif,Rotate  all surrounding atoms within 3.5419659418615694 of the center atom at index 14 by 2.174962277016097 radians around the axis [0. 1. 0.] in the cif file.,mp-1048742_processed.cif
input_cifs\mp-1048819.cif,Rotate  all surrounding atoms within 2.228810445440394 of the center atom at index 8 by 3.8663856139832187 radians around the axis [0. 1. 0.] in the cif file.,mp-1048819_processed.cif
input_cifs\mp-10543.cif,Rotate  all surrounding atoms within 2.3159240419611935 of the center atom at index 6 by 3.1371580981627547 radians around the axis [0. 0. 1.] in the cif file.,mp-10543_processed.cif
input_cifs\mp-1073454.cif,Rotate  all surrounding atoms within 3.6617612251662366 of the center atom at index 11 by 1.0378253122004115 radians around the axis [0. 1. 0.] in the cif file.,mp-1073454_processed.cif
input_cifs\mp-1073857.cif,Rotate  all surrounding atoms within 3.872776122771041 of the center atom at index 8 by 3.055569091959899 radians around the axis [1. 0. 0.] in the cif file.,mp-1073857_processed.cif
input_cifs\mp-1074382.cif,Rotate  all surrounding atoms within 3.2211351065462583 of the center atom at index 1 by 1.1894178885720703 radians around the axis [0. 1. 0.] in the cif file.,mp-1074382_processed.cif
input_cifs\mp-1075115.cif,Rotate  all surrounding atoms within 3.9211340691839514 of the center atom at index 0 by 1.9152819759112343 radians around the axis [0. 0. 1.] in the cif file.,mp-1075115_processed.cif
input_cifs\mp-1076171.cif,Rotate  all surrounding atoms within 2.5275541233117007 of the center atom at index 30 by 0.8219688684809807 radians around the axis [0. 1. 0.] in the cif file.,mp-1076171_processed.cif
input_cifs\mp-1076264.cif,Rotate  all surrounding atoms within 2.074823614570403 of the center atom at index 17 by 1.990177926219683 radians around the axis [1. 0. 0.] in the cif file.,mp-1076264_processed.cif
input_cifs\mp-1080179.cif,Rotate  all surrounding atoms within 3.9327604401042606 of the center atom at index 7 by 3.050449624652254 radians around the axis [1. 0. 0.] in the cif file.,mp-1080179_processed.cif
input_cifs\mp-1080349.cif,Rotate  all surrounding atoms within 2.2561383185830466 of the center atom at index 11 by 1.2791121859384134 radians around the axis [0. 0. 1.] in the cif file.,mp-1080349_processed.cif
input_cifs\mp-1080354.cif,Rotate  all surrounding atoms within 2.4639664568527113 of the center atom at index 19 by 2.6343645562290217 radians around the axis [0. 0. 1.] in the cif file.,mp-1080354_processed.cif
input_cifs\mp-1080713.cif,Rotate  all surrounding atoms within 3.844708051136398 of the center atom at index 4 by 5.854356973033374 radians around the axis [0. 1. 0.] in the cif file.,mp-1080713_processed.cif
input_cifs\mp-1094804.cif,Rotate  all surrounding atoms within 2.114632109939765 of the center atom at index 4 by 3.211658731750364 radians around the axis [0. 0. 1.] in the cif file.,mp-1094804_processed.cif
input_cifs\mp-1095083.cif,Rotate  all surrounding atoms within 2.4277700941865006 of the center atom at index 4 by 3.0093592319603717 radians around the axis [1. 0. 0.] in the cif file.,mp-1095083_processed.cif
input_cifs\mp-1095476.cif,Rotate  all surrounding atoms within 1.7178010514194872 of the center atom at index 5 by 2.934512999300266 radians around the axis [1. 0. 0.] in the cif file.,mp-1095476_processed.cif
input_cifs\mp-1095575.cif,Rotate  all surrounding atoms within 1.6205746171958806 of the center atom at index 3 by 3.736226941300785 radians around the axis [0. 1. 0.] in the cif file.,mp-1095575_processed.cif
input_cifs\mp-1095585.cif,Rotate  all surrounding atoms within 2.691345245915231 of the center atom at index 6 by 2.5099943822631987 radians around the axis [0. 0. 1.] in the cif file.,mp-1095585_processed.cif
input_cifs\mp-1095643.cif,Rotate  all surrounding atoms within 3.895898644053226 of the center atom at index 9 by 0.5033388016906567 radians around the axis [0. 1. 0.] in the cif file.,mp-1095643_processed.cif
input_cifs\mp-1095675.cif,Rotate  all surrounding atoms within 2.848363832437526 of the center atom at index 3 by 0.6657670951346193 radians around the axis [1. 0. 0.] in the cif file.,mp-1095675_processed.cif
input_cifs\mp-1095677.cif,Rotate  all surrounding atoms within 1.7402026312149785 of the center atom at index 0 by 2.9611549210905372 radians around the axis [0. 1. 0.] in the cif file.,mp-1095677_processed.cif
input_cifs\mp-1096913.cif,Rotate  all surrounding atoms within 1.6140654657752658 of the center atom at index 5 by 1.9369334405435163 radians around the axis [0. 0. 1.] in the cif file.,mp-1096913_processed.cif
input_cifs\mp-1099100.cif,Rotate  all surrounding atoms within 1.6693285137367408 of the center atom at index 6 by 2.6068667922925512 radians around the axis [1. 0. 0.] in the cif file.,mp-1099100_processed.cif
input_cifs\mp-1100340.cif,Rotate  all surrounding atoms within 2.696970093244618 of the center atom at index 6 by 2.175076051094784 radians around the axis [0. 0. 1.] in the cif file.,mp-1100340_processed.cif
input_cifs\mp-1100512.cif,Rotate  all surrounding atoms within 3.5336021580003836 of the center atom at index 0 by 1.794700164339596 radians around the axis [0. 1. 0.] in the cif file.,mp-1100512_processed.cif
input_cifs\mp-1100602.cif,Rotate  all surrounding atoms within 2.019867026517943 of the center atom at index 16 by 0.5273947674958764 radians around the axis [0. 0. 1.] in the cif file.,mp-1100602_processed.cif
input_cifs\mp-1100645.cif,Rotate  all surrounding atoms within 2.4281358591025173 of the center atom at index 14 by 6.269177453735498 radians around the axis [1. 0. 0.] in the cif file.,mp-1100645_processed.cif
input_cifs\mp-1100655.cif,Rotate  all surrounding atoms within 2.896644121414748 of the center atom at index 25 by 4.103419122944247 radians around the axis [0. 1. 0.] in the cif file.,mp-1100655_processed.cif
input_cifs\mp-1100709.cif,Rotate  all surrounding atoms within 3.577084638177091 of the center atom at index 3 by 2.850211982523016 radians around the axis [0. 0. 1.] in the cif file.,mp-1100709_processed.cif
input_cifs\mp-1100895.cif,Rotate  all surrounding atoms within 1.8450782687261338 of the center atom at index 20 by 5.2149269342885525 radians around the axis [0. 0. 1.] in the cif file.,mp-1100895_processed.cif
input_cifs\mp-1101365.cif,Rotate  all surrounding atoms within 3.353330605419266 of the center atom at index 52 by 4.2911272881044695 radians around the axis [0. 0. 1.] in the cif file.,mp-1101365_processed.cif
input_cifs\mp-1101490.cif,Rotate  all surrounding atoms within 3.4025703631908284 of the center atom at index 52 by 1.0230860295259103 radians around the axis [0. 0. 1.] in the cif file.,mp-1101490_processed.cif
input_cifs\mp-1101729.cif,Rotate  all surrounding atoms within 3.3622002111341915 of the center atom at index 17 by 1.4354715647650365 radians around the axis [0. 1. 0.] in the cif file.,mp-1101729_processed.cif
input_cifs\mp-1101899.cif,Rotate  all surrounding atoms within 2.018153738699203 of the center atom at index 6 by 5.581686207549632 radians around the axis [0. 0. 1.] in the cif file.,mp-1101899_processed.cif
input_cifs\mp-1102433.cif,Rotate  all surrounding atoms within 2.075173612006496 of the center atom at index 1 by 2.380367937255508 radians around the axis [1. 0. 0.] in the cif file.,mp-1102433_processed.cif
input_cifs\mp-1102534.cif,Rotate  all surrounding atoms within 3.2336284188806346 of the center atom at index 11 by 0.5984573263155368 radians around the axis [0. 1. 0.] in the cif file.,mp-1102534_processed.cif
input_cifs\mp-1102795.cif,Rotate  all surrounding atoms within 3.5024745824685235 of the center atom at index 1 by 1.5161047746958674 radians around the axis [0. 1. 0.] in the cif file.,mp-1102795_processed.cif
input_cifs\mp-1102865.cif,Rotate  all surrounding atoms within 1.695528730670795 of the center atom at index 4 by 3.236990131453147 radians around the axis [0. 0. 1.] in the cif file.,mp-1102865_processed.cif
input_cifs\mp-1102948.cif,Rotate  all surrounding atoms within 1.8765168264727548 of the center atom at index 10 by 1.8922741982593902 radians around the axis [0. 1. 0.] in the cif file.,mp-1102948_processed.cif
input_cifs\mp-1102963.cif,Rotate  all surrounding atoms within 2.8014720780017752 of the center atom at index 10 by 1.906632318984225 radians around the axis [0. 0. 1.] in the cif file.,mp-1102963_processed.cif
input_cifs\mp-1103212.cif,Rotate  all surrounding atoms within 1.5880687544844336 of the center atom at index 0 by 0.7900502147975812 radians around the axis [0. 1. 0.] in the cif file.,mp-1103212_processed.cif
input_cifs\mp-1103303.cif,Rotate  all surrounding atoms within 1.8773294293699634 of the center atom at index 3 by 3.0217462802483737 radians around the axis [0. 1. 0.] in the cif file.,mp-1103303_processed.cif
input_cifs\mp-1103651.cif,Rotate  all surrounding atoms within 2.40531727484326 of the center atom at index 10 by 0.9940166443874154 radians around the axis [1. 0. 0.] in the cif file.,mp-1103651_processed.cif
input_cifs\mp-1104386.cif,Rotate  all surrounding atoms within 3.140628995603527 of the center atom at index 9 by 1.6476599529608733 radians around the axis [0. 1. 0.] in the cif file.,mp-1104386_processed.cif
input_cifs\mp-1104404.cif,Rotate  all surrounding atoms within 2.5441856684371977 of the center atom at index 5 by 4.107512294334645 radians around the axis [1. 0. 0.] in the cif file.,mp-1104404_processed.cif
input_cifs\mp-1104448.cif,Rotate  all surrounding atoms within 3.08292922292579 of the center atom at index 18 by 1.8384262694035323 radians around the axis [0. 1. 0.] in the cif file.,mp-1104448_processed.cif
input_cifs\mp-1105372.cif,Rotate  all surrounding atoms within 2.6236120326369052 of the center atom at index 1 by 4.73273822268866 radians around the axis [1. 0. 0.] in the cif file.,mp-1105372_processed.cif
input_cifs\mp-1105581.cif,Rotate  all surrounding atoms within 2.1441560320745627 of the center atom at index 1 by 1.1652921711972528 radians around the axis [0. 1. 0.] in the cif file.,mp-1105581_processed.cif
input_cifs\mp-1105587.cif,Rotate  all surrounding atoms within 3.0352230278428087 of the center atom at index 14 by 2.7228067568746224 radians around the axis [1. 0. 0.] in the cif file.,mp-1105587_processed.cif
input_cifs\mp-1105631.cif,Rotate  all surrounding atoms within 3.1994924565868317 of the center atom at index 5 by 0.7973501004876978 radians around the axis [1. 0. 0.] in the cif file.,mp-1105631_processed.cif
input_cifs\mp-1105736.cif,Rotate  all surrounding atoms within 1.7237875592748715 of the center atom at index 11 by 5.927868961634328 radians around the axis [0. 0. 1.] in the cif file.,mp-1105736_processed.cif
input_cifs\mp-1105952.cif,Rotate  all surrounding atoms within 2.6743552298942395 of the center atom at index 15 by 2.5717545524433687 radians around the axis [0. 0. 1.] in the cif file.,mp-1105952_processed.cif
input_cifs\mp-1105985.cif,Rotate  all surrounding atoms within 3.077250543085704 of the center atom at index 11 by 1.5919826267170898 radians around the axis [0. 0. 1.] in the cif file.,mp-1105985_processed.cif
input_cifs\mp-1106159.cif,Rotate  all surrounding atoms within 3.9076307407455593 of the center atom at index 13 by 1.352166664907942 radians around the axis [0. 0. 1.] in the cif file.,mp-1106159_processed.cif
input_cifs\mp-1110626.cif,Rotate  all surrounding atoms within 3.940016338946986 of the center atom at index 7 by 4.862375813410708 radians around the axis [0. 0. 1.] in the cif file.,mp-1110626_processed.cif
input_cifs\mp-1110754.cif,Rotate  all surrounding atoms within 2.173589459334785 of the center atom at index 4 by 4.237961650327661 radians around the axis [0. 1. 0.] in the cif file.,mp-1110754_processed.cif
input_cifs\mp-1111211.cif,Rotate  all surrounding atoms within 2.3288970202907735 of the center atom at index 7 by 0.9026036020559288 radians around the axis [0. 0. 1.] in the cif file.,mp-1111211_processed.cif
input_cifs\mp-1111610.cif,Rotate  all surrounding atoms within 3.6527864403852313 of the center atom at index 4 by 1.466367663279483 radians around the axis [0. 1. 0.] in the cif file.,mp-1111610_processed.cif
input_cifs\mp-1111940.cif,Rotate  all surrounding atoms within 2.7041628208559567 of the center atom at index 2 by 0.7027521747269405 radians around the axis [0. 1. 0.] in the cif file.,mp-1111940_processed.cif
input_cifs\mp-1112257.cif,Rotate  all surrounding atoms within 2.779945891373502 of the center atom at index 9 by 4.44120586702174 radians around the axis [0. 1. 0.] in the cif file.,mp-1112257_processed.cif
input_cifs\mp-1112416.cif,Rotate  all surrounding atoms within 1.7938814750767607 of the center atom at index 5 by 5.671002591537965 radians around the axis [0. 0. 1.] in the cif file.,mp-1112416_processed.cif
input_cifs\mp-11143.cif,Rotate  all surrounding atoms within 2.5480244843000186 of the center atom at index 23 by 5.439293935941905 radians around the axis [0. 1. 0.] in the cif file.,mp-11143_processed.cif
input_cifs\mp-11145.cif,Rotate  all surrounding atoms within 3.2871571657930727 of the center atom at index 7 by 0.550459334062904 radians around the axis [1. 0. 0.] in the cif file.,mp-11145_processed.cif
input_cifs\mp-1120749.cif,Rotate  all surrounding atoms within 3.5741898611069916 of the center atom at index 22 by 3.15050363489718 radians around the axis [0. 1. 0.] in the cif file.,mp-1120749_processed.cif
input_cifs\mp-11250.cif,Rotate  all surrounding atoms within 1.6356077485272322 of the center atom at index 7 by 2.992884925601413 radians around the axis [1. 0. 0.] in the cif file.,mp-11250_processed.cif
input_cifs\mp-1157680.cif,Rotate  all surrounding atoms within 2.3569313856895393 of the center atom at index 15 by 2.993044994551197 radians around the axis [0. 0. 1.] in the cif file.,mp-1157680_processed.cif
input_cifs\mp-1173361.cif,Rotate  all surrounding atoms within 2.9318088586897333 of the center atom at index 8 by 2.0445701294787475 radians around the axis [0. 1. 0.] in the cif file.,mp-1173361_processed.cif
input_cifs\mp-1173548.cif,Rotate  all surrounding atoms within 2.4097664368174208 of the center atom at index 1 by 2.1250476055650984 radians around the axis [0. 1. 0.] in the cif file.,mp-1173548_processed.cif
input_cifs\mp-1173561.cif,Rotate  all surrounding atoms within 3.6365761799295067 of the center atom at index 1 by 2.196438344248767 radians around the axis [1. 0. 0.] in the cif file.,mp-1173561_processed.cif
input_cifs\mp-1173706.cif,Rotate  all surrounding atoms within 2.2187754264745436 of the center atom at index 19 by 2.0804133972228125 radians around the axis [0. 1. 0.] in the cif file.,mp-1173706_processed.cif
input_cifs\mp-1173883.cif,Rotate  all surrounding atoms within 3.486729025454406 of the center atom at index 2 by 3.4122861760641165 radians around the axis [1. 0. 0.] in the cif file.,mp-1173883_processed.cif
input_cifs\mp-1174010.cif,Rotate  all surrounding atoms within 2.3778849815660035 of the center atom at index 16 by 3.1303217927447506 radians around the axis [0. 0. 1.] in the cif file.,mp-1174010_processed.cif
input_cifs\mp-1174079.cif,Rotate  all surrounding atoms within 2.0791389129715356 of the center atom at index 9 by 4.957168723595439 radians around the axis [1. 0. 0.] in the cif file.,mp-1174079_processed.cif
input_cifs\mp-1174299.cif,Rotate  all surrounding atoms within 1.6411497170488403 of the center atom at index 10 by 4.3405193702515135 radians around the axis [0. 1. 0.] in the cif file.,mp-1174299_processed.cif
input_cifs\mp-1174536.cif,Rotate  all surrounding atoms within 3.673924766178819 of the center atom at index 17 by 1.1786769183550647 radians around the axis [0. 0. 1.] in the cif file.,mp-1174536_processed.cif
input_cifs\mp-1174549.cif,Rotate  all surrounding atoms within 2.4850345433881875 of the center atom at index 23 by 1.262229791045276 radians around the axis [0. 1. 0.] in the cif file.,mp-1174549_processed.cif
input_cifs\mp-1174561.cif,Rotate  all surrounding atoms within 1.5024623312454966 of the center atom at index 24 by 0.5482328957701903 radians around the axis [0. 0. 1.] in the cif file.,mp-1174561_processed.cif
input_cifs\mp-1174631.cif,Rotate  all surrounding atoms within 2.934890447228911 of the center atom at index 1 by 2.7788280343897256 radians around the axis [0. 1. 0.] in the cif file.,mp-1174631_processed.cif
input_cifs\mp-1174708.cif,Rotate  all surrounding atoms within 3.7809264524883406 of the center atom at index 23 by 0.7161926937882581 radians around the axis [0. 1. 0.] in the cif file.,mp-1174708_processed.cif
input_cifs\mp-1175060.cif,Rotate  all surrounding atoms within 2.500383706411194 of the center atom at index 3 by 5.394819841713268 radians around the axis [0. 0. 1.] in the cif file.,mp-1175060_processed.cif
input_cifs\mp-1175670.cif,Rotate  all surrounding atoms within 3.232992679116787 of the center atom at index 16 by 0.9699269537233779 radians around the axis [0. 0. 1.] in the cif file.,mp-1175670_processed.cif
input_cifs\mp-1175676.cif,Rotate  all surrounding atoms within 2.7825370477725895 of the center atom at index 31 by 3.2394250968397986 radians around the axis [0. 0. 1.] in the cif file.,mp-1175676_processed.cif
input_cifs\mp-1175716.cif,Rotate  all surrounding atoms within 2.7648965305644237 of the center atom at index 0 by 2.2032558787954164 radians around the axis [1. 0. 0.] in the cif file.,mp-1175716_processed.cif
input_cifs\mp-1176074.cif,Rotate  all surrounding atoms within 3.3502056281681156 of the center atom at index 8 by 1.9614254409068617 radians around the axis [0. 0. 1.] in the cif file.,mp-1176074_processed.cif
input_cifs\mp-1176243.cif,Rotate  all surrounding atoms within 2.4743368380035107 of the center atom at index 8 by 3.3798916335825666 radians around the axis [0. 1. 0.] in the cif file.,mp-1176243_processed.cif
input_cifs\mp-1176471.cif,Rotate  all surrounding atoms within 3.05674775210493 of the center atom at index 16 by 1.0907458654429205 radians around the axis [1. 0. 0.] in the cif file.,mp-1176471_processed.cif
input_cifs\mp-1176486.cif,Rotate  all surrounding atoms within 3.3827547221456404 of the center atom at index 30 by 2.9180807080215896 radians around the axis [1. 0. 0.] in the cif file.,mp-1176486_processed.cif
input_cifs\mp-1176593.cif,Rotate  all surrounding atoms within 2.42132295535616 of the center atom at index 34 by 4.04090507175779 radians around the axis [1. 0. 0.] in the cif file.,mp-1176593_processed.cif
input_cifs\mp-1176664.cif,Rotate  all surrounding atoms within 3.196731902497419 of the center atom at index 34 by 5.041372120583471 radians around the axis [1. 0. 0.] in the cif file.,mp-1176664_processed.cif
input_cifs\mp-1176678.cif,Rotate  all surrounding atoms within 2.483561801319802 of the center atom at index 27 by 1.2812183136512978 radians around the axis [1. 0. 0.] in the cif file.,mp-1176678_processed.cif
input_cifs\mp-1176692.cif,Rotate  all surrounding atoms within 2.222889554139546 of the center atom at index 13 by 2.8670817342072117 radians around the axis [1. 0. 0.] in the cif file.,mp-1176692_processed.cif
input_cifs\mp-1176965.cif,Rotate  all surrounding atoms within 3.2583744221752355 of the center atom at index 18 by 5.727082644906112 radians around the axis [1. 0. 0.] in the cif file.,mp-1176965_processed.cif
input_cifs\mp-1177279.cif,Rotate  all surrounding atoms within 2.762440550874775 of the center atom at index 25 by 4.250408456944948 radians around the axis [1. 0. 0.] in the cif file.,mp-1177279_processed.cif
input_cifs\mp-1177537.cif,Rotate  all surrounding atoms within 1.828118033880693 of the center atom at index 2 by 3.4867866156318783 radians around the axis [0. 0. 1.] in the cif file.,mp-1177537_processed.cif
input_cifs\mp-1177559.cif,Rotate  all surrounding atoms within 1.8717088957775447 of the center atom at index 28 by 3.025585296722287 radians around the axis [0. 0. 1.] in the cif file.,mp-1177559_processed.cif
input_cifs\mp-1177564.cif,Rotate  all surrounding atoms within 2.070089098191575 of the center atom at index 31 by 3.8477543925283197 radians around the axis [0. 0. 1.] in the cif file.,mp-1177564_processed.cif
input_cifs\mp-1177801.cif,Rotate  all surrounding atoms within 2.107544283643662 of the center atom at index 9 by 5.172975875597537 radians around the axis [0. 0. 1.] in the cif file.,mp-1177801_processed.cif
input_cifs\mp-1178026.cif,Rotate  all surrounding atoms within 2.477694472935572 of the center atom at index 7 by 0.780211180069025 radians around the axis [1. 0. 0.] in the cif file.,mp-1178026_processed.cif
input_cifs\mp-1178085.cif,Rotate  all surrounding atoms within 2.7620435703157735 of the center atom at index 30 by 1.8051347809969218 radians around the axis [1. 0. 0.] in the cif file.,mp-1178085_processed.cif
input_cifs\mp-1178148.cif,Rotate  all surrounding atoms within 3.3809094189044595 of the center atom at index 11 by 5.366323487496826 radians around the axis [0. 1. 0.] in the cif file.,mp-1178148_processed.cif
input_cifs\mp-1178259.cif,Rotate  all surrounding atoms within 3.2488400353588434 of the center atom at index 16 by 3.0154571495044245 radians around the axis [0. 1. 0.] in the cif file.,mp-1178259_processed.cif
input_cifs\mp-1178586.cif,Rotate  all surrounding atoms within 3.925686702277827 of the center atom at index 13 by 5.008363125275887 radians around the axis [0. 0. 1.] in the cif file.,mp-1178586_processed.cif
input_cifs\mp-1180130.cif,Rotate  all surrounding atoms within 2.2794911195897765 of the center atom at index 17 by 3.1161574459468535 radians around the axis [1. 0. 0.] in the cif file.,mp-1180130_processed.cif
input_cifs\mp-1180252.cif,Rotate  all surrounding atoms within 3.4661257434643 of the center atom at index 11 by 2.4587667169660725 radians around the axis [1. 0. 0.] in the cif file.,mp-1180252_processed.cif
input_cifs\mp-1180744.cif,Rotate  all surrounding atoms within 2.762374176237109 of the center atom at index 1 by 5.589513638194827 radians around the axis [1. 0. 0.] in the cif file.,mp-1180744_processed.cif
input_cifs\mp-1180763.cif,Rotate  all surrounding atoms within 3.4549584631522365 of the center atom at index 32 by 1.484043515860717 radians around the axis [0. 1. 0.] in the cif file.,mp-1180763_processed.cif
input_cifs\mp-1181255.cif,Rotate  all surrounding atoms within 3.0825125172608 of the center atom at index 5 by 5.366795696044363 radians around the axis [1. 0. 0.] in the cif file.,mp-1181255_processed.cif
input_cifs\mp-1181584.cif,Rotate  all surrounding atoms within 1.9085811958411907 of the center atom at index 24 by 1.7063952623302607 radians around the axis [0. 0. 1.] in the cif file.,mp-1181584_processed.cif
input_cifs\mp-1182011.cif,Rotate  all surrounding atoms within 2.912794651040401 of the center atom at index 42 by 3.7870772059592355 radians around the axis [1. 0. 0.] in the cif file.,mp-1182011_processed.cif
input_cifs\mp-1182045.cif,Rotate  all surrounding atoms within 2.8656219998140005 of the center atom at index 16 by 0.9432197686833508 radians around the axis [1. 0. 0.] in the cif file.,mp-1182045_processed.cif
input_cifs\mp-1182066.cif,Rotate  all surrounding atoms within 2.3671085691580336 of the center atom at index 55 by 1.1150734875649493 radians around the axis [0. 1. 0.] in the cif file.,mp-1182066_processed.cif
input_cifs\mp-1182302.cif,Rotate  all surrounding atoms within 3.756158326579552 of the center atom at index 9 by 1.3339339405645043 radians around the axis [0. 0. 1.] in the cif file.,mp-1182302_processed.cif
input_cifs\mp-1182516.cif,Rotate  all surrounding atoms within 2.724239132018621 of the center atom at index 8 by 3.555935141343891 radians around the axis [0. 0. 1.] in the cif file.,mp-1182516_processed.cif
input_cifs\mp-1182952.cif,Rotate  all surrounding atoms within 3.8631253021672913 of the center atom at index 5 by 5.864950560020947 radians around the axis [0. 1. 0.] in the cif file.,mp-1182952_processed.cif
input_cifs\mp-1182993.cif,Rotate  all surrounding atoms within 3.385897799461033 of the center atom at index 24 by 4.845524011124255 radians around the axis [0. 0. 1.] in the cif file.,mp-1182993_processed.cif
input_cifs\mp-1185691.cif,Rotate  all surrounding atoms within 3.05384977555928 of the center atom at index 18 by 2.0311872597457388 radians around the axis [0. 1. 0.] in the cif file.,mp-1185691_processed.cif
input_cifs\mp-1185729.cif,Rotate  all surrounding atoms within 3.885620629612901 of the center atom at index 3 by 3.552983683556668 radians around the axis [0. 1. 0.] in the cif file.,mp-1185729_processed.cif
input_cifs\mp-1185730.cif,Rotate  all surrounding atoms within 3.1926783274966697 of the center atom at index 10 by 5.488179774533624 radians around the axis [0. 1. 0.] in the cif file.,mp-1185730_processed.cif
input_cifs\mp-1186069.cif,Rotate  all surrounding atoms within 1.9059882101505146 of the center atom at index 9 by 1.3555604683364277 radians around the axis [0. 0. 1.] in the cif file.,mp-1186069_processed.cif
input_cifs\mp-1188168.cif,Rotate  all surrounding atoms within 3.4915008088912307 of the center atom at index 15 by 3.7821647101790483 radians around the axis [1. 0. 0.] in the cif file.,mp-1188168_processed.cif
input_cifs\mp-1188839.cif,Rotate  all surrounding atoms within 2.0362036170804054 of the center atom at index 7 by 4.353400394056891 radians around the axis [1. 0. 0.] in the cif file.,mp-1188839_processed.cif
input_cifs\mp-1189137.cif,Rotate  all surrounding atoms within 2.1129516569992415 of the center atom at index 0 by 3.546123026676011 radians around the axis [1. 0. 0.] in the cif file.,mp-1189137_processed.cif
input_cifs\mp-1189325.cif,Rotate  all surrounding atoms within 2.6616380423703667 of the center atom at index 12 by 4.893489088606772 radians around the axis [0. 1. 0.] in the cif file.,mp-1189325_processed.cif
input_cifs\mp-1189617.cif,Rotate  all surrounding atoms within 1.7418031846149162 of the center atom at index 15 by 3.5286849338120736 radians around the axis [0. 0. 1.] in the cif file.,mp-1189617_processed.cif
input_cifs\mp-1190360.cif,Rotate  all surrounding atoms within 2.93813776543937 of the center atom at index 23 by 0.46459787984189266 radians around the axis [0. 0. 1.] in the cif file.,mp-1190360_processed.cif
input_cifs\mp-1190450.cif,Rotate  all surrounding atoms within 3.597631518127391 of the center atom at index 4 by 5.324841136564061 radians around the axis [0. 0. 1.] in the cif file.,mp-1190450_processed.cif
input_cifs\mp-1190471.cif,Rotate  all surrounding atoms within 1.6037228931253442 of the center atom at index 10 by 5.146642340578014 radians around the axis [0. 0. 1.] in the cif file.,mp-1190471_processed.cif
input_cifs\mp-1190593.cif,Rotate  all surrounding atoms within 2.411642787265656 of the center atom at index 18 by 3.777237163387273 radians around the axis [0. 0. 1.] in the cif file.,mp-1190593_processed.cif
input_cifs\mp-1190765.cif,Rotate  all surrounding atoms within 2.629273211331652 of the center atom at index 12 by 5.081667650324389 radians around the axis [0. 0. 1.] in the cif file.,mp-1190765_processed.cif
input_cifs\mp-1190906.cif,Rotate  all surrounding atoms within 2.7474018496178387 of the center atom at index 6 by 1.403332273746956 radians around the axis [0. 0. 1.] in the cif file.,mp-1190906_processed.cif
input_cifs\mp-1191263.cif,Rotate  all surrounding atoms within 3.052597763540831 of the center atom at index 12 by 2.8018552296292016 radians around the axis [1. 0. 0.] in the cif file.,mp-1191263_processed.cif
input_cifs\mp-1191575.cif,Rotate  all surrounding atoms within 3.974301821025556 of the center atom at index 10 by 5.447655740631006 radians around the axis [0. 0. 1.] in the cif file.,mp-1191575_processed.cif
input_cifs\mp-1191633.cif,Rotate  all surrounding atoms within 3.0282839807874646 of the center atom at index 6 by 4.003545265476278 radians around the axis [0. 0. 1.] in the cif file.,mp-1191633_processed.cif
input_cifs\mp-1191681.cif,Rotate  all surrounding atoms within 1.8930960805692543 of the center atom at index 13 by 1.6283426826175662 radians around the axis [0. 0. 1.] in the cif file.,mp-1191681_processed.cif
input_cifs\mp-1192077.cif,Rotate  all surrounding atoms within 3.976630049859023 of the center atom at index 20 by 2.0669319825571453 radians around the axis [1. 0. 0.] in the cif file.,mp-1192077_processed.cif
input_cifs\mp-1192111.cif,Rotate  all surrounding atoms within 3.4232136661796404 of the center atom at index 1 by 2.7817757259639246 radians around the axis [0. 0. 1.] in the cif file.,mp-1192111_processed.cif
input_cifs\mp-1192527.cif,Rotate  all surrounding atoms within 1.579710472430401 of the center atom at index 5 by 5.098067166423929 radians around the axis [0. 0. 1.] in the cif file.,mp-1192527_processed.cif
input_cifs\mp-1192550.cif,Rotate  all surrounding atoms within 3.0953894687582943 of the center atom at index 20 by 0.5173545371601876 radians around the axis [0. 0. 1.] in the cif file.,mp-1192550_processed.cif
input_cifs\mp-1192556.cif,Rotate  all surrounding atoms within 1.9404290319030426 of the center atom at index 21 by 5.1571028372464625 radians around the axis [0. 0. 1.] in the cif file.,mp-1192556_processed.cif
input_cifs\mp-1192588.cif,Rotate  all surrounding atoms within 2.609408163237635 of the center atom at index 15 by 5.875031071012701 radians around the axis [1. 0. 0.] in the cif file.,mp-1192588_processed.cif
input_cifs\mp-1192755.cif,Rotate  all surrounding atoms within 1.643532067478296 of the center atom at index 11 by 4.7266148874523495 radians around the axis [1. 0. 0.] in the cif file.,mp-1192755_processed.cif
input_cifs\mp-1192984.cif,Rotate  all surrounding atoms within 3.329559734885151 of the center atom at index 28 by 2.8940797181797633 radians around the axis [1. 0. 0.] in the cif file.,mp-1192984_processed.cif
input_cifs\mp-1193276.cif,Rotate  all surrounding atoms within 2.0811646887659405 of the center atom at index 21 by 2.658310439082973 radians around the axis [0. 0. 1.] in the cif file.,mp-1193276_processed.cif
input_cifs\mp-1193461.cif,Rotate  all surrounding atoms within 3.1417411785956073 of the center atom at index 18 by 4.505506034422416 radians around the axis [1. 0. 0.] in the cif file.,mp-1193461_processed.cif
input_cifs\mp-1193658.cif,Rotate  all surrounding atoms within 1.5232149832426678 of the center atom at index 23 by 1.7196798536255844 radians around the axis [1. 0. 0.] in the cif file.,mp-1193658_processed.cif
input_cifs\mp-1193669.cif,Rotate  all surrounding atoms within 1.508523061694491 of the center atom at index 21 by 6.205734574459861 radians around the axis [1. 0. 0.] in the cif file.,mp-1193669_processed.cif
input_cifs\mp-1193753.cif,Rotate  all surrounding atoms within 2.043953250917548 of the center atom at index 23 by 1.550458294383855 radians around the axis [0. 1. 0.] in the cif file.,mp-1193753_processed.cif
input_cifs\mp-1194315.cif,Rotate  all surrounding atoms within 1.708503943895252 of the center atom at index 4 by 0.9979570814099252 radians around the axis [1. 0. 0.] in the cif file.,mp-1194315_processed.cif
input_cifs\mp-1194467.cif,Rotate  all surrounding atoms within 2.3362135633928265 of the center atom at index 26 by 4.221783934586105 radians around the axis [0. 0. 1.] in the cif file.,mp-1194467_processed.cif
input_cifs\mp-1194648.cif,Rotate  all surrounding atoms within 3.6158179922408453 of the center atom at index 42 by 4.621652770336844 radians around the axis [1. 0. 0.] in the cif file.,mp-1194648_processed.cif
input_cifs\mp-1194808.cif,Rotate  all surrounding atoms within 3.650964001187719 of the center atom at index 13 by 2.570085053666972 radians around the axis [1. 0. 0.] in the cif file.,mp-1194808_processed.cif
input_cifs\mp-1194897.cif,Rotate  all surrounding atoms within 3.995905553758618 of the center atom at index 26 by 0.5662405340892838 radians around the axis [0. 0. 1.] in the cif file.,mp-1194897_processed.cif
input_cifs\mp-1194954.cif,Rotate  all surrounding atoms within 1.8217525889015795 of the center atom at index 18 by 1.3556408929166874 radians around the axis [0. 0. 1.] in the cif file.,mp-1194954_processed.cif
input_cifs\mp-1195087.cif,Rotate  all surrounding atoms within 2.8215234075076188 of the center atom at index 26 by 4.757679583439998 radians around the axis [0. 0. 1.] in the cif file.,mp-1195087_processed.cif
input_cifs\mp-1195106.cif,Rotate  all surrounding atoms within 2.5426246923935727 of the center atom at index 14 by 0.4696102767461947 radians around the axis [1. 0. 0.] in the cif file.,mp-1195106_processed.cif
input_cifs\mp-1195319.cif,Rotate  all surrounding atoms within 3.809264670263393 of the center atom at index 7 by 6.106247665494038 radians around the axis [0. 1. 0.] in the cif file.,mp-1195319_processed.cif
input_cifs\mp-1195337.cif,Rotate  all surrounding atoms within 2.695912299406661 of the center atom at index 30 by 3.990051491611944 radians around the axis [1. 0. 0.] in the cif file.,mp-1195337_processed.cif
input_cifs\mp-1195540.cif,Rotate  all surrounding atoms within 2.6087356004796267 of the center atom at index 22 by 3.052340272926821 radians around the axis [1. 0. 0.] in the cif file.,mp-1195540_processed.cif
input_cifs\mp-1195827.cif,Rotate  all surrounding atoms within 3.4192586232879556 of the center atom at index 26 by 4.514045541830821 radians around the axis [0. 0. 1.] in the cif file.,mp-1195827_processed.cif
input_cifs\mp-1195929.cif,Rotate  all surrounding atoms within 3.052252552613229 of the center atom at index 12 by 1.944671727948986 radians around the axis [0. 0. 1.] in the cif file.,mp-1195929_processed.cif
input_cifs\mp-1195965.cif,Rotate  all surrounding atoms within 2.2928265825775944 of the center atom at index 30 by 5.039451232735463 radians around the axis [1. 0. 0.] in the cif file.,mp-1195965_processed.cif
input_cifs\mp-1195967.cif,Rotate  all surrounding atoms within 2.2411792942695996 of the center atom at index 4 by 1.049171014533997 radians around the axis [1. 0. 0.] in the cif file.,mp-1195967_processed.cif
input_cifs\mp-1196244.cif,Rotate  all surrounding atoms within 3.5502537492276414 of the center atom at index 0 by 4.047807823388778 radians around the axis [0. 1. 0.] in the cif file.,mp-1196244_processed.cif
input_cifs\mp-1196468.cif,Rotate  all surrounding atoms within 2.247374144694618 of the center atom at index 11 by 5.341587457213519 radians around the axis [0. 1. 0.] in the cif file.,mp-1196468_processed.cif
input_cifs\mp-1196513.cif,Rotate  all surrounding atoms within 2.2742833510803884 of the center atom at index 41 by 3.6844871372394192 radians around the axis [0. 0. 1.] in the cif file.,mp-1196513_processed.cif
input_cifs\mp-1196514.cif,Rotate  all surrounding atoms within 3.6632244094941178 of the center atom at index 21 by 3.1245270011348008 radians around the axis [0. 0. 1.] in the cif file.,mp-1196514_processed.cif
input_cifs\mp-1197108.cif,Rotate  all surrounding atoms within 2.6150027878957043 of the center atom at index 25 by 3.8871847806720536 radians around the axis [0. 1. 0.] in the cif file.,mp-1197108_processed.cif
input_cifs\mp-1197227.cif,Rotate  all surrounding atoms within 3.809823638367951 of the center atom at index 14 by 1.9159256856390927 radians around the axis [1. 0. 0.] in the cif file.,mp-1197227_processed.cif
input_cifs\mp-1197238.cif,Rotate  all surrounding atoms within 2.706879532410747 of the center atom at index 16 by 4.29581807066725 radians around the axis [1. 0. 0.] in the cif file.,mp-1197238_processed.cif
input_cifs\mp-1197636.cif,Rotate  all surrounding atoms within 2.2876686549940715 of the center atom at index 15 by 5.599142447452516 radians around the axis [0. 0. 1.] in the cif file.,mp-1197636_processed.cif
input_cifs\mp-1197877.cif,Rotate  all surrounding atoms within 3.31687215550576 of the center atom at index 23 by 2.7913906604517016 radians around the axis [0. 0. 1.] in the cif file.,mp-1197877_processed.cif
input_cifs\mp-1198057.cif,Rotate  all surrounding atoms within 2.0658330406653267 of the center atom at index 23 by 4.526200071009143 radians around the axis [0. 0. 1.] in the cif file.,mp-1198057_processed.cif
input_cifs\mp-1198140.cif,Rotate  all surrounding atoms within 3.966578290013353 of the center atom at index 13 by 1.2121823921713135 radians around the axis [0. 1. 0.] in the cif file.,mp-1198140_processed.cif
input_cifs\mp-1198411.cif,Rotate  all surrounding atoms within 2.169987279745064 of the center atom at index 92 by 4.452829510495247 radians around the axis [0. 0. 1.] in the cif file.,mp-1198411_processed.cif
input_cifs\mp-1198574.cif,Rotate  all surrounding atoms within 3.9746919331319512 of the center atom at index 46 by 1.9503082469947421 radians around the axis [1. 0. 0.] in the cif file.,mp-1198574_processed.cif
input_cifs\mp-1198593.cif,Rotate  all surrounding atoms within 2.667333441604188 of the center atom at index 50 by 4.736862673907007 radians around the axis [0. 1. 0.] in the cif file.,mp-1198593_processed.cif
input_cifs\mp-1198603.cif,Rotate  all surrounding atoms within 3.048859169071744 of the center atom at index 18 by 4.9694289567184935 radians around the axis [1. 0. 0.] in the cif file.,mp-1198603_processed.cif
input_cifs\mp-1198841.cif,Rotate  all surrounding atoms within 3.099272046088492 of the center atom at index 17 by 5.486625461040179 radians around the axis [1. 0. 0.] in the cif file.,mp-1198841_processed.cif
input_cifs\mp-1199018.cif,Rotate  all surrounding atoms within 3.6465999550569164 of the center atom at index 19 by 3.6010238763158147 radians around the axis [0. 1. 0.] in the cif file.,mp-1199018_processed.cif
input_cifs\mp-1199088.cif,Rotate  all surrounding atoms within 1.6022418290831706 of the center atom at index 10 by 0.5651666366607054 radians around the axis [0. 1. 0.] in the cif file.,mp-1199088_processed.cif
input_cifs\mp-1199566.cif,Rotate  all surrounding atoms within 1.590801897317959 of the center atom at index 48 by 5.207872156614846 radians around the axis [0. 0. 1.] in the cif file.,mp-1199566_processed.cif
input_cifs\mp-1199672.cif,Rotate  all surrounding atoms within 3.840851721881486 of the center atom at index 4 by 2.593734399776644 radians around the axis [0. 1. 0.] in the cif file.,mp-1199672_processed.cif
input_cifs\mp-1200359.cif,Rotate  all surrounding atoms within 2.6976955585359867 of the center atom at index 25 by 5.653539897328503 radians around the axis [0. 1. 0.] in the cif file.,mp-1200359_processed.cif
input_cifs\mp-1200542.cif,Rotate  all surrounding atoms within 3.772011203877802 of the center atom at index 3 by 2.9431439225721268 radians around the axis [0. 1. 0.] in the cif file.,mp-1200542_processed.cif
input_cifs\mp-1200692.cif,Rotate  all surrounding atoms within 1.720246613596452 of the center atom at index 30 by 0.7613023293181591 radians around the axis [0. 1. 0.] in the cif file.,mp-1200692_processed.cif
input_cifs\mp-1200758.cif,Rotate  all surrounding atoms within 3.495876197034775 of the center atom at index 99 by 5.619506621403291 radians around the axis [0. 0. 1.] in the cif file.,mp-1200758_processed.cif
input_cifs\mp-1201497.cif,Rotate  all surrounding atoms within 3.374490184923074 of the center atom at index 32 by 4.860992757231298 radians around the axis [1. 0. 0.] in the cif file.,mp-1201497_processed.cif
input_cifs\mp-1201607.cif,Rotate  all surrounding atoms within 1.8144629099545897 of the center atom at index 2 by 4.408911201828111 radians around the axis [0. 0. 1.] in the cif file.,mp-1201607_processed.cif
input_cifs\mp-1201876.cif,Rotate  all surrounding atoms within 2.513760147095696 of the center atom at index 49 by 2.5587648112445778 radians around the axis [0. 0. 1.] in the cif file.,mp-1201876_processed.cif
input_cifs\mp-1201895.cif,Rotate  all surrounding atoms within 3.6336132153609584 of the center atom at index 11 by 4.2934036133296996 radians around the axis [0. 1. 0.] in the cif file.,mp-1201895_processed.cif
input_cifs\mp-1202389.cif,Rotate  all surrounding atoms within 2.7841796820051776 of the center atom at index 24 by 3.2378325790849134 radians around the axis [0. 0. 1.] in the cif file.,mp-1202389_processed.cif
input_cifs\mp-1202709.cif,Rotate  all surrounding atoms within 2.367260266383515 of the center atom at index 26 by 1.73711880415519 radians around the axis [0. 0. 1.] in the cif file.,mp-1202709_processed.cif
input_cifs\mp-1202898.cif,Rotate  all surrounding atoms within 2.646368583431519 of the center atom at index 15 by 3.0641454817285747 radians around the axis [0. 0. 1.] in the cif file.,mp-1202898_processed.cif
input_cifs\mp-1202901.cif,Rotate  all surrounding atoms within 3.791918266562494 of the center atom at index 47 by 4.759240273643117 radians around the axis [1. 0. 0.] in the cif file.,mp-1202901_processed.cif
input_cifs\mp-1203035.cif,Rotate  all surrounding atoms within 3.3474814373134603 of the center atom at index 9 by 2.059307430352156 radians around the axis [0. 1. 0.] in the cif file.,mp-1203035_processed.cif
input_cifs\mp-1203146.cif,Rotate  all surrounding atoms within 3.4424519771157236 of the center atom at index 88 by 4.839637485099448 radians around the axis [0. 0. 1.] in the cif file.,mp-1203146_processed.cif
input_cifs\mp-1203196.cif,Rotate  all surrounding atoms within 2.5729766613966216 of the center atom at index 14 by 1.5535627623312482 radians around the axis [1. 0. 0.] in the cif file.,mp-1203196_processed.cif
input_cifs\mp-1203220.cif,Rotate  all surrounding atoms within 3.8370068737525234 of the center atom at index 29 by 2.4738274663637574 radians around the axis [0. 0. 1.] in the cif file.,mp-1203220_processed.cif
input_cifs\mp-1203746.cif,Rotate  all surrounding atoms within 3.434496155732192 of the center atom at index 3 by 4.919362926309617 radians around the axis [0. 1. 0.] in the cif file.,mp-1203746_processed.cif
input_cifs\mp-1203808.cif,Rotate  all surrounding atoms within 3.856473352577485 of the center atom at index 8 by 0.5435940360438486 radians around the axis [1. 0. 0.] in the cif file.,mp-1203808_processed.cif
input_cifs\mp-1203996.cif,Rotate  all surrounding atoms within 2.689923983305916 of the center atom at index 17 by 5.3768948853401195 radians around the axis [0. 0. 1.] in the cif file.,mp-1203996_processed.cif
input_cifs\mp-1204064.cif,Rotate  all surrounding atoms within 3.0392357926715374 of the center atom at index 9 by 5.240016897152637 radians around the axis [0. 1. 0.] in the cif file.,mp-1204064_processed.cif
input_cifs\mp-1204087.cif,Rotate  all surrounding atoms within 3.1682225799981953 of the center atom at index 62 by 4.917346133663623 radians around the axis [0. 1. 0.] in the cif file.,mp-1204087_processed.cif
input_cifs\mp-1204178.cif,Rotate  all surrounding atoms within 3.356610847819172 of the center atom at index 50 by 0.4032003042273612 radians around the axis [0. 0. 1.] in the cif file.,mp-1204178_processed.cif
input_cifs\mp-1204195.cif,Rotate  all surrounding atoms within 1.6193882366711834 of the center atom at index 43 by 0.6173230052627837 radians around the axis [0. 1. 0.] in the cif file.,mp-1204195_processed.cif
input_cifs\mp-1204482.cif,Rotate  all surrounding atoms within 3.9096249838022845 of the center atom at index 0 by 4.4153037199805905 radians around the axis [1. 0. 0.] in the cif file.,mp-1204482_processed.cif
input_cifs\mp-1204573.cif,Rotate  all surrounding atoms within 3.8629532418222072 of the center atom at index 71 by 2.6729162257748293 radians around the axis [0. 0. 1.] in the cif file.,mp-1204573_processed.cif
input_cifs\mp-1204620.cif,Rotate  all surrounding atoms within 1.7690009323632683 of the center atom at index 23 by 2.9471420354580036 radians around the axis [1. 0. 0.] in the cif file.,mp-1204620_processed.cif
input_cifs\mp-1204800.cif,Rotate  all surrounding atoms within 3.9388674695051074 of the center atom at index 37 by 2.672463007860645 radians around the axis [0. 1. 0.] in the cif file.,mp-1204800_processed.cif
input_cifs\mp-1205388.cif,Rotate  all surrounding atoms within 2.0237564775115215 of the center atom at index 15 by 2.080704814173388 radians around the axis [1. 0. 0.] in the cif file.,mp-1205388_processed.cif
input_cifs\mp-1205391.cif,Rotate  all surrounding atoms within 1.5513960604091626 of the center atom at index 14 by 5.732784614803746 radians around the axis [1. 0. 0.] in the cif file.,mp-1205391_processed.cif
input_cifs\mp-1205393.cif,Rotate  all surrounding atoms within 1.7319403347402595 of the center atom at index 12 by 1.8376908385020687 radians around the axis [0. 1. 0.] in the cif file.,mp-1205393_processed.cif
input_cifs\mp-1205503.cif,Rotate  all surrounding atoms within 3.975267734085325 of the center atom at index 5 by 6.175443171367974 radians around the axis [0. 0. 1.] in the cif file.,mp-1205503_processed.cif
input_cifs\mp-1205523.cif,Rotate  all surrounding atoms within 3.6563607920436265 of the center atom at index 5 by 3.129524383114229 radians around the axis [0. 0. 1.] in the cif file.,mp-1205523_processed.cif
input_cifs\mp-1205660.cif,Rotate  all surrounding atoms within 2.091656157595294 of the center atom at index 7 by 3.7688113937043606 radians around the axis [0. 1. 0.] in the cif file.,mp-1205660_processed.cif
input_cifs\mp-1205745.cif,Rotate  all surrounding atoms within 2.0571755842127644 of the center atom at index 1 by 1.2108222915259896 radians around the axis [0. 1. 0.] in the cif file.,mp-1205745_processed.cif
input_cifs\mp-1205771.cif,Rotate  all surrounding atoms within 3.313219422245977 of the center atom at index 5 by 0.7421953994820307 radians around the axis [0. 0. 1.] in the cif file.,mp-1205771_processed.cif
input_cifs\mp-1206201.cif,Rotate  all surrounding atoms within 2.1140021101450985 of the center atom at index 7 by 2.026296137954104 radians around the axis [0. 0. 1.] in the cif file.,mp-1206201_processed.cif
input_cifs\mp-1206250.cif,Rotate  all surrounding atoms within 2.9898719332468944 of the center atom at index 5 by 4.667730840977175 radians around the axis [0. 1. 0.] in the cif file.,mp-1206250_processed.cif
input_cifs\mp-1206569.cif,Rotate  all surrounding atoms within 3.1926009286935577 of the center atom at index 5 by 4.523691388550697 radians around the axis [0. 1. 0.] in the cif file.,mp-1206569_processed.cif
input_cifs\mp-1206737.cif,Rotate  all surrounding atoms within 3.823462215866126 of the center atom at index 7 by 3.8788661092304237 radians around the axis [0. 0. 1.] in the cif file.,mp-1206737_processed.cif
input_cifs\mp-1207144.cif,Rotate  all surrounding atoms within 3.551678134915292 of the center atom at index 3 by 2.1026959037267634 radians around the axis [1. 0. 0.] in the cif file.,mp-1207144_processed.cif
input_cifs\mp-1207398.cif,Rotate  all surrounding atoms within 2.961977703709462 of the center atom at index 17 by 1.0039287254969622 radians around the axis [0. 1. 0.] in the cif file.,mp-1207398_processed.cif
input_cifs\mp-1207522.cif,Rotate  all surrounding atoms within 1.536557917513616 of the center atom at index 14 by 0.9881342988986703 radians around the axis [0. 1. 0.] in the cif file.,mp-1207522_processed.cif
input_cifs\mp-1207549.cif,Rotate  all surrounding atoms within 2.0798222387605096 of the center atom at index 22 by 4.407062520713261 radians around the axis [0. 1. 0.] in the cif file.,mp-1207549_processed.cif
input_cifs\mp-1207596.cif,Rotate  all surrounding atoms within 2.0495304730068895 of the center atom at index 12 by 5.669446041416602 radians around the axis [1. 0. 0.] in the cif file.,mp-1207596_processed.cif
input_cifs\mp-1207733.cif,Rotate  all surrounding atoms within 1.5755814386955047 of the center atom at index 22 by 6.068497264036642 radians around the axis [0. 1. 0.] in the cif file.,mp-1207733_processed.cif
input_cifs\mp-1207797.cif,Rotate  all surrounding atoms within 2.1864237349959916 of the center atom at index 5 by 0.984168906885306 radians around the axis [0. 0. 1.] in the cif file.,mp-1207797_processed.cif
input_cifs\mp-1207993.cif,Rotate  all surrounding atoms within 3.443668990111757 of the center atom at index 12 by 5.448006272248573 radians around the axis [0. 0. 1.] in the cif file.,mp-1207993_processed.cif
input_cifs\mp-1208058.cif,Rotate  all surrounding atoms within 3.68164218569374 of the center atom at index 16 by 2.262403678063393 radians around the axis [0. 1. 0.] in the cif file.,mp-1208058_processed.cif
input_cifs\mp-1208219.cif,Rotate  all surrounding atoms within 3.1863887657913175 of the center atom at index 26 by 6.008094356668051 radians around the axis [1. 0. 0.] in the cif file.,mp-1208219_processed.cif
input_cifs\mp-1208275.cif,Rotate  all surrounding atoms within 3.178743582432764 of the center atom at index 29 by 5.136181962716343 radians around the axis [1. 0. 0.] in the cif file.,mp-1208275_processed.cif
input_cifs\mp-1208331.cif,Rotate  all surrounding atoms within 1.611999584371156 of the center atom at index 10 by 5.602098289582948 radians around the axis [1. 0. 0.] in the cif file.,mp-1208331_processed.cif
input_cifs\mp-1208361.cif,Rotate  all surrounding atoms within 3.9027471509600087 of the center atom at index 8 by 3.960595637796612 radians around the axis [1. 0. 0.] in the cif file.,mp-1208361_processed.cif
input_cifs\mp-1208425.cif,Rotate  all surrounding atoms within 3.46638474576812 of the center atom at index 17 by 5.890623338152771 radians around the axis [1. 0. 0.] in the cif file.,mp-1208425_processed.cif
input_cifs\mp-1208879.cif,Rotate  all surrounding atoms within 3.392837833985232 of the center atom at index 11 by 1.4106629294817947 radians around the axis [0. 1. 0.] in the cif file.,mp-1208879_processed.cif
input_cifs\mp-1209036.cif,Rotate  all surrounding atoms within 3.954908169409706 of the center atom at index 10 by 1.1906966652633044 radians around the axis [1. 0. 0.] in the cif file.,mp-1209036_processed.cif
input_cifs\mp-1209206.cif,Rotate  all surrounding atoms within 3.672875695470468 of the center atom at index 11 by 6.170744173687613 radians around the axis [1. 0. 0.] in the cif file.,mp-1209206_processed.cif
input_cifs\mp-1209348.cif,Rotate  all surrounding atoms within 2.929004780549357 of the center atom at index 0 by 6.095166411609844 radians around the axis [0. 1. 0.] in the cif file.,mp-1209348_processed.cif
input_cifs\mp-1209483.cif,Rotate  all surrounding atoms within 2.389429676208576 of the center atom at index 1 by 3.1197302061646424 radians around the axis [0. 0. 1.] in the cif file.,mp-1209483_processed.cif
input_cifs\mp-1209534.cif,Rotate  all surrounding atoms within 2.4891745734775466 of the center atom at index 45 by 2.5751090311139464 radians around the axis [1. 0. 0.] in the cif file.,mp-1209534_processed.cif
input_cifs\mp-1209695.cif,Rotate  all surrounding atoms within 1.862902270164175 of the center atom at index 48 by 1.9445548502329972 radians around the axis [0. 1. 0.] in the cif file.,mp-1209695_processed.cif
input_cifs\mp-1210015.cif,Rotate  all surrounding atoms within 2.569778911744873 of the center atom at index 10 by 4.259376583295015 radians around the axis [1. 0. 0.] in the cif file.,mp-1210015_processed.cif
input_cifs\mp-1210035.cif,Rotate  all surrounding atoms within 3.8347179601820898 of the center atom at index 6 by 2.282015544055695 radians around the axis [0. 0. 1.] in the cif file.,mp-1210035_processed.cif
input_cifs\mp-1210161.cif,Rotate  all surrounding atoms within 2.543764499772605 of the center atom at index 1 by 5.334879543034013 radians around the axis [0. 0. 1.] in the cif file.,mp-1210161_processed.cif
input_cifs\mp-1210237.cif,Rotate  all surrounding atoms within 3.5810226132764758 of the center atom at index 11 by 1.9245382628575878 radians around the axis [0. 1. 0.] in the cif file.,mp-1210237_processed.cif
input_cifs\mp-1210462.cif,Rotate  all surrounding atoms within 2.612248967755126 of the center atom at index 1 by 0.813725316818505 radians around the axis [1. 0. 0.] in the cif file.,mp-1210462_processed.cif
input_cifs\mp-1210502.cif,Rotate  all surrounding atoms within 1.8674503893540955 of the center atom at index 12 by 2.9944543373123924 radians around the axis [0. 1. 0.] in the cif file.,mp-1210502_processed.cif
input_cifs\mp-1210518.cif,Rotate  all surrounding atoms within 3.1846216858414653 of the center atom at index 4 by 1.0153484863433713 radians around the axis [0. 1. 0.] in the cif file.,mp-1210518_processed.cif
input_cifs\mp-1210584.cif,Rotate  all surrounding atoms within 3.627637396938839 of the center atom at index 6 by 3.1320422515677233 radians around the axis [0. 1. 0.] in the cif file.,mp-1210584_processed.cif
input_cifs\mp-1211181.cif,Rotate  all surrounding atoms within 2.4375008203947823 of the center atom at index 26 by 1.4584230577799464 radians around the axis [0. 1. 0.] in the cif file.,mp-1211181_processed.cif
input_cifs\mp-1211192.cif,Rotate  all surrounding atoms within 1.5182327266673141 of the center atom at index 19 by 0.6563037939084351 radians around the axis [0. 0. 1.] in the cif file.,mp-1211192_processed.cif
input_cifs\mp-1211198.cif,Rotate  all surrounding atoms within 2.676813123913253 of the center atom at index 4 by 0.4155906720264919 radians around the axis [0. 0. 1.] in the cif file.,mp-1211198_processed.cif
input_cifs\mp-1211303.cif,Rotate  all surrounding atoms within 1.6636605524020665 of the center atom at index 13 by 4.900876415694119 radians around the axis [0. 0. 1.] in the cif file.,mp-1211303_processed.cif
input_cifs\mp-1211402.cif,Rotate  all surrounding atoms within 3.745038103817809 of the center atom at index 3 by 0.7910477026221643 radians around the axis [0. 1. 0.] in the cif file.,mp-1211402_processed.cif
input_cifs\mp-1211546.cif,Rotate  all surrounding atoms within 2.4731471450003646 of the center atom at index 19 by 1.0166842849173898 radians around the axis [1. 0. 0.] in the cif file.,mp-1211546_processed.cif
input_cifs\mp-1211686.cif,Rotate  all surrounding atoms within 2.2050924198687136 of the center atom at index 23 by 1.1626859488476753 radians around the axis [1. 0. 0.] in the cif file.,mp-1211686_processed.cif
input_cifs\mp-1211861.cif,Rotate  all surrounding atoms within 3.092889648428841 of the center atom at index 19 by 3.1931165631853853 radians around the axis [0. 1. 0.] in the cif file.,mp-1211861_processed.cif
input_cifs\mp-1211971.cif,Rotate  all surrounding atoms within 2.073454015289591 of the center atom at index 39 by 3.7909538145276924 radians around the axis [1. 0. 0.] in the cif file.,mp-1211971_processed.cif
input_cifs\mp-1212118.cif,Rotate  all surrounding atoms within 3.8352859774271146 of the center atom at index 3 by 4.251082543231054 radians around the axis [1. 0. 0.] in the cif file.,mp-1212118_processed.cif
input_cifs\mp-1212387.cif,Rotate  all surrounding atoms within 1.5136828270471292 of the center atom at index 2 by 3.710153914670288 radians around the axis [0. 1. 0.] in the cif file.,mp-1212387_processed.cif
input_cifs\mp-1212504.cif,Rotate  all surrounding atoms within 1.6903068778840353 of the center atom at index 73 by 0.62426895757016 radians around the axis [0. 1. 0.] in the cif file.,mp-1212504_processed.cif
input_cifs\mp-1212600.cif,Rotate  all surrounding atoms within 2.125479787000488 of the center atom at index 0 by 0.5267530522910928 radians around the axis [0. 0. 1.] in the cif file.,mp-1212600_processed.cif
input_cifs\mp-1212621.cif,Rotate  all surrounding atoms within 3.4389058852883467 of the center atom at index 1 by 5.070388269382187 radians around the axis [0. 0. 1.] in the cif file.,mp-1212621_processed.cif
input_cifs\mp-1212645.cif,Rotate  all surrounding atoms within 3.724475603376283 of the center atom at index 28 by 4.445073666375372 radians around the axis [0. 1. 0.] in the cif file.,mp-1212645_processed.cif
input_cifs\mp-1212670.cif,Rotate  all surrounding atoms within 2.5407679900066613 of the center atom at index 2 by 4.92341267046595 radians around the axis [0. 1. 0.] in the cif file.,mp-1212670_processed.cif
input_cifs\mp-1212757.cif,Rotate  all surrounding atoms within 1.5155167717958271 of the center atom at index 3 by 2.4457750631116824 radians around the axis [0. 0. 1.] in the cif file.,mp-1212757_processed.cif
input_cifs\mp-1213080.cif,Rotate  all surrounding atoms within 2.6820341126421696 of the center atom at index 11 by 5.8889324103356575 radians around the axis [0. 0. 1.] in the cif file.,mp-1213080_processed.cif
input_cifs\mp-1213206.cif,Rotate  all surrounding atoms within 1.5454923603421076 of the center atom at index 19 by 4.813747507770966 radians around the axis [0. 0. 1.] in the cif file.,mp-1213206_processed.cif
input_cifs\mp-1213529.cif,Rotate  all surrounding atoms within 2.607383661515688 of the center atom at index 13 by 2.8934839931993768 radians around the axis [0. 0. 1.] in the cif file.,mp-1213529_processed.cif
input_cifs\mp-1213562.cif,Rotate  all surrounding atoms within 1.57449468171405 of the center atom at index 1 by 0.6398346297149403 radians around the axis [0. 0. 1.] in the cif file.,mp-1213562_processed.cif
input_cifs\mp-1213790.cif,Rotate  all surrounding atoms within 1.5756974159216075 of the center atom at index 9 by 6.079223296563217 radians around the axis [0. 1. 0.] in the cif file.,mp-1213790_processed.cif
input_cifs\mp-1214336.cif,Rotate  all surrounding atoms within 2.2589462616627736 of the center atom at index 14 by 3.3493661909413994 radians around the axis [0. 0. 1.] in the cif file.,mp-1214336_processed.cif
input_cifs\mp-1214464.cif,Rotate  all surrounding atoms within 2.997126974888306 of the center atom at index 1 by 4.50641589083086 radians around the axis [0. 0. 1.] in the cif file.,mp-1214464_processed.cif
input_cifs\mp-1214610.cif,Rotate  all surrounding atoms within 3.655746974659315 of the center atom at index 0 by 1.218371898482209 radians around the axis [0. 1. 0.] in the cif file.,mp-1214610_processed.cif
input_cifs\mp-1214788.cif,Rotate  all surrounding atoms within 2.944977666310705 of the center atom at index 48 by 2.4475803707178447 radians around the axis [0. 1. 0.] in the cif file.,mp-1214788_processed.cif
input_cifs\mp-1214890.cif,Rotate  all surrounding atoms within 1.7188041575894453 of the center atom at index 15 by 3.4105106564628014 radians around the axis [0. 0. 1.] in the cif file.,mp-1214890_processed.cif
input_cifs\mp-1214936.cif,Rotate  all surrounding atoms within 3.9582591474442457 of the center atom at index 22 by 1.1512175887774212 radians around the axis [0. 0. 1.] in the cif file.,mp-1214936_processed.cif
input_cifs\mp-1215141.cif,Rotate  all surrounding atoms within 1.6622052330778576 of the center atom at index 11 by 5.780882036444709 radians around the axis [0. 1. 0.] in the cif file.,mp-1215141_processed.cif
input_cifs\mp-1215289.cif,Rotate  all surrounding atoms within 2.2402096623617664 of the center atom at index 4 by 1.1197726545780844 radians around the axis [0. 0. 1.] in the cif file.,mp-1215289_processed.cif
input_cifs\mp-1215601.cif,Rotate  all surrounding atoms within 2.8697666548347867 of the center atom at index 2 by 0.6223030429685943 radians around the axis [0. 1. 0.] in the cif file.,mp-1215601_processed.cif
input_cifs\mp-1215607.cif,Rotate  all surrounding atoms within 2.8249499830511215 of the center atom at index 0 by 4.33740959170993 radians around the axis [0. 0. 1.] in the cif file.,mp-1215607_processed.cif
input_cifs\mp-1215624.cif,Rotate  all surrounding atoms within 1.6408899544146582 of the center atom at index 1 by 5.667103668717221 radians around the axis [1. 0. 0.] in the cif file.,mp-1215624_processed.cif
input_cifs\mp-1215653.cif,Rotate  all surrounding atoms within 3.8306743794890434 of the center atom at index 18 by 4.213156230912496 radians around the axis [0. 1. 0.] in the cif file.,mp-1215653_processed.cif
input_cifs\mp-1215929.cif,Rotate  all surrounding atoms within 2.3035554166099876 of the center atom at index 9 by 5.443770835600244 radians around the axis [1. 0. 0.] in the cif file.,mp-1215929_processed.cif
input_cifs\mp-1216177.cif,Rotate  all surrounding atoms within 3.6371391568702482 of the center atom at index 8 by 4.753987563297178 radians around the axis [0. 1. 0.] in the cif file.,mp-1216177_processed.cif
input_cifs\mp-1216179.cif,Rotate  all surrounding atoms within 2.4587822215226285 of the center atom at index 2 by 4.058240303460572 radians around the axis [0. 0. 1.] in the cif file.,mp-1216179_processed.cif
input_cifs\mp-1216787.cif,Rotate  all surrounding atoms within 3.1524688594417514 of the center atom at index 2 by 3.4369989172958286 radians around the axis [0. 0. 1.] in the cif file.,mp-1216787_processed.cif
input_cifs\mp-1216925.cif,Rotate  all surrounding atoms within 2.9525913545240052 of the center atom at index 10 by 6.0441978507217105 radians around the axis [0. 1. 0.] in the cif file.,mp-1216925_processed.cif
input_cifs\mp-1217133.cif,Rotate  all surrounding atoms within 1.86634183378145 of the center atom at index 2 by 3.378901587202261 radians around the axis [1. 0. 0.] in the cif file.,mp-1217133_processed.cif
input_cifs\mp-1217420.cif,Rotate  all surrounding atoms within 2.252344786733772 of the center atom at index 16 by 3.9533841051802643 radians around the axis [1. 0. 0.] in the cif file.,mp-1217420_processed.cif
input_cifs\mp-1217464.cif,Rotate  all surrounding atoms within 2.474097522816635 of the center atom at index 1 by 1.095070036893871 radians around the axis [1. 0. 0.] in the cif file.,mp-1217464_processed.cif
input_cifs\mp-1217479.cif,Rotate  all surrounding atoms within 2.4587947132211183 of the center atom at index 8 by 0.9812082140990752 radians around the axis [0. 1. 0.] in the cif file.,mp-1217479_processed.cif
input_cifs\mp-1217682.cif,Rotate  all surrounding atoms within 3.568290622742061 of the center atom at index 11 by 1.016134239434868 radians around the axis [0. 0. 1.] in the cif file.,mp-1217682_processed.cif
input_cifs\mp-1217834.cif,Rotate  all surrounding atoms within 2.3885945878553665 of the center atom at index 2 by 3.240245192324321 radians around the axis [0. 1. 0.] in the cif file.,mp-1217834_processed.cif
input_cifs\mp-1218011.cif,Rotate  all surrounding atoms within 1.915193385742425 of the center atom at index 10 by 5.9749929140421365 radians around the axis [1. 0. 0.] in the cif file.,mp-1218011_processed.cif
input_cifs\mp-1218423.cif,Rotate  all surrounding atoms within 3.660229274748549 of the center atom at index 16 by 1.9747635627536857 radians around the axis [0. 1. 0.] in the cif file.,mp-1218423_processed.cif
input_cifs\mp-1218682.cif,Rotate  all surrounding atoms within 2.179020464432507 of the center atom at index 13 by 1.0284665731775062 radians around the axis [0. 0. 1.] in the cif file.,mp-1218682_processed.cif
input_cifs\mp-1218922.cif,Rotate  all surrounding atoms within 2.3689071613132464 of the center atom at index 3 by 3.0616155532387017 radians around the axis [0. 1. 0.] in the cif file.,mp-1218922_processed.cif
input_cifs\mp-1219071.cif,Rotate  all surrounding atoms within 2.333182523420475 of the center atom at index 8 by 0.6372170614974836 radians around the axis [1. 0. 0.] in the cif file.,mp-1219071_processed.cif
input_cifs\mp-1219127.cif,Rotate  all surrounding atoms within 3.7995523727600937 of the center atom at index 12 by 5.621812395547197 radians around the axis [0. 1. 0.] in the cif file.,mp-1219127_processed.cif
input_cifs\mp-1219578.cif,Rotate  all surrounding atoms within 3.187096914653817 of the center atom at index 13 by 0.6569436508189774 radians around the axis [1. 0. 0.] in the cif file.,mp-1219578_processed.cif
input_cifs\mp-1219615.cif,Rotate  all surrounding atoms within 2.900478230643566 of the center atom at index 15 by 0.4847977730351346 radians around the axis [0. 1. 0.] in the cif file.,mp-1219615_processed.cif
input_cifs\mp-1219892.cif,Rotate  all surrounding atoms within 3.524591539782639 of the center atom at index 3 by 3.0679161077304964 radians around the axis [1. 0. 0.] in the cif file.,mp-1219892_processed.cif
input_cifs\mp-1219893.cif,Rotate  all surrounding atoms within 3.049687187133239 of the center atom at index 6 by 0.682974789052289 radians around the axis [0. 1. 0.] in the cif file.,mp-1219893_processed.cif
input_cifs\mp-1220065.cif,Rotate  all surrounding atoms within 2.655140055721568 of the center atom at index 12 by 3.1280664130477316 radians around the axis [0. 0. 1.] in the cif file.,mp-1220065_processed.cif
input_cifs\mp-1220070.cif,Rotate  all surrounding atoms within 1.5434883140264688 of the center atom at index 12 by 0.5875048487358815 radians around the axis [0. 1. 0.] in the cif file.,mp-1220070_processed.cif
input_cifs\mp-1220202.cif,Rotate  all surrounding atoms within 2.4635309556656804 of the center atom at index 10 by 3.4207140598719055 radians around the axis [0. 1. 0.] in the cif file.,mp-1220202_processed.cif
input_cifs\mp-1220419.cif,Rotate  all surrounding atoms within 2.580828565841385 of the center atom at index 0 by 5.121999366362802 radians around the axis [1. 0. 0.] in the cif file.,mp-1220419_processed.cif
input_cifs\mp-1220444.cif,Rotate  all surrounding atoms within 3.7513141444212623 of the center atom at index 7 by 4.834640106453797 radians around the axis [0. 0. 1.] in the cif file.,mp-1220444_processed.cif
input_cifs\mp-1220553.cif,Rotate  all surrounding atoms within 2.6669725840763197 of the center atom at index 8 by 3.894660284641483 radians around the axis [0. 1. 0.] in the cif file.,mp-1220553_processed.cif
input_cifs\mp-1220692.cif,Rotate  all surrounding atoms within 1.559464683283105 of the center atom at index 8 by 3.677448481574841 radians around the axis [0. 0. 1.] in the cif file.,mp-1220692_processed.cif
input_cifs\mp-1220760.cif,Rotate  all surrounding atoms within 3.4613003273105445 of the center atom at index 18 by 0.8569432114787731 radians around the axis [0. 0. 1.] in the cif file.,mp-1220760_processed.cif
input_cifs\mp-1221207.cif,Rotate  all surrounding atoms within 3.2681010464796048 of the center atom at index 19 by 4.758724617680937 radians around the axis [1. 0. 0.] in the cif file.,mp-1221207_processed.cif
input_cifs\mp-1221380.cif,Rotate  all surrounding atoms within 3.358264568991821 of the center atom at index 2 by 0.7804153376750667 radians around the axis [0. 0. 1.] in the cif file.,mp-1221380_processed.cif
input_cifs\mp-1221838.cif,Rotate  all surrounding atoms within 1.6269040014511784 of the center atom at index 11 by 3.067295371094758 radians around the axis [0. 0. 1.] in the cif file.,mp-1221838_processed.cif
input_cifs\mp-1221843.cif,Rotate  all surrounding atoms within 3.0861576644173603 of the center atom at index 9 by 0.7682440636087011 radians around the axis [1. 0. 0.] in the cif file.,mp-1221843_processed.cif
input_cifs\mp-1221998.cif,Rotate  all surrounding atoms within 2.206558661937468 of the center atom at index 1 by 0.4910320301188503 radians around the axis [0. 1. 0.] in the cif file.,mp-1221998_processed.cif
input_cifs\mp-1222146.cif,Rotate  all surrounding atoms within 3.870981664752663 of the center atom at index 4 by 4.12885790035369 radians around the axis [0. 1. 0.] in the cif file.,mp-1222146_processed.cif
input_cifs\mp-1222327.cif,Rotate  all surrounding atoms within 1.8798981653830278 of the center atom at index 8 by 4.59864578486415 radians around the axis [1. 0. 0.] in the cif file.,mp-1222327_processed.cif
input_cifs\mp-1222509.cif,Rotate  all surrounding atoms within 3.9605067005770853 of the center atom at index 2 by 3.464452164141138 radians around the axis [0. 1. 0.] in the cif file.,mp-1222509_processed.cif
input_cifs\mp-1222563.cif,Rotate  all surrounding atoms within 1.6321681957587775 of the center atom at index 36 by 1.370396401275829 radians around the axis [1. 0. 0.] in the cif file.,mp-1222563_processed.cif
input_cifs\mp-1222827.cif,Rotate  all surrounding atoms within 2.725311549868 of the center atom at index 7 by 4.722864811098791 radians around the axis [0. 0. 1.] in the cif file.,mp-1222827_processed.cif
input_cifs\mp-1223169.cif,Rotate  all surrounding atoms within 3.4386735155296906 of the center atom at index 20 by 3.289689057336349 radians around the axis [0. 0. 1.] in the cif file.,mp-1223169_processed.cif
input_cifs\mp-1223295.cif,Rotate  all surrounding atoms within 1.8218541952436424 of the center atom at index 16 by 2.130099597665947 radians around the axis [1. 0. 0.] in the cif file.,mp-1223295_processed.cif
input_cifs\mp-1223429.cif,Rotate  all surrounding atoms within 3.371880676789515 of the center atom at index 5 by 1.1661429267286612 radians around the axis [0. 0. 1.] in the cif file.,mp-1223429_processed.cif
input_cifs\mp-1223578.cif,Rotate  all surrounding atoms within 3.97121720590819 of the center atom at index 75 by 4.330967734487593 radians around the axis [0. 1. 0.] in the cif file.,mp-1223578_processed.cif
input_cifs\mp-1223597.cif,Rotate  all surrounding atoms within 2.9208943425531126 of the center atom at index 10 by 1.1105721552962216 radians around the axis [1. 0. 0.] in the cif file.,mp-1223597_processed.cif
input_cifs\mp-1223626.cif,Rotate  all surrounding atoms within 3.6631132813985396 of the center atom at index 10 by 2.086231571005518 radians around the axis [0. 1. 0.] in the cif file.,mp-1223626_processed.cif
input_cifs\mp-1223895.cif,Rotate  all surrounding atoms within 3.1663194815742703 of the center atom at index 11 by 2.3003230940119757 radians around the axis [0. 0. 1.] in the cif file.,mp-1223895_processed.cif
input_cifs\mp-1224478.cif,Rotate  all surrounding atoms within 2.182251676428013 of the center atom at index 22 by 2.241837456041311 radians around the axis [1. 0. 0.] in the cif file.,mp-1224478_processed.cif
input_cifs\mp-1224502.cif,Rotate  all surrounding atoms within 3.508234731534653 of the center atom at index 3 by 5.143707643057976 radians around the axis [0. 1. 0.] in the cif file.,mp-1224502_processed.cif
input_cifs\mp-1225147.cif,Rotate  all surrounding atoms within 2.0661882765989255 of the center atom at index 1 by 4.194646125741673 radians around the axis [1. 0. 0.] in the cif file.,mp-1225147_processed.cif
input_cifs\mp-1225213.cif,Rotate  all surrounding atoms within 1.871818666412087 of the center atom at index 21 by 2.5529187312151005 radians around the axis [1. 0. 0.] in the cif file.,mp-1225213_processed.cif
input_cifs\mp-1225229.cif,Rotate  all surrounding atoms within 1.935668632045696 of the center atom at index 0 by 4.876245054824768 radians around the axis [0. 1. 0.] in the cif file.,mp-1225229_processed.cif
input_cifs\mp-1225237.cif,Rotate  all surrounding atoms within 3.6820342368493644 of the center atom at index 32 by 2.649128612449642 radians around the axis [0. 1. 0.] in the cif file.,mp-1225237_processed.cif
input_cifs\mp-1225440.cif,Rotate  all surrounding atoms within 2.2579961314172934 of the center atom at index 8 by 2.505405962974777 radians around the axis [0. 0. 1.] in the cif file.,mp-1225440_processed.cif
input_cifs\mp-1225651.cif,Rotate  all surrounding atoms within 3.2776067262859394 of the center atom at index 39 by 4.133531827176466 radians around the axis [0. 1. 0.] in the cif file.,mp-1225651_processed.cif
input_cifs\mp-1225781.cif,Rotate  all surrounding atoms within 1.9077927296236665 of the center atom at index 17 by 3.1358989941292377 radians around the axis [0. 1. 0.] in the cif file.,mp-1225781_processed.cif
input_cifs\mp-1226113.cif,Rotate  all surrounding atoms within 2.6618738112102034 of the center atom at index 6 by 1.1554729126534231 radians around the axis [1. 0. 0.] in the cif file.,mp-1226113_processed.cif
input_cifs\mp-1226144.cif,Rotate  all surrounding atoms within 2.185688574263252 of the center atom at index 0 by 6.103829360533627 radians around the axis [0. 1. 0.] in the cif file.,mp-1226144_processed.cif
input_cifs\mp-1226291.cif,Rotate  all surrounding atoms within 2.777120089682012 of the center atom at index 8 by 5.933273730605357 radians around the axis [0. 0. 1.] in the cif file.,mp-1226291_processed.cif
input_cifs\mp-1226695.cif,Rotate  all surrounding atoms within 2.7025427905895736 of the center atom at index 42 by 3.843215363185923 radians around the axis [0. 0. 1.] in the cif file.,mp-1226695_processed.cif
input_cifs\mp-1227099.cif,Rotate  all surrounding atoms within 2.196112836881346 of the center atom at index 10 by 4.138525009864001 radians around the axis [0. 0. 1.] in the cif file.,mp-1227099_processed.cif
input_cifs\mp-1227106.cif,Rotate  all surrounding atoms within 2.4771084153199876 of the center atom at index 10 by 1.7639108138656465 radians around the axis [0. 0. 1.] in the cif file.,mp-1227106_processed.cif
input_cifs\mp-1227447.cif,Rotate  all surrounding atoms within 2.233209743451615 of the center atom at index 2 by 0.6719054588340283 radians around the axis [0. 0. 1.] in the cif file.,mp-1227447_processed.cif
input_cifs\mp-1227574.cif,Rotate  all surrounding atoms within 2.069858100081373 of the center atom at index 9 by 0.7963950805618548 radians around the axis [1. 0. 0.] in the cif file.,mp-1227574_processed.cif
input_cifs\mp-1227644.cif,Rotate  all surrounding atoms within 3.672257837034243 of the center atom at index 3 by 0.5843253610209497 radians around the axis [0. 0. 1.] in the cif file.,mp-1227644_processed.cif
input_cifs\mp-1227756.cif,Rotate  all surrounding atoms within 1.5329715174663594 of the center atom at index 16 by 5.833806250133806 radians around the axis [1. 0. 0.] in the cif file.,mp-1227756_processed.cif
input_cifs\mp-1227836.cif,Rotate  all surrounding atoms within 1.6892737463879002 of the center atom at index 2 by 4.230868682127928 radians around the axis [1. 0. 0.] in the cif file.,mp-1227836_processed.cif
input_cifs\mp-1227849.cif,Rotate  all surrounding atoms within 3.1591479086959877 of the center atom at index 4 by 5.036142018532814 radians around the axis [1. 0. 0.] in the cif file.,mp-1227849_processed.cif
input_cifs\mp-1227954.cif,Rotate  all surrounding atoms within 2.1876205823959998 of the center atom at index 14 by 3.9940005816881157 radians around the axis [1. 0. 0.] in the cif file.,mp-1227954_processed.cif
input_cifs\mp-1228056.cif,Rotate  all surrounding atoms within 3.819207033071311 of the center atom at index 8 by 5.295607548779929 radians around the axis [0. 1. 0.] in the cif file.,mp-1228056_processed.cif
input_cifs\mp-1228315.cif,Rotate  all surrounding atoms within 3.9824255443948813 of the center atom at index 21 by 5.229662244013115 radians around the axis [0. 0. 1.] in the cif file.,mp-1228315_processed.cif
input_cifs\mp-1228494.cif,Rotate  all surrounding atoms within 2.4912553961119697 of the center atom at index 5 by 3.4986913477143697 radians around the axis [0. 1. 0.] in the cif file.,mp-1228494_processed.cif
input_cifs\mp-1228522.cif,Rotate  all surrounding atoms within 2.248690590035134 of the center atom at index 2 by 4.333148834347593 radians around the axis [0. 0. 1.] in the cif file.,mp-1228522_processed.cif
input_cifs\mp-1228836.cif,Rotate  all surrounding atoms within 3.5788311210564587 of the center atom at index 7 by 5.070881684546242 radians around the axis [1. 0. 0.] in the cif file.,mp-1228836_processed.cif
input_cifs\mp-1229286.cif,Rotate  all surrounding atoms within 2.4217605916633915 of the center atom at index 78 by 1.8346043407909056 radians around the axis [1. 0. 0.] in the cif file.,mp-1229286_processed.cif
input_cifs\mp-1232260.cif,Rotate  all surrounding atoms within 3.565339989257381 of the center atom at index 9 by 1.6668646988379483 radians around the axis [0. 0. 1.] in the cif file.,mp-1232260_processed.cif
input_cifs\mp-1232340.cif,Rotate  all surrounding atoms within 3.400230841411391 of the center atom at index 6 by 2.891940117604004 radians around the axis [1. 0. 0.] in the cif file.,mp-1232340_processed.cif
input_cifs\mp-1233155.cif,Rotate  all surrounding atoms within 2.7653733641533327 of the center atom at index 17 by 6.082774466518682 radians around the axis [1. 0. 0.] in the cif file.,mp-1233155_processed.cif
input_cifs\mp-1233280.cif,Rotate  all surrounding atoms within 3.8068956279728523 of the center atom at index 0 by 5.723714932322046 radians around the axis [0. 1. 0.] in the cif file.,mp-1233280_processed.cif
input_cifs\mp-1233390.cif,Rotate  all surrounding atoms within 2.688221389632663 of the center atom at index 23 by 2.8211222963095914 radians around the axis [0. 1. 0.] in the cif file.,mp-1233390_processed.cif
input_cifs\mp-1233443.cif,Rotate  all surrounding atoms within 2.6583025263801883 of the center atom at index 35 by 4.8421264659857535 radians around the axis [0. 0. 1.] in the cif file.,mp-1233443_processed.cif
input_cifs\mp-1233468.cif,Rotate  all surrounding atoms within 3.934279622360372 of the center atom at index 9 by 2.9600747598889403 radians around the axis [0. 0. 1.] in the cif file.,mp-1233468_processed.cif
input_cifs\mp-1233776.cif,Rotate  all surrounding atoms within 3.186020490169487 of the center atom at index 4 by 3.8258911923097876 radians around the axis [1. 0. 0.] in the cif file.,mp-1233776_processed.cif
input_cifs\mp-1233932.cif,Rotate  all surrounding atoms within 1.8652401997436576 of the center atom at index 11 by 4.920208548569683 radians around the axis [0. 1. 0.] in the cif file.,mp-1233932_processed.cif
input_cifs\mp-1233998.cif,Rotate  all surrounding atoms within 3.116448793199732 of the center atom at index 36 by 1.8817174480143903 radians around the axis [0. 0. 1.] in the cif file.,mp-1233998_processed.cif
input_cifs\mp-1234032.cif,Rotate  all surrounding atoms within 3.811445435642002 of the center atom at index 23 by 2.3509216455802484 radians around the axis [1. 0. 0.] in the cif file.,mp-1234032_processed.cif
input_cifs\mp-1234239.cif,Rotate  all surrounding atoms within 2.576867658245496 of the center atom at index 11 by 3.978451069549681 radians around the axis [1. 0. 0.] in the cif file.,mp-1234239_processed.cif
input_cifs\mp-12343.cif,Rotate  all surrounding atoms within 2.1219993240855732 of the center atom at index 9 by 1.9242885088764312 radians around the axis [0. 1. 0.] in the cif file.,mp-12343_processed.cif
input_cifs\mp-1234325.cif,Rotate  all surrounding atoms within 2.3349549220933103 of the center atom at index 8 by 4.433810336824589 radians around the axis [1. 0. 0.] in the cif file.,mp-1234325_processed.cif
input_cifs\mp-1234413.cif,Rotate  all surrounding atoms within 2.484806565150892 of the center atom at index 16 by 1.6197888310990816 radians around the axis [1. 0. 0.] in the cif file.,mp-1234413_processed.cif
input_cifs\mp-1234620.cif,Rotate  all surrounding atoms within 3.730311096064544 of the center atom at index 2 by 5.255715356249228 radians around the axis [0. 0. 1.] in the cif file.,mp-1234620_processed.cif
input_cifs\mp-1234667.cif,Rotate  all surrounding atoms within 2.7404959752652216 of the center atom at index 29 by 1.45841340173442 radians around the axis [1. 0. 0.] in the cif file.,mp-1234667_processed.cif
input_cifs\mp-1234741.cif,Rotate  all surrounding atoms within 3.7565903416928785 of the center atom at index 20 by 4.389183933682343 radians around the axis [0. 1. 0.] in the cif file.,mp-1234741_processed.cif
input_cifs\mp-1235023.cif,Rotate  all surrounding atoms within 1.8157168440705136 of the center atom at index 6 by 5.313819922200722 radians around the axis [1. 0. 0.] in the cif file.,mp-1235023_processed.cif
input_cifs\mp-1235295.cif,Rotate  all surrounding atoms within 3.8126210690454476 of the center atom at index 12 by 2.2298912125509904 radians around the axis [1. 0. 0.] in the cif file.,mp-1235295_processed.cif
input_cifs\mp-1235548.cif,Rotate  all surrounding atoms within 3.654036441550314 of the center atom at index 6 by 3.3718544019855408 radians around the axis [0. 1. 0.] in the cif file.,mp-1235548_processed.cif
input_cifs\mp-1235562.cif,Rotate  all surrounding atoms within 1.6219718308560849 of the center atom at index 3 by 5.276977634603279 radians around the axis [0. 1. 0.] in the cif file.,mp-1235562_processed.cif
input_cifs\mp-1235571.cif,Rotate  all surrounding atoms within 3.909140847230256 of the center atom at index 4 by 1.239733122401487 radians around the axis [0. 0. 1.] in the cif file.,mp-1235571_processed.cif
input_cifs\mp-1235672.cif,Rotate  all surrounding atoms within 1.663066353512631 of the center atom at index 0 by 4.315244030741902 radians around the axis [0. 0. 1.] in the cif file.,mp-1235672_processed.cif
input_cifs\mp-1235780.cif,Rotate  all surrounding atoms within 1.8724659789940052 of the center atom at index 6 by 3.381646381694976 radians around the axis [0. 0. 1.] in the cif file.,mp-1235780_processed.cif
input_cifs\mp-1236433.cif,Rotate  all surrounding atoms within 3.762894862320386 of the center atom at index 7 by 5.886305894428672 radians around the axis [0. 1. 0.] in the cif file.,mp-1236433_processed.cif
input_cifs\mp-1236543.cif,Rotate  all surrounding atoms within 3.4756106255680033 of the center atom at index 8 by 5.913698824689282 radians around the axis [0. 1. 0.] in the cif file.,mp-1236543_processed.cif
input_cifs\mp-1237278.cif,Rotate  all surrounding atoms within 3.8709823857169847 of the center atom at index 7 by 1.2212627550740556 radians around the axis [0. 1. 0.] in the cif file.,mp-1237278_processed.cif
input_cifs\mp-1237483.cif,Rotate  all surrounding atoms within 3.965408853365532 of the center atom at index 13 by 2.8687434722771545 radians around the axis [1. 0. 0.] in the cif file.,mp-1237483_processed.cif
input_cifs\mp-1238409.cif,Rotate  all surrounding atoms within 2.344244109698432 of the center atom at index 22 by 4.839951478906066 radians around the axis [0. 0. 1.] in the cif file.,mp-1238409_processed.cif
input_cifs\mp-1239078.cif,Rotate  all surrounding atoms within 3.359945452283842 of the center atom at index 31 by 2.719046123418852 radians around the axis [1. 0. 0.] in the cif file.,mp-1239078_processed.cif
input_cifs\mp-1239118.cif,Rotate  all surrounding atoms within 2.9185852507480186 of the center atom at index 0 by 5.219972733134158 radians around the axis [0. 1. 0.] in the cif file.,mp-1239118_processed.cif
input_cifs\mp-1239141.cif,Rotate  all surrounding atoms within 2.7032832294404416 of the center atom at index 12 by 2.9076354579637633 radians around the axis [0. 0. 1.] in the cif file.,mp-1239141_processed.cif
input_cifs\mp-1239223.cif,Rotate  all surrounding atoms within 3.087419325865662 of the center atom at index 5 by 3.1597358406907032 radians around the axis [0. 0. 1.] in the cif file.,mp-1239223_processed.cif
input_cifs\mp-1245280.cif,Rotate  all surrounding atoms within 2.1186401972016027 of the center atom at index 51 by 4.267761618929795 radians around the axis [1. 0. 0.] in the cif file.,mp-1245280_processed.cif
input_cifs\mp-1245339.cif,Rotate  all surrounding atoms within 3.634848048908944 of the center atom at index 33 by 5.87877166486231 radians around the axis [0. 1. 0.] in the cif file.,mp-1245339_processed.cif
input_cifs\mp-1245361.cif,Rotate  all surrounding atoms within 3.006044687866511 of the center atom at index 81 by 1.4788413744186124 radians around the axis [0. 0. 1.] in the cif file.,mp-1245361_processed.cif
input_cifs\mp-1245365.cif,Rotate  all surrounding atoms within 2.3187861056340724 of the center atom at index 55 by 0.5688234744907472 radians around the axis [1. 0. 0.] in the cif file.,mp-1245365_processed.cif
input_cifs\mp-1245626.cif,Rotate  all surrounding atoms within 1.7157939925932115 of the center atom at index 9 by 0.8293878088094406 radians around the axis [1. 0. 0.] in the cif file.,mp-1245626_processed.cif
input_cifs\mp-1245657.cif,Rotate  all surrounding atoms within 2.7435341743174444 of the center atom at index 52 by 4.852973569462659 radians around the axis [0. 1. 0.] in the cif file.,mp-1245657_processed.cif
input_cifs\mp-1245740.cif,Rotate  all surrounding atoms within 3.8558193158547787 of the center atom at index 46 by 6.276761212085907 radians around the axis [0. 1. 0.] in the cif file.,mp-1245740_processed.cif
input_cifs\mp-1246144.cif,Rotate  all surrounding atoms within 3.0924182217377485 of the center atom at index 17 by 3.010233338620587 radians around the axis [0. 1. 0.] in the cif file.,mp-1246144_processed.cif
input_cifs\mp-1246228.cif,Rotate  all surrounding atoms within 2.407699816916332 of the center atom at index 22 by 5.626015247996042 radians around the axis [0. 0. 1.] in the cif file.,mp-1246228_processed.cif
input_cifs\mp-1246371.cif,Rotate  all surrounding atoms within 3.2035474177373677 of the center atom at index 41 by 3.0027125070440883 radians around the axis [0. 1. 0.] in the cif file.,mp-1246371_processed.cif
input_cifs\mp-1246720.cif,Rotate  all surrounding atoms within 3.6863445780969997 of the center atom at index 2 by 2.295497773984631 radians around the axis [1. 0. 0.] in the cif file.,mp-1246720_processed.cif
input_cifs\mp-1246726.cif,Rotate  all surrounding atoms within 3.5636495572817624 of the center atom at index 0 by 6.194313184938661 radians around the axis [0. 0. 1.] in the cif file.,mp-1246726_processed.cif
input_cifs\mp-1246860.cif,Rotate  all surrounding atoms within 3.7547868929308024 of the center atom at index 16 by 1.446751033522674 radians around the axis [0. 1. 0.] in the cif file.,mp-1246860_processed.cif
input_cifs\mp-1247094.cif,Rotate  all surrounding atoms within 2.322530851997385 of the center atom at index 9 by 4.859870770703907 radians around the axis [0. 1. 0.] in the cif file.,mp-1247094_processed.cif
input_cifs\mp-1247286.cif,Rotate  all surrounding atoms within 2.119336581629441 of the center atom at index 22 by 2.9449529241817323 radians around the axis [0. 0. 1.] in the cif file.,mp-1247286_processed.cif
input_cifs\mp-1247309.cif,Rotate  all surrounding atoms within 2.542561676714972 of the center atom at index 11 by 3.706658959754048 radians around the axis [1. 0. 0.] in the cif file.,mp-1247309_processed.cif
input_cifs\mp-1247354.cif,Rotate  all surrounding atoms within 2.716791651176522 of the center atom at index 29 by 4.905744392364827 radians around the axis [0. 1. 0.] in the cif file.,mp-1247354_processed.cif
input_cifs\mp-1247634.cif,Rotate  all surrounding atoms within 1.8676012026685316 of the center atom at index 15 by 4.498641651201115 radians around the axis [1. 0. 0.] in the cif file.,mp-1247634_processed.cif
input_cifs\mp-1247690.cif,Rotate  all surrounding atoms within 2.4726647809440925 of the center atom at index 21 by 0.4175158528935525 radians around the axis [0. 1. 0.] in the cif file.,mp-1247690_processed.cif
input_cifs\mp-1250148.cif,Rotate  all surrounding atoms within 2.8430127957999787 of the center atom at index 12 by 5.419088508409436 radians around the axis [0. 1. 0.] in the cif file.,mp-1250148_processed.cif
input_cifs\mp-1250558.cif,Rotate  all surrounding atoms within 2.966126513127676 of the center atom at index 12 by 1.4249504868858143 radians around the axis [0. 1. 0.] in the cif file.,mp-1250558_processed.cif
input_cifs\mp-1253019.cif,Rotate  all surrounding atoms within 3.104091222900119 of the center atom at index 19 by 5.385782885395969 radians around the axis [0. 1. 0.] in the cif file.,mp-1253019_processed.cif
input_cifs\mp-1262123.cif,Rotate  all surrounding atoms within 3.248916187766018 of the center atom at index 16 by 2.3633797606262603 radians around the axis [1. 0. 0.] in the cif file.,mp-1262123_processed.cif
input_cifs\mp-12645.cif,Rotate  all surrounding atoms within 3.8832812043175697 of the center atom at index 4 by 2.736877832160746 radians around the axis [1. 0. 0.] in the cif file.,mp-12645_processed.cif
input_cifs\mp-1273464.cif,Rotate  all surrounding atoms within 2.284047373709174 of the center atom at index 26 by 3.7165891926856474 radians around the axis [0. 0. 1.] in the cif file.,mp-1273464_processed.cif
input_cifs\mp-1274050.cif,Rotate  all surrounding atoms within 1.566735481832281 of the center atom at index 15 by 1.836880615771113 radians around the axis [0. 0. 1.] in the cif file.,mp-1274050_processed.cif
input_cifs\mp-1275879.cif,Rotate  all surrounding atoms within 2.1505481398714736 of the center atom at index 3 by 4.40229790069192 radians around the axis [0. 0. 1.] in the cif file.,mp-1275879_processed.cif
input_cifs\mp-1278738.cif,Rotate  all surrounding atoms within 3.2978654648408154 of the center atom at index 4 by 0.5201693770361097 radians around the axis [0. 1. 0.] in the cif file.,mp-1278738_processed.cif
input_cifs\mp-1290926.cif,Rotate  all surrounding atoms within 3.5806568493391513 of the center atom at index 18 by 0.715537637842567 radians around the axis [1. 0. 0.] in the cif file.,mp-1290926_processed.cif
input_cifs\mp-1290947.cif,Rotate  all surrounding atoms within 3.3789228144832206 of the center atom at index 8 by 6.112151667051105 radians around the axis [0. 1. 0.] in the cif file.,mp-1290947_processed.cif
input_cifs\mp-1293037.cif,Rotate  all surrounding atoms within 3.2985495386422183 of the center atom at index 13 by 0.8342863089663464 radians around the axis [0. 1. 0.] in the cif file.,mp-1293037_processed.cif
input_cifs\mp-1294897.cif,Rotate  all surrounding atoms within 3.526918677906629 of the center atom at index 30 by 1.6232544484219422 radians around the axis [0. 1. 0.] in the cif file.,mp-1294897_processed.cif
input_cifs\mp-1297758.cif,Rotate  all surrounding atoms within 2.849247897102069 of the center atom at index 30 by 1.5946167863020522 radians around the axis [1. 0. 0.] in the cif file.,mp-1297758_processed.cif
input_cifs\mp-1299593.cif,Rotate  all surrounding atoms within 1.5301879598242283 of the center atom at index 18 by 1.5507789756078878 radians around the axis [0. 1. 0.] in the cif file.,mp-1299593_processed.cif
input_cifs\mp-1301981.cif,Rotate  all surrounding atoms within 1.9780416752916903 of the center atom at index 2 by 3.2427605746138224 radians around the axis [0. 0. 1.] in the cif file.,mp-1301981_processed.cif
input_cifs\mp-1302395.cif,Rotate  all surrounding atoms within 3.6109354040102883 of the center atom at index 6 by 5.623571333531556 radians around the axis [0. 0. 1.] in the cif file.,mp-1302395_processed.cif
input_cifs\mp-1307565.cif,Rotate  all surrounding atoms within 2.2726257697677568 of the center atom at index 27 by 1.7667604064974436 radians around the axis [0. 0. 1.] in the cif file.,mp-1307565_processed.cif
input_cifs\mp-1310460.cif,Rotate  all surrounding atoms within 2.3328788594754837 of the center atom at index 20 by 1.571474585520873 radians around the axis [0. 0. 1.] in the cif file.,mp-1310460_processed.cif
input_cifs\mp-1311133.cif,Rotate  all surrounding atoms within 2.874078026186067 of the center atom at index 5 by 4.662439008034939 radians around the axis [1. 0. 0.] in the cif file.,mp-1311133_processed.cif
input_cifs\mp-1323.cif,Rotate  all surrounding atoms within 2.6599620864098377 of the center atom at index 11 by 4.517768700597129 radians around the axis [1. 0. 0.] in the cif file.,mp-1323_processed.cif
input_cifs\mp-1329989.cif,Rotate  all surrounding atoms within 3.1208050126018465 of the center atom at index 46 by 4.431564022467864 radians around the axis [0. 1. 0.] in the cif file.,mp-1329989_processed.cif
input_cifs\mp-1330925.cif,Rotate  all surrounding atoms within 2.1629306563252637 of the center atom at index 3 by 2.691735402818349 radians around the axis [1. 0. 0.] in the cif file.,mp-1330925_processed.cif
input_cifs\mp-1337025.cif,Rotate  all surrounding atoms within 2.407526719324956 of the center atom at index 18 by 4.446276235207302 radians around the axis [0. 1. 0.] in the cif file.,mp-1337025_processed.cif
input_cifs\mp-1337931.cif,Rotate  all surrounding atoms within 3.141567468140207 of the center atom at index 27 by 4.766849083860057 radians around the axis [0. 1. 0.] in the cif file.,mp-1337931_processed.cif
input_cifs\mp-1344766.cif,Rotate  all surrounding atoms within 2.7416034263637807 of the center atom at index 6 by 2.8837903207015376 radians around the axis [0. 0. 1.] in the cif file.,mp-1344766_processed.cif
input_cifs\mp-1347018.cif,Rotate  all surrounding atoms within 2.4204075734978865 of the center atom at index 9 by 5.484127213198446 radians around the axis [0. 1. 0.] in the cif file.,mp-1347018_processed.cif
input_cifs\mp-1348043.cif,Rotate  all surrounding atoms within 3.842282093140272 of the center atom at index 13 by 4.589414158057359 radians around the axis [0. 0. 1.] in the cif file.,mp-1348043_processed.cif
input_cifs\mp-1350284.cif,Rotate  all surrounding atoms within 2.030848580795684 of the center atom at index 44 by 1.789430586709578 radians around the axis [0. 0. 1.] in the cif file.,mp-1350284_processed.cif
input_cifs\mp-1354141.cif,Rotate  all surrounding atoms within 1.8975878133651083 of the center atom at index 12 by 5.244317480591976 radians around the axis [0. 0. 1.] in the cif file.,mp-1354141_processed.cif
input_cifs\mp-13560.cif,Rotate  all surrounding atoms within 3.797918929553881 of the center atom at index 1 by 0.78272157225255 radians around the axis [1. 0. 0.] in the cif file.,mp-13560_processed.cif
input_cifs\mp-1368020.cif,Rotate  all surrounding atoms within 2.2071357385713397 of the center atom at index 12 by 3.75543059520459 radians around the axis [0. 1. 0.] in the cif file.,mp-1368020_processed.cif
input_cifs\mp-1370295.cif,Rotate  all surrounding atoms within 3.113227399001901 of the center atom at index 9 by 4.2157117273830575 radians around the axis [0. 1. 0.] in the cif file.,mp-1370295_processed.cif
input_cifs\mp-1373337.cif,Rotate  all surrounding atoms within 1.776243444745055 of the center atom at index 19 by 2.2993235058723456 radians around the axis [0. 1. 0.] in the cif file.,mp-1373337_processed.cif
input_cifs\mp-1376405.cif,Rotate  all surrounding atoms within 2.6499121836684356 of the center atom at index 5 by 3.1411876466491724 radians around the axis [0. 1. 0.] in the cif file.,mp-1376405_processed.cif
input_cifs\mp-1377393.cif,Rotate  all surrounding atoms within 2.989136247597733 of the center atom at index 21 by 6.0985052298935845 radians around the axis [0. 1. 0.] in the cif file.,mp-1377393_processed.cif
input_cifs\mp-1377991.cif,Rotate  all surrounding atoms within 3.6017339921778486 of the center atom at index 10 by 1.1193547711833247 radians around the axis [0. 1. 0.] in the cif file.,mp-1377991_processed.cif
input_cifs\mp-1385417.cif,Rotate  all surrounding atoms within 2.854825187098076 of the center atom at index 6 by 4.765662401698938 radians around the axis [1. 0. 0.] in the cif file.,mp-1385417_processed.cif
input_cifs\mp-1388114.cif,Rotate  all surrounding atoms within 2.3162083009486722 of the center atom at index 11 by 1.5634514340650945 radians around the axis [0. 0. 1.] in the cif file.,mp-1388114_processed.cif
input_cifs\mp-1388425.cif,Rotate  all surrounding atoms within 3.059983571539745 of the center atom at index 2 by 3.9575114142099737 radians around the axis [0. 0. 1.] in the cif file.,mp-1388425_processed.cif
input_cifs\mp-1391777.cif,Rotate  all surrounding atoms within 2.1937660622963118 of the center atom at index 2 by 5.49410673104639 radians around the axis [0. 1. 0.] in the cif file.,mp-1391777_processed.cif
input_cifs\mp-14005.cif,Rotate  all surrounding atoms within 2.118911674525397 of the center atom at index 3 by 0.8971839624079799 radians around the axis [0. 1. 0.] in the cif file.,mp-14005_processed.cif
input_cifs\mp-1401385.cif,Rotate  all surrounding atoms within 2.435954051546256 of the center atom at index 4 by 5.323051502033632 radians around the axis [0. 0. 1.] in the cif file.,mp-1401385_processed.cif
input_cifs\mp-1405211.cif,Rotate  all surrounding atoms within 2.8243898045930997 of the center atom at index 1 by 4.057484400083737 radians around the axis [1. 0. 0.] in the cif file.,mp-1405211_processed.cif
input_cifs\mp-1412002.cif,Rotate  all surrounding atoms within 3.2272985813774495 of the center atom at index 11 by 2.569846651254668 radians around the axis [0. 1. 0.] in the cif file.,mp-1412002_processed.cif
input_cifs\mp-1419122.cif,Rotate  all surrounding atoms within 2.146576064040871 of the center atom at index 8 by 0.8465872944682685 radians around the axis [0. 1. 0.] in the cif file.,mp-1419122_processed.cif
input_cifs\mp-1439.cif,Rotate  all surrounding atoms within 2.0521418492860684 of the center atom at index 1 by 4.319266612765528 radians around the axis [0. 1. 0.] in the cif file.,mp-1439_processed.cif
input_cifs\mp-14555.cif,Rotate  all surrounding atoms within 3.207051018151726 of the center atom at index 25 by 5.686384372919903 radians around the axis [1. 0. 0.] in the cif file.,mp-14555_processed.cif
input_cifs\mp-14556.cif,Rotate  all surrounding atoms within 2.113952782404332 of the center atom at index 46 by 2.6333958601878287 radians around the axis [1. 0. 0.] in the cif file.,mp-14556_processed.cif
input_cifs\mp-1516666.cif,Rotate  all surrounding atoms within 2.929275998841699 of the center atom at index 9 by 3.814008424608135 radians around the axis [0. 0. 1.] in the cif file.,mp-1516666_processed.cif
input_cifs\mp-1517169.cif,Rotate  all surrounding atoms within 2.522754759865809 of the center atom at index 6 by 0.4062284907720833 radians around the axis [1. 0. 0.] in the cif file.,mp-1517169_processed.cif
input_cifs\mp-1517627.cif,Rotate  all surrounding atoms within 3.3363705819930445 of the center atom at index 5 by 0.6102348242865137 radians around the axis [0. 1. 0.] in the cif file.,mp-1517627_processed.cif
input_cifs\mp-1518007.cif,Rotate  all surrounding atoms within 2.89949383756794 of the center atom at index 34 by 3.515726889063053 radians around the axis [0. 1. 0.] in the cif file.,mp-1518007_processed.cif
input_cifs\mp-1518014.cif,Rotate  all surrounding atoms within 1.9878422216414489 of the center atom at index 16 by 2.2383474782528676 radians around the axis [0. 1. 0.] in the cif file.,mp-1518014_processed.cif
input_cifs\mp-1518246.cif,Rotate  all surrounding atoms within 3.9806777924397574 of the center atom at index 4 by 3.6797951443740122 radians around the axis [1. 0. 0.] in the cif file.,mp-1518246_processed.cif
input_cifs\mp-1518458.cif,Rotate  all surrounding atoms within 2.9730275475018932 of the center atom at index 9 by 1.2197293365984438 radians around the axis [0. 0. 1.] in the cif file.,mp-1518458_processed.cif
input_cifs\mp-1518757.cif,Rotate  all surrounding atoms within 2.5737842665048265 of the center atom at index 2 by 1.0900064498540671 radians around the axis [1. 0. 0.] in the cif file.,mp-1518757_processed.cif
input_cifs\mp-1519002.cif,Rotate  all surrounding atoms within 1.6409940524673394 of the center atom at index 6 by 6.078780496254353 radians around the axis [1. 0. 0.] in the cif file.,mp-1519002_processed.cif
input_cifs\mp-1519698.cif,Rotate  all surrounding atoms within 2.4868452903639815 of the center atom at index 27 by 0.900809511580937 radians around the axis [0. 1. 0.] in the cif file.,mp-1519698_processed.cif
input_cifs\mp-1519736.cif,Rotate  all surrounding atoms within 2.9482972063075943 of the center atom at index 7 by 0.47510660561004664 radians around the axis [0. 0. 1.] in the cif file.,mp-1519736_processed.cif
input_cifs\mp-1519860.cif,Rotate  all surrounding atoms within 2.0206335872155075 of the center atom at index 7 by 2.457832132818217 radians around the axis [0. 0. 1.] in the cif file.,mp-1519860_processed.cif
input_cifs\mp-1519983.cif,Rotate  all surrounding atoms within 2.7545688315976955 of the center atom at index 0 by 2.3275142758153464 radians around the axis [0. 0. 1.] in the cif file.,mp-1519983_processed.cif
input_cifs\mp-1519998.cif,Rotate  all surrounding atoms within 2.953250241248738 of the center atom at index 7 by 1.8487846604879823 radians around the axis [1. 0. 0.] in the cif file.,mp-1519998_processed.cif
input_cifs\mp-1520500.cif,Rotate  all surrounding atoms within 3.926441383076456 of the center atom at index 0 by 5.565663734276386 radians around the axis [0. 1. 0.] in the cif file.,mp-1520500_processed.cif
input_cifs\mp-1521011.cif,Rotate  all surrounding atoms within 2.3362693131751566 of the center atom at index 2 by 4.51959835061826 radians around the axis [1. 0. 0.] in the cif file.,mp-1521011_processed.cif
input_cifs\mp-1521056.cif,Rotate  all surrounding atoms within 3.6853634664546058 of the center atom at index 1 by 5.169674850918421 radians around the axis [1. 0. 0.] in the cif file.,mp-1521056_processed.cif
input_cifs\mp-1521082.cif,Rotate  all surrounding atoms within 3.7554477359499288 of the center atom at index 6 by 2.7632200856527773 radians around the axis [1. 0. 0.] in the cif file.,mp-1521082_processed.cif
input_cifs\mp-1521221.cif,Rotate  all surrounding atoms within 2.983271776490885 of the center atom at index 5 by 5.824791060017974 radians around the axis [0. 1. 0.] in the cif file.,mp-1521221_processed.cif
input_cifs\mp-1521309.cif,Rotate  all surrounding atoms within 2.569018138831629 of the center atom at index 0 by 4.533430351659186 radians around the axis [0. 0. 1.] in the cif file.,mp-1521309_processed.cif
input_cifs\mp-1521702.cif,Rotate  all surrounding atoms within 1.9134284620906419 of the center atom at index 9 by 4.660911663970248 radians around the axis [0. 0. 1.] in the cif file.,mp-1521702_processed.cif
input_cifs\mp-1522205.cif,Rotate  all surrounding atoms within 2.7477123720184915 of the center atom at index 12 by 3.735075755447611 radians around the axis [1. 0. 0.] in the cif file.,mp-1522205_processed.cif
input_cifs\mp-1522629.cif,Rotate  all surrounding atoms within 3.55963103787301 of the center atom at index 7 by 5.781804044922 radians around the axis [1. 0. 0.] in the cif file.,mp-1522629_processed.cif
input_cifs\mp-1522792.cif,Rotate  all surrounding atoms within 2.395509193368781 of the center atom at index 0 by 0.40338618442747765 radians around the axis [1. 0. 0.] in the cif file.,mp-1522792_processed.cif
input_cifs\mp-1523004.cif,Rotate  all surrounding atoms within 1.7359245607283997 of the center atom at index 6 by 1.933323305678706 radians around the axis [1. 0. 0.] in the cif file.,mp-1523004_processed.cif
input_cifs\mp-1523044.cif,Rotate  all surrounding atoms within 3.1594681349366236 of the center atom at index 5 by 0.46517984336030754 radians around the axis [1. 0. 0.] in the cif file.,mp-1523044_processed.cif
input_cifs\mp-1523067.cif,Rotate  all surrounding atoms within 3.915875651518645 of the center atom at index 8 by 0.7419668056259826 radians around the axis [1. 0. 0.] in the cif file.,mp-1523067_processed.cif
input_cifs\mp-1523239.cif,Rotate  all surrounding atoms within 1.7305714249000066 of the center atom at index 13 by 6.07364023618444 radians around the axis [0. 0. 1.] in the cif file.,mp-1523239_processed.cif
input_cifs\mp-15896.cif,Rotate  all surrounding atoms within 2.9580173896643767 of the center atom at index 7 by 0.7165932415535394 radians around the axis [0. 1. 0.] in the cif file.,mp-15896_processed.cif
input_cifs\mp-1643677.cif,Rotate  all surrounding atoms within 2.6035853013650465 of the center atom at index 35 by 5.057549095109286 radians around the axis [0. 1. 0.] in the cif file.,mp-1643677_processed.cif
input_cifs\mp-1645697.cif,Rotate  all surrounding atoms within 2.112465604504424 of the center atom at index 17 by 2.3706583793164864 radians around the axis [1. 0. 0.] in the cif file.,mp-1645697_processed.cif
input_cifs\mp-1661789.cif,Rotate  all surrounding atoms within 2.3957557643728826 of the center atom at index 8 by 1.7966442467900932 radians around the axis [0. 1. 0.] in the cif file.,mp-1661789_processed.cif
input_cifs\mp-1661936.cif,Rotate  all surrounding atoms within 3.0187300011424325 of the center atom at index 10 by 2.921515931974456 radians around the axis [1. 0. 0.] in the cif file.,mp-1661936_processed.cif
input_cifs\mp-1662795.cif,Rotate  all surrounding atoms within 3.6740759114769177 of the center atom at index 23 by 2.0506128230148017 radians around the axis [1. 0. 0.] in the cif file.,mp-1662795_processed.cif
input_cifs\mp-1666930.cif,Rotate  all surrounding atoms within 3.551715684463918 of the center atom at index 7 by 1.410721009446262 radians around the axis [1. 0. 0.] in the cif file.,mp-1666930_processed.cif
input_cifs\mp-17024.cif,Rotate  all surrounding atoms within 2.371058683421997 of the center atom at index 6 by 3.0991270988269073 radians around the axis [0. 0. 1.] in the cif file.,mp-17024_processed.cif
input_cifs\mp-17282.cif,Rotate  all surrounding atoms within 1.5347201544591003 of the center atom at index 6 by 4.907634437211566 radians around the axis [1. 0. 0.] in the cif file.,mp-17282_processed.cif
input_cifs\mp-17344.cif,Rotate  all surrounding atoms within 1.9495210943686236 of the center atom at index 19 by 5.129206737838091 radians around the axis [0. 1. 0.] in the cif file.,mp-17344_processed.cif
input_cifs\mp-17676.cif,Rotate  all surrounding atoms within 2.5010819996685747 of the center atom at index 2 by 5.019189930779888 radians around the axis [0. 1. 0.] in the cif file.,mp-17676_processed.cif
input_cifs\mp-17770.cif,Rotate  all surrounding atoms within 1.5207473910528337 of the center atom at index 29 by 3.1102315862256598 radians around the axis [1. 0. 0.] in the cif file.,mp-17770_processed.cif
input_cifs\mp-17838.cif,Rotate  all surrounding atoms within 1.5348878076795012 of the center atom at index 4 by 0.7561820675520954 radians around the axis [0. 1. 0.] in the cif file.,mp-17838_processed.cif
input_cifs\mp-17861.cif,Rotate  all surrounding atoms within 3.16348169759487 of the center atom at index 29 by 1.4471753162752912 radians around the axis [1. 0. 0.] in the cif file.,mp-17861_processed.cif
input_cifs\mp-18469.cif,Rotate  all surrounding atoms within 3.1586417993630436 of the center atom at index 11 by 2.6715688912563134 radians around the axis [0. 1. 0.] in the cif file.,mp-18469_processed.cif
input_cifs\mp-18525.cif,Rotate  all surrounding atoms within 3.1218061248528537 of the center atom at index 12 by 4.550160935445854 radians around the axis [1. 0. 0.] in the cif file.,mp-18525_processed.cif
input_cifs\mp-18612.cif,Rotate  all surrounding atoms within 3.721251272696886 of the center atom at index 21 by 1.428797572128615 radians around the axis [1. 0. 0.] in the cif file.,mp-18612_processed.cif
input_cifs\mp-18701.cif,Rotate  all surrounding atoms within 2.7127593291658076 of the center atom at index 27 by 3.2499325108480703 radians around the axis [1. 0. 0.] in the cif file.,mp-18701_processed.cif
input_cifs\mp-18713.cif,Rotate  all surrounding atoms within 1.9830851700740877 of the center atom at index 16 by 2.188807717134104 radians around the axis [0. 0. 1.] in the cif file.,mp-18713_processed.cif
input_cifs\mp-18817.cif,Rotate  all surrounding atoms within 3.208636161582518 of the center atom at index 6 by 0.4428091313437641 radians around the axis [0. 0. 1.] in the cif file.,mp-18817_processed.cif
input_cifs\mp-18833.cif,Rotate  all surrounding atoms within 2.0780994990226245 of the center atom at index 11 by 2.246242853824294 radians around the axis [1. 0. 0.] in the cif file.,mp-18833_processed.cif
input_cifs\mp-18848.cif,Rotate  all surrounding atoms within 2.2520679698407653 of the center atom at index 9 by 0.9960348846763232 radians around the axis [0. 1. 0.] in the cif file.,mp-18848_processed.cif
input_cifs\mp-18996.cif,Rotate  all surrounding atoms within 1.818529231696173 of the center atom at index 14 by 2.7883250151891588 radians around the axis [0. 0. 1.] in the cif file.,mp-18996_processed.cif
input_cifs\mp-19070.cif,Rotate  all surrounding atoms within 1.9978898381130106 of the center atom at index 11 by 5.523342957384941 radians around the axis [0. 0. 1.] in the cif file.,mp-19070_processed.cif
input_cifs\mp-19087.cif,Rotate  all surrounding atoms within 1.7255795212698146 of the center atom at index 5 by 3.7360283514875556 radians around the axis [0. 1. 0.] in the cif file.,mp-19087_processed.cif
input_cifs\mp-19123.cif,Rotate  all surrounding atoms within 3.8586129009870445 of the center atom at index 10 by 0.3944709221785986 radians around the axis [0. 1. 0.] in the cif file.,mp-19123_processed.cif
input_cifs\mp-19162.cif,Rotate  all surrounding atoms within 2.451499504750786 of the center atom at index 8 by 2.8600202263540164 radians around the axis [0. 1. 0.] in the cif file.,mp-19162_processed.cif
input_cifs\mp-19426.cif,Rotate  all surrounding atoms within 2.182400658457125 of the center atom at index 7 by 3.0361494517837246 radians around the axis [1. 0. 0.] in the cif file.,mp-19426_processed.cif
input_cifs\mp-19785.cif,Rotate  all surrounding atoms within 1.9794106989471376 of the center atom at index 3 by 3.7532806273451484 radians around the axis [0. 0. 1.] in the cif file.,mp-19785_processed.cif
input_cifs\mp-1987603.cif,Rotate  all surrounding atoms within 2.8124191663505034 of the center atom at index 2 by 4.97129080289019 radians around the axis [0. 0. 1.] in the cif file.,mp-1987603_processed.cif
input_cifs\mp-19903.cif,Rotate  all surrounding atoms within 3.359604437905676 of the center atom at index 5 by 3.4228315925679134 radians around the axis [0. 1. 0.] in the cif file.,mp-19903_processed.cif
input_cifs\mp-19931.cif,Rotate  all surrounding atoms within 2.041249672108002 of the center atom at index 14 by 3.3630956647151136 radians around the axis [0. 1. 0.] in the cif file.,mp-19931_processed.cif
input_cifs\mp-20276.cif,Rotate  all surrounding atoms within 2.064053417728666 of the center atom at index 5 by 4.867465180055326 radians around the axis [1. 0. 0.] in the cif file.,mp-20276_processed.cif
input_cifs\mp-2030372.cif,Rotate  all surrounding atoms within 2.1821112806008216 of the center atom at index 6 by 4.331317821195996 radians around the axis [1. 0. 0.] in the cif file.,mp-2030372_processed.cif
input_cifs\mp-20460.cif,Rotate  all surrounding atoms within 2.86550108119993 of the center atom at index 8 by 6.039865035739037 radians around the axis [0. 1. 0.] in the cif file.,mp-20460_processed.cif
input_cifs\mp-20499.cif,Rotate  all surrounding atoms within 2.2822747910941916 of the center atom at index 9 by 4.527621924261613 radians around the axis [0. 0. 1.] in the cif file.,mp-20499_processed.cif
input_cifs\mp-2053129.cif,Rotate  all surrounding atoms within 1.6786703058071606 of the center atom at index 3 by 3.5469892359806368 radians around the axis [1. 0. 0.] in the cif file.,mp-2053129_processed.cif
input_cifs\mp-20633.cif,Rotate  all surrounding atoms within 3.427115433333637 of the center atom at index 10 by 0.9922953127957749 radians around the axis [0. 0. 1.] in the cif file.,mp-20633_processed.cif
input_cifs\mp-21208.cif,Rotate  all surrounding atoms within 1.5862863640353406 of the center atom at index 2 by 0.4353617327802592 radians around the axis [1. 0. 0.] in the cif file.,mp-21208_processed.cif
input_cifs\mp-21493.cif,Rotate  all surrounding atoms within 3.265591918070811 of the center atom at index 2 by 3.908701883729312 radians around the axis [0. 0. 1.] in the cif file.,mp-21493_processed.cif
input_cifs\mp-21658.cif,Rotate  all surrounding atoms within 3.3426005187519587 of the center atom at index 30 by 0.4957902881472217 radians around the axis [1. 0. 0.] in the cif file.,mp-21658_processed.cif
input_cifs\mp-21799.cif,Rotate  all surrounding atoms within 3.093030516308475 of the center atom at index 52 by 1.438166548668659 radians around the axis [1. 0. 0.] in the cif file.,mp-21799_processed.cif
input_cifs\mp-22042.cif,Rotate  all surrounding atoms within 2.0764315791140793 of the center atom at index 15 by 4.77797209728393 radians around the axis [0. 0. 1.] in the cif file.,mp-22042_processed.cif
input_cifs\mp-2206289.cif,Rotate  all surrounding atoms within 1.7843719882504887 of the center atom at index 9 by 1.6644366658984875 radians around the axis [0. 1. 0.] in the cif file.,mp-2206289_processed.cif
input_cifs\mp-22076.cif,Rotate  all surrounding atoms within 3.6331812269923764 of the center atom at index 23 by 4.134030270865561 radians around the axis [0. 1. 0.] in the cif file.,mp-22076_processed.cif
input_cifs\mp-2215910.cif,Rotate  all surrounding atoms within 2.878577651508279 of the center atom at index 1 by 5.375281594718022 radians around the axis [0. 0. 1.] in the cif file.,mp-2215910_processed.cif
input_cifs\mp-2217621.cif,Rotate  all surrounding atoms within 3.364639907403988 of the center atom at index 2 by 5.547222558834406 radians around the axis [0. 0. 1.] in the cif file.,mp-2217621_processed.cif
input_cifs\mp-2217707.cif,Rotate  all surrounding atoms within 1.936847884813603 of the center atom at index 2 by 2.5837537338060117 radians around the axis [0. 1. 0.] in the cif file.,mp-2217707_processed.cif
input_cifs\mp-2217878.cif,Rotate  all surrounding atoms within 1.5073544082192065 of the center atom at index 8 by 0.9826427891017722 radians around the axis [0. 1. 0.] in the cif file.,mp-2217878_processed.cif
input_cifs\mp-2218067.cif,Rotate  all surrounding atoms within 2.254636854537315 of the center atom at index 3 by 0.8870819385370712 radians around the axis [0. 0. 1.] in the cif file.,mp-2218067_processed.cif
input_cifs\mp-2218172.cif,Rotate  all surrounding atoms within 3.9551777675585593 of the center atom at index 10 by 4.565313111965459 radians around the axis [0. 1. 0.] in the cif file.,mp-2218172_processed.cif
input_cifs\mp-2218202.cif,Rotate  all surrounding atoms within 2.3659313231173735 of the center atom at index 11 by 4.39265372832015 radians around the axis [0. 0. 1.] in the cif file.,mp-2218202_processed.cif
input_cifs\mp-2218885.cif,Rotate  all surrounding atoms within 2.2345577090148705 of the center atom at index 1 by 4.032720806707298 radians around the axis [0. 1. 0.] in the cif file.,mp-2218885_processed.cif
input_cifs\mp-2218969.cif,Rotate  all surrounding atoms within 3.6247886309869863 of the center atom at index 9 by 3.44870922073349 radians around the axis [0. 0. 1.] in the cif file.,mp-2218969_processed.cif
input_cifs\mp-2219052.cif,Rotate  all surrounding atoms within 3.1862555795265948 of the center atom at index 0 by 4.356969933300019 radians around the axis [0. 1. 0.] in the cif file.,mp-2219052_processed.cif
input_cifs\mp-2219166.cif,Rotate  all surrounding atoms within 2.9940656784737003 of the center atom at index 8 by 5.4253661159636835 radians around the axis [1. 0. 0.] in the cif file.,mp-2219166_processed.cif
input_cifs\mp-2219262.cif,Rotate  all surrounding atoms within 2.632072633237353 of the center atom at index 1 by 5.453191251653632 radians around the axis [0. 0. 1.] in the cif file.,mp-2219262_processed.cif
input_cifs\mp-2219466.cif,Rotate  all surrounding atoms within 3.455145210927408 of the center atom at index 8 by 1.0684167991061253 radians around the axis [1. 0. 0.] in the cif file.,mp-2219466_processed.cif
input_cifs\mp-2222780.cif,Rotate  all surrounding atoms within 1.7690204953319897 of the center atom at index 1 by 2.8305238118575318 radians around the axis [0. 0. 1.] in the cif file.,mp-2222780_processed.cif
input_cifs\mp-2223884.cif,Rotate  all surrounding atoms within 3.3325027997939656 of the center atom at index 4 by 5.1173138892395365 radians around the axis [1. 0. 0.] in the cif file.,mp-2223884_processed.cif
input_cifs\mp-2224443.cif,Rotate  all surrounding atoms within 3.638451609811973 of the center atom at index 9 by 1.3827126336236737 radians around the axis [1. 0. 0.] in the cif file.,mp-2224443_processed.cif
input_cifs\mp-2224447.cif,Rotate  all surrounding atoms within 3.6102292756580856 of the center atom at index 11 by 3.654240623411606 radians around the axis [0. 0. 1.] in the cif file.,mp-2224447_processed.cif
input_cifs\mp-22248.cif,Rotate  all surrounding atoms within 3.6409149267275174 of the center atom at index 4 by 3.7962150075822874 radians around the axis [0. 0. 1.] in the cif file.,mp-22248_processed.cif
input_cifs\mp-2224811.cif,Rotate  all surrounding atoms within 2.3535451926353455 of the center atom at index 2 by 1.2470866496191988 radians around the axis [1. 0. 0.] in the cif file.,mp-2224811_processed.cif
input_cifs\mp-2224860.cif,Rotate  all surrounding atoms within 3.8955516035736713 of the center atom at index 38 by 2.108663142460789 radians around the axis [0. 0. 1.] in the cif file.,mp-2224860_processed.cif
input_cifs\mp-2225000.cif,Rotate  all surrounding atoms within 2.2990621823515385 of the center atom at index 12 by 2.115145876330976 radians around the axis [1. 0. 0.] in the cif file.,mp-2225000_processed.cif
input_cifs\mp-2228328.cif,Rotate  all surrounding atoms within 3.295917182909405 of the center atom at index 6 by 1.9614899426754722 radians around the axis [1. 0. 0.] in the cif file.,mp-2228328_processed.cif
input_cifs\mp-2228374.cif,Rotate  all surrounding atoms within 3.3588471057563165 of the center atom at index 0 by 3.724410347092779 radians around the axis [1. 0. 0.] in the cif file.,mp-2228374_processed.cif
input_cifs\mp-2228437.cif,Rotate  all surrounding atoms within 3.2915363774753628 of the center atom at index 7 by 2.3815263967094937 radians around the axis [0. 0. 1.] in the cif file.,mp-2228437_processed.cif
input_cifs\mp-2228500.cif,Rotate  all surrounding atoms within 1.609210287355412 of the center atom at index 4 by 5.6039310131370925 radians around the axis [1. 0. 0.] in the cif file.,mp-2228500_processed.cif
input_cifs\mp-2228706.cif,Rotate  all surrounding atoms within 3.7771230378015774 of the center atom at index 5 by 3.02502926668151 radians around the axis [1. 0. 0.] in the cif file.,mp-2228706_processed.cif
input_cifs\mp-2228915.cif,Rotate  all surrounding atoms within 3.210941914296013 of the center atom at index 8 by 5.411982384559021 radians around the axis [1. 0. 0.] in the cif file.,mp-2228915_processed.cif
input_cifs\mp-2228929.cif,Rotate  all surrounding atoms within 2.5679822653790536 of the center atom at index 6 by 3.0989502050246758 radians around the axis [0. 1. 0.] in the cif file.,mp-2228929_processed.cif
input_cifs\mp-2229660.cif,Rotate  all surrounding atoms within 1.7555695990753515 of the center atom at index 1 by 3.842251492665751 radians around the axis [0. 0. 1.] in the cif file.,mp-2229660_processed.cif
input_cifs\mp-2230032.cif,Rotate  all surrounding atoms within 3.0963253761651157 of the center atom at index 7 by 1.950328128191008 radians around the axis [0. 1. 0.] in the cif file.,mp-2230032_processed.cif
input_cifs\mp-2230094.cif,Rotate  all surrounding atoms within 1.6032012731195688 of the center atom at index 1 by 3.385623988441238 radians around the axis [1. 0. 0.] in the cif file.,mp-2230094_processed.cif
input_cifs\mp-2230252.cif,Rotate  all surrounding atoms within 1.65263147014783 of the center atom at index 18 by 4.713849089399865 radians around the axis [0. 1. 0.] in the cif file.,mp-2230252_processed.cif
input_cifs\mp-2230521.cif,Rotate  all surrounding atoms within 3.90562234122349 of the center atom at index 0 by 1.7265563088198546 radians around the axis [1. 0. 0.] in the cif file.,mp-2230521_processed.cif
input_cifs\mp-2230812.cif,Rotate  all surrounding atoms within 1.6976665020323995 of the center atom at index 0 by 5.844792346692879 radians around the axis [0. 1. 0.] in the cif file.,mp-2230812_processed.cif
input_cifs\mp-2231004.cif,Rotate  all surrounding atoms within 3.994510056602806 of the center atom at index 10 by 0.9947422426336696 radians around the axis [0. 0. 1.] in the cif file.,mp-2231004_processed.cif
input_cifs\mp-2231286.cif,Rotate  all surrounding atoms within 3.28004993056215 of the center atom at index 11 by 2.290486564232637 radians around the axis [1. 0. 0.] in the cif file.,mp-2231286_processed.cif
input_cifs\mp-2232282.cif,Rotate  all surrounding atoms within 2.042861673004102 of the center atom at index 10 by 3.2993535964512044 radians around the axis [0. 1. 0.] in the cif file.,mp-2232282_processed.cif
input_cifs\mp-2239868.cif,Rotate  all surrounding atoms within 1.5434907101744344 of the center atom at index 2 by 1.6307745885148537 radians around the axis [0. 0. 1.] in the cif file.,mp-2239868_processed.cif
input_cifs\mp-2240173.cif,Rotate  all surrounding atoms within 1.9202268133623845 of the center atom at index 9 by 3.6075165011865926 radians around the axis [1. 0. 0.] in the cif file.,mp-2240173_processed.cif
input_cifs\mp-2241358.cif,Rotate  all surrounding atoms within 3.1304180976710594 of the center atom at index 6 by 6.02107449931213 radians around the axis [0. 1. 0.] in the cif file.,mp-2241358_processed.cif
input_cifs\mp-2254.cif,Rotate  all surrounding atoms within 2.6284943385209814 of the center atom at index 10 by 1.2409518733999558 radians around the axis [0. 0. 1.] in the cif file.,mp-2254_processed.cif
input_cifs\mp-23418.cif,Rotate  all surrounding atoms within 3.0462354277707218 of the center atom at index 10 by 3.141672960492291 radians around the axis [0. 0. 1.] in the cif file.,mp-23418_processed.cif
input_cifs\mp-23498.cif,Rotate  all surrounding atoms within 3.038752829130893 of the center atom at index 19 by 1.815758722168516 radians around the axis [1. 0. 0.] in the cif file.,mp-23498_processed.cif
input_cifs\mp-23586.cif,Rotate  all surrounding atoms within 1.860452201399779 of the center atom at index 17 by 1.2754866198045456 radians around the axis [0. 1. 0.] in the cif file.,mp-23586_processed.cif
input_cifs\mp-23979.cif,Rotate  all surrounding atoms within 3.7106238342174427 of the center atom at index 17 by 3.798237760824376 radians around the axis [1. 0. 0.] in the cif file.,mp-23979_processed.cif
input_cifs\mp-24037.cif,Rotate  all surrounding atoms within 2.540615675351135 of the center atom at index 33 by 3.508097177132821 radians around the axis [0. 0. 1.] in the cif file.,mp-24037_processed.cif
input_cifs\mp-24044.cif,Rotate  all surrounding atoms within 3.222898973254474 of the center atom at index 4 by 3.9891741971614922 radians around the axis [0. 0. 1.] in the cif file.,mp-24044_processed.cif
input_cifs\mp-24515.cif,Rotate  all surrounding atoms within 2.5507136662877685 of the center atom at index 16 by 4.7408637942955565 radians around the axis [1. 0. 0.] in the cif file.,mp-24515_processed.cif
input_cifs\mp-2480.cif,Rotate  all surrounding atoms within 1.5857596561667604 of the center atom at index 0 by 4.940426287368174 radians around the axis [1. 0. 0.] in the cif file.,mp-2480_processed.cif
input_cifs\mp-25405.cif,Rotate  all surrounding atoms within 2.748381653776756 of the center atom at index 2 by 3.5844665524308312 radians around the axis [0. 1. 0.] in the cif file.,mp-25405_processed.cif
input_cifs\mp-25457.cif,Rotate  all surrounding atoms within 2.249237414323332 of the center atom at index 15 by 0.6452087212917411 radians around the axis [1. 0. 0.] in the cif file.,mp-25457_processed.cif
input_cifs\mp-26179.cif,Rotate  all surrounding atoms within 3.3172461067019094 of the center atom at index 20 by 1.7720035866401465 radians around the axis [0. 0. 1.] in the cif file.,mp-26179_processed.cif
input_cifs\mp-26270.cif,Rotate  all surrounding atoms within 3.2131176355721425 of the center atom at index 3 by 2.226516218848759 radians around the axis [0. 1. 0.] in the cif file.,mp-26270_processed.cif
input_cifs\mp-2646946.cif,Rotate  all surrounding atoms within 3.0094368235291213 of the center atom at index 5 by 3.5826966720394533 radians around the axis [1. 0. 0.] in the cif file.,mp-2646946_processed.cif
input_cifs\mp-26612.cif,Rotate  all surrounding atoms within 2.8763500155824797 of the center atom at index 11 by 4.826054488980077 radians around the axis [1. 0. 0.] in the cif file.,mp-26612_processed.cif
input_cifs\mp-2715259.cif,Rotate  all surrounding atoms within 2.4864983603560633 of the center atom at index 14 by 0.8849212239261732 radians around the axis [0. 1. 0.] in the cif file.,mp-2715259_processed.cif
input_cifs\mp-2715379.cif,Rotate  all surrounding atoms within 3.798980872707303 of the center atom at index 28 by 5.452091255794652 radians around the axis [0. 1. 0.] in the cif file.,mp-2715379_processed.cif
input_cifs\mp-27286.cif,Rotate  all surrounding atoms within 3.918510354731421 of the center atom at index 34 by 3.2783729314596153 radians around the axis [0. 1. 0.] in the cif file.,mp-27286_processed.cif
input_cifs\mp-27341.cif,Rotate  all surrounding atoms within 3.54345580867043 of the center atom at index 46 by 2.6235924420605485 radians around the axis [0. 1. 0.] in the cif file.,mp-27341_processed.cif
input_cifs\mp-27383.cif,Rotate  all surrounding atoms within 2.2021068466072444 of the center atom at index 15 by 4.42388706434004 radians around the axis [0. 0. 1.] in the cif file.,mp-27383_processed.cif
input_cifs\mp-2751271.cif,Rotate  all surrounding atoms within 3.5396623051528997 of the center atom at index 6 by 0.44337827769629296 radians around the axis [0. 0. 1.] in the cif file.,mp-2751271_processed.cif
input_cifs\mp-28393.cif,Rotate  all surrounding atoms within 3.9752498769820837 of the center atom at index 24 by 5.316543616782161 radians around the axis [0. 1. 0.] in the cif file.,mp-28393_processed.cif
input_cifs\mp-28394.cif,Rotate  all surrounding atoms within 1.959096335415408 of the center atom at index 38 by 4.67205160533587 radians around the axis [1. 0. 0.] in the cif file.,mp-28394_processed.cif
input_cifs\mp-28430.cif,Rotate  all surrounding atoms within 3.0303342620484264 of the center atom at index 2 by 1.71855624407848 radians around the axis [1. 0. 0.] in the cif file.,mp-28430_processed.cif
input_cifs\mp-28450.cif,Rotate  all surrounding atoms within 2.9919417363437444 of the center atom at index 2 by 2.2264414598389166 radians around the axis [0. 0. 1.] in the cif file.,mp-28450_processed.cif
input_cifs\mp-28544.cif,Rotate  all surrounding atoms within 2.324251348360507 of the center atom at index 18 by 3.792574757577351 radians around the axis [0. 0. 1.] in the cif file.,mp-28544_processed.cif
input_cifs\mp-28580.cif,Rotate  all surrounding atoms within 1.6014675878611748 of the center atom at index 1 by 4.252720156463045 radians around the axis [0. 1. 0.] in the cif file.,mp-28580_processed.cif
input_cifs\mp-28824.cif,Rotate  all surrounding atoms within 1.5478872818975433 of the center atom at index 21 by 4.691522548999767 radians around the axis [0. 1. 0.] in the cif file.,mp-28824_processed.cif
input_cifs\mp-2901870.cif,Rotate  all surrounding atoms within 2.753410122333233 of the center atom at index 1 by 3.658746290437825 radians around the axis [1. 0. 0.] in the cif file.,mp-2901870_processed.cif
input_cifs\mp-2911.cif,Rotate  all surrounding atoms within 3.1088836354030382 of the center atom at index 18 by 1.5233328062927234 radians around the axis [0. 1. 0.] in the cif file.,mp-2911_processed.cif
input_cifs\mp-29144.cif,Rotate  all surrounding atoms within 2.1896740628680647 of the center atom at index 10 by 3.265985853456513 radians around the axis [0. 1. 0.] in the cif file.,mp-29144_processed.cif
input_cifs\mp-29412.cif,Rotate  all surrounding atoms within 1.5533572153672677 of the center atom at index 13 by 6.143419085683508 radians around the axis [0. 0. 1.] in the cif file.,mp-29412_processed.cif
input_cifs\mp-29415.cif,Rotate  all surrounding atoms within 2.0455767847129027 of the center atom at index 7 by 4.4820463128689365 radians around the axis [1. 0. 0.] in the cif file.,mp-29415_processed.cif
input_cifs\mp-29755.cif,Rotate  all surrounding atoms within 2.0341811906386615 of the center atom at index 6 by 4.061739881252161 radians around the axis [0. 0. 1.] in the cif file.,mp-29755_processed.cif
input_cifs\mp-29770.cif,Rotate  all surrounding atoms within 3.9823757663524986 of the center atom at index 9 by 5.010825026535494 radians around the axis [0. 1. 0.] in the cif file.,mp-29770_processed.cif
input_cifs\mp-30305.cif,Rotate  all surrounding atoms within 3.3248558958373096 of the center atom at index 28 by 3.122051064719727 radians around the axis [1. 0. 0.] in the cif file.,mp-30305_processed.cif
input_cifs\mp-30320.cif,Rotate  all surrounding atoms within 1.5194306943577558 of the center atom at index 27 by 1.1866985822678402 radians around the axis [0. 0. 1.] in the cif file.,mp-30320_processed.cif
input_cifs\mp-30859.cif,Rotate  all surrounding atoms within 1.5331522562111366 of the center atom at index 9 by 3.4667967951288103 radians around the axis [1. 0. 0.] in the cif file.,mp-30859_processed.cif
input_cifs\mp-30908.cif,Rotate  all surrounding atoms within 1.607436329155886 of the center atom at index 8 by 4.545688159749131 radians around the axis [0. 1. 0.] in the cif file.,mp-30908_processed.cif
input_cifs\mp-31251.cif,Rotate  all surrounding atoms within 2.347208611816687 of the center atom at index 60 by 3.3630980905467656 radians around the axis [0. 0. 1.] in the cif file.,mp-31251_processed.cif
input_cifs\mp-31314.cif,Rotate  all surrounding atoms within 2.3977150200993522 of the center atom at index 26 by 4.056535043785644 radians around the axis [0. 1. 0.] in the cif file.,mp-31314_processed.cif
input_cifs\mp-3138.cif,Rotate  all surrounding atoms within 3.9330367289261106 of the center atom at index 5 by 4.9896621677717174 radians around the axis [1. 0. 0.] in the cif file.,mp-3138_processed.cif
input_cifs\mp-31394.cif,Rotate  all surrounding atoms within 2.8937848058209097 of the center atom at index 20 by 4.479153643416895 radians around the axis [0. 1. 0.] in the cif file.,mp-31394_processed.cif
input_cifs\mp-3205.cif,Rotate  all surrounding atoms within 1.579029335114533 of the center atom at index 2 by 2.509632810565012 radians around the axis [0. 1. 0.] in the cif file.,mp-3205_processed.cif
input_cifs\mp-3216726.cif,Rotate  all surrounding atoms within 3.1930730369986176 of the center atom at index 0 by 1.1064306833137707 radians around the axis [0. 1. 0.] in the cif file.,mp-3216726_processed.cif
input_cifs\mp-32528.cif,Rotate  all surrounding atoms within 1.9298210770795043 of the center atom at index 16 by 1.8956758566867782 radians around the axis [0. 0. 1.] in the cif file.,mp-32528_processed.cif
input_cifs\mp-3316.cif,Rotate  all surrounding atoms within 2.952293288648189 of the center atom at index 2 by 1.826648656477693 radians around the axis [1. 0. 0.] in the cif file.,mp-3316_processed.cif
input_cifs\mp-33325.cif,Rotate  all surrounding atoms within 1.9913613423120522 of the center atom at index 2 by 2.2282521659939665 radians around the axis [1. 0. 0.] in the cif file.,mp-33325_processed.cif
input_cifs\mp-34185.cif,Rotate  all surrounding atoms within 2.5092042269549175 of the center atom at index 13 by 3.327917912556161 radians around the axis [0. 1. 0.] in the cif file.,mp-34185_processed.cif
input_cifs\mp-3538.cif,Rotate  all surrounding atoms within 2.6077497722791874 of the center atom at index 60 by 3.787729416366098 radians around the axis [1. 0. 0.] in the cif file.,mp-3538_processed.cif
input_cifs\mp-36310.cif,Rotate  all surrounding atoms within 3.525294778574149 of the center atom at index 7 by 0.4928120068284443 radians around the axis [0. 1. 0.] in the cif file.,mp-36310_processed.cif
input_cifs\mp-36484.cif,Rotate  all surrounding atoms within 2.364106947657103 of the center atom at index 17 by 3.6310521457597082 radians around the axis [0. 1. 0.] in the cif file.,mp-36484_processed.cif
input_cifs\mp-4419.cif,Rotate  all surrounding atoms within 1.6790857241021104 of the center atom at index 9 by 2.4122503186983115 radians around the axis [1. 0. 0.] in the cif file.,mp-4419_processed.cif
input_cifs\mp-4421.cif,Rotate  all surrounding atoms within 3.711663651224626 of the center atom at index 16 by 2.82482124891413 radians around the axis [0. 0. 1.] in the cif file.,mp-4421_processed.cif
input_cifs\mp-504149.cif,Rotate  all surrounding atoms within 2.183933138045769 of the center atom at index 62 by 1.787305536420834 radians around the axis [0. 1. 0.] in the cif file.,mp-504149_processed.cif
input_cifs\mp-504509.cif,Rotate  all surrounding atoms within 3.5109397776563562 of the center atom at index 3 by 4.734591242974041 radians around the axis [0. 0. 1.] in the cif file.,mp-504509_processed.cif
input_cifs\mp-505074.cif,Rotate  all surrounding atoms within 2.138093504409128 of the center atom at index 54 by 0.4359436160953021 radians around the axis [1. 0. 0.] in the cif file.,mp-505074_processed.cif
input_cifs\mp-505217.cif,Rotate  all surrounding atoms within 3.3057032058204827 of the center atom at index 25 by 5.768586654962661 radians around the axis [0. 1. 0.] in the cif file.,mp-505217_processed.cif
input_cifs\mp-505540.cif,Rotate  all surrounding atoms within 3.109033841432824 of the center atom at index 9 by 3.838500258011685 radians around the axis [1. 0. 0.] in the cif file.,mp-505540_processed.cif
input_cifs\mp-505573.cif,Rotate  all surrounding atoms within 1.9869214228721521 of the center atom at index 8 by 3.2216523884105315 radians around the axis [1. 0. 0.] in the cif file.,mp-505573_processed.cif
input_cifs\mp-505766.cif,Rotate  all surrounding atoms within 2.344799148795605 of the center atom at index 0 by 5.636850489662258 radians around the axis [0. 0. 1.] in the cif file.,mp-505766_processed.cif
input_cifs\mp-510544.cif,Rotate  all surrounding atoms within 2.921508421650493 of the center atom at index 26 by 1.8825857241911714 radians around the axis [1. 0. 0.] in the cif file.,mp-510544_processed.cif
input_cifs\mp-510717.cif,Rotate  all surrounding atoms within 1.557024238992493 of the center atom at index 3 by 3.1017679891805865 radians around the axis [0. 1. 0.] in the cif file.,mp-510717_processed.cif
input_cifs\mp-5151.cif,Rotate  all surrounding atoms within 2.6596013648802765 of the center atom at index 5 by 2.60290614160604 radians around the axis [0. 1. 0.] in the cif file.,mp-5151_processed.cif
input_cifs\mp-530379.cif,Rotate  all surrounding atoms within 3.294451674021597 of the center atom at index 49 by 5.219773717091746 radians around the axis [0. 1. 0.] in the cif file.,mp-530379_processed.cif
input_cifs\mp-530850.cif,Rotate  all surrounding atoms within 3.49590530071557 of the center atom at index 22 by 3.7573878140080654 radians around the axis [1. 0. 0.] in the cif file.,mp-530850_processed.cif
input_cifs\mp-540740.cif,Rotate  all surrounding atoms within 3.6005850227960794 of the center atom at index 14 by 2.145424919966489 radians around the axis [0. 1. 0.] in the cif file.,mp-540740_processed.cif
input_cifs\mp-540798.cif,Rotate  all surrounding atoms within 2.825929716841946 of the center atom at index 5 by 4.6343910529890415 radians around the axis [1. 0. 0.] in the cif file.,mp-540798_processed.cif
input_cifs\mp-540938.cif,Rotate  all surrounding atoms within 3.208151799348984 of the center atom at index 5 by 1.8360549709771794 radians around the axis [0. 0. 1.] in the cif file.,mp-540938_processed.cif
input_cifs\mp-540977.cif,Rotate  all surrounding atoms within 3.0585176866287442 of the center atom at index 20 by 4.100768245787048 radians around the axis [0. 0. 1.] in the cif file.,mp-540977_processed.cif
input_cifs\mp-541595.cif,Rotate  all surrounding atoms within 2.3416142754158145 of the center atom at index 3 by 3.521296031428396 radians around the axis [0. 1. 0.] in the cif file.,mp-541595_processed.cif
input_cifs\mp-541619.cif,Rotate  all surrounding atoms within 1.981630736060365 of the center atom at index 7 by 1.3074028142429122 radians around the axis [0. 0. 1.] in the cif file.,mp-541619_processed.cif
input_cifs\mp-541894.cif,Rotate  all surrounding atoms within 1.703240304796875 of the center atom at index 19 by 5.306330195570142 radians around the axis [0. 1. 0.] in the cif file.,mp-541894_processed.cif
input_cifs\mp-541991.cif,Rotate  all surrounding atoms within 1.9453591881168162 of the center atom at index 5 by 0.42980534138561083 radians around the axis [0. 0. 1.] in the cif file.,mp-541991_processed.cif
input_cifs\mp-542024.cif,Rotate  all surrounding atoms within 2.10178571979018 of the center atom at index 1 by 0.8716114646938591 radians around the axis [0. 0. 1.] in the cif file.,mp-542024_processed.cif
input_cifs\mp-542151.cif,Rotate  all surrounding atoms within 3.206795976038581 of the center atom at index 9 by 3.969802735686442 radians around the axis [0. 1. 0.] in the cif file.,mp-542151_processed.cif
input_cifs\mp-542342.cif,Rotate  all surrounding atoms within 2.0417758792900194 of the center atom at index 9 by 1.7630709564312093 radians around the axis [0. 1. 0.] in the cif file.,mp-542342_processed.cif
input_cifs\mp-542435.cif,Rotate  all surrounding atoms within 1.609620917187774 of the center atom at index 4 by 2.2566806804499535 radians around the axis [1. 0. 0.] in the cif file.,mp-542435_processed.cif
input_cifs\mp-542448.cif,Rotate  all surrounding atoms within 1.646542412625307 of the center atom at index 0 by 1.7821840484514102 radians around the axis [0. 0. 1.] in the cif file.,mp-542448_processed.cif
input_cifs\mp-542812.cif,Rotate  all surrounding atoms within 2.2098334848313397 of the center atom at index 11 by 2.6421299521992574 radians around the axis [0. 0. 1.] in the cif file.,mp-542812_processed.cif
input_cifs\mp-543036.cif,Rotate  all surrounding atoms within 2.467707321568265 of the center atom at index 68 by 1.3602588696163687 radians around the axis [0. 1. 0.] in the cif file.,mp-543036_processed.cif
input_cifs\mp-543042.cif,Rotate  all surrounding atoms within 3.162724666904105 of the center atom at index 25 by 6.120930450301056 radians around the axis [0. 1. 0.] in the cif file.,mp-543042_processed.cif
input_cifs\mp-554174.cif,Rotate  all surrounding atoms within 2.848203925041421 of the center atom at index 37 by 3.006607953345569 radians around the axis [0. 0. 1.] in the cif file.,mp-554174_processed.cif
input_cifs\mp-554264.cif,Rotate  all surrounding atoms within 3.487490026005978 of the center atom at index 31 by 3.4254857704823665 radians around the axis [0. 1. 0.] in the cif file.,mp-554264_processed.cif
input_cifs\mp-554383.cif,Rotate  all surrounding atoms within 2.677145184705664 of the center atom at index 31 by 2.918428229517569 radians around the axis [0. 0. 1.] in the cif file.,mp-554383_processed.cif
input_cifs\mp-554799.cif,Rotate  all surrounding atoms within 2.64929356401009 of the center atom at index 8 by 5.0850686199176245 radians around the axis [0. 1. 0.] in the cif file.,mp-554799_processed.cif
input_cifs\mp-554818.cif,Rotate  all surrounding atoms within 2.188572201805161 of the center atom at index 21 by 2.1454545953214628 radians around the axis [0. 1. 0.] in the cif file.,mp-554818_processed.cif
input_cifs\mp-555198.cif,Rotate  all surrounding atoms within 3.9043668332608084 of the center atom at index 31 by 0.992345215143353 radians around the axis [1. 0. 0.] in the cif file.,mp-555198_processed.cif
input_cifs\mp-555534.cif,Rotate  all surrounding atoms within 3.5460754241657066 of the center atom at index 17 by 1.5915003033158894 radians around the axis [1. 0. 0.] in the cif file.,mp-555534_processed.cif
input_cifs\mp-555790.cif,Rotate  all surrounding atoms within 3.1737556102763795 of the center atom at index 10 by 2.975427290702368 radians around the axis [1. 0. 0.] in the cif file.,mp-555790_processed.cif
input_cifs\mp-556185.cif,Rotate  all surrounding atoms within 1.9039509913325225 of the center atom at index 8 by 4.237566910172173 radians around the axis [0. 0. 1.] in the cif file.,mp-556185_processed.cif
input_cifs\mp-556236.cif,Rotate  all surrounding atoms within 3.7506797383496697 of the center atom at index 24 by 0.4008921430377688 radians around the axis [0. 1. 0.] in the cif file.,mp-556236_processed.cif
input_cifs\mp-556319.cif,Rotate  all surrounding atoms within 2.322253282972466 of the center atom at index 9 by 1.5935354906416805 radians around the axis [1. 0. 0.] in the cif file.,mp-556319_processed.cif
input_cifs\mp-556404.cif,Rotate  all surrounding atoms within 2.2424322501421545 of the center atom at index 27 by 0.7189872932639095 radians around the axis [0. 0. 1.] in the cif file.,mp-556404_processed.cif
input_cifs\mp-557059.cif,Rotate  all surrounding atoms within 2.6136073647471574 of the center atom at index 74 by 2.8828715585711344 radians around the axis [0. 1. 0.] in the cif file.,mp-557059_processed.cif
input_cifs\mp-557180.cif,Rotate  all surrounding atoms within 2.1080027458851935 of the center atom at index 33 by 3.3535150727699317 radians around the axis [0. 0. 1.] in the cif file.,mp-557180_processed.cif
input_cifs\mp-557215.cif,Rotate  all surrounding atoms within 2.6166942706383405 of the center atom at index 18 by 3.6271480608225133 radians around the axis [1. 0. 0.] in the cif file.,mp-557215_processed.cif
input_cifs\mp-557266.cif,Rotate  all surrounding atoms within 2.584911449602186 of the center atom at index 11 by 5.0938500053094256 radians around the axis [0. 1. 0.] in the cif file.,mp-557266_processed.cif
input_cifs\mp-557389.cif,Rotate  all surrounding atoms within 2.919080906392315 of the center atom at index 1 by 4.214719304251753 radians around the axis [0. 0. 1.] in the cif file.,mp-557389_processed.cif
input_cifs\mp-557574.cif,Rotate  all surrounding atoms within 2.0519018678089838 of the center atom at index 10 by 1.803223303797771 radians around the axis [0. 0. 1.] in the cif file.,mp-557574_processed.cif
input_cifs\mp-557589.cif,Rotate  all surrounding atoms within 3.7208608812608692 of the center atom at index 19 by 2.337248435295166 radians around the axis [0. 1. 0.] in the cif file.,mp-557589_processed.cif
input_cifs\mp-557752.cif,Rotate  all surrounding atoms within 1.6419499529701882 of the center atom at index 5 by 5.720860069539533 radians around the axis [0. 0. 1.] in the cif file.,mp-557752_processed.cif
input_cifs\mp-557824.cif,Rotate  all surrounding atoms within 2.561985759721922 of the center atom at index 1 by 4.651876028843789 radians around the axis [0. 1. 0.] in the cif file.,mp-557824_processed.cif
input_cifs\mp-557864.cif,Rotate  all surrounding atoms within 3.0586763254409974 of the center atom at index 15 by 0.6822692459747433 radians around the axis [0. 1. 0.] in the cif file.,mp-557864_processed.cif
input_cifs\mp-557961.cif,Rotate  all surrounding atoms within 1.6916414135602453 of the center atom at index 6 by 2.0805480981253575 radians around the axis [0. 1. 0.] in the cif file.,mp-557961_processed.cif
input_cifs\mp-558023.cif,Rotate  all surrounding atoms within 3.1530121481980697 of the center atom at index 18 by 0.6397670282598744 radians around the axis [0. 1. 0.] in the cif file.,mp-558023_processed.cif
input_cifs\mp-558368.cif,Rotate  all surrounding atoms within 2.800336639461273 of the center atom at index 7 by 1.7006719909619759 radians around the axis [1. 0. 0.] in the cif file.,mp-558368_processed.cif
input_cifs\mp-558382.cif,Rotate  all surrounding atoms within 1.688235341340048 of the center atom at index 13 by 1.347788619546237 radians around the axis [0. 1. 0.] in the cif file.,mp-558382_processed.cif
input_cifs\mp-559140.cif,Rotate  all surrounding atoms within 3.6277057139695637 of the center atom at index 3 by 2.1991174679944336 radians around the axis [1. 0. 0.] in the cif file.,mp-559140_processed.cif
input_cifs\mp-559223.cif,Rotate  all surrounding atoms within 2.8258492366346566 of the center atom at index 0 by 0.794256828181287 radians around the axis [0. 1. 0.] in the cif file.,mp-559223_processed.cif
input_cifs\mp-559929.cif,Rotate  all surrounding atoms within 2.3313999383229365 of the center atom at index 16 by 2.332669932598628 radians around the axis [1. 0. 0.] in the cif file.,mp-559929_processed.cif
input_cifs\mp-560091.cif,Rotate  all surrounding atoms within 3.6322568886763267 of the center atom at index 27 by 3.8217416010832976 radians around the axis [0. 0. 1.] in the cif file.,mp-560091_processed.cif
input_cifs\mp-560380.cif,Rotate  all surrounding atoms within 3.2411164141257736 of the center atom at index 13 by 1.7330771209543485 radians around the axis [0. 1. 0.] in the cif file.,mp-560380_processed.cif
input_cifs\mp-560535.cif,Rotate  all surrounding atoms within 2.4828341928337814 of the center atom at index 6 by 3.2661016327088483 radians around the axis [1. 0. 0.] in the cif file.,mp-560535_processed.cif
input_cifs\mp-560605.cif,Rotate  all surrounding atoms within 1.6795655059752186 of the center atom at index 1 by 2.48233277594064 radians around the axis [1. 0. 0.] in the cif file.,mp-560605_processed.cif
input_cifs\mp-560751.cif,Rotate  all surrounding atoms within 2.012482798841458 of the center atom at index 58 by 2.3541121067274977 radians around the axis [0. 0. 1.] in the cif file.,mp-560751_processed.cif
input_cifs\mp-560754.cif,Rotate  all surrounding atoms within 3.937609149806606 of the center atom at index 25 by 1.4540223437452109 radians around the axis [0. 1. 0.] in the cif file.,mp-560754_processed.cif
input_cifs\mp-561641.cif,Rotate  all surrounding atoms within 3.805352234977718 of the center atom at index 11 by 5.350623389912348 radians around the axis [0. 0. 1.] in the cif file.,mp-561641_processed.cif
input_cifs\mp-567492.cif,Rotate  all surrounding atoms within 2.171387763250828 of the center atom at index 15 by 2.4445010272707535 radians around the axis [0. 1. 0.] in the cif file.,mp-567492_processed.cif
input_cifs\mp-567540.cif,Rotate  all surrounding atoms within 3.638388658409656 of the center atom at index 16 by 4.505095743335202 radians around the axis [0. 0. 1.] in the cif file.,mp-567540_processed.cif
input_cifs\mp-568306.cif,Rotate  all surrounding atoms within 2.0316254588822606 of the center atom at index 7 by 2.7276213803799094 radians around the axis [0. 0. 1.] in the cif file.,mp-568306_processed.cif
input_cifs\mp-568716.cif,Rotate  all surrounding atoms within 3.144602061336643 of the center atom at index 20 by 5.863254189123733 radians around the axis [0. 0. 1.] in the cif file.,mp-568716_processed.cif
input_cifs\mp-568757.cif,Rotate  all surrounding atoms within 3.6254108969848824 of the center atom at index 11 by 0.8269337903843166 radians around the axis [1. 0. 0.] in the cif file.,mp-568757_processed.cif
input_cifs\mp-570044.cif,Rotate  all surrounding atoms within 3.305607667131048 of the center atom at index 11 by 5.075857116329823 radians around the axis [1. 0. 0.] in the cif file.,mp-570044_processed.cif
input_cifs\mp-571428.cif,Rotate  all surrounding atoms within 3.639058907463018 of the center atom at index 13 by 6.033885474828189 radians around the axis [0. 0. 1.] in the cif file.,mp-571428_processed.cif
input_cifs\mp-571566.cif,Rotate  all surrounding atoms within 3.3879709329521495 of the center atom at index 4 by 1.9442777259883115 radians around the axis [1. 0. 0.] in the cif file.,mp-571566_processed.cif
input_cifs\mp-5730.cif,Rotate  all surrounding atoms within 2.6375354080032225 of the center atom at index 11 by 5.859886679737466 radians around the axis [1. 0. 0.] in the cif file.,mp-5730_processed.cif
input_cifs\mp-574339.cif,Rotate  all surrounding atoms within 2.007583286001087 of the center atom at index 8 by 5.22252788447482 radians around the axis [0. 1. 0.] in the cif file.,mp-574339_processed.cif
input_cifs\mp-581471.cif,Rotate  all surrounding atoms within 1.9992067612997957 of the center atom at index 14 by 2.2470120880570685 radians around the axis [1. 0. 0.] in the cif file.,mp-581471_processed.cif
input_cifs\mp-582081.cif,Rotate  all surrounding atoms within 3.5108705719678728 of the center atom at index 31 by 4.348975893044251 radians around the axis [0. 1. 0.] in the cif file.,mp-582081_processed.cif
input_cifs\mp-582587.cif,Rotate  all surrounding atoms within 2.548205806073531 of the center atom at index 22 by 4.30612897594117 radians around the axis [1. 0. 0.] in the cif file.,mp-582587_processed.cif
input_cifs\mp-603694.cif,Rotate  all surrounding atoms within 2.183858157404615 of the center atom at index 15 by 1.4492793460381679 radians around the axis [0. 0. 1.] in the cif file.,mp-603694_processed.cif
input_cifs\mp-607525.cif,Rotate  all surrounding atoms within 2.730411336755739 of the center atom at index 29 by 2.3146968858556063 radians around the axis [1. 0. 0.] in the cif file.,mp-607525_processed.cif
input_cifs\mp-608206.cif,Rotate  all surrounding atoms within 3.5418650251545505 of the center atom at index 10 by 3.8624823075001484 radians around the axis [0. 1. 0.] in the cif file.,mp-608206_processed.cif
input_cifs\mp-6112.cif,Rotate  all surrounding atoms within 3.5923276447698798 of the center atom at index 8 by 3.762838694029254 radians around the axis [0. 1. 0.] in the cif file.,mp-6112_processed.cif
input_cifs\mp-613327.cif,Rotate  all surrounding atoms within 2.192687562001951 of the center atom at index 0 by 6.047285477673082 radians around the axis [0. 1. 0.] in the cif file.,mp-613327_processed.cif
input_cifs\mp-616210.cif,Rotate  all surrounding atoms within 3.112450375762198 of the center atom at index 5 by 1.414355047987798 radians around the axis [1. 0. 0.] in the cif file.,mp-616210_processed.cif
input_cifs\mp-616407.cif,Rotate  all surrounding atoms within 3.7055349959787987 of the center atom at index 1 by 4.799313893748419 radians around the axis [0. 0. 1.] in the cif file.,mp-616407_processed.cif
input_cifs\mp-621964.cif,Rotate  all surrounding atoms within 2.4444974584558543 of the center atom at index 18 by 4.781833150348092 radians around the axis [0. 0. 1.] in the cif file.,mp-621964_processed.cif
input_cifs\mp-6257.cif,Rotate  all surrounding atoms within 1.62214493600314 of the center atom at index 19 by 0.6082741730844979 radians around the axis [1. 0. 0.] in the cif file.,mp-6257_processed.cif
input_cifs\mp-625744.cif,Rotate  all surrounding atoms within 2.7654798046370996 of the center atom at index 7 by 5.545336976653713 radians around the axis [0. 1. 0.] in the cif file.,mp-625744_processed.cif
input_cifs\mp-626565.cif,Rotate  all surrounding atoms within 3.9878082481496264 of the center atom at index 21 by 3.6242432111310916 radians around the axis [0. 1. 0.] in the cif file.,mp-626565_processed.cif
input_cifs\mp-630976.cif,Rotate  all surrounding atoms within 2.8642535703430507 of the center atom at index 5 by 2.335458704160974 radians around the axis [0. 1. 0.] in the cif file.,mp-630976_processed.cif
input_cifs\mp-637599.cif,Rotate  all surrounding atoms within 2.8900168620543223 of the center atom at index 16 by 2.723623019984712 radians around the axis [0. 1. 0.] in the cif file.,mp-637599_processed.cif
input_cifs\mp-639826.cif,Rotate  all surrounding atoms within 2.4047657904409045 of the center atom at index 12 by 0.8159356200538174 radians around the axis [0. 1. 0.] in the cif file.,mp-639826_processed.cif
input_cifs\mp-642315.cif,Rotate  all surrounding atoms within 3.8278471877402858 of the center atom at index 20 by 0.9063778408884274 radians around the axis [0. 0. 1.] in the cif file.,mp-642315_processed.cif
input_cifs\mp-644221.cif,Rotate  all surrounding atoms within 3.055436423268709 of the center atom at index 2 by 2.764463439372391 radians around the axis [1. 0. 0.] in the cif file.,mp-644221_processed.cif
input_cifs\mp-644529.cif,Rotate  all surrounding atoms within 3.7015211290564625 of the center atom at index 4 by 3.2933892537346545 radians around the axis [1. 0. 0.] in the cif file.,mp-644529_processed.cif
input_cifs\mp-644741.cif,Rotate  all surrounding atoms within 2.3856680640960986 of the center atom at index 1 by 0.8621174885707974 radians around the axis [0. 0. 1.] in the cif file.,mp-644741_processed.cif
input_cifs\mp-654225.cif,Rotate  all surrounding atoms within 3.8381919785638647 of the center atom at index 4 by 1.6431023169655319 radians around the axis [0. 1. 0.] in the cif file.,mp-654225_processed.cif
input_cifs\mp-6653.cif,Rotate  all surrounding atoms within 2.8426653114413014 of the center atom at index 0 by 2.3697255105054866 radians around the axis [1. 0. 0.] in the cif file.,mp-6653_processed.cif
input_cifs\mp-667200.cif,Rotate  all surrounding atoms within 3.0237411118984583 of the center atom at index 27 by 0.9023452860919222 radians around the axis [0. 1. 0.] in the cif file.,mp-667200_processed.cif
input_cifs\mp-669359.cif,Rotate  all surrounding atoms within 3.032858988402915 of the center atom at index 10 by 6.102328009406515 radians around the axis [0. 1. 0.] in the cif file.,mp-669359_processed.cif
input_cifs\mp-669377.cif,Rotate  all surrounding atoms within 2.1964899396123476 of the center atom at index 3 by 5.815726974793023 radians around the axis [1. 0. 0.] in the cif file.,mp-669377_processed.cif
input_cifs\mp-672228.cif,Rotate  all surrounding atoms within 3.917370035775831 of the center atom at index 9 by 1.4162010523630464 radians around the axis [1. 0. 0.] in the cif file.,mp-672228_processed.cif
input_cifs\mp-672972.cif,Rotate  all surrounding atoms within 3.7377544536768026 of the center atom at index 31 by 1.0034736555034627 radians around the axis [0. 1. 0.] in the cif file.,mp-672972_processed.cif
input_cifs\mp-6745.cif,Rotate  all surrounding atoms within 3.030033697201902 of the center atom at index 4 by 2.7021890136937126 radians around the axis [0. 1. 0.] in the cif file.,mp-6745_processed.cif
input_cifs\mp-675118.cif,Rotate  all surrounding atoms within 2.8968876222206026 of the center atom at index 26 by 4.906680482080839 radians around the axis [0. 0. 1.] in the cif file.,mp-675118_processed.cif
input_cifs\mp-675519.cif,Rotate  all surrounding atoms within 2.606418810709867 of the center atom at index 39 by 6.272336229398853 radians around the axis [1. 0. 0.] in the cif file.,mp-675519_processed.cif
input_cifs\mp-675778.cif,Rotate  all surrounding atoms within 1.6858781134550713 of the center atom at index 1 by 4.370699130388024 radians around the axis [1. 0. 0.] in the cif file.,mp-675778_processed.cif
input_cifs\mp-676.cif,Rotate  all surrounding atoms within 3.1577618817042614 of the center atom at index 10 by 5.132937085264352 radians around the axis [0. 0. 1.] in the cif file.,mp-676_processed.cif
input_cifs\mp-676275.cif,Rotate  all surrounding atoms within 1.580378143593135 of the center atom at index 0 by 0.39919845362143985 radians around the axis [0. 1. 0.] in the cif file.,mp-676275_processed.cif
input_cifs\mp-676816.cif,Rotate  all surrounding atoms within 3.5777243426233616 of the center atom at index 8 by 0.4640756055811144 radians around the axis [1. 0. 0.] in the cif file.,mp-676816_processed.cif
input_cifs\mp-676881.cif,Rotate  all surrounding atoms within 2.4817129102460944 of the center atom at index 1 by 2.7315823905151033 radians around the axis [1. 0. 0.] in the cif file.,mp-676881_processed.cif
input_cifs\mp-677725.cif,Rotate  all surrounding atoms within 2.413167122556268 of the center atom at index 38 by 2.7259771388475538 radians around the axis [1. 0. 0.] in the cif file.,mp-677725_processed.cif
input_cifs\mp-6800.cif,Rotate  all surrounding atoms within 3.4607828768942244 of the center atom at index 13 by 4.657942516892252 radians around the axis [0. 1. 0.] in the cif file.,mp-6800_processed.cif
input_cifs\mp-680260.cif,Rotate  all surrounding atoms within 3.1501499979076715 of the center atom at index 27 by 4.208739578919435 radians around the axis [1. 0. 0.] in the cif file.,mp-680260_processed.cif
input_cifs\mp-684589.cif,Rotate  all surrounding atoms within 1.8872241384703234 of the center atom at index 9 by 5.999295087786544 radians around the axis [1. 0. 0.] in the cif file.,mp-684589_processed.cif
input_cifs\mp-684710.cif,Rotate  all surrounding atoms within 3.426402988408779 of the center atom at index 23 by 3.4020963444112273 radians around the axis [0. 0. 1.] in the cif file.,mp-684710_processed.cif
input_cifs\mp-685224.cif,Rotate  all surrounding atoms within 2.004280101726858 of the center atom at index 41 by 5.253737133965863 radians around the axis [0. 0. 1.] in the cif file.,mp-685224_processed.cif
input_cifs\mp-685418.cif,Rotate  all surrounding atoms within 3.393147698067796 of the center atom at index 52 by 0.5356658695907065 radians around the axis [1. 0. 0.] in the cif file.,mp-685418_processed.cif
input_cifs\mp-690493.cif,Rotate  all surrounding atoms within 3.627332724557834 of the center atom at index 12 by 2.5124558875991148 radians around the axis [1. 0. 0.] in the cif file.,mp-690493_processed.cif
input_cifs\mp-690517.cif,Rotate  all surrounding atoms within 2.3139229672469437 of the center atom at index 3 by 1.235491561013287 radians around the axis [0. 1. 0.] in the cif file.,mp-690517_processed.cif
input_cifs\mp-690674.cif,Rotate  all surrounding atoms within 1.5209283811315548 of the center atom at index 5 by 3.175206561238285 radians around the axis [0. 0. 1.] in the cif file.,mp-690674_processed.cif
input_cifs\mp-694979.cif,Rotate  all surrounding atoms within 2.913248566411848 of the center atom at index 12 by 0.7622753255075418 radians around the axis [0. 1. 0.] in the cif file.,mp-694979_processed.cif
input_cifs\mp-695946.cif,Rotate  all surrounding atoms within 1.6331910243123682 of the center atom at index 32 by 2.3317173704918774 radians around the axis [1. 0. 0.] in the cif file.,mp-695946_processed.cif
input_cifs\mp-696298.cif,Rotate  all surrounding atoms within 2.738022380648186 of the center atom at index 17 by 4.700384749945471 radians around the axis [0. 1. 0.] in the cif file.,mp-696298_processed.cif
input_cifs\mp-696990.cif,Rotate  all surrounding atoms within 2.6554542236169896 of the center atom at index 51 by 2.743201714472877 radians around the axis [1. 0. 0.] in the cif file.,mp-696990_processed.cif
input_cifs\mp-697075.cif,Rotate  all surrounding atoms within 2.600544687009841 of the center atom at index 21 by 3.7427775504237015 radians around the axis [0. 1. 0.] in the cif file.,mp-697075_processed.cif
input_cifs\mp-697458.cif,Rotate  all surrounding atoms within 2.730431747164639 of the center atom at index 44 by 3.72381741367003 radians around the axis [0. 1. 0.] in the cif file.,mp-697458_processed.cif
input_cifs\mp-697721.cif,Rotate  all surrounding atoms within 3.245973784703531 of the center atom at index 35 by 2.0161978613116363 radians around the axis [0. 0. 1.] in the cif file.,mp-697721_processed.cif
input_cifs\mp-698312.cif,Rotate  all surrounding atoms within 3.7195950660085177 of the center atom at index 5 by 5.01891419223486 radians around the axis [0. 1. 0.] in the cif file.,mp-698312_processed.cif
input_cifs\mp-7022.cif,Rotate  all surrounding atoms within 1.8156976018120359 of the center atom at index 9 by 1.3651007703242979 radians around the axis [1. 0. 0.] in the cif file.,mp-7022_processed.cif
input_cifs\mp-703291.cif,Rotate  all surrounding atoms within 2.271162967552531 of the center atom at index 12 by 4.839845907399242 radians around the axis [1. 0. 0.] in the cif file.,mp-703291_processed.cif
input_cifs\mp-704116.cif,Rotate  all surrounding atoms within 3.783651637009616 of the center atom at index 53 by 2.674935656531811 radians around the axis [1. 0. 0.] in the cif file.,mp-704116_processed.cif
input_cifs\mp-704848.cif,Rotate  all surrounding atoms within 2.52841697819737 of the center atom at index 2 by 5.951130079569253 radians around the axis [0. 1. 0.] in the cif file.,mp-704848_processed.cif
input_cifs\mp-705312.cif,Rotate  all surrounding atoms within 3.5704292216187903 of the center atom at index 17 by 5.331904038190524 radians around the axis [0. 0. 1.] in the cif file.,mp-705312_processed.cif
input_cifs\mp-706518.cif,Rotate  all surrounding atoms within 2.55453094373524 of the center atom at index 23 by 3.0051043847054455 radians around the axis [0. 1. 0.] in the cif file.,mp-706518_processed.cif
input_cifs\mp-706524.cif,Rotate  all surrounding atoms within 1.8544111051035312 of the center atom at index 3 by 1.352039487366853 radians around the axis [0. 1. 0.] in the cif file.,mp-706524_processed.cif
input_cifs\mp-707406.cif,Rotate  all surrounding atoms within 2.5676031537359862 of the center atom at index 72 by 0.5635434541591937 radians around the axis [0. 1. 0.] in the cif file.,mp-707406_processed.cif
input_cifs\mp-707744.cif,Rotate  all surrounding atoms within 2.1625521796150506 of the center atom at index 28 by 2.9298530423595337 radians around the axis [1. 0. 0.] in the cif file.,mp-707744_processed.cif
input_cifs\mp-707840.cif,Rotate  all surrounding atoms within 2.174417809063812 of the center atom at index 25 by 5.046258911650904 radians around the axis [0. 1. 0.] in the cif file.,mp-707840_processed.cif
input_cifs\mp-715457.cif,Rotate  all surrounding atoms within 3.0075909980388364 of the center atom at index 8 by 1.4195080365481876 radians around the axis [0. 0. 1.] in the cif file.,mp-715457_processed.cif
input_cifs\mp-715553.cif,Rotate  all surrounding atoms within 2.1185347290859164 of the center atom at index 7 by 4.267349956719609 radians around the axis [1. 0. 0.] in the cif file.,mp-715553_processed.cif
input_cifs\mp-720104.cif,Rotate  all surrounding atoms within 2.595457855331694 of the center atom at index 11 by 6.2217669050220685 radians around the axis [0. 1. 0.] in the cif file.,mp-720104_processed.cif
input_cifs\mp-720572.cif,Rotate  all surrounding atoms within 3.5945655615523897 of the center atom at index 24 by 0.8263138119030529 radians around the axis [0. 1. 0.] in the cif file.,mp-720572_processed.cif
input_cifs\mp-722790.cif,Rotate  all surrounding atoms within 2.2789359339958724 of the center atom at index 44 by 5.127198019893417 radians around the axis [0. 0. 1.] in the cif file.,mp-722790_processed.cif
input_cifs\mp-722980.cif,Rotate  all surrounding atoms within 3.0828195161893674 of the center atom at index 12 by 4.143712655343274 radians around the axis [1. 0. 0.] in the cif file.,mp-722980_processed.cif
input_cifs\mp-726672.cif,Rotate  all surrounding atoms within 3.5977187123928664 of the center atom at index 20 by 4.153482937165331 radians around the axis [0. 1. 0.] in the cif file.,mp-726672_processed.cif
input_cifs\mp-7281.cif,Rotate  all surrounding atoms within 2.2486448386964657 of the center atom at index 2 by 2.0486686411123634 radians around the axis [0. 0. 1.] in the cif file.,mp-7281_processed.cif
input_cifs\mp-728374.cif,Rotate  all surrounding atoms within 3.579122082259936 of the center atom at index 39 by 1.2126655592905258 radians around the axis [1. 0. 0.] in the cif file.,mp-728374_processed.cif
input_cifs\mp-731813.cif,Rotate  all surrounding atoms within 1.8585752428625257 of the center atom at index 14 by 1.025206962799441 radians around the axis [1. 0. 0.] in the cif file.,mp-731813_processed.cif
input_cifs\mp-732021.cif,Rotate  all surrounding atoms within 2.4930411394753245 of the center atom at index 21 by 4.4360817853861825 radians around the axis [1. 0. 0.] in the cif file.,mp-732021_processed.cif
input_cifs\mp-734013.cif,Rotate  all surrounding atoms within 3.0958408371779536 of the center atom at index 11 by 1.6289411989470952 radians around the axis [1. 0. 0.] in the cif file.,mp-734013_processed.cif
input_cifs\mp-738609.cif,Rotate  all surrounding atoms within 2.7519348582363086 of the center atom at index 14 by 2.210950958478203 radians around the axis [1. 0. 0.] in the cif file.,mp-738609_processed.cif
input_cifs\mp-752590.cif,Rotate  all surrounding atoms within 3.5824408014851468 of the center atom at index 12 by 2.4834617164633848 radians around the axis [1. 0. 0.] in the cif file.,mp-752590_processed.cif
input_cifs\mp-752623.cif,Rotate  all surrounding atoms within 2.1223490907316895 of the center atom at index 5 by 4.223508131578454 radians around the axis [0. 0. 1.] in the cif file.,mp-752623_processed.cif
input_cifs\mp-752859.cif,Rotate  all surrounding atoms within 3.790971816727353 of the center atom at index 17 by 3.5788080034091148 radians around the axis [1. 0. 0.] in the cif file.,mp-752859_processed.cif
input_cifs\mp-752896.cif,Rotate  all surrounding atoms within 3.063019032645705 of the center atom at index 2 by 3.9989774637003968 radians around the axis [0. 1. 0.] in the cif file.,mp-752896_processed.cif
input_cifs\mp-752915.cif,Rotate  all surrounding atoms within 3.9228318412762935 of the center atom at index 2 by 1.2433591228769747 radians around the axis [1. 0. 0.] in the cif file.,mp-752915_processed.cif
input_cifs\mp-752916.cif,Rotate  all surrounding atoms within 1.5592169157689346 of the center atom at index 15 by 6.27637798521355 radians around the axis [0. 0. 1.] in the cif file.,mp-752916_processed.cif
input_cifs\mp-752972.cif,Rotate  all surrounding atoms within 1.7280156352742904 of the center atom at index 18 by 0.9101673084235414 radians around the axis [0. 0. 1.] in the cif file.,mp-752972_processed.cif
input_cifs\mp-753000.cif,Rotate  all surrounding atoms within 3.308697229994856 of the center atom at index 5 by 2.0949872214130894 radians around the axis [0. 1. 0.] in the cif file.,mp-753000_processed.cif
input_cifs\mp-753018.cif,Rotate  all surrounding atoms within 2.226856748573696 of the center atom at index 20 by 1.83503758279804 radians around the axis [1. 0. 0.] in the cif file.,mp-753018_processed.cif
input_cifs\mp-753047.cif,Rotate  all surrounding atoms within 3.1201840502817304 of the center atom at index 0 by 0.8658725822679636 radians around the axis [1. 0. 0.] in the cif file.,mp-753047_processed.cif
input_cifs\mp-753220.cif,Rotate  all surrounding atoms within 1.9746253701384204 of the center atom at index 31 by 5.22601205662 radians around the axis [0. 0. 1.] in the cif file.,mp-753220_processed.cif
input_cifs\mp-753282.cif,Rotate  all surrounding atoms within 3.930535392673439 of the center atom at index 22 by 5.901104227532242 radians around the axis [0. 1. 0.] in the cif file.,mp-753282_processed.cif
input_cifs\mp-753309.cif,Rotate  all surrounding atoms within 3.346535044229218 of the center atom at index 2 by 0.6207992040739686 radians around the axis [0. 1. 0.] in the cif file.,mp-753309_processed.cif
input_cifs\mp-753322.cif,Rotate  all surrounding atoms within 3.3785109588801965 of the center atom at index 0 by 2.1814716873787345 radians around the axis [0. 1. 0.] in the cif file.,mp-753322_processed.cif
input_cifs\mp-753612.cif,Rotate  all surrounding atoms within 1.7790767331809596 of the center atom at index 8 by 3.903668714129167 radians around the axis [1. 0. 0.] in the cif file.,mp-753612_processed.cif
input_cifs\mp-753724.cif,Rotate  all surrounding atoms within 3.6694979658736284 of the center atom at index 14 by 2.5639032928444085 radians around the axis [1. 0. 0.] in the cif file.,mp-753724_processed.cif
input_cifs\mp-753992.cif,Rotate  all surrounding atoms within 3.5423502226449832 of the center atom at index 5 by 5.542280337573171 radians around the axis [0. 1. 0.] in the cif file.,mp-753992_processed.cif
input_cifs\mp-754070.cif,Rotate  all surrounding atoms within 2.6287731288070972 of the center atom at index 18 by 1.4657927588552515 radians around the axis [0. 1. 0.] in the cif file.,mp-754070_processed.cif
input_cifs\mp-754274.cif,Rotate  all surrounding atoms within 2.5863254055112823 of the center atom at index 13 by 3.464431370564215 radians around the axis [0. 1. 0.] in the cif file.,mp-754274_processed.cif
input_cifs\mp-754345.cif,Rotate  all surrounding atoms within 2.0892787824125496 of the center atom at index 2 by 3.309048822695406 radians around the axis [1. 0. 0.] in the cif file.,mp-754345_processed.cif
input_cifs\mp-754644.cif,Rotate  all surrounding atoms within 2.7839610216605397 of the center atom at index 5 by 4.374838020631219 radians around the axis [1. 0. 0.] in the cif file.,mp-754644_processed.cif
input_cifs\mp-754745.cif,Rotate  all surrounding atoms within 3.6114769236537807 of the center atom at index 10 by 4.993771586339225 radians around the axis [0. 1. 0.] in the cif file.,mp-754745_processed.cif
input_cifs\mp-754794.cif,Rotate  all surrounding atoms within 1.920117680290614 of the center atom at index 8 by 0.6254340301981439 radians around the axis [1. 0. 0.] in the cif file.,mp-754794_processed.cif
input_cifs\mp-754886.cif,Rotate  all surrounding atoms within 2.29403745021006 of the center atom at index 2 by 2.3959793561543736 radians around the axis [0. 1. 0.] in the cif file.,mp-754886_processed.cif
input_cifs\mp-755114.cif,Rotate  all surrounding atoms within 2.275314102765419 of the center atom at index 9 by 5.502450859679849 radians around the axis [1. 0. 0.] in the cif file.,mp-755114_processed.cif
input_cifs\mp-755229.cif,Rotate  all surrounding atoms within 2.230723747140947 of the center atom at index 11 by 2.739353679654818 radians around the axis [0. 0. 1.] in the cif file.,mp-755229_processed.cif
input_cifs\mp-755317.cif,Rotate  all surrounding atoms within 2.6796174048131203 of the center atom at index 16 by 1.0112980664437763 radians around the axis [0. 1. 0.] in the cif file.,mp-755317_processed.cif
input_cifs\mp-755498.cif,Rotate  all surrounding atoms within 1.6810719705109085 of the center atom at index 10 by 4.789634034608843 radians around the axis [0. 0. 1.] in the cif file.,mp-755498_processed.cif
input_cifs\mp-755582.cif,Rotate  all surrounding atoms within 2.834853190840772 of the center atom at index 5 by 0.8143136586388868 radians around the axis [0. 0. 1.] in the cif file.,mp-755582_processed.cif
input_cifs\mp-755926.cif,Rotate  all surrounding atoms within 1.9292507693447858 of the center atom at index 2 by 5.226508175014477 radians around the axis [1. 0. 0.] in the cif file.,mp-755926_processed.cif
input_cifs\mp-755997.cif,Rotate  all surrounding atoms within 3.7889426198978398 of the center atom at index 12 by 2.7746846919987367 radians around the axis [0. 0. 1.] in the cif file.,mp-755997_processed.cif
input_cifs\mp-756062.cif,Rotate  all surrounding atoms within 3.0949643172476335 of the center atom at index 12 by 3.005701274792723 radians around the axis [0. 1. 0.] in the cif file.,mp-756062_processed.cif
input_cifs\mp-756382.cif,Rotate  all surrounding atoms within 2.2289635362267552 of the center atom at index 4 by 4.570516932426553 radians around the axis [1. 0. 0.] in the cif file.,mp-756382_processed.cif
input_cifs\mp-756670.cif,Rotate  all surrounding atoms within 2.7269548984623686 of the center atom at index 19 by 2.7104792669559106 radians around the axis [0. 1. 0.] in the cif file.,mp-756670_processed.cif
input_cifs\mp-756859.cif,Rotate  all surrounding atoms within 1.5183143081304373 of the center atom at index 2 by 3.5182496602430806 radians around the axis [0. 1. 0.] in the cif file.,mp-756859_processed.cif
input_cifs\mp-756990.cif,Rotate  all surrounding atoms within 2.2432742364118994 of the center atom at index 11 by 0.7192344394052845 radians around the axis [1. 0. 0.] in the cif file.,mp-756990_processed.cif
input_cifs\mp-757189.cif,Rotate  all surrounding atoms within 1.6874041204512256 of the center atom at index 16 by 0.5391477271454818 radians around the axis [0. 1. 0.] in the cif file.,mp-757189_processed.cif
input_cifs\mp-757311.cif,Rotate  all surrounding atoms within 3.538385725843897 of the center atom at index 41 by 3.024637922523424 radians around the axis [0. 0. 1.] in the cif file.,mp-757311_processed.cif
input_cifs\mp-757314.cif,Rotate  all surrounding atoms within 3.4029420766051435 of the center atom at index 16 by 6.257616034266574 radians around the axis [1. 0. 0.] in the cif file.,mp-757314_processed.cif
input_cifs\mp-757440.cif,Rotate  all surrounding atoms within 2.790492658055455 of the center atom at index 4 by 2.899677234263621 radians around the axis [0. 0. 1.] in the cif file.,mp-757440_processed.cif
input_cifs\mp-757579.cif,Rotate  all surrounding atoms within 1.7901401681748226 of the center atom at index 39 by 5.616120095374541 radians around the axis [1. 0. 0.] in the cif file.,mp-757579_processed.cif
input_cifs\mp-757665.cif,Rotate  all surrounding atoms within 2.239175912487498 of the center atom at index 22 by 2.794457666365567 radians around the axis [0. 0. 1.] in the cif file.,mp-757665_processed.cif
input_cifs\mp-757787.cif,Rotate  all surrounding atoms within 3.204355750758409 of the center atom at index 1 by 5.8492962114284985 radians around the axis [1. 0. 0.] in the cif file.,mp-757787_processed.cif
input_cifs\mp-758534.cif,Rotate  all surrounding atoms within 3.0300227130925954 of the center atom at index 61 by 4.45212553523454 radians around the axis [1. 0. 0.] in the cif file.,mp-758534_processed.cif
input_cifs\mp-758565.cif,Rotate  all surrounding atoms within 2.1887223982646837 of the center atom at index 27 by 4.381345601899466 radians around the axis [1. 0. 0.] in the cif file.,mp-758565_processed.cif
input_cifs\mp-758722.cif,Rotate  all surrounding atoms within 2.0897071161730514 of the center atom at index 15 by 2.216121622217255 radians around the axis [1. 0. 0.] in the cif file.,mp-758722_processed.cif
input_cifs\mp-758858.cif,Rotate  all surrounding atoms within 3.5743598076986367 of the center atom at index 1 by 6.135632842020636 radians around the axis [0. 1. 0.] in the cif file.,mp-758858_processed.cif
input_cifs\mp-759080.cif,Rotate  all surrounding atoms within 2.5849749539361326 of the center atom at index 7 by 2.0575898745379453 radians around the axis [0. 0. 1.] in the cif file.,mp-759080_processed.cif
input_cifs\mp-759482.cif,Rotate  all surrounding atoms within 2.032897382254675 of the center atom at index 22 by 2.2937788840438955 radians around the axis [1. 0. 0.] in the cif file.,mp-759482_processed.cif
input_cifs\mp-759507.cif,Rotate  all surrounding atoms within 2.967266006357158 of the center atom at index 47 by 4.446069729838063 radians around the axis [1. 0. 0.] in the cif file.,mp-759507_processed.cif
input_cifs\mp-759524.cif,Rotate  all surrounding atoms within 3.8530797632038 of the center atom at index 27 by 5.51702163257486 radians around the axis [0. 1. 0.] in the cif file.,mp-759524_processed.cif
input_cifs\mp-759607.cif,Rotate  all surrounding atoms within 2.1094841716814736 of the center atom at index 17 by 3.8895936756364144 radians around the axis [1. 0. 0.] in the cif file.,mp-759607_processed.cif
input_cifs\mp-759656.cif,Rotate  all surrounding atoms within 2.7746534247310413 of the center atom at index 26 by 2.22161777804962 radians around the axis [0. 0. 1.] in the cif file.,mp-759656_processed.cif
input_cifs\mp-759790.cif,Rotate  all surrounding atoms within 3.0302150534430616 of the center atom at index 2 by 2.4792609915132866 radians around the axis [0. 0. 1.] in the cif file.,mp-759790_processed.cif
input_cifs\mp-759809.cif,Rotate  all surrounding atoms within 2.5660263044037763 of the center atom at index 29 by 4.980462961842841 radians around the axis [1. 0. 0.] in the cif file.,mp-759809_processed.cif
input_cifs\mp-760193.cif,Rotate  all surrounding atoms within 3.9737396009990276 of the center atom at index 20 by 2.1929150514936437 radians around the axis [1. 0. 0.] in the cif file.,mp-760193_processed.cif
input_cifs\mp-760300.cif,Rotate  all surrounding atoms within 2.026438057352878 of the center atom at index 3 by 1.908087662069362 radians around the axis [0. 1. 0.] in the cif file.,mp-760300_processed.cif
input_cifs\mp-761082.cif,Rotate  all surrounding atoms within 3.461788265437547 of the center atom at index 0 by 3.464950370416573 radians around the axis [0. 0. 1.] in the cif file.,mp-761082_processed.cif
input_cifs\mp-761112.cif,Rotate  all surrounding atoms within 3.8996942111149315 of the center atom at index 11 by 6.053149369968864 radians around the axis [1. 0. 0.] in the cif file.,mp-761112_processed.cif
input_cifs\mp-7614.cif,Rotate  all surrounding atoms within 2.6935366346144995 of the center atom at index 36 by 3.888566325324586 radians around the axis [0. 0. 1.] in the cif file.,mp-7614_processed.cif
input_cifs\mp-762304.cif,Rotate  all surrounding atoms within 2.398687894632583 of the center atom at index 8 by 2.777908945078031 radians around the axis [0. 0. 1.] in the cif file.,mp-762304_processed.cif
input_cifs\mp-7625.cif,Rotate  all surrounding atoms within 3.310143141940938 of the center atom at index 1 by 5.676840949653352 radians around the axis [0. 0. 1.] in the cif file.,mp-7625_processed.cif
input_cifs\mp-762521.cif,Rotate  all surrounding atoms within 3.6096724778628335 of the center atom at index 37 by 3.417100751297868 radians around the axis [0. 0. 1.] in the cif file.,mp-762521_processed.cif
input_cifs\mp-763259.cif,Rotate  all surrounding atoms within 3.6860805029706145 of the center atom at index 7 by 5.212370312573002 radians around the axis [0. 1. 0.] in the cif file.,mp-763259_processed.cif
input_cifs\mp-763484.cif,Rotate  all surrounding atoms within 2.0510440921574697 of the center atom at index 13 by 2.6473485887040673 radians around the axis [0. 0. 1.] in the cif file.,mp-763484_processed.cif
input_cifs\mp-763920.cif,Rotate  all surrounding atoms within 2.3281684477579585 of the center atom at index 18 by 4.4989427928258525 radians around the axis [0. 0. 1.] in the cif file.,mp-763920_processed.cif
input_cifs\mp-765709.cif,Rotate  all surrounding atoms within 2.195530972491006 of the center atom at index 1 by 4.06287124680636 radians around the axis [0. 1. 0.] in the cif file.,mp-765709_processed.cif
input_cifs\mp-766040.cif,Rotate  all surrounding atoms within 2.41124913441619 of the center atom at index 13 by 2.3783503864746613 radians around the axis [0. 0. 1.] in the cif file.,mp-766040_processed.cif
input_cifs\mp-766051.cif,Rotate  all surrounding atoms within 3.245252694332204 of the center atom at index 12 by 1.5701764934473519 radians around the axis [0. 1. 0.] in the cif file.,mp-766051_processed.cif
input_cifs\mp-766137.cif,Rotate  all surrounding atoms within 2.003239949428795 of the center atom at index 7 by 2.096708728435889 radians around the axis [0. 1. 0.] in the cif file.,mp-766137_processed.cif
input_cifs\mp-766408.cif,Rotate  all surrounding atoms within 1.7935299744179678 of the center atom at index 13 by 3.8513504861065697 radians around the axis [0. 1. 0.] in the cif file.,mp-766408_processed.cif
input_cifs\mp-766447.cif,Rotate  all surrounding atoms within 1.7573209587286127 of the center atom at index 34 by 3.0508983942053867 radians around the axis [0. 0. 1.] in the cif file.,mp-766447_processed.cif
input_cifs\mp-766539.cif,Rotate  all surrounding atoms within 3.547660542486976 of the center atom at index 13 by 1.958708972744115 radians around the axis [1. 0. 0.] in the cif file.,mp-766539_processed.cif
input_cifs\mp-768276.cif,Rotate  all surrounding atoms within 1.9451858133061959 of the center atom at index 33 by 3.458737162516359 radians around the axis [0. 1. 0.] in the cif file.,mp-768276_processed.cif
input_cifs\mp-768373.cif,Rotate  all surrounding atoms within 3.4988453187078505 of the center atom at index 11 by 4.960142042816946 radians around the axis [0. 0. 1.] in the cif file.,mp-768373_processed.cif
input_cifs\mp-768854.cif,Rotate  all surrounding atoms within 2.0813698025208893 of the center atom at index 0 by 1.9970527714383843 radians around the axis [0. 0. 1.] in the cif file.,mp-768854_processed.cif
input_cifs\mp-768859.cif,Rotate  all surrounding atoms within 3.1363641203023827 of the center atom at index 43 by 4.499405016948062 radians around the axis [1. 0. 0.] in the cif file.,mp-768859_processed.cif
input_cifs\mp-769049.cif,Rotate  all surrounding atoms within 3.1515186795681807 of the center atom at index 11 by 0.839400029796598 radians around the axis [1. 0. 0.] in the cif file.,mp-769049_processed.cif
input_cifs\mp-769346.cif,Rotate  all surrounding atoms within 3.139402854656156 of the center atom at index 31 by 2.9302435877231727 radians around the axis [1. 0. 0.] in the cif file.,mp-769346_processed.cif
input_cifs\mp-769383.cif,Rotate  all surrounding atoms within 1.692508624799754 of the center atom at index 0 by 6.197897884482895 radians around the axis [0. 0. 1.] in the cif file.,mp-769383_processed.cif
input_cifs\mp-770406.cif,Rotate  all surrounding atoms within 3.20847701427265 of the center atom at index 19 by 1.6784300400637229 radians around the axis [0. 1. 0.] in the cif file.,mp-770406_processed.cif
input_cifs\mp-770508.cif,Rotate  all surrounding atoms within 3.29968845091361 of the center atom at index 19 by 1.5559719474704106 radians around the axis [0. 1. 0.] in the cif file.,mp-770508_processed.cif
input_cifs\mp-770714.cif,Rotate  all surrounding atoms within 3.3738797740023854 of the center atom at index 6 by 1.0548284257349572 radians around the axis [1. 0. 0.] in the cif file.,mp-770714_processed.cif
input_cifs\mp-770847.cif,Rotate  all surrounding atoms within 3.401634884935436 of the center atom at index 11 by 3.933796556827708 radians around the axis [0. 1. 0.] in the cif file.,mp-770847_processed.cif
input_cifs\mp-770865.cif,Rotate  all surrounding atoms within 3.132358984839619 of the center atom at index 35 by 4.610013554990758 radians around the axis [1. 0. 0.] in the cif file.,mp-770865_processed.cif
input_cifs\mp-770898.cif,Rotate  all surrounding atoms within 3.928179007837574 of the center atom at index 3 by 5.849662207882361 radians around the axis [0. 1. 0.] in the cif file.,mp-770898_processed.cif
input_cifs\mp-770995.cif,Rotate  all surrounding atoms within 2.769932443539197 of the center atom at index 25 by 0.6511813046375168 radians around the axis [0. 0. 1.] in the cif file.,mp-770995_processed.cif
input_cifs\mp-771674.cif,Rotate  all surrounding atoms within 3.225511639562094 of the center atom at index 19 by 3.0563671754951938 radians around the axis [1. 0. 0.] in the cif file.,mp-771674_processed.cif
input_cifs\mp-772172.cif,Rotate  all surrounding atoms within 3.1501930487219862 of the center atom at index 9 by 5.78465070343737 radians around the axis [0. 1. 0.] in the cif file.,mp-772172_processed.cif
input_cifs\mp-772550.cif,Rotate  all surrounding atoms within 2.586409151227705 of the center atom at index 4 by 5.96091940844518 radians around the axis [1. 0. 0.] in the cif file.,mp-772550_processed.cif
input_cifs\mp-772610.cif,Rotate  all surrounding atoms within 2.0667498914412743 of the center atom at index 5 by 2.4810910842445035 radians around the axis [0. 0. 1.] in the cif file.,mp-772610_processed.cif
input_cifs\mp-772749.cif,Rotate  all surrounding atoms within 1.6733850337011305 of the center atom at index 14 by 2.6783008983650016 radians around the axis [0. 1. 0.] in the cif file.,mp-772749_processed.cif
input_cifs\mp-772763.cif,Rotate  all surrounding atoms within 2.3292774390901303 of the center atom at index 22 by 4.1895904465223275 radians around the axis [0. 0. 1.] in the cif file.,mp-772763_processed.cif
input_cifs\mp-772999.cif,Rotate  all surrounding atoms within 1.6218856152159777 of the center atom at index 18 by 4.014420972686539 radians around the axis [0. 0. 1.] in the cif file.,mp-772999_processed.cif
input_cifs\mp-773070.cif,Rotate  all surrounding atoms within 2.165385468309731 of the center atom at index 41 by 5.624608847535409 radians around the axis [1. 0. 0.] in the cif file.,mp-773070_processed.cif
input_cifs\mp-774146.cif,Rotate  all surrounding atoms within 2.8997907891678767 of the center atom at index 2 by 1.8525470205206709 radians around the axis [0. 0. 1.] in the cif file.,mp-774146_processed.cif
input_cifs\mp-774370.cif,Rotate  all surrounding atoms within 3.1540319863902155 of the center atom at index 23 by 5.065966280207142 radians around the axis [1. 0. 0.] in the cif file.,mp-774370_processed.cif
input_cifs\mp-774459.cif,Rotate  all surrounding atoms within 1.6829830850276515 of the center atom at index 11 by 3.9442771452735608 radians around the axis [0. 0. 1.] in the cif file.,mp-774459_processed.cif
input_cifs\mp-774822.cif,Rotate  all surrounding atoms within 3.794716958869299 of the center atom at index 13 by 3.126177310638118 radians around the axis [0. 1. 0.] in the cif file.,mp-774822_processed.cif
input_cifs\mp-774929.cif,Rotate  all surrounding atoms within 3.653200804418298 of the center atom at index 49 by 1.462703176249104 radians around the axis [0. 1. 0.] in the cif file.,mp-774929_processed.cif
input_cifs\mp-774940.cif,Rotate  all surrounding atoms within 3.912331101686698 of the center atom at index 31 by 0.8551285064038294 radians around the axis [1. 0. 0.] in the cif file.,mp-774940_processed.cif
input_cifs\mp-775126.cif,Rotate  all surrounding atoms within 3.73242883587161 of the center atom at index 22 by 6.038419285591614 radians around the axis [1. 0. 0.] in the cif file.,mp-775126_processed.cif
input_cifs\mp-775216.cif,Rotate  all surrounding atoms within 2.5162871645074407 of the center atom at index 7 by 3.1581988423803775 radians around the axis [1. 0. 0.] in the cif file.,mp-775216_processed.cif
input_cifs\mp-775224.cif,Rotate  all surrounding atoms within 2.34809940719927 of the center atom at index 6 by 1.0436221068631735 radians around the axis [0. 1. 0.] in the cif file.,mp-775224_processed.cif
input_cifs\mp-775268.cif,Rotate  all surrounding atoms within 1.9218173496720374 of the center atom at index 16 by 2.749903097041112 radians around the axis [0. 1. 0.] in the cif file.,mp-775268_processed.cif
input_cifs\mp-775340.cif,Rotate  all surrounding atoms within 2.2257497220237257 of the center atom at index 30 by 5.322855001305456 radians around the axis [0. 1. 0.] in the cif file.,mp-775340_processed.cif
input_cifs\mp-775989.cif,Rotate  all surrounding atoms within 2.573913920050723 of the center atom at index 32 by 1.5143290654882187 radians around the axis [1. 0. 0.] in the cif file.,mp-775989_processed.cif
input_cifs\mp-776097.cif,Rotate  all surrounding atoms within 1.6005244331205914 of the center atom at index 15 by 3.066643694540413 radians around the axis [0. 0. 1.] in the cif file.,mp-776097_processed.cif
input_cifs\mp-776529.cif,Rotate  all surrounding atoms within 3.374371902962371 of the center atom at index 33 by 2.1161524459565113 radians around the axis [0. 1. 0.] in the cif file.,mp-776529_processed.cif
input_cifs\mp-7767.cif,Rotate  all surrounding atoms within 2.7954568113272638 of the center atom at index 4 by 1.2987847068609377 radians around the axis [1. 0. 0.] in the cif file.,mp-7767_processed.cif
input_cifs\mp-776873.cif,Rotate  all surrounding atoms within 3.683938518929009 of the center atom at index 9 by 2.486421715389539 radians around the axis [1. 0. 0.] in the cif file.,mp-776873_processed.cif
input_cifs\mp-777288.cif,Rotate  all surrounding atoms within 2.8124902386026536 of the center atom at index 1 by 2.726493107718193 radians around the axis [0. 0. 1.] in the cif file.,mp-777288_processed.cif
input_cifs\mp-777458.cif,Rotate  all surrounding atoms within 2.1727160280355453 of the center atom at index 20 by 1.364399274996263 radians around the axis [0. 1. 0.] in the cif file.,mp-777458_processed.cif
input_cifs\mp-777764.cif,Rotate  all surrounding atoms within 2.292961211342926 of the center atom at index 20 by 3.061970765477239 radians around the axis [0. 0. 1.] in the cif file.,mp-777764_processed.cif
input_cifs\mp-778141.cif,Rotate  all surrounding atoms within 2.523487981508987 of the center atom at index 21 by 3.405767595112849 radians around the axis [1. 0. 0.] in the cif file.,mp-778141_processed.cif
input_cifs\mp-778158.cif,Rotate  all surrounding atoms within 2.53486132500518 of the center atom at index 4 by 2.176466371424394 radians around the axis [1. 0. 0.] in the cif file.,mp-778158_processed.cif
input_cifs\mp-778252.cif,Rotate  all surrounding atoms within 2.480691973038987 of the center atom at index 17 by 4.630241797244844 radians around the axis [0. 1. 0.] in the cif file.,mp-778252_processed.cif
input_cifs\mp-778260.cif,Rotate  all surrounding atoms within 3.7679409703799642 of the center atom at index 28 by 4.358322833498179 radians around the axis [0. 0. 1.] in the cif file.,mp-778260_processed.cif
input_cifs\mp-779095.cif,Rotate  all surrounding atoms within 3.0902499389802944 of the center atom at index 1 by 3.008192254370714 radians around the axis [1. 0. 0.] in the cif file.,mp-779095_processed.cif
input_cifs\mp-779789.cif,Rotate  all surrounding atoms within 2.0032910043719685 of the center atom at index 12 by 2.0122359541009143 radians around the axis [0. 0. 1.] in the cif file.,mp-779789_processed.cif
input_cifs\mp-780121.cif,Rotate  all surrounding atoms within 3.848585858304248 of the center atom at index 9 by 1.0959840487434112 radians around the axis [0. 1. 0.] in the cif file.,mp-780121_processed.cif
input_cifs\mp-780175.cif,Rotate  all surrounding atoms within 3.8892613788193113 of the center atom at index 20 by 1.5647897074831365 radians around the axis [0. 1. 0.] in the cif file.,mp-780175_processed.cif
input_cifs\mp-780392.cif,Rotate  all surrounding atoms within 3.776629036557556 of the center atom at index 12 by 1.447654174023529 radians around the axis [0. 1. 0.] in the cif file.,mp-780392_processed.cif
input_cifs\mp-780797.cif,Rotate  all surrounding atoms within 1.7168924065497204 of the center atom at index 28 by 4.338241613840201 radians around the axis [1. 0. 0.] in the cif file.,mp-780797_processed.cif
input_cifs\mp-782009.cif,Rotate  all surrounding atoms within 1.95128064455102 of the center atom at index 18 by 5.056627796939203 radians around the axis [0. 1. 0.] in the cif file.,mp-782009_processed.cif
input_cifs\mp-7926.cif,Rotate  all surrounding atoms within 3.110750966702298 of the center atom at index 9 by 5.3284594935760765 radians around the axis [0. 0. 1.] in the cif file.,mp-7926_processed.cif
input_cifs\mp-803628.cif,Rotate  all surrounding atoms within 2.340885797499173 of the center atom at index 8 by 6.117628053287355 radians around the axis [0. 0. 1.] in the cif file.,mp-803628_processed.cif
input_cifs\mp-8058.cif,Rotate  all surrounding atoms within 2.3437862670919505 of the center atom at index 0 by 2.2043216381088304 radians around the axis [1. 0. 0.] in the cif file.,mp-8058_processed.cif
input_cifs\mp-807001.cif,Rotate  all surrounding atoms within 2.1628304931469424 of the center atom at index 17 by 1.8723270038797868 radians around the axis [0. 0. 1.] in the cif file.,mp-807001_processed.cif
input_cifs\mp-818638.cif,Rotate  all surrounding atoms within 2.3316739819668295 of the center atom at index 30 by 2.588878978198953 radians around the axis [0. 0. 1.] in the cif file.,mp-818638_processed.cif
input_cifs\mp-850260.cif,Rotate  all surrounding atoms within 2.5566626464818434 of the center atom at index 4 by 2.6599600788504003 radians around the axis [1. 0. 0.] in the cif file.,mp-850260_processed.cif
input_cifs\mp-850784.cif,Rotate  all surrounding atoms within 3.7843719081811766 of the center atom at index 17 by 5.440359749652339 radians around the axis [0. 1. 0.] in the cif file.,mp-850784_processed.cif
input_cifs\mp-850942.cif,Rotate  all surrounding atoms within 2.278339311111016 of the center atom at index 1 by 3.7388719646778736 radians around the axis [1. 0. 0.] in the cif file.,mp-850942_processed.cif
input_cifs\mp-861324.cif,Rotate  all surrounding atoms within 2.389512807642345 of the center atom at index 15 by 0.968226038828553 radians around the axis [1. 0. 0.] in the cif file.,mp-861324_processed.cif
input_cifs\mp-861689.cif,Rotate  all surrounding atoms within 2.0579143470696803 of the center atom at index 20 by 4.185390327978201 radians around the axis [0. 1. 0.] in the cif file.,mp-861689_processed.cif
input_cifs\mp-863022.cif,Rotate  all surrounding atoms within 1.5876130060014138 of the center atom at index 5 by 4.392299854083655 radians around the axis [1. 0. 0.] in the cif file.,mp-863022_processed.cif
input_cifs\mp-863365.cif,Rotate  all surrounding atoms within 2.110839139411302 of the center atom at index 26 by 2.842490923046195 radians around the axis [0. 1. 0.] in the cif file.,mp-863365_processed.cif
input_cifs\mp-863428.cif,Rotate  all surrounding atoms within 1.7667093688338704 of the center atom at index 45 by 3.3747906240411307 radians around the axis [0. 0. 1.] in the cif file.,mp-863428_processed.cif
input_cifs\mp-863754.cif,Rotate  all surrounding atoms within 3.2009580132479383 of the center atom at index 4 by 5.7963582361971575 radians around the axis [1. 0. 0.] in the cif file.,mp-863754_processed.cif
input_cifs\mp-865205.cif,Rotate  all surrounding atoms within 2.617503405062229 of the center atom at index 6 by 3.5983257122784846 radians around the axis [1. 0. 0.] in the cif file.,mp-865205_processed.cif
input_cifs\mp-866298.cif,Rotate  all surrounding atoms within 3.8491632589507097 of the center atom at index 22 by 1.0349493992943546 radians around the axis [1. 0. 0.] in the cif file.,mp-866298_processed.cif
input_cifs\mp-866520.cif,Rotate  all surrounding atoms within 2.9578306261061513 of the center atom at index 11 by 3.7208683717725464 radians around the axis [0. 0. 1.] in the cif file.,mp-866520_processed.cif
input_cifs\mp-867606.cif,Rotate  all surrounding atoms within 3.1207286113188752 of the center atom at index 17 by 0.7347042870935097 radians around the axis [0. 1. 0.] in the cif file.,mp-867606_processed.cif
input_cifs\mp-881189.cif,Rotate  all surrounding atoms within 3.019119711622411 of the center atom at index 14 by 3.112380002915072 radians around the axis [1. 0. 0.] in the cif file.,mp-881189_processed.cif
input_cifs\mp-9275.cif,Rotate  all surrounding atoms within 3.8198370054899877 of the center atom at index 20 by 0.8980802533124882 radians around the axis [0. 1. 0.] in the cif file.,mp-9275_processed.cif
input_cifs\mp-9324.cif,Rotate  all surrounding atoms within 3.797692346902548 of the center atom at index 0 by 5.514986894283121 radians around the axis [0. 0. 1.] in the cif file.,mp-9324_processed.cif
input_cifs\mp-935710.cif,Rotate  all surrounding atoms within 3.152680510438854 of the center atom at index 15 by 5.989058947086891 radians around the axis [1. 0. 0.] in the cif file.,mp-935710_processed.cif
input_cifs\mp-9403.cif,Rotate  all surrounding atoms within 2.986235146761437 of the center atom at index 63 by 3.2924323013234575 radians around the axis [0. 0. 1.] in the cif file.,mp-9403_processed.cif
input_cifs\mp-9417.cif,Rotate  all surrounding atoms within 3.159279571351976 of the center atom at index 12 by 2.1207391360265264 radians around the axis [0. 1. 0.] in the cif file.,mp-9417_processed.cif
input_cifs\mp-978989.cif,Rotate  all surrounding atoms within 2.8137070231352417 of the center atom at index 12 by 1.2990733709821063 radians around the axis [0. 0. 1.] in the cif file.,mp-978989_processed.cif
input_cifs\mp-979264.cif,Rotate  all surrounding atoms within 2.38496190381061 of the center atom at index 5 by 3.483456072356163 radians around the axis [0. 1. 0.] in the cif file.,mp-979264_processed.cif
input_cifs\mp-982385.cif,Rotate  all surrounding atoms within 2.209539338244661 of the center atom at index 10 by 3.1995719376519127 radians around the axis [1. 0. 0.] in the cif file.,mp-982385_processed.cif
input_cifs\mp-985468.cif,Rotate  all surrounding atoms within 3.1240068717963023 of the center atom at index 7 by 2.344922201942945 radians around the axis [1. 0. 0.] in the cif file.,mp-985468_processed.cif
input_cifs\mp-991772.cif,Rotate  all surrounding atoms within 2.2102072600395264 of the center atom at index 17 by 2.9105468472493774 radians around the axis [0. 0. 1.] in the cif file.,mp-991772_processed.cif
input_cifs\mp-997585.cif,Rotate  all surrounding atoms within 1.5030075295005876 of the center atom at index 22 by 1.1551741727826192 radians around the axis [0. 0. 1.] in the cif file.,mp-997585_processed.cif
input_cifs\mp-998746.cif,Rotate  all surrounding atoms within 3.2508590433440423 of the center atom at index 11 by 1.1632980246292237 radians around the axis [0. 1. 0.] in the cif file.,mp-998746_processed.cif
